# Time(s)	RTT(ms)
0.303847	116
0.30722	115
0.310593	114
0.313965	112
0.317338	112
0.320711	111
0.324084	111
0.405637	121
0.40901	119
0.412383	117
0.415756	116
0.419129	115
0.422501	114
0.425874	114
0.429247	114
0.43262	113
0.435993	113
0.439365	114
0.514174	112
0.517546	111
0.520919	111
0.524292	110
0.527665	109
0.531038	109
0.53441	108
0.537783	108
0.541156	107
0.544529	107
0.61765	106
0.621023	106
0.624396	106
0.627769	105
0.631142	105
0.634514	105
0.637887	105
0.64126	104
0.644633	104
0.648006	104
0.651378	105
0.719441	114
0.722814	113
0.726187	112
0.729559	111
0.732932	110
0.736305	109
0.739678	109
0.743051	108
0.746423	108
0.749796	108
0.753169	108
0.756542	108
0.759915	108
0.822918	107
0.826291	107
0.829664	106
0.833036	106
0.836409	106
0.839782	105
0.843155	105
0.846528	105
0.8499	105
0.853273	105
0.856646	106
0.860019	106
0.863392	107
0.866764	107
0.924708	114
0.928081	113
0.931454	112
0.934827	111
0.9382	110
0.941572	110
0.944945	109
0.948318	108
0.951691	108
0.955064	108
0.958436	108
0.961809	108
0.965182	108
0.968555	108
0.971928	108
0.9753	108
1.02819	108
1.03156	107
1.03493	106
1.0383	106
1.04168	106
1.04505	105
1.04842	105
1.0518	105
1.05517	106
1.05854	106
1.06191	107
1.06529	107
1.06866	107
1.07203	108
1.0754	108
1.07878	108
1.08215	108
1.12998	114
1.13335	113
1.13672	112
1.14009	111
1.14347	110
1.14684	110
1.15021	109
1.15359	109
1.15696	109
1.16033	109
1.1637	108
1.16708	108
1.17045	108
1.17382	108
1.1772	108
1.18057	108
1.18394	108
1.18731	108
1.19069	108
1.23345	108
1.23683	107
1.2402	106
1.24357	106
1.24694	106
1.25032	105
1.25369	105
1.25706	106
1.26044	107
1.26381	107
1.26718	107
1.27055	108
1.27393	108
1.2773	108
1.28067	108
1.28404	109
1.28742	109
1.29079	109
1.29416	109
1.29754	109
1.33524	113
1.33862	112
1.34199	111
1.34536	111
1.34873	110
1.35211	109
1.35548	109
1.35885	108
1.36223	108
1.3656	107
1.36897	107
1.37234	107
1.37572	106
1.37909	106
1.38246	106
1.38584	106
1.38921	106
1.39258	106
1.39595	105
1.39933	105
1.4027	105
1.43872	105
1.44209	105
1.44547	105
1.44884	104
1.45221	104
1.45558	104
1.45896	105
1.46233	105
1.4657	105
1.46908	105
1.47245	105
1.47582	106
1.47919	106
1.48257	106
1.48594	106
1.48931	106
1.49269	106
1.49606	106
1.49943	106
1.5028	106
1.50618	106
1.54051	110
1.54388	109
1.54726	109
1.55063	108
1.554	108
1.55737	108
1.56075	108
1.56412	108
1.56749	108
1.57087	108
1.57424	108
1.57761	108
1.58098	108
1.58436	108
1.58773	108
1.5911	108
1.59448	108
1.59785	108
1.60122	108
1.60459	108
1.60797	108
1.61134	108
1.61471	108
1.64399	107
1.64736	107
1.65073	106
1.65411	106
1.65748	106
1.66085	106
1.66422	107
1.6676	107
1.67097	107
1.67434	108
1.67772	108
1.68109	108
1.68446	108
1.68783	109
1.69121	109
1.69458	109
1.69795	109
1.70133	109
1.7047	109
1.70807	109
1.71144	109
1.71482	109
1.71819	109
1.72156	109
1.74578	112
1.74915	111
1.75252	110
1.7559	110
1.75927	109
1.76264	108
1.76602	108
1.76939	108
1.77276	107
1.77613	107
1.77951	107
1.78288	106
1.78625	106
1.78962	106
1.793	106
1.79637	106
1.79974	105
1.80312	105
1.80649	105
1.80986	105
1.81323	105
1.81661	105
1.81998	105
1.82335	105
1.82673	105
1.84926	105
1.85263	104
1.856	104
1.85937	105
1.86275	105
1.86612	105
1.86949	105
1.87286	105
1.87624	105
1.87961	106
1.88298	106
1.88636	106
1.88973	106
1.8931	106
1.89647	106
1.89985	106
1.90322	106
1.90659	106
1.90997	106
1.91334	106
1.91671	106
1.92008	106
1.92346	106
1.92683	106
1.9302	106
1.95105	109
1.95442	108
1.95779	108
1.96116	107
1.96454	107
1.96791	107
1.97128	106
1.97466	106
1.97803	106
1.9814	106
1.98477	106
1.98815	106
1.99152	106
1.99489	105
1.99826	105
2.00164	105
2.00501	105
2.00838	105
2.01176	105
2.01513	105
2.0185	105
2.02187	105
2.02525	105
2.02862	105
2.03199	105
2.03537	105
2.05452	104
2.0579	104
2.06127	105
2.06464	105
2.06801	105
2.07139	105
2.07476	105
2.07813	105
2.08151	106
2.08488	106
2.08825	106
2.09162	106
2.095	106
2.09837	106
2.10174	106
2.10511	106
2.10849	106
2.11186	106
2.11523	106
2.11861	106
2.12198	106
2.12535	106
2.12872	106
2.1321	106
2.13547	106
2.13884	106
2.15631	108
2.15969	108
2.16306	107
2.16643	107
2.1698	107
2.17318	106
2.17655	106
2.17992	106
2.1833	106
2.18667	106
2.19004	106
2.19341	105
2.19679	105
2.20016	105
2.20353	105
2.20691	105
2.21028	105
2.21365	105
2.21702	105
2.2204	105
2.22377	105
2.22714	105
2.23051	105
2.23389	105
2.23726	105
2.24063	105
2.24401	105
2.25979	105
2.26316	105
2.26654	105
2.26991	105
2.27328	105
2.27665	105
2.28003	106
2.2834	106
2.28677	106
2.29015	106
2.29352	106
2.29689	106
2.30026	106
2.30364	106
2.30701	106
2.31038	106
2.31375	106
2.31713	106
2.3205	106
2.32387	106
2.32725	106
2.33062	106
2.33399	106
2.33736	106
2.34074	106
2.34411	106
2.34748	106
2.35086	106
2.36327	106
2.36664	105
2.37001	105
2.37339	105
2.37676	105
2.38013	105
2.3835	104
2.38688	104
2.39025	104
2.39362	104
2.397	104
2.40037	104
2.40374	103
2.40711	103
2.41049	103
2.41386	103
2.41723	103
2.4206	103
2.42398	103
2.42735	103
2.43072	103
2.4341	103
2.43747	103
2.44084	103
2.44421	103
2.44759	103
2.45096	103
2.45433	103
2.46506	105
2.46843	105
2.4718	105
2.47518	105
2.47855	105
2.48192	105
2.48529	105
2.48867	105
2.49204	105
2.49541	105
2.49879	105
2.50216	105
2.50553	105
2.5089	105
2.51228	105
2.51565	105
2.51902	105
2.5224	105
2.52577	105
2.52914	105
2.53251	105
2.53589	105
2.53926	105
2.54263	105
2.546	105
2.54938	105
2.55275	105
2.55612	105
2.5595	106
2.56287	106
2.56853	105
2.57191	105
2.57528	105
2.57865	105
2.58203	104
2.5854	104
2.58877	104
2.59214	104
2.59552	104
2.59889	104
2.60226	104
2.60564	103
2.60901	103
2.61238	103
2.61575	103
2.61913	103
2.6225	103
2.62587	103
2.62924	103
2.63262	103
2.63599	103
2.63936	103
2.64274	103
2.64611	103
2.64948	103
2.65285	103
2.65623	103
2.6596	104
2.66297	105
2.66635	105
2.66972	106
2.67309	106
2.67646	107
2.67984	107
2.68321	107
2.68658	107
2.68996	107
2.69333	107
2.6967	107
2.70007	107
2.70345	107
2.70682	107
2.71019	107
2.71356	107
2.71694	107
2.72031	107
2.72368	107
2.72706	107
2.73043	107
2.7338	107
2.73717	107
2.74055	107
2.74392	107
2.74729	107
2.75067	107
2.75404	107
2.75741	107
2.76078	108
2.76416	108
2.76753	109
2.7709	109
2.77428	109
2.77765	109
2.78102	110
2.78439	110
2.78777	110
2.79114	110
2.79451	110
2.79788	110
2.80126	110
2.80463	110
2.808	110
2.81138	110
2.81475	110
2.81812	111
2.82149	111
2.82487	111
2.82824	111
2.83161	111
2.83499	111
2.83836	111
2.84173	111
2.8451	111
2.84848	111
2.85185	111
2.85522	111
2.8586	111
2.86197	111
2.86534	111
2.86871	111
2.87209	111
2.87546	112
2.87883	112
2.8822	112
2.88558	113
2.88895	113
2.89232	113
2.8957	113
2.89907	113
2.90244	113
2.90581	113
2.90919	114
2.91256	114
2.91593	114
2.91931	114
2.92268	114
2.92605	114
2.92942	114
2.9328	114
2.93617	114
2.93954	114
2.94292	114
2.94629	114
2.94966	114
2.95303	114
2.95641	114
2.95978	114
2.96315	114
2.96652	114
2.9699	114
2.97327	114
2.97664	114
2.98002	113
2.98339	113
2.98676	113
2.99013	113
2.99351	112
2.99688	112
3.00025	112
3.00363	112
3.007	112
3.01037	112
3.01374	111
3.01712	111
3.02049	111
3.02386	111
3.02724	111
3.03061	111
3.03398	111
3.03735	111
3.04073	111
3.0441	111
3.04747	111
3.05084	111
3.05422	111
3.05759	111
3.06096	111
3.06434	111
3.06771	111
3.07108	111
3.07445	111
3.07783	111
3.0812	111
3.08457	110
3.08795	110
3.09132	110
3.09469	109
3.09806	109
3.10144	109
3.10481	109
3.10818	109
3.11156	108
3.11493	108
3.1183	108
3.12167	108
3.12505	108
3.12842	108
3.13179	108
3.13516	108
3.13854	108
3.14191	108
3.14528	108
3.14866	108
3.15203	108
3.1554	108
3.15877	108
3.16215	108
3.16552	108
3.16889	108
3.17227	108
3.17564	108
3.17901	108
3.18238	108
3.18636	108
3.19142	107
3.1948	107
3.19817	106
3.20154	106
3.20491	105
3.20829	105
3.21166	105
3.21503	105
3.21841	104
3.22178	104
3.22515	104
3.22852	104
3.2319	104
3.23527	104
3.23864	104
3.24201	104
3.24539	104
3.24876	103
3.25213	103
3.25551	103
3.25888	103
3.26225	103
3.26562	103
3.269	103
3.27237	103
3.27574	103
3.27912	103
3.28249	103
3.28586	103
3.29321	103
3.29659	104
3.29996	104
3.30333	104
3.3067	104
3.31008	104
3.31345	104
3.31682	104
3.3202	104
3.32357	104
3.32694	104
3.33031	104
3.33369	104
3.33706	104
3.34043	104
3.34381	104
3.34718	104
3.35055	104
3.35392	104
3.3573	104
3.36067	104
3.36404	105
3.36741	105
3.37079	105
3.37416	105
3.37753	105
3.38091	105
3.38428	105
3.38765	105
3.39102	105
3.3944	105
3.39777	105
3.40114	105
3.40452	105
3.40789	105
3.41126	105
3.41463	105
3.41801	105
3.42138	105
3.42475	104
3.42813	104
3.4315	104
3.43487	104
3.43824	104
3.44162	104
3.44499	104
3.44836	104
3.45173	104
3.45511	104
3.45848	104
3.46185	104
3.46523	104
3.4686	104
3.47197	104
3.47534	104
3.47872	104
3.48209	104
3.48546	104
3.48884	104
3.49221	104
3.49558	105
3.49895	105
3.50233	105
3.5057	105
3.50907	106
3.51245	106
3.51582	106
3.51919	106
3.52256	106
3.52594	106
3.52931	107
3.53268	107
3.53605	107
3.53943	107
3.5428	107
3.54617	107
3.54955	107
3.55292	107
3.55629	107
3.55966	107
3.56304	107
3.56641	107
3.56978	107
3.57316	107
3.57653	107
3.5799	107
3.58327	107
3.58665	107
3.59002	107
3.59339	107
3.59677	107
3.60014	107
3.60351	107
3.60688	107
3.61026	107
3.61363	107
3.617	107
3.62037	107
3.62375	107
3.62712	107
3.63049	107
3.63387	107
3.63724	107
3.64061	107
3.64398	107
3.64736	107
3.65073	107
3.6541	107
3.65748	107
3.66085	107
3.66422	107
3.66759	107
3.67097	107
3.67434	107
3.67771	107
3.68109	107
3.68446	107
3.68783	107
3.6912	107
3.69458	107
3.69795	107
3.70132	107
3.70469	108
3.70807	108
3.71144	108
3.71481	109
3.71819	109
3.72156	109
3.72493	109
3.7283	110
3.73168	110
3.73505	110
3.73842	110
3.7418	110
3.74517	110
3.74854	110
3.75191	110
3.75529	110
3.75866	110
3.76203	111
3.76541	111
3.76878	111
3.77215	111
3.77552	111
3.7789	111
3.78227	111
3.78564	111
3.78901	111
3.79239	111
3.79576	111
3.79913	111
3.80251	111
3.80588	111
3.80925	110
3.81262	110
3.816	110
3.81937	109
3.82274	109
3.82612	109
3.82949	109
3.83286	109
3.83623	108
3.83961	108
3.84298	108
3.84635	108
3.84973	108
3.8531	108
3.85647	108
3.85984	108
3.86322	108
3.86659	108
3.86996	108
3.87333	108
3.87671	108
3.88008	108
3.88345	108
3.88683	108
3.8902	108
3.89357	108
3.89694	107
3.90032	107
3.90369	107
3.90706	107
3.91044	107
3.91381	107
3.91718	107
3.92055	107
3.92393	107
3.9273	107
3.93067	107
3.93405	107
3.93742	107
3.94079	107
3.94416	107
3.94754	107
3.95091	107
3.95428	107
3.95765	107
3.96103	107
3.9644	107
3.96777	107
3.97115	107
3.97452	107
3.97789	107
3.98126	107
3.98464	107
3.98801	107
3.99138	107
3.99476	107
3.99813	107
4.0015	107
4.00487	107
4.00825	107
4.01162	107
4.01499	107
4.01837	107
4.02174	107
4.02511	106
4.02848	106
4.03186	106
4.03523	106
4.0386	105
4.04197	105
4.04535	105
4.04872	105
4.05209	105
4.05547	105
4.05884	105
4.06221	105
4.06558	104
4.06896	104
4.07233	104
4.0757	104
4.07908	104
4.08245	104
4.08582	104
4.08919	104
4.09257	104
4.09594	104
4.09931	104
4.10269	104
4.10606	104
4.10943	104
4.1128	104
4.11618	104
4.12016	104
4.12353	104
4.1269	104
4.13027	104
4.13365	104
4.13702	105
4.14039	105
4.14377	105
4.14714	105
4.15051	105
4.15388	105
4.15726	105
4.16063	105
4.164	105
4.16737	105
4.17075	105
4.17412	105
4.17749	105
4.18087	105
4.18424	105
4.18761	105
4.19098	105
4.19436	105
4.19773	105
4.2011	105
4.20448	105
4.20785	105
4.21122	105
4.21459	105
4.21797	105
4.22134	105
4.22471	104
4.22809	104
4.23146	104
4.23483	104
4.2382	104
4.24158	104
4.24495	104
4.24832	104
4.25169	104
4.25507	104
4.25844	104
4.26181	104
4.26519	104
4.26856	104
4.27193	104
4.2753	104
4.27868	104
4.28205	104
4.28542	104
4.2888	104
4.29217	104
4.29554	104
4.29891	104
4.30229	104
4.30566	104
4.30903	104
4.31241	104
4.31578	104
4.31915	104
4.32252	104
4.3259	105
4.32927	105
4.33264	105
4.33601	106
4.33939	106
4.34276	106
4.34613	106
4.34951	106
4.35288	106
4.35625	107
4.35962	107
4.363	107
4.36637	107
4.36974	107
4.37312	107
4.37649	107
4.37986	107
4.38323	107
4.38661	107
4.38998	107
4.39335	107
4.39673	107
4.4001	107
4.40347	107
4.40684	107
4.41022	107
4.41359	107
4.41696	107
4.42033	107
4.42371	107
4.42708	107
4.43045	107
4.43383	107
4.4372	107
4.44057	107
4.44394	107
4.44732	107
4.45069	107
4.45406	107
4.45744	107
4.46081	107
4.46418	107
4.46755	107
4.47093	107
4.4743	107
4.47767	107
4.48105	107
4.48442	107
4.48779	107
4.49116	107
4.49454	107
4.49791	107
4.50128	107
4.50465	107
4.50803	107
4.5114	107
4.51477	107
4.51815	107
4.52152	107
4.52489	107
4.52826	107
4.53164	107
4.53501	108
4.53838	108
4.54176	109
4.54513	109
4.5485	109
4.55187	109
4.55525	110
4.55862	110
4.56199	110
4.56537	110
4.56874	110
4.57211	110
4.57548	110
4.57886	110
4.58223	110
4.5856	110
4.58897	110
4.59235	110
4.59572	110
4.59909	111
4.60247	111
4.60584	111
4.60921	111
4.61258	111
4.61596	111
4.61933	111
4.6227	111
4.62608	111
4.62945	111
4.63282	111
4.63619	111
4.63957	110
4.64294	110
4.64631	110
4.64969	109
4.65306	109
4.65643	109
4.6598	109
4.66318	109
4.66655	108
4.66992	108
4.67329	108
4.67667	108
4.68004	108
4.68341	108
4.68679	108
4.69016	108
4.69353	108
4.6969	108
4.70028	108
4.70365	108
4.70702	108
4.7104	108
4.71377	108
4.71714	108
4.72051	108
4.72389	108
4.72726	108
4.73063	108
4.73401	108
4.73738	108
4.74075	108
4.74412	108
4.7475	108
4.75087	108
4.75424	108
4.75761	108
4.76099	107
4.76436	107
4.76773	107
4.77111	107
4.77448	107
4.77785	107
4.78122	107
4.7846	107
4.78797	107
4.79134	107
4.79472	107
4.79809	107
4.80146	107
4.80483	107
4.80821	107
4.81158	107
4.81495	107
4.81833	107
4.8217	107
4.82507	107
4.82844	107
4.83182	107
4.83519	107
4.83856	107
4.84193	107
4.84531	107
4.84868	107
4.85205	107
4.85543	106
4.8588	106
4.86217	106
4.86554	106
4.86892	105
4.87229	105
4.87566	105
4.87904	105
4.88241	105
4.88578	105
4.88915	105
4.89253	105
4.8959	105
4.89927	105
4.90265	104
4.90602	104
4.90939	104
4.91276	104
4.91614	104
4.91951	104
4.92288	104
4.92625	104
4.92963	104
4.933	104
4.93637	104
4.93975	104
4.94312	104
4.94649	104
4.95047	104
4.95384	104
4.95722	104
4.96059	104
4.96396	104
4.96734	104
4.97071	104
4.97408	105
4.97745	105
4.98083	105
4.9842	105
4.98757	105
4.99094	105
4.99432	105
4.99769	105
5.00106	105
5.00444	105
5.00781	105
5.01118	105
5.01455	105
5.01793	105
5.0213	105
5.02467	105
5.02805	105
5.03142	105
5.03479	105
5.03816	105
5.04154	105
5.04491	105
5.04828	105
5.05166	105
5.05503	105
5.0584	105
5.06177	104
5.06515	104
5.06852	104
5.07189	104
5.07526	104
5.07864	104
5.08201	104
5.08538	104
5.08876	104
5.09213	104
5.0955	104
5.09887	104
5.10225	104
5.10562	104
5.10899	104
5.11237	104
5.11574	104
5.11911	104
5.12248	104
5.12586	104
5.12923	104
5.1326	104
5.13598	104
5.13935	104
5.14272	104
5.14609	104
5.14947	104
5.15284	104
5.15621	104
5.15958	105
5.16296	105
5.16633	105
5.1697	106
5.17308	106
5.17645	106
5.17982	106
5.18319	106
5.18657	107
5.18994	107
5.19331	107
5.19669	107
5.20006	107
5.20343	107
5.2068	107
5.21018	107
5.21355	107
5.21692	107
5.2203	107
5.22367	107
5.22704	107
5.23041	107
5.23379	107
5.23716	107
5.24053	107
5.2439	107
5.24728	107
5.25065	107
5.25402	107
5.2574	107
5.26077	107
5.26414	107
5.26751	107
5.27089	107
5.27426	107
5.27763	107
5.28101	107
5.28438	107
5.28775	107
5.29112	107
5.2945	107
5.29787	107
5.30124	107
5.30462	107
5.30799	107
5.31136	107
5.31473	107
5.31811	107
5.32148	107
5.32485	107
5.32822	107
5.3316	107
5.33497	107
5.33834	107
5.34172	107
5.34509	107
5.34846	107
5.35183	107
5.35521	107
5.35858	107
5.36195	107
5.36533	108
5.3687	108
5.37207	108
5.37544	109
5.37882	109
5.38219	109
5.38556	109
5.38894	110
5.39231	110
5.39568	110
5.39905	110
5.40243	110
5.4058	110
5.40917	110
5.41254	110
5.41592	110
5.41929	110
5.42266	110
5.42604	111
5.42941	111
5.43278	111
5.43615	111
5.43953	111
5.4429	111
5.44627	111
5.44965	111
5.45302	111
5.45639	111
5.45976	111
5.46314	111
5.46651	111
5.46988	110
5.47326	110
5.47663	110
5.48	109
5.48337	109
5.48675	109
5.49012	109
5.49349	109
5.49686	108
5.50024	108
5.50361	108
5.50698	108
5.51036	108
5.51373	108
5.5171	108
5.52047	108
5.52385	108
5.52722	108
5.53059	108
5.53397	108
5.53734	108
5.54071	108
5.54408	108
5.54746	108
5.55083	108
5.5542	108
5.55758	108
5.56095	107
5.56432	107
5.56769	107
5.57107	107
5.57444	107
5.57781	107
5.58118	107
5.58456	107
5.58793	107
5.5913	107
5.59468	107
5.59805	107
5.60142	107
5.60479	107
5.60817	107
5.61154	107
5.61491	107
5.61829	107
5.62166	107
5.62503	107
5.6284	107
5.63178	107
5.63515	107
5.63852	107
5.6419	107
5.64527	107
5.64864	107
5.65201	107
5.65539	107
5.65876	107
5.66213	107
5.6655	107
5.66888	107
5.67225	107
5.67562	107
5.679	107
5.68237	107
5.68574	106
5.68911	106
5.69249	106
5.69586	106
5.69923	105
5.70261	105
5.70598	105
5.70935	105
5.71272	105
5.7161	105
5.71947	105
5.72284	105
5.72622	105
5.72959	104
5.73296	104
5.73633	104
5.73971	104
5.74308	104
5.74645	104
5.74982	104
5.7532	104
5.75657	104
5.75994	104
5.76332	104
5.76669	104
5.77006	104
5.77343	104
5.77681	104
5.78079	104
5.78416	104
5.78753	104
5.7909	104
5.79428	104
5.79765	104
5.80102	105
5.8044	105
5.80777	105
5.81114	105
5.81451	105
5.81789	105
5.82126	105
5.82463	105
5.82801	105
5.83138	105
5.83475	105
5.83812	105
5.8415	105
5.84487	105
5.84824	105
5.85162	105
5.85499	105
5.85836	105
5.86173	105
5.86511	105
5.86848	105
5.87185	105
5.87522	105
5.8786	105
5.88197	105
5.88534	105
5.88872	104
5.89209	104
5.89546	104
5.89883	104
5.90221	104
5.90558	104
5.90895	104
5.91233	104
5.9157	104
5.91907	104
5.92244	104
5.92582	104
5.92919	104
5.93256	104
5.93594	104
5.93931	104
5.94268	104
5.94605	104
5.94943	104
5.9528	104
5.95617	104
5.95954	104
5.96292	104
5.96629	104
5.96966	104
5.97304	104
5.97641	104
5.97978	104
5.98315	104
5.98653	105
5.9899	105
5.99327	105
5.99665	106
6.00002	106
6.00339	106
6.00676	106
6.01014	106
6.01351	106
6.01688	107
6.02026	107
6.02363	107
6.027	107
6.03037	107
6.03375	107
6.03712	107
6.04049	107
6.04386	107
6.04724	107
6.05061	107
6.05398	107
6.05736	107
6.06073	107
6.0641	107
6.06747	107
6.07085	107
6.07422	107
6.07759	107
6.08097	107
6.08434	107
6.08771	107
6.09108	107
6.09446	107
6.09783	107
6.1012	107
6.10458	107
6.10795	107
6.11132	107
6.11469	107
6.11807	107
6.12144	107
6.12481	107
6.12818	107
6.13156	107
6.13493	107
6.1383	107
6.14168	107
6.14505	107
6.14842	107
6.15179	107
6.15517	107
6.15854	107
6.16191	107
6.16529	107
6.16866	107
6.17203	107
6.1754	107
6.17878	107
6.18215	107
6.18552	107
6.1889	107
6.19227	107
6.19564	108
6.19901	108
6.20239	109
6.20576	109
6.20913	109
6.2125	109
6.21588	109
6.21925	110
6.22262	110
6.226	110
6.22937	110
6.23274	110
6.23611	110
6.23949	110
6.24286	110
6.24623	110
6.24961	110
6.25298	110
6.25635	110
6.25972	110
6.2631	111
6.26647	111
6.26984	111
6.27322	111
6.27659	111
6.27996	111
6.28333	111
6.28671	111
6.29008	111
6.29345	111
6.29682	111
6.3002	110
6.30357	110
6.30694	109
6.31032	109
6.31369	109
6.31706	109
6.32043	109
6.32381	109
6.32718	108
6.33055	108
6.33393	108
6.3373	108
6.34067	108
6.34404	108
6.34742	108
6.35079	108
6.35416	108
6.35754	108
6.36091	108
6.36428	108
6.36765	108
6.37103	108
6.3744	108
6.37777	108
6.38114	108
6.38452	108
6.38789	108
6.39126	108
6.39464	108
6.39801	108
6.40138	108
6.40475	108
6.40813	108
6.4115	108
6.41487	108
6.41825	108
6.42162	108
6.42499	107
6.42836	107
6.43174	107
6.43511	107
6.43848	107
6.44186	107
6.44523	107
6.4486	107
6.45197	107
6.45535	107
6.45872	107
6.46209	107
6.46546	107
6.46884	107
6.47221	107
6.47558	107
6.47896	107
6.48233	107
6.4857	107
6.48907	107
6.49245	107
6.49582	107
6.49919	107
6.50257	107
6.50594	107
6.50931	107
6.51268	107
6.51606	106
6.51943	106
6.5228	106
6.52618	106
6.52955	105
6.53292	105
6.53629	105
6.53967	105
6.54304	105
6.54641	105
6.54978	105
6.55316	105
6.55653	105
6.5599	104
6.56328	104
6.56665	104
6.57002	104
6.57339	104
6.57677	104
6.58014	104
6.58351	104
6.58689	104
6.59026	104
6.59363	104
6.597	104
6.60038	104
6.60375	104
6.60712	104
6.6111	104
6.61447	104
6.61785	104
6.62122	104
6.62459	104
6.62797	104
6.63134	104
6.63471	104
6.63808	105
6.64146	105
6.64483	105
6.6482	105
6.65158	105
6.65495	105
6.65832	105
6.66169	105
6.66507	105
6.66844	105
6.67181	105
6.67518	105
6.67856	105
6.68193	105
6.6853	105
6.68868	105
6.69205	105
6.69542	105
6.69879	105
6.70217	105
6.70554	105
6.70891	105
6.71229	105
6.71566	104
6.71903	104
6.7224	104
6.72578	104
6.72915	104
6.73252	104
6.7359	104
6.73927	104
6.74264	104
6.74601	104
6.74939	104
6.75276	104
6.75613	104
6.7595	104
6.76288	104
6.76625	104
6.76962	104
6.773	104
6.77637	104
6.77974	104
6.78311	104
6.78649	104
6.78986	104
6.79323	104
6.79661	104
6.79998	104
6.80335	104
6.80672	104
6.8101	104
6.81347	104
6.81684	105
6.82022	105
6.82359	105
6.82696	105
6.83033	106
6.83371	106
6.83708	106
6.84045	106
6.84382	106
6.8472	107
6.85057	107
6.85394	107
6.85732	107
6.86069	107
6.86406	107
6.86743	107
6.87081	107
6.87418	107
6.87755	107
6.88093	107
6.8843	107
6.88767	107
6.89104	107
6.89442	107
6.89779	107
6.90116	107
6.90454	107
6.90791	107
6.91128	107
6.91465	107
6.91803	107
6.9214	107
6.92477	107
6.92814	107
6.93152	107
6.93489	107
6.93826	107
6.94164	107
6.94501	107
6.94838	107
6.95175	107
6.95513	107
6.9585	107
6.96187	107
6.96525	107
6.96862	107
6.97199	107
6.97536	107
6.97874	107
6.98211	107
6.98548	107
6.98886	107
6.99223	107
6.9956	107
6.99897	107
7.00235	107
7.00572	107
7.00909	107
7.01246	107
7.01584	107
7.01921	107
7.02258	107
7.02596	108
7.02933	108
7.0327	108
7.03607	109
7.03945	109
7.04282	109
7.04619	110
7.04957	110
7.05294	110
7.05631	110
7.05968	110
7.06306	110
7.06643	110
7.0698	110
7.07318	110
7.07655	110
7.07992	110
7.08329	111
7.08667	111
7.09004	111
7.09341	111
7.09678	111
7.10016	111
7.10353	111
7.1069	111
7.11028	111
7.11365	111
7.11702	111
7.12039	111
7.12377	111
7.12714	111
7.13051	110
7.13389	110
7.13726	110
7.14063	109
7.144	109
7.14738	109
7.15075	109
7.15412	109
7.1575	109
7.16087	108
7.16424	108
7.16761	108
7.17099	108
7.17436	108
7.17773	108
7.1811	108
7.18448	108
7.18785	108
7.19122	108
7.1946	108
7.19797	108
7.20134	108
7.20471	108
7.20809	108
7.21146	108
7.21483	108
7.21821	108
7.22158	108
7.22495	107
7.22832	107
7.2317	107
7.23507	107
7.23844	107
7.24182	107
7.24519	107
7.24856	107
7.25193	107
7.25531	107
7.25868	107
7.26205	107
7.26542	107
7.2688	107
7.27217	107
7.27554	107
7.27892	107
7.28229	107
7.28566	107
7.28903	107
7.29241	107
7.29578	107
7.29915	107
7.30253	107
7.3059	107
7.30927	107
7.31264	107
7.31602	107
7.31939	107
7.32276	107
7.32614	107
7.32951	107
7.33288	107
7.33625	107
7.33963	107
7.343	107
7.34637	106
7.34974	106
7.35312	106
7.35649	106
7.35986	105
7.36324	105
7.36661	105
7.36998	105
7.37335	105
7.37673	105
7.3801	105
7.38347	105
7.38685	104
7.39022	104
7.39359	104
7.39696	104
7.40034	104
7.40371	104
7.40708	104
7.41046	104
7.41383	104
7.4172	104
7.42057	104
7.42395	104
7.42732	104
7.43069	104
7.43406	104
7.43744	104
7.44142	104
7.44479	104
7.44816	104
7.45154	104
7.45491	104
7.45828	104
7.46165	104
7.46503	105
7.4684	105
7.47177	105
7.47515	105
7.47852	105
7.48189	105
7.48526	105
7.48864	105
7.49201	105
7.49538	105
7.49875	105
7.50213	105
7.5055	105
7.50887	105
7.51225	105
7.51562	105
7.51899	105
7.52236	105
7.52574	105
7.52911	105
7.53248	105
7.53586	105
7.53923	105
7.5426	105
7.54597	104
7.54935	104
7.55272	104
7.55609	104
7.55947	104
7.56284	104
7.56621	104
7.56958	104
7.57296	104
7.57633	104
7.5797	104
7.58307	104
7.58645	104
7.58982	104
7.59319	104
7.59657	104
7.59994	104
7.60331	104
7.60668	104
7.61006	104
7.61343	104
7.6168	104
7.62018	104
7.62355	104
7.62692	104
7.63029	104
7.63367	104
7.63704	104
7.64041	104
7.64379	104
7.64716	104
7.65053	105
7.6539	105
7.65728	105
7.66065	106
7.66402	106
7.66739	106
7.67077	106
7.67414	106
7.67751	107
7.68089	107
7.68426	107
7.68763	107
7.691	107
7.69438	107
7.69775	107
7.70112	107
7.7045	107
7.70787	107
7.71124	107
7.71461	107
7.71799	107
7.72136	107
7.72473	107
7.72811	107
7.73148	107
7.73485	107
7.73822	107
7.7416	107
7.74497	107
7.74834	107
7.75171	107
7.75509	107
7.75846	107
7.76183	107
7.76521	107
7.76858	107
7.77195	107
7.77532	107
7.7787	107
7.78207	107
7.78544	107
7.78882	107
7.79219	107
7.79556	107
7.79893	107
7.80231	107
7.80568	107
7.80905	107
7.81243	107
7.8158	107
7.81917	107
7.82254	107
7.82592	107
7.82929	107
7.83266	107
7.83603	107
7.83941	107
7.84278	107
7.84615	107
7.84953	107
7.8529	107
7.85627	108
7.85964	108
7.86302	109
7.86639	109
7.86976	109
7.87314	109
7.87651	110
7.87988	110
7.88325	110
7.88663	110
7.89	110
7.89337	110
7.89675	110
7.90012	110
7.90349	110
7.90686	110
7.91024	111
7.91361	111
7.91698	111
7.92035	111
7.92373	111
7.9271	111
7.93047	111
7.93385	111
7.93722	111
7.94059	111
7.94396	111
7.94734	111
7.95071	111
7.95408	111
7.95746	111
7.96083	110
7.9642	110
7.96757	110
7.97095	109
7.97432	109
7.97769	109
7.98107	109
7.98444	109
7.98781	108
7.99118	108
7.99456	108
7.99793	108
8.0013	108
8.00467	108
8.00805	108
8.01142	108
8.01479	108
8.01817	108
8.02154	108
8.02491	108
8.02828	108
8.03166	108
8.03503	108
8.0384	108
8.04178	108
8.04515	108
8.04852	108
8.05189	108
8.05527	108
8.05864	108
8.06201	108
8.06539	108
8.06876	108
8.07213	108
8.0755	108
8.07888	108
8.08225	108
8.08562	108
8.08899	107
8.09237	107
8.09574	107
8.09911	107
8.10249	107
8.10586	107
8.10923	107
8.1126	107
8.11598	107
8.11935	107
8.12272	107
8.1261	107
8.12947	107
8.13284	107
8.13621	107
8.13959	107
8.14296	107
8.14633	107
8.14971	107
8.15308	107
8.15645	107
8.15982	107
8.1632	107
8.16657	107
8.16994	107
8.17331	107
8.17669	106
8.18006	106
8.18343	106
8.18681	106
8.19018	105
8.19355	105
8.19692	105
8.2003	105
8.20367	105
8.20704	105
8.21042	105
8.21379	105
8.21716	105
8.22053	105
8.22391	104
8.22728	104
8.23065	104
8.23403	104
8.2374	104
8.24077	104
8.24414	104
8.24752	104
8.25089	104
8.25426	104
8.25763	104
8.26101	104
8.26438	104
8.26775	104
8.27173	104
8.27511	104
8.27848	104
8.28185	104
8.28522	104
8.2886	104
8.29197	104
8.29534	104
8.29871	104
8.30209	105
8.30546	105
8.30883	105
8.31221	105
8.31558	105
8.31895	105
8.32232	105
8.3257	105
8.32907	105
8.33244	105
8.33582	105
8.33919	105
8.34256	105
8.34593	105
8.34931	105
8.35268	105
8.35605	105
8.35943	105
8.3628	105
8.36617	105
8.36954	105
8.37292	105
8.37629	105
8.37966	104
8.38303	104
8.38641	104
8.38978	104
8.39315	104
8.39653	104
8.3999	104
8.40327	104
8.40664	104
8.41002	104
8.41339	104
8.41676	104
8.42014	104
8.42351	104
8.42688	104
8.43025	104
8.43363	104
8.437	104
8.44037	104
8.44375	104
8.44712	104
8.45049	104
8.45386	104
8.45724	104
8.46061	104
8.46398	104
8.46735	104
8.47073	104
8.4741	104
8.47747	104
8.48085	105
8.48422	105
8.48759	105
8.49096	106
8.49434	106
8.49771	106
8.50108	106
8.50446	106
8.50783	107
8.5112	107
8.51457	107
8.51795	107
8.52132	107
8.52469	107
8.52807	107
8.53144	107
8.53481	107
8.53818	107
8.54156	107
8.54493	107
8.5483	107
8.55167	107
8.55505	107
8.55842	107
8.56179	107
8.56517	107
8.56854	107
8.57191	107
8.57528	107
8.57866	107
8.58203	107
8.5854	107
8.58878	107
8.59215	107
8.59552	107
8.59889	107
8.60227	107
8.60564	107
8.60901	107
8.61239	107
8.61576	107
8.61913	107
8.6225	107
8.62588	107
8.62925	107
8.63262	107
8.63599	107
8.63937	107
8.64274	107
8.64611	107
8.64949	107
8.65286	107
8.65623	107
8.6596	107
8.66298	107
8.66635	107
8.66972	107
8.6731	107
8.67647	107
8.67984	107
8.68321	107
8.68659	108
8.68996	108
8.69333	108
8.69671	109
8.70008	109
8.70345	109
8.70682	109
8.7102	110
8.71357	110
8.71694	110
8.72031	110
8.72369	110
8.72706	110
8.73043	110
8.73381	110
8.73718	110
8.74055	110
8.74392	110
8.7473	111
8.75067	111
8.75404	111
8.75742	111
8.76079	111
8.76416	111
8.76753	111
8.77091	111
8.77428	111
8.77765	111
8.78103	111
8.7844	111
8.78777	111
8.79114	110
8.79452	110
8.79789	110
8.80126	109
8.80463	109
8.80801	109
8.81138	109
8.81475	109
8.81813	108
8.8215	108
8.82487	108
8.82824	108
8.83162	108
8.83499	108
8.83836	108
8.84174	108
8.84511	108
8.84848	108
8.85185	108
8.85523	108
8.8586	108
8.86197	108
8.86535	108
8.86872	108
8.87209	108
8.87546	108
8.87884	108
8.88221	108
8.88558	108
8.88895	107
8.89233	107
8.8957	107
8.89907	107
8.90245	107
8.90582	107
8.90919	107
8.91256	107
8.91594	107
8.91931	107
8.92268	107
8.92606	107
8.92943	107
8.9328	107
8.93617	107
8.93955	107
8.94292	107
8.94629	107
8.94967	107
8.95304	107
8.95641	107
8.95978	107
8.96316	107
8.96653	107
8.9699	107
8.97327	107
8.97665	107
8.98002	107
8.98339	107
8.98677	107
8.99014	107
8.99351	107
8.99688	107
9.00026	107
9.00363	107
9.007	106
9.01038	106
9.01375	106
9.01712	106
9.02049	106
9.02387	105
9.02724	105
9.03061	105
9.03399	105
9.03736	105
9.04073	105
9.0441	105
9.04748	105
9.05085	104
9.05422	104
9.05759	104
9.06097	104
9.06434	104
9.06771	104
9.07109	104
9.07446	104
9.07783	104
9.0812	104
9.08458	104
9.08795	104
9.09132	104
9.0947	104
9.09807	104
9.10205	104
9.10542	104
9.10879	104
9.11217	104
9.11554	104
9.11891	104
9.12228	104
9.12566	104
9.12903	105
9.1324	105
9.13578	105
9.13915	105
9.14252	105
9.14589	105
9.14927	105
9.15264	105
9.15601	105
9.15939	105
9.16276	105
9.16613	105
9.1695	105
9.17288	105
9.17625	105
9.17962	105
9.18299	105
9.18637	105
9.18974	105
9.19311	105
9.19649	105
9.19986	105
9.20323	105
9.2066	105
9.20998	104
9.21335	104
9.21672	104
9.2201	104
9.22347	104
9.22684	104
9.23021	104
9.23359	104
9.23696	104
9.24033	104
9.24371	104
9.24708	104
9.25045	104
9.25382	104
9.2572	104
9.26057	104
9.26394	104
9.26731	104
9.27069	104
9.27406	104
9.27743	104
9.28081	104
9.28418	104
9.28755	104
9.29092	104
9.2943	104
9.29767	104
9.30104	104
9.30442	104
9.30779	105
9.31116	105
9.31453	105
9.31791	106
9.32128	106
9.32465	106
9.32803	106
9.3314	106
9.33477	106
9.33814	107
9.34152	107
9.34489	107
9.34826	107
9.35163	107
9.35501	107
9.35838	107
9.36175	107
9.36513	107
9.3685	107
9.37187	107
9.37524	107
9.37862	107
9.38199	107
9.38536	107
9.38874	107
9.39211	107
9.39548	107
9.39885	107
9.40223	107
9.4056	107
9.40897	107
9.41235	107
9.41572	107
9.41909	107
9.42246	107
9.42584	107
9.42921	107
9.43258	107
9.43595	107
9.43933	107
9.4427	107
9.44607	107
9.44945	107
9.45282	107
9.45619	107
9.45956	107
9.46294	107
9.46631	107
9.46968	107
9.47306	107
9.47643	107
9.4798	107
9.48317	107
9.48655	107
9.48992	107
9.49329	107
9.49667	107
9.50004	107
9.50341	107
9.50678	107
9.51016	107
9.51353	107
9.5169	108
9.52027	108
9.52365	109
9.52702	109
9.53039	109
9.53377	109
9.53714	110
9.54051	110
9.54388	110
9.54726	110
9.55063	110
9.554	110
9.55738	110
9.56075	110
9.56412	110
9.56749	110
9.57087	110
9.57424	111
9.57761	111
9.58099	111
9.58436	111
9.58773	111
9.5911	111
9.59448	111
9.59785	111
9.60122	111
9.60459	111
9.60797	111
9.61134	111
9.61471	111
9.61809	111
9.62146	110
9.62483	110
9.6282	110
9.63158	109
9.63495	109
9.63832	109
9.6417	109
9.64507	109
9.64844	108
9.65181	108
9.65519	108
9.65856	108
9.66193	108
9.66531	108
9.66868	108
9.67205	108
9.67542	108
9.6788	108
9.68217	108
9.68554	108
9.68891	108
9.69229	108
9.69566	108
9.69903	108
9.70241	108
9.70578	108
9.70915	108
9.71252	108
9.7159	108
9.71927	108
9.72264	108
9.72602	108
9.72939	108
9.73276	108
9.73613	108
9.73951	108
9.74288	108
9.74625	108
9.74963	108
9.753	107
9.75637	107
9.75974	107
9.76312	107
9.76649	107
9.76986	107
9.77323	107
9.77661	107
9.77998	107
9.78335	107
9.78673	107
9.7901	107
9.79347	107
9.79684	107
9.80022	107
9.80359	107
9.80696	107
9.81034	107
9.81371	107
9.81708	107
9.82045	107
9.82383	107
9.8272	107
9.83057	107
9.83395	107
9.83732	106
9.84069	106
9.84406	106
9.84744	106
9.85081	105
9.85418	105
9.85755	105
9.86093	105
9.8643	105
9.86767	105
9.87105	105
9.87442	105
9.87779	105
9.88116	105
9.88454	105
9.88791	104
9.89128	104
9.89466	104
9.89803	104
9.9014	104
9.90477	104
9.90815	104
9.91152	104
9.91489	104
9.91827	104
9.92164	104
9.92501	104
9.92838	104
9.93236	104
9.93574	104
9.93911	104
9.94248	104
9.94585	104
9.94923	104
9.9526	104
9.95597	104
9.95935	104
9.96272	104
9.96609	105
9.96946	105
9.97284	105
9.97621	105
9.97958	105
9.98296	105
9.98633	105
9.9897	105
9.99307	105
9.99645	105
9.99982	105
10.0032	105
10.0066	105
10.0099	105
10.0133	105
10.0167	105
10.0201	105
10.0234	105
10.0268	105
10.0302	105
10.0335	105
10.0369	104
10.0403	104
10.0437	104
10.047	104
10.0504	104
10.0538	104
10.0572	104
10.0605	104
10.0639	104
10.0673	104
10.0706	104
10.074	104
10.0774	104
10.0808	104
10.0841	104
10.0875	104
10.0909	104
10.0943	104
10.0976	104
10.101	104
10.1044	104
10.1077	104
10.1111	104
10.1145	104
10.1179	104
10.1212	104
10.1246	104
10.128	104
10.1314	104
10.1347	104
10.1381	104
10.1415	105
10.1448	105
10.1482	105
10.1516	106
10.155	106
10.1583	106
10.1617	106
10.1651	106
10.1685	107
10.1718	107
10.1752	107
10.1786	107
10.182	107
10.1853	107
10.1887	107
10.1921	107
10.1954	107
10.1988	107
10.2022	107
10.2056	107
10.2089	107
10.2123	107
10.2157	107
10.2191	107
10.2224	107
10.2258	107
10.2292	107
10.2325	107
10.2359	107
10.2393	107
10.2427	107
10.246	107
10.2494	107
10.2528	107
10.2562	107
10.2595	107
10.2629	107
10.2663	107
10.2696	107
10.273	107
10.2764	107
10.2798	107
10.2831	107
10.2865	107
10.2899	107
10.2933	107
10.2966	107
10.3	107
10.3034	107
10.3067	107
10.3101	107
10.3135	107
10.3169	107
10.3202	107
10.3236	107
10.327	107
10.3304	107
10.3337	107
10.3371	107
10.3405	107
10.3438	107
10.3472	108
10.3506	108
10.354	109
10.3573	109
10.3607	109
10.3641	109
10.3675	109
10.3708	110
10.3742	110
10.3776	110
10.3809	110
10.3843	110
10.3877	110
10.3911	110
10.3944	110
10.3978	110
10.4012	110
10.4046	110
10.4079	110
10.4113	111
10.4147	111
10.418	111
10.4214	111
10.4248	111
10.4282	111
10.4315	111
10.4349	111
10.4383	111
10.4417	111
10.445	111
10.4484	111
10.4518	110
10.4551	110
10.4585	110
10.4619	109
10.4653	109
10.4686	109
10.472	109
10.4754	109
10.4788	108
10.4821	108
10.4855	108
10.4889	108
10.4922	108
10.4956	108
10.499	108
10.5024	108
10.5057	108
10.5091	108
10.5125	108
10.5159	108
10.5192	108
10.5226	108
10.526	107
10.5293	107
10.5327	107
10.5361	107
10.5395	107
10.5428	107
10.5462	107
10.5496	107
10.553	107
10.5563	107
10.5597	107
10.5631	107
10.5664	107
10.5698	107
10.5732	107
10.5766	107
10.5799	107
10.5833	107
10.5867	107
10.5901	107
10.5934	107
10.5968	107
10.6002	107
10.6036	107
10.6069	107
10.6103	107
10.6137	107
10.617	107
10.6204	107
10.6238	107
10.6272	107
10.6305	107
10.6339	107
10.6373	107
10.6407	107
10.644	107
10.6474	107
10.6508	107
10.6541	107
10.6575	107
10.6609	107
10.6643	107
10.6676	106
10.671	106
10.6744	106
10.6778	106
10.6811	105
10.6845	105
10.6879	105
10.6912	105
10.6946	105
10.698	105
10.7014	105
10.7047	104
10.7081	104
10.7115	104
10.7149	104
10.7182	104
10.7216	104
10.725	104
10.7283	104
10.7317	104
10.7351	104
10.7385	104
10.7418	104
10.7452	104
10.7486	104
10.752	104
10.7553	104
10.7587	104
10.7627	104
10.7661	104
10.7694	104
10.7728	104
10.7762	104
10.7795	104
10.7829	104
10.7863	104
10.7897	104
10.793	105
10.7964	105
10.7998	105
10.8032	105
10.8065	105
10.8099	105
10.8133	105
10.8166	105
10.82	105
10.8234	105
10.8268	105
10.8301	105
10.8335	105
10.8369	105
10.8403	105
10.8436	105
10.847	105
10.8504	105
10.8537	105
10.8571	105
10.8605	105
10.8639	105
10.8672	105
10.8706	105
10.874	104
10.8774	104
10.8807	104
10.8841	104
10.8875	104
10.8908	104
10.8942	104
10.8976	104
10.901	104
10.9043	104
10.9077	104
10.9111	104
10.9145	104
10.9178	104
10.9212	104
10.9246	104
10.9279	104
10.9313	104
10.9347	104
10.9381	104
10.9414	104
10.9448	104
10.9482	104
10.9516	104
10.9549	104
10.9583	104
10.9617	104
10.965	104
10.9684	105
10.9718	105
10.9752	105
10.9785	106
10.9819	106
10.9853	106
10.9887	106
10.992	106
10.9954	106
10.9988	107
11.0021	107
11.0055	107
11.0089	107
11.0123	107
11.0156	107
11.019	107
11.0224	107
11.0258	107
11.0291	107
11.0325	107
11.0359	107
11.0392	107
11.0426	107
11.046	107
11.0494	107
11.0527	107
11.0561	107
11.0595	107
11.0629	107
11.0662	107
11.0696	107
11.073	107
11.0763	107
11.0797	107
11.0831	107
11.0865	107
11.0898	107
11.0932	107
11.0966	107
11.1	107
11.1033	107
11.1067	107
11.1101	107
11.1134	107
11.1168	107
11.1202	107
11.1236	107
11.1269	107
11.1303	107
11.1337	107
11.1371	107
11.1404	107
11.1438	107
11.1472	107
11.1506	107
11.1539	107
11.1573	107
11.1607	107
11.164	107
11.1674	107
11.1708	107
11.1742	107
11.1775	108
11.1809	108
11.1843	109
11.1877	109
11.191	109
11.1944	109
11.1978	109
11.2011	110
11.2045	110
11.2079	110
11.2113	110
11.2146	110
11.218	110
11.2214	110
11.2248	110
11.2281	111
11.2315	111
11.2349	111
11.2382	111
11.2416	111
11.245	111
11.2484	111
11.2517	111
11.2551	111
11.2585	111
11.2619	111
11.2652	111
11.2686	111
11.272	111
11.2753	111
11.2787	111
11.2821	110
11.2855	110
11.2888	110
11.2922	109
11.2956	109
11.299	109
11.3023	109
11.3057	108
11.3091	108
11.3124	108
11.3158	108
11.3192	108
11.3226	108
11.3259	108
11.3293	108
11.3327	108
11.3361	108
11.3394	108
11.3428	108
11.3462	108
11.3495	108
11.3529	108
11.3563	108
11.3597	108
11.363	108
11.3664	108
11.3698	108
11.3732	108
11.3765	108
11.3799	108
11.3833	108
11.3866	108
11.39	108
11.3934	108
11.3968	108
11.4001	108
11.4035	108
11.4069	108
11.4103	108
11.4136	108
11.417	108
11.4204	108
11.4237	108
11.4271	108
11.4305	108
11.4339	108
11.4372	108
11.4406	108
11.444	107
11.4474	107
11.4507	107
11.4541	107
11.4575	107
11.4608	107
11.4642	107
11.4676	107
11.471	107
11.4743	107
11.4777	107
11.4811	107
11.4845	107
11.4878	107
11.4912	107
11.4946	107
11.4979	106
11.5013	106
11.5047	106
11.5081	106
11.5114	105
11.5148	105
11.5182	105
11.5216	105
11.5249	105
11.5283	105
11.5317	105
11.535	105
11.5384	105
11.5418	104
11.5452	104
11.5485	104
11.5519	104
11.5553	104
11.5587	104
11.562	104
11.5654	104
11.5688	104
11.5722	104
11.5755	104
11.5789	104
11.5823	104
11.5856	104
11.589	104
11.593	104
11.5964	104
11.5997	104
11.6031	104
11.6065	104
11.6099	104
11.6132	104
11.6166	104
11.62	104
11.6233	104
11.6267	104
11.6301	105
11.6335	105
11.6368	105
11.6402	105
11.6436	105
11.647	105
11.6503	105
11.6537	105
11.6571	105
11.6604	105
11.6638	105
11.6672	105
11.6706	105
11.6739	105
11.6773	105
11.6807	105
11.6841	105
11.6874	105
11.6908	105
11.6942	105
11.6976	105
11.7009	104
11.7043	104
11.7077	104
11.711	104
11.7144	104
11.7178	104
11.7212	104
11.7245	104
11.7279	104
11.7313	104
11.7347	104
11.738	104
11.7414	104
11.7448	104
11.7481	104
11.7515	104
11.7549	104
11.7583	104
11.7616	104
11.765	104
11.7684	104
11.7718	104
11.7751	104
11.7785	104
11.7819	104
11.7852	104
11.7886	104
11.792	104
11.7954	104
11.7987	104
11.8021	105
11.8055	105
11.8089	105
11.8122	106
11.8156	106
11.819	106
11.8223	106
11.8257	106
11.8291	107
11.8325	107
11.8358	107
11.8392	107
11.8426	107
11.846	107
11.8493	107
11.8527	107
11.8561	107
11.8594	107
11.8628	107
11.8662	107
11.8696	107
11.8729	107
11.8763	107
11.8797	107
11.8831	107
11.8864	107
11.8898	107
11.8932	107
11.8965	107
11.8999	107
11.9033	107
11.9067	107
11.91	107
11.9134	107
11.9168	107
11.9202	107
11.9235	107
11.9269	107
11.9303	107
11.9336	107
11.937	107
11.9404	107
11.9438	107
11.9471	107
11.9505	107
11.9539	107
11.9573	107
11.9606	107
11.964	107
11.9674	107
11.9707	107
11.9741	107
11.9775	107
11.9809	107
11.9842	107
11.9876	107
11.991	107
11.9944	107
11.9977	107
12.0011	107
12.0045	107
12.0078	108
12.0112	108
12.0146	109
12.018	109
12.0213	109
12.0247	109
12.0281	109
12.0315	110
12.0348	110
12.0382	110
12.0416	110
12.0449	110
12.0483	110
12.0517	110
12.0551	110
12.0584	110
12.0618	110
12.0652	111
12.0686	111
12.0719	111
12.0753	111
12.0787	111
12.082	111
12.0854	111
12.0888	111
12.0922	111
12.0955	111
12.0989	111
12.1023	111
12.1057	111
12.109	111
12.1124	110
12.1158	110
12.1192	110
12.1225	109
12.1259	109
12.1293	109
12.1326	109
12.136	109
12.1394	109
12.1428	108
12.1461	108
12.1495	108
12.1529	108
12.1563	108
12.1596	108
12.163	108
12.1664	108
12.1697	108
12.1731	108
12.1765	108
12.1799	108
12.1832	108
12.1866	108
12.19	107
12.1934	107
12.1967	107
12.2001	107
12.2035	107
12.2068	107
12.2102	107
12.2136	107
12.217	107
12.2203	107
12.2237	107
12.2271	107
12.2305	107
12.2338	107
12.2372	107
12.2406	107
12.2439	107
12.2473	107
12.2507	107
12.2541	107
12.2574	107
12.2608	107
12.2642	107
12.2676	107
12.2709	107
12.2743	107
12.2777	107
12.281	107
12.2844	107
12.2878	107
12.2912	107
12.2945	107
12.2979	107
12.3013	107
12.3047	107
12.308	107
12.3114	107
12.3148	107
12.3181	107
12.3215	107
12.3249	107
12.3283	106
12.3316	106
12.335	106
12.3384	106
12.3418	105
12.3451	105
12.3485	105
12.3519	105
12.3552	105
12.3586	105
12.362	105
12.3654	105
12.3687	104
12.3721	104
12.3755	104
12.3789	104
12.3822	104
12.3856	104
12.389	104
12.3923	104
12.3957	104
12.3991	104
12.4025	104
12.4058	104
12.4092	104
12.4126	104
12.416	104
12.4193	104
12.4233	104
12.4267	104
12.4301	104
12.4334	104
12.4368	104
12.4402	104
12.4435	104
12.4469	104
12.4503	104
12.4537	104
12.457	105
12.4604	105
12.4638	105
12.4672	105
12.4705	105
12.4739	105
12.4773	105
12.4806	105
12.484	105
12.4874	105
12.4908	105
12.4941	105
12.4975	105
12.5009	105
12.5043	105
12.5076	105
12.511	105
12.5144	105
12.5177	105
12.5211	105
12.5245	105
12.5279	105
12.5312	105
12.5346	104
12.538	104
12.5414	104
12.5447	104
12.5481	104
12.5515	104
12.5548	104
12.5582	104
12.5616	104
12.565	104
12.5683	104
12.5717	104
12.5751	104
12.5785	104
12.5818	104
12.5852	104
12.5886	104
12.5919	104
12.5953	104
12.5987	104
12.6021	104
12.6054	104
12.6088	104
12.6122	104
12.6156	104
12.6189	104
12.6223	104
12.6257	104
12.629	104
12.6324	105
12.6358	105
12.6392	105
12.6425	106
12.6459	106
12.6493	106
12.6527	106
12.656	106
12.6594	107
12.6628	107
12.6662	107
12.6695	107
12.6729	107
12.6763	107
12.6796	107
12.683	107
12.6864	107
12.6898	107
12.6931	107
12.6965	107
12.6999	107
12.7033	107
12.7066	107
12.71	107
12.7134	107
12.7167	107
12.7201	107
12.7235	107
12.7269	107
12.7302	107
12.7336	107
12.737	107
12.7404	107
12.7437	107
12.7471	107
12.7505	107
12.7538	107
12.7572	107
12.7606	107
12.764	107
12.7673	107
12.7707	107
12.7741	107
12.7775	107
12.7808	107
12.7842	107
12.7876	107
12.7909	107
12.7943	107
12.7977	107
12.8011	107
12.8044	107
12.8078	107
12.8112	107
12.8146	107
12.8179	107
12.8213	107
12.8247	107
12.828	107
12.8314	107
12.8348	107
12.8382	108
12.8415	108
12.8449	109
12.8483	109
12.8517	109
12.855	109
12.8584	110
12.8618	110
12.8651	110
12.8685	110
12.8719	110
12.8753	110
12.8786	110
12.882	110
12.8854	110
12.8888	110
12.8921	111
12.8955	111
12.8989	111
12.9022	111
12.9056	111
12.909	111
12.9124	111
12.9157	111
12.9191	111
12.9225	111
12.9259	111
12.9292	111
12.9326	111
12.936	111
12.9393	111
12.9427	110
12.9461	110
12.9495	110
12.9528	109
12.9562	109
12.9596	109
12.963	109
12.9663	108
12.9697	108
12.9731	108
12.9764	108
12.9798	108
12.9832	108
12.9866	108
12.9899	108
12.9933	108
12.9967	108
13.0001	108
13.0034	108
13.0068	108
13.0102	108
13.0135	108
13.0169	108
13.0203	108
13.0237	108
13.027	108
13.0304	108
13.0338	108
13.0372	108
13.0405	108
13.0439	108
13.0473	108
13.0506	108
13.054	108
13.0574	108
13.0608	108
13.0641	108
13.0675	108
13.0709	108
13.0743	108
13.0776	108
13.081	108
13.0844	108
13.0878	108
13.0911	108
13.0945	108
13.0979	108
13.1012	108
13.1046	108
13.108	107
13.1114	107
13.1147	107
13.1181	107
13.1215	107
13.1249	107
13.1282	107
13.1316	107
13.135	107
13.1383	107
13.1417	107
13.1451	107
13.1485	107
13.1518	107
13.1552	107
13.1586	106
13.162	106
13.1653	106
13.1687	105
13.1721	105
13.1754	105
13.1788	105
13.1822	105
13.1856	105
13.1889	105
13.1923	105
13.1957	104
13.1991	104
13.2024	104
13.2058	104
13.2092	104
13.2125	104
13.2159	104
13.2193	104
13.2227	104
13.226	104
13.2294	104
13.2328	104
13.2362	104
13.2395	104
13.2429	104
13.2463	104
13.2496	104
13.2536	104
13.257	104
13.2604	104
13.2637	104
13.2671	104
13.2705	104
13.2739	104
13.2772	104
13.2806	104
13.284	104
13.2874	104
13.2907	104
13.2941	105
13.2975	105
13.3008	105
13.3042	105
13.3076	105
13.311	105
13.3143	105
13.3177	105
13.3211	105
13.3245	105
13.3278	105
13.3312	105
13.3346	105
13.3379	105
13.3413	105
13.3447	105
13.3481	105
13.3514	105
13.3548	105
13.3582	105
13.3616	105
13.3649	104
13.3683	104
13.3717	104
13.375	104
13.3784	104
13.3818	104
13.3852	104
13.3885	104
13.3919	104
13.3953	104
13.3987	104
13.402	104
13.4054	104
13.4088	104
13.4121	104
13.4155	104
13.4189	104
13.4223	104
13.4256	104
13.429	104
13.4324	104
13.4358	104
13.4391	104
13.4425	104
13.4459	104
13.4492	104
13.4526	104
13.456	104
13.4594	104
13.4627	105
13.4661	105
13.4695	105
13.4729	106
13.4762	106
13.4796	106
13.483	106
13.4863	106
13.4897	106
13.4931	107
13.4965	107
13.4998	107
13.5032	107
13.5066	107
13.51	107
13.5133	107
13.5167	107
13.5201	107
13.5234	107
13.5268	107
13.5302	107
13.5336	107
13.5369	107
13.5403	107
13.5437	107
13.5471	107
13.5504	107
13.5538	107
13.5572	107
13.5605	107
13.5639	107
13.5673	107
13.5707	107
13.574	107
13.5774	107
13.5808	107
13.5842	107
13.5875	107
13.5909	107
13.5943	107
13.5976	107
13.601	107
13.6044	107
13.6078	107
13.6111	107
13.6145	107
13.6179	107
13.6213	107
13.6246	107
13.628	107
13.6314	107
13.6348	107
13.6381	107
13.6415	107
13.6449	107
13.6482	107
13.6516	107
13.655	107
13.6584	107
13.6617	107
13.6651	107
13.6685	108
13.6719	108
13.6752	109
13.6786	109
13.682	109
13.6853	109
13.6887	109
13.6921	110
13.6955	110
13.6988	110
13.7022	110
13.7056	110
13.709	110
13.7123	110
13.7157	110
13.7191	110
13.7224	110
13.7258	110
13.7292	111
13.7326	111
13.7359	111
13.7393	111
13.7427	111
13.7461	111
13.7494	111
13.7528	111
13.7562	111
13.7595	111
13.7629	111
13.7663	111
13.7697	111
13.773	110
13.7764	110
13.7798	110
13.7832	109
13.7865	109
13.7899	109
13.7933	109
13.7966	109
13.8	108
13.8034	108
13.8068	108
13.8101	108
13.8135	108
13.8169	108
13.8203	108
13.8236	108
13.827	108
13.8304	108
13.8337	108
13.8371	108
13.8405	108
13.8439	108
13.8472	108
13.8506	108
13.854	107
13.8574	107
13.8607	107
13.8641	107
13.8675	107
13.8708	107
13.8742	107
13.8776	107
13.881	107
13.8843	107
13.8877	107
13.8911	107
13.8945	107
13.8978	107
13.9012	107
13.9046	107
13.9079	107
13.9113	107
13.9147	107
13.9181	107
13.9214	107
13.9248	107
13.9282	107
13.9316	107
13.9349	107
13.9383	107
13.9417	107
13.945	107
13.9484	107
13.9518	107
13.9552	107
13.9585	107
13.9619	107
13.9653	107
13.9687	107
13.972	107
13.9754	107
13.9788	107
13.9821	107
13.9855	107
13.9889	106
13.9923	106
13.9956	106
13.999	106
14.0024	105
14.0058	105
14.0091	105
14.0125	105
14.0159	105
14.0192	105
14.0226	105
14.026	105
14.0294	105
14.0327	104
14.0361	104
14.0395	104
14.0429	104
14.0462	104
14.0496	104
14.053	104
14.0564	104
14.0597	104
14.0631	104
14.0665	104
14.0698	104
14.0732	104
14.0766	104
14.08	104
14.0839	104
14.0873	104
14.0907	104
14.0941	104
14.0974	104
14.1008	104
14.1042	104
14.1075	104
14.1109	104
14.1143	104
14.1177	104
14.121	105
14.1244	105
14.1278	105
14.1312	105
14.1345	105
14.1379	105
14.1413	105
14.1447	105
14.148	105
14.1514	105
14.1548	105
14.1581	105
14.1615	105
14.1649	105
14.1683	105
14.1716	105
14.175	105
14.1784	105
14.1818	105
14.1851	105
14.1885	105
14.1919	105
14.1952	105
14.1986	104
14.202	104
14.2054	104
14.2087	104
14.2121	104
14.2155	104
14.2189	104
14.2222	104
14.2256	104
14.229	104
14.2323	104
14.2357	104
14.2391	104
14.2425	104
14.2458	104
14.2492	104
14.2526	104
14.256	104
14.2593	104
14.2627	104
14.2661	104
14.2694	104
14.2728	104
14.2762	104
14.2796	104
14.2829	104
14.2863	104
14.2897	104
14.2931	105
14.2964	105
14.2998	105
14.3032	106
14.3065	106
14.3099	106
14.3133	106
14.3167	106
14.32	107
14.3234	107
14.3268	107
14.3302	107
14.3335	107
14.3369	107
14.3403	107
14.3436	107
14.347	107
14.3504	107
14.3538	107
14.3571	107
14.3605	107
14.3639	107
14.3673	107
14.3706	107
14.374	107
14.3774	107
14.3807	107
14.3841	107
14.3875	107
14.3909	107
14.3942	107
14.3976	107
14.401	107
14.4044	107
14.4077	107
14.4111	107
14.4145	107
14.4178	107
14.4212	107
14.4246	107
14.428	107
14.4313	107
14.4347	107
14.4381	107
14.4415	107
14.4448	107
14.4482	107
14.4516	107
14.4549	107
14.4583	107
14.4617	107
14.4651	107
14.4684	107
14.4718	107
14.4752	107
14.4786	107
14.4819	107
14.4853	107
14.4887	107
14.492	107
14.4954	107
14.4988	108
14.5022	108
14.5055	109
14.5089	109
14.5123	109
14.5157	109
14.519	110
14.5224	110
14.5258	110
14.5291	110
14.5325	110
14.5359	110
14.5393	110
14.5426	110
14.546	110
14.5494	110
14.5528	110
14.5561	111
14.5595	111
14.5629	111
14.5663	111
14.5696	111
14.573	111
14.5764	111
14.5797	111
14.5831	111
14.5865	111
14.5899	111
14.5932	111
14.5966	111
14.6	111
14.6034	110
14.6067	110
14.6101	110
14.6135	109
14.6168	109
14.6202	109
14.6236	109
14.627	108
14.6303	108
14.6337	108
14.6371	108
14.6405	108
14.6438	108
14.6472	108
14.6506	108
14.6539	108
14.6573	108
14.6607	108
14.6641	108
14.6674	108
14.6708	108
14.6742	108
14.6776	108
14.6809	108
14.6843	108
14.6877	108
14.691	108
14.6944	108
14.6978	108
14.7012	108
14.7045	108
14.7079	108
14.7113	108
14.7147	108
14.718	108
14.7214	108
14.7248	108
14.7281	108
14.7315	108
14.7349	108
14.7383	108
14.7416	108
14.745	108
14.7484	108
14.7518	108
14.7551	108
14.7585	108
14.7619	108
14.7652	108
14.7686	108
14.772	107
14.7754	107
14.7787	107
14.7821	107
14.7855	107
14.7889	107
14.7922	107
14.7956	107
14.799	107
14.8023	107
14.8057	107
14.8091	107
14.8125	107
14.8158	107
14.8192	106
14.8226	106
14.826	106
14.8293	106
14.8327	105
14.8361	105
14.8394	105
14.8428	105
14.8462	105
14.8496	105
14.8529	105
14.8563	105
14.8597	104
14.8631	104
14.8664	104
14.8698	104
14.8732	104
14.8765	104
14.8799	104
14.8833	104
14.8867	104
14.89	104
14.8934	104
14.8968	104
14.9002	104
14.9035	104
14.9069	104
14.9103	104
14.9143	104
14.9176	104
14.921	104
14.9244	104
14.9277	104
14.9311	105
14.9345	105
14.9379	105
14.9412	105
14.9446	105
14.948	105
14.9514	105
14.9547	105
14.9581	105
14.9615	105
14.9648	105
14.9682	105
14.9716	105
14.975	105
14.9783	105
14.9817	105
14.9851	105
14.9885	105
14.9918	105
14.9952	105
14.9986	105
15.0019	105
15.0053	105
15.0087	105
15.0121	105
15.0154	105
15.0188	105
15.0222	105
15.0256	104
15.0289	104
15.0323	104
15.0357	104
15.039	104
15.0424	104
15.0458	104
15.0492	104
15.0525	104
15.0559	104
15.0593	104
15.0627	104
15.066	104
15.0694	104
15.0728	104
15.0761	104
15.0795	104
15.0829	104
15.0863	104
15.0896	104
15.093	104
15.0964	104
15.0998	104
15.1031	104
15.1065	104
15.1099	104
15.1133	104
15.1166	104
15.12	104
15.1234	105
15.1267	105
15.1301	105
15.1335	106
15.1369	106
15.1402	106
15.1436	106
15.147	106
15.1504	106
15.1537	107
15.1571	107
15.1605	107
15.1638	107
15.1672	107
15.1706	107
15.174	107
15.1773	107
15.1807	107
15.1841	107
15.1875	107
15.1908	107
15.1942	107
15.1976	107
15.2009	107
15.2043	107
15.2077	107
15.2111	107
15.2144	107
15.2178	107
15.2212	107
15.2246	107
15.2279	107
15.2313	107
15.2347	107
15.238	107
15.2414	107
15.2448	107
15.2482	107
15.2515	107
15.2549	107
15.2583	107
15.2617	107
15.265	107
15.2684	107
15.2718	107
15.2751	107
15.2785	107
15.2819	107
15.2853	107
15.2886	107
15.292	107
15.2954	107
15.2988	107
15.3021	107
15.3055	107
15.3089	107
15.3122	107
15.3156	107
15.319	107
15.3224	107
15.3257	107
15.3291	108
15.3325	108
15.3359	109
15.3392	109
15.3426	109
15.346	109
15.3493	109
15.3527	110
15.3561	110
15.3595	110
15.3628	110
15.3662	110
15.3696	110
15.373	110
15.3763	110
15.3797	110
15.3831	110
15.3864	110
15.3898	110
15.3932	111
15.3966	111
15.3999	111
15.4033	111
15.4067	111
15.4101	111
15.4134	111
15.4168	111
15.4202	111
15.4235	111
15.4269	111
15.4303	111
15.4337	110
15.437	110
15.4404	110
15.4438	109
15.4472	109
15.4505	109
15.4539	109
15.4573	109
15.4606	108
15.464	108
15.4674	108
15.4708	108
15.4741	108
15.4775	108
15.4809	108
15.4843	108
15.4876	108
15.491	108
15.4944	108
15.4977	108
15.5011	108
15.5045	108
15.5079	108
15.5112	108
15.5146	108
15.518	107
15.5214	107
15.5247	107
15.5281	107
15.5315	107
15.5349	107
15.5382	107
15.5416	107
15.545	107
15.5483	107
15.5517	107
15.5551	107
15.5585	107
15.5618	107
15.5652	107
15.5686	107
15.572	107
15.5753	107
15.5787	107
15.5821	107
15.5854	107
15.5888	107
15.5922	107
15.5956	107
15.5989	107
15.6023	107
15.6057	107
15.6091	107
15.6124	107
15.6158	107
15.6192	107
15.6225	107
15.6259	107
15.6293	107
15.6327	107
15.636	107
15.6394	107
15.6428	107
15.6462	107
15.6495	106
15.6529	106
15.6563	106
15.6596	106
15.663	105
15.6664	105
15.6698	105
15.6731	105
15.6765	105
15.6799	105
15.6833	105
15.6866	105
15.69	104
15.6934	104
15.6967	104
15.7001	104
15.7035	104
15.7069	104
15.7102	104
15.7136	104
15.717	104
15.7204	104
15.7237	104
15.7271	104
15.7305	104
15.7338	104
15.7372	104
15.7406	104
15.7446	104
15.7479	104
15.7513	104
15.7547	104
15.7581	104
15.7614	104
15.7648	104
15.7682	104
15.7716	104
15.7749	104
15.7783	104
15.7817	104
15.785	105
15.7884	105
15.7918	105
15.7952	105
15.7985	105
15.8019	105
15.8053	105
15.8087	105
15.812	105
15.8154	105
15.8188	105
15.8221	105
15.8255	105
15.8289	105
15.8323	105
15.8356	105
15.839	105
15.8424	105
15.8458	105
15.8491	105
15.8525	105
15.8559	105
15.8592	105
15.8626	104
15.866	104
15.8694	104
15.8727	104
15.8761	104
15.8795	104
15.8829	104
15.8862	104
15.8896	104
15.893	104
15.8963	104
15.8997	104
15.9031	104
15.9065	104
15.9098	104
15.9132	104
15.9166	104
15.92	104
15.9233	104
15.9267	104
15.9301	104
15.9334	104
15.9368	104
15.9402	104
15.9436	104
15.9469	104
15.9503	104
15.9537	105
15.9571	105
15.9604	105
15.9638	106
15.9672	106
15.9705	106
15.9739	106
15.9773	106
15.9807	107
15.984	107
15.9874	107
15.9908	107
15.9942	107
15.9975	107
16.0009	107
16.0043	107
16.0076	107
16.011	107
16.0144	107
16.0178	107
16.0211	107
16.0245	107
16.0279	107
16.0313	107
16.0346	107
16.038	107
16.0414	107
16.0447	107
16.0481	107
16.0515	107
16.0549	107
16.0582	107
16.0616	107
16.065	107
16.0684	107
16.0717	107
16.0751	107
16.0785	107
16.0819	107
16.0852	107
16.0886	107
16.092	107
16.0953	107
16.0987	107
16.1021	107
16.1055	107
16.1088	107
16.1122	107
16.1156	107
16.119	107
16.1223	107
16.1257	107
16.1291	107
16.1324	107
16.1358	107
16.1392	107
16.1426	107
16.1459	107
16.1493	107
16.1527	107
16.1561	107
16.1594	108
16.1628	108
16.1662	109
16.1695	109
16.1729	109
16.1763	109
16.1797	109
16.183	110
16.1864	110
16.1898	110
16.1932	110
16.1965	110
16.1999	110
16.2033	110
16.2066	110
16.21	111
16.2134	111
16.2168	111
16.2201	111
16.2235	111
16.2269	111
16.2303	111
16.2336	111
16.237	111
16.2404	111
16.2437	111
16.2471	111
16.2505	111
16.2539	111
16.2572	111
16.2606	111
16.264	110
16.2674	110
16.2707	110
16.2741	109
16.2775	109
16.2808	109
16.2842	109
16.2876	109
16.291	108
16.2943	108
16.2977	108
16.3011	108
16.3045	108
16.3078	108
16.3112	108
16.3146	108
16.3179	108
16.3213	108
16.3247	108
16.3281	108
16.3314	108
16.3348	108
16.3382	108
16.3416	108
16.3449	108
16.3483	108
16.3517	108
16.355	108
16.3584	108
16.3618	108
16.3652	108
16.3685	108
16.3719	108
16.3753	108
16.3787	108
16.382	108
16.3854	108
16.3888	108
16.3921	108
16.3955	108
16.3989	108
16.4023	108
16.4056	108
16.409	108
16.4124	108
16.4158	108
16.4191	108
16.4225	108
16.4259	108
16.4292	108
16.4326	108
16.436	107
16.4394	107
16.4427	107
16.4461	107
16.4495	107
16.4529	107
16.4562	107
16.4596	107
16.463	107
16.4663	107
16.4697	107
16.4731	107
16.4765	107
16.4798	106
16.4832	106
16.4866	106
16.49	105
16.4933	105
16.4967	105
16.5001	105
16.5035	105
16.5068	105
16.5102	105
16.5136	105
16.5169	104
16.5203	104
16.5237	104
16.5271	104
16.5304	104
16.5338	104
16.5372	104
16.5406	104
16.5439	104
16.5473	104
16.5507	104
16.554	104
16.5574	104
16.5608	104
16.5642	104
16.5675	104
16.5709	104
16.5749	104
16.5783	104
16.5816	104
16.585	104
16.5884	104
16.5917	104
16.5951	105
16.5985	105
16.6019	105
16.6052	105
16.6086	105
16.612	105
16.6154	105
16.6187	105
16.6221	105
16.6255	105
16.6289	105
16.6322	105
16.6356	105
16.639	105
16.6423	105
16.6457	105
16.6491	105
16.6525	105
16.6558	105
16.6592	105
16.6626	105
16.666	105
16.6693	105
16.6727	105
16.6761	105
16.6794	105
16.6828	105
16.6862	105
16.6896	104
16.6929	104
16.6963	104
16.6997	104
16.7031	104
16.7064	104
16.7098	104
16.7132	104
16.7165	104
16.7199	104
16.7233	104
16.7267	104
16.73	104
16.7334	104
16.7368	104
16.7402	104
16.7435	104
16.7469	104
16.7503	104
16.7536	104
16.757	104
16.7604	104
16.7638	104
16.7671	104
16.7705	104
16.7739	104
16.7773	104
16.7806	105
16.784	105
16.7874	105
16.7907	105
16.7941	106
16.7975	106
16.8009	106
16.8042	106
16.8076	106
16.811	106
16.8144	107
16.8177	107
16.8211	107
16.8245	107
16.8278	107
16.8312	107
16.8346	107
16.838	107
16.8413	107
16.8447	107
16.8481	107
16.8515	107
16.8548	107
16.8582	107
16.8616	107
16.8649	107
16.8683	107
16.8717	107
16.8751	107
16.8784	107
16.8818	107
16.8852	107
16.8886	107
16.8919	107
16.8953	107
16.8987	107
16.902	107
16.9054	107
16.9088	107
16.9122	107
16.9155	107
16.9189	107
16.9223	107
16.9257	107
16.929	107
16.9324	107
16.9358	107
16.9391	107
16.9425	107
16.9459	107
16.9493	107
16.9526	107
16.956	107
16.9594	107
16.9628	107
16.9661	107
16.9695	107
16.9729	107
16.9762	107
16.9796	107
16.983	107
16.9864	107
16.9897	108
16.9931	108
16.9965	109
16.9999	109
17.0032	109
17.0066	109
17.01	109
17.0133	110
17.0167	110
17.0201	110
17.0235	110
17.0268	110
17.0302	110
17.0336	110
17.037	110
17.0403	110
17.0437	110
17.0471	110
17.0505	110
17.0538	110
17.0572	111
17.0606	111
17.0639	111
17.0673	111
17.0707	111
17.0741	111
17.0774	111
17.0808	111
17.0842	111
17.0876	111
17.0909	111
17.0943	110
17.0977	110
17.101	110
17.1044	109
17.1078	109
17.1112	109
17.1145	109
17.1179	109
17.1213	108
17.1247	108
17.128	108
17.1314	108
17.1348	108
17.1381	108
17.1415	108
17.1449	108
17.1483	108
17.1516	108
17.155	108
17.1584	108
17.1618	108
17.1651	108
17.1685	108
17.1719	108
17.1752	108
17.1786	108
17.182	107
17.1854	107
17.1887	107
17.1921	107
17.1955	107
17.1989	107
17.2022	107
17.2056	107
17.209	107
17.2123	107
17.2157	107
17.2191	107
17.2225	107
17.2258	107
17.2292	107
17.2326	107
17.236	107
17.2393	107
17.2427	107
17.2461	107
17.2494	107
17.2528	107
17.2562	107
17.2596	107
17.2629	107
17.2663	107
17.2697	107
17.2731	107
17.2764	107
17.2798	107
17.2832	107
17.2865	107
17.2899	107
17.2933	107
17.2967	107
17.3	107
17.3034	107
17.3068	107
17.3102	106
17.3135	106
17.3169	106
17.3203	106
17.3236	105
17.327	105
17.3304	105
17.3338	105
17.3371	105
17.3405	105
17.3439	105
17.3473	105
17.3506	105
17.354	105
17.3574	105
17.3607	104
17.3641	104
17.3675	104
17.3709	104
17.3742	104
17.3776	104
17.381	104
17.3844	104
17.3877	104
17.3911	104
17.3945	104
17.3978	104
17.4012	104
17.4052	104
17.4086	104
17.4119	104
17.4153	104
17.4187	104
17.4221	104
17.4254	104
17.4288	104
17.4322	104
17.4356	104
17.4389	104
17.4423	104
17.4457	104
17.449	105
17.4524	105
17.4558	105
17.4592	105
17.4625	105
17.4659	105
17.4693	105
17.4727	105
17.476	105
17.4794	105
17.4828	105
17.4861	105
17.4895	105
17.4929	105
17.4963	105
17.4996	105
17.503	105
17.5064	105
17.5098	105
17.5131	105
17.5165	105
17.5199	104
17.5232	104
17.5266	104
17.53	104
17.5334	104
17.5367	104
17.5401	104
17.5435	104
17.5469	104
17.5502	104
17.5536	104
17.557	104
17.5603	104
17.5637	104
17.5671	104
17.5705	104
17.5738	104
17.5772	104
17.5806	104
17.584	104
17.5873	104
17.5907	104
17.5941	104
17.5975	104
17.6008	104
17.6042	104
17.6076	104
17.6109	104
17.6143	105
17.6177	105
17.6211	105
17.6244	106
17.6278	106
17.6312	106
17.6346	106
17.6379	106
17.6413	107
17.6447	107
17.648	107
17.6514	107
17.6548	107
17.6582	107
17.6615	107
17.6649	107
17.6683	107
17.6717	107
17.675	107
17.6784	107
17.6818	107
17.6851	107
17.6885	107
17.6919	107
17.6953	107
17.6986	107
17.702	107
17.7054	107
17.7088	107
17.7121	107
17.7155	107
17.7189	107
17.7222	107
17.7256	107
17.729	107
17.7324	107
17.7357	107
17.7391	107
17.7425	107
17.7459	107
17.7492	107
17.7526	107
17.756	107
17.7593	107
17.7627	107
17.7661	107
17.7695	107
17.7728	107
17.7762	107
17.7796	107
17.783	107
17.7863	107
17.7897	107
17.7931	107
17.7964	107
17.7998	107
17.8032	107
17.8066	107
17.8099	107
17.8133	107
17.8167	107
17.8201	108
17.8234	108
17.8268	108
17.8302	109
17.8335	109
17.8369	109
17.8403	110
17.8437	110
17.847	110
17.8504	110
17.8538	110
17.8572	110
17.8605	110
17.8639	110
17.8673	110
17.8706	110
17.874	111
17.8774	111
17.8808	111
17.8841	111
17.8875	111
17.8909	111
17.8943	111
17.8976	111
17.901	111
17.9044	111
17.9077	111
17.9111	111
17.9145	111
17.9179	111
17.9212	111
17.9246	110
17.928	110
17.9314	110
17.9347	109
17.9381	109
17.9415	109
17.9448	109
17.9482	109
17.9516	108
17.955	108
17.9583	108
17.9617	108
17.9651	108
17.9685	108
17.9718	108
17.9752	108
17.9786	108
17.9819	108
17.9853	108
17.9887	108
17.9921	108
17.9954	108
17.9988	108
18.0022	108
18.0056	108
18.0089	107
18.0123	107
18.0157	107
18.0191	107
18.0224	107
18.0258	107
18.0292	107
18.0325	107
18.0359	107
18.0393	107
18.0427	107
18.046	107
18.0494	107
18.0528	107
18.0562	107
18.0595	107
18.0629	107
18.0663	107
18.0696	107
18.073	107
18.0764	107
18.0798	107
18.0831	107
18.0865	107
18.0899	107
18.0933	107
18.0966	107
18.1	107
18.1034	107
18.1067	107
18.1101	107
18.1135	107
18.1169	107
18.1202	107
18.1236	107
18.127	107
18.1304	107
18.1337	107
18.1371	107
18.1405	106
18.1438	106
18.1472	106
18.1506	105
18.154	105
18.1573	105
18.1607	105
18.1641	105
18.1675	105
18.1708	105
18.1742	105
18.1776	105
18.1809	104
18.1843	104
18.1877	104
18.1911	104
18.1944	104
18.1978	104
18.2012	104
18.2046	104
18.2079	104
18.2113	104
18.2147	104
18.218	104
18.2214	104
18.2248	104
18.2282	104
18.2315	104
18.2355	104
18.2389	104
18.2423	104
18.2456	104
18.249	104
18.2524	104
18.2558	104
18.2591	105
18.2625	105
18.2659	105
18.2692	105
18.2726	105
18.276	105
18.2794	105
18.2827	105
18.2861	105
18.2895	105
18.2929	105
18.2962	105
18.2996	105
18.303	105
18.3063	105
18.3097	105
18.3131	105
18.3165	105
18.3198	105
18.3232	105
18.3266	105
18.33	105
18.3333	105
18.3367	105
18.3401	105
18.3434	105
18.3468	104
18.3502	104
18.3536	104
18.3569	104
18.3603	104
18.3637	104
18.3671	104
18.3704	104
18.3738	104
18.3772	104
18.3805	104
18.3839	104
18.3873	104
18.3907	104
18.394	104
18.3974	104
18.4008	104
18.4042	104
18.4075	104
18.4109	104
18.4143	104
18.4176	104
18.421	104
18.4244	104
18.4278	104
18.4311	104
18.4345	104
18.4379	104
18.4413	105
18.4446	105
18.448	105
18.4514	106
18.4547	106
18.4581	106
18.4615	106
18.4649	106
18.4682	106
18.4716	107
18.475	107
18.4784	107
18.4817	107
18.4851	107
18.4885	107
18.4918	107
18.4952	107
18.4986	107
18.502	107
18.5053	107
18.5087	107
18.5121	107
18.5155	107
18.5188	107
18.5222	107
18.5256	107
18.5289	107
18.5323	107
18.5357	107
18.5391	107
18.5424	107
18.5458	107
18.5492	107
18.5526	107
18.5559	107
18.5593	107
18.5627	107
18.5661	107
18.5694	107
18.5728	107
18.5762	107
18.5795	107
18.5829	107
18.5863	107
18.5897	107
18.593	107
18.5964	107
18.5998	107
18.6032	107
18.6065	107
18.6099	107
18.6133	107
18.6166	107
18.62	107
18.6234	107
18.6268	107
18.6301	107
18.6335	107
18.6369	107
18.6403	107
18.6436	107
18.647	107
18.6504	108
18.6537	108
18.6571	109
18.6605	109
18.6639	109
18.6672	109
18.6706	109
18.674	110
18.6774	110
18.6807	110
18.6841	110
18.6875	110
18.6908	110
18.6942	110
18.6976	110
18.701	110
18.7043	110
18.7077	110
18.7111	111
18.7145	111
18.7178	111
18.7212	111
18.7246	111
18.7279	111
18.7313	111
18.7347	111
18.7381	111
18.7414	111
18.7448	111
18.7482	111
18.7516	111
18.7549	110
18.7583	110
18.7617	110
18.765	109
18.7684	109
18.7718	109
18.7752	109
18.7785	109
18.7819	108
18.7853	108
18.7887	108
18.792	108
18.7954	108
18.7988	108
18.8021	108
18.8055	108
18.8089	108
18.8123	108
18.8156	108
18.819	108
18.8224	108
18.8258	108
18.8291	108
18.8325	108
18.8359	108
18.8392	108
18.8426	108
18.846	107
18.8494	107
18.8527	107
18.8561	107
18.8595	107
18.8629	107
18.8662	107
18.8696	107
18.873	107
18.8763	107
18.8797	107
18.8831	107
18.8865	107
18.8898	107
18.8932	107
18.8966	107
18.9	107
18.9033	107
18.9067	107
18.9101	107
18.9134	107
18.9168	107
18.9202	107
18.9236	107
18.9269	107
18.9303	107
18.9337	107
18.9371	107
18.9404	107
18.9438	107
18.9472	107
18.9505	107
18.9539	107
18.9573	107
18.9607	107
18.964	107
18.9674	107
18.9708	106
18.9742	106
18.9775	106
18.9809	106
18.9843	105
18.9877	105
18.991	105
18.9944	105
18.9978	105
19.0011	105
19.0045	105
19.0079	105
19.0113	105
19.0146	104
19.018	104
19.0214	104
19.0248	104
19.0281	104
19.0315	104
19.0349	104
19.0382	104
19.0416	104
19.045	104
19.0484	104
19.0517	104
19.0551	104
19.0585	104
19.0619	104
19.0658	104
19.0692	104
19.0726	104
19.076	104
19.0793	104
19.0827	104
19.0861	104
19.0894	104
19.0928	104
19.0962	104
19.0996	104
19.1029	104
19.1063	104
19.1097	104
19.1131	105
19.1164	105
19.1198	105
19.1232	105
19.1265	105
19.1299	105
19.1333	105
19.1367	105
19.14	105
19.1434	105
19.1468	105
19.1502	105
19.1535	105
19.1569	105
19.1603	105
19.1636	105
19.167	105
19.1704	105
19.1738	105
19.1771	105
19.1805	105
19.1839	104
19.1873	104
19.1906	104
19.194	104
19.1974	104
19.2007	104
19.2041	104
19.2075	104
19.2109	104
19.2142	104
19.2176	104
19.221	104
19.2244	104
19.2277	104
19.2311	104
19.2345	104
19.2378	104
19.2412	104
19.2446	104
19.248	104
19.2513	104
19.2547	104
19.2581	104
19.2615	104
19.2648	104
19.2682	104
19.2716	105
19.2749	105
19.2783	105
19.2817	105
19.2851	106
19.2884	106
19.2918	106
19.2952	106
19.2986	106
19.3019	107
19.3053	107
19.3087	107
19.312	107
19.3154	107
19.3188	107
19.3222	107
19.3255	107
19.3289	107
19.3323	107
19.3357	107
19.339	107
19.3424	107
19.3458	107
19.3491	107
19.3525	107
19.3559	107
19.3593	107
19.3626	107
19.366	107
19.3694	107
19.3728	107
19.3761	107
19.3795	107
19.3829	107
19.3862	107
19.3896	107
19.393	107
19.3964	107
19.3997	107
19.4031	107
19.4065	107
19.4099	107
19.4132	107
19.4166	107
19.42	107
19.4233	107
19.4267	107
19.4301	107
19.4335	107
19.4368	107
19.4402	107
19.4436	107
19.447	107
19.4503	107
19.4537	107
19.4571	107
19.4604	107
19.4638	107
19.4672	107
19.4706	107
19.4739	107
19.4773	107
19.4807	108
19.4841	108
19.4874	108
19.4908	109
19.4942	109
19.4976	109
19.5009	109
19.5043	110
19.5077	110
19.511	110
19.5144	110
19.5178	110
19.5212	110
19.5245	110
19.5279	110
19.5313	110
19.5347	110
19.538	111
19.5414	111
19.5448	111
19.5481	111
19.5515	111
19.5549	111
19.5583	111
19.5616	111
19.565	111
19.5684	111
19.5718	111
19.5751	111
19.5785	111
19.5819	111
19.5852	110
19.5886	110
19.592	110
19.5954	109
19.5987	109
19.6021	109
19.6055	109
19.6089	109
19.6122	108
19.6156	108
19.619	108
19.6223	108
19.6257	108
19.6291	108
19.6325	108
19.6358	108
19.6392	108
19.6426	108
19.646	108
19.6493	108
19.6527	108
19.6561	108
19.6594	108
19.6628	108
19.6662	108
19.6696	108
19.6729	107
19.6763	107
19.6797	107
19.6831	107
19.6864	107
19.6898	107
19.6932	107
19.6965	107
19.6999	107
19.7033	107
19.7067	107
19.71	107
19.7134	107
19.7168	107
19.7202	107
19.7235	107
19.7269	107
19.7303	107
19.7336	107
19.737	107
19.7404	107
19.7438	107
19.7471	107
19.7505	107
19.7539	107
19.7573	107
19.7606	107
19.764	107
19.7674	107
19.7707	107
19.7741	107
19.7775	107
19.7809	107
19.7842	107
19.7876	107
19.791	107
19.7944	107
19.7977	107
19.8011	106
19.8045	106
19.8078	106
19.8112	106
19.8146	105
19.818	105
19.8213	105
19.8247	105
19.8281	105
19.8315	105
19.8348	105
19.8382	105
19.8416	104
19.8449	104
19.8483	104
19.8517	104
19.8551	104
19.8584	104
19.8618	104
19.8652	104
19.8686	104
19.8719	104
19.8753	104
19.8787	104
19.882	104
19.8854	104
19.8888	104
19.8922	104
19.8961	104
19.8995	104
19.9029	104
19.9063	104
19.9096	104
19.913	105
19.9164	105
19.9198	105
19.9231	105
19.9265	105
19.9299	105
19.9332	105
19.9366	105
19.94	105
19.9434	105
19.9467	105
19.9501	105
19.9535	105
19.9569	105
19.9602	105
19.9636	105
19.967	105
19.9703	105
19.9737	105
19.9771	105
19.9805	105
19.9838	105
19.9872	105
19.9906	105
19.994	105
19.9973	105
20.0007	104
20.0041	104
20.0074	104
20.0108	104
20.0142	104
20.0176	104
20.0209	104
20.0243	104
20.0277	104
20.0311	104
20.0344	104
20.0378	104
20.0412	104
20.0446	104
20.0479	104
20.0513	104
20.0547	104
20.058	104
20.0614	104
20.0648	104
20.0682	104
20.0715	104
20.0749	104
20.0783	104
20.0817	104
20.085	104
20.0884	104
20.0918	104
20.0951	104
20.0985	104
20.1019	105
20.1053	105
20.1086	105
20.112	106
20.1154	106
20.1188	106
20.1221	106
20.1255	106
20.1289	107
20.1322	107
20.1356	107
20.139	107
20.1424	107
20.1457	107
20.1491	107
20.1525	107
20.1559	107
20.1592	107
20.1626	107
20.166	107
20.1693	107
20.1727	107
20.1761	107
20.1795	107
20.1828	107
20.1862	107
20.1896	107
20.193	107
20.1963	107
20.1997	107
20.2031	107
20.2064	107
20.2098	107
20.2132	107
20.2166	107
20.2199	107
20.2233	107
20.2267	107
20.2301	107
20.2334	107
20.2368	107
20.2402	107
20.2435	107
20.2469	107
20.2503	107
20.2537	107
20.257	107
20.2604	107
20.2638	107
20.2672	107
20.2705	107
20.2739	107
20.2773	107
20.2806	107
20.284	107
20.2874	107
20.2908	107
20.2941	107
20.2975	107
20.3009	107
20.3043	107
20.3076	107
20.311	108
20.3144	108
20.3177	109
20.3211	109
20.3245	109
20.3279	109
20.3312	110
20.3346	110
20.338	110
20.3414	110
20.3447	110
20.3481	110
20.3515	110
20.3548	110
20.3582	110
20.3616	110
20.365	110
20.3683	110
20.3717	110
20.3751	111
20.3785	111
20.3818	111
20.3852	111
20.3886	111
20.3919	111
20.3953	111
20.3987	111
20.4021	111
20.4054	111
20.4088	111
20.4122	111
20.4156	110
20.4189	110
20.4223	110
20.4257	109
20.429	109
20.4324	109
20.4358	109
20.4392	109
20.4425	108
20.4459	108
20.4493	108
20.4527	108
20.456	108
20.4594	108
20.4628	108
20.4662	108
20.4695	108
20.4729	108
20.4763	108
20.4796	108
20.483	108
20.4864	108
20.4898	108
20.4931	108
20.4965	108
20.4999	108
20.5033	108
20.5066	108
20.51	107
20.5134	107
20.5167	107
20.5201	107
20.5235	107
20.5269	107
20.5302	107
20.5336	107
20.537	107
20.5404	107
20.5437	107
20.5471	107
20.5505	107
20.5538	107
20.5572	107
20.5606	107
20.564	107
20.5673	107
20.5707	107
20.5741	107
20.5775	107
20.5808	107
20.5842	107
20.5876	107
20.5909	107
20.5943	107
20.5977	107
20.6011	107
20.6044	107
20.6078	107
20.6112	107
20.6146	107
20.6179	107
20.6213	107
20.6247	107
20.628	107
20.6314	106
20.6348	106
20.6382	106
20.6415	106
20.6449	105
20.6483	105
20.6517	105
20.655	105
20.6584	105
20.6618	105
20.6651	105
20.6685	105
20.6719	105
20.6753	105
20.6786	104
20.682	104
20.6854	104
20.6888	104
20.6921	104
20.6955	104
20.6989	104
20.7022	104
20.7056	104
20.709	104
20.7124	104
20.7157	104
20.7191	104
20.7225	104
20.7265	104
20.7298	104
20.7332	104
20.7366	104
20.74	104
20.7433	104
20.7467	104
20.7501	105
20.7534	105
20.7568	105
20.7602	105
20.7636	105
20.7669	105
20.7703	105
20.7737	105
20.7771	105
20.7804	105
20.7838	105
20.7872	105
20.7905	105
20.7939	105
20.7973	105
20.8007	105
20.804	105
20.8074	105
20.8108	105
20.8142	105
20.8175	105
20.8209	105
20.8243	105
20.8276	105
20.831	105
20.8344	105
20.8378	104
20.8411	104
20.8445	104
20.8479	104
20.8513	104
20.8546	104
20.858	104
20.8614	104
20.8647	104
20.8681	104
20.8715	104
20.8749	104
20.8782	104
20.8816	104
20.885	104
20.8884	104
20.8917	104
20.8951	104
20.8985	104
20.9018	104
20.9052	104
20.9086	104
20.912	104
20.9153	104
20.9187	104
20.9221	104
20.9255	104
20.9288	104
20.9322	104
20.9356	105
20.9389	105
20.9423	105
20.9457	106
20.9491	106
20.9524	106
20.9558	106
20.9592	106
20.9626	107
20.9659	107
20.9693	107
20.9727	107
20.976	107
20.9794	107
20.9828	107
20.9862	107
20.9895	107
20.9929	107
20.9963	107
20.9997	107
21.003	107
21.0064	107
21.0098	107
21.0132	107
21.0165	107
21.0199	107
21.0233	107
21.0266	107
21.03	107
21.0334	107
21.0368	107
21.0401	107
21.0435	107
21.0469	107
21.0503	107
21.0536	107
21.057	107
21.0604	107
21.0637	107
21.0671	107
21.0705	107
21.0739	107
21.0772	107
21.0806	107
21.084	107
21.0874	107
21.0907	107
21.0941	107
21.0975	107
21.1008	107
21.1042	107
21.1076	107
21.111	107
21.1143	107
21.1177	107
21.1211	107
21.1245	107
21.1278	107
21.1312	107
21.1346	107
21.1379	107
21.1413	108
21.1447	108
21.1481	108
21.1514	109
21.1548	109
21.1582	109
21.1616	109
21.1649	110
21.1683	110
21.1717	110
21.175	110
21.1784	110
21.1818	110
21.1852	110
21.1885	110
21.1919	110
21.1953	111
21.1987	111
21.202	111
21.2054	111
21.2088	111
21.2121	111
21.2155	111
21.2189	111
21.2223	111
21.2256	111
21.229	111
21.2324	111
21.2358	111
21.2391	111
21.2425	111
21.2459	110
21.2492	110
21.2526	110
21.256	109
21.2594	109
21.2627	109
21.2661	109
21.2695	109
21.2729	108
21.2762	108
21.2796	108
21.283	108
21.2863	108
21.2897	108
21.2931	108
21.2965	108
21.2998	108
21.3032	108
21.3066	108
21.31	108
21.3133	108
21.3167	108
21.3201	108
21.3234	108
21.3268	108
21.3302	108
21.3336	108
21.3369	107
21.3403	107
21.3437	107
21.3471	107
21.3504	107
21.3538	107
21.3572	107
21.3605	107
21.3639	107
21.3673	107
21.3707	107
21.374	107
21.3774	107
21.3808	107
21.3842	107
21.3875	107
21.3909	107
21.3943	107
21.3976	107
21.401	107
21.4044	107
21.4078	107
21.4111	107
21.4145	107
21.4179	107
21.4213	107
21.4246	107
21.428	107
21.4314	107
21.4348	107
21.4381	107
21.4415	107
21.4449	107
21.4482	107
21.4516	107
21.455	107
21.4584	107
21.4617	106
21.4651	106
21.4685	106
21.4719	106
21.4752	105
21.4786	105
21.482	105
21.4853	105
21.4887	105
21.4921	105
21.4955	105
21.4988	105
21.5022	105
21.5056	104
21.509	104
21.5123	104
21.5157	104
21.5191	104
21.5224	104
21.5258	104
21.5292	104
21.5326	104
21.5359	104
21.5393	104
21.5427	104
21.5461	104
21.5494	104
21.5528	104
21.5568	104
21.5602	104
21.5635	104
21.5669	104
21.5703	104
21.5736	104
21.577	105
21.5804	105
21.5838	105
21.5871	105
21.5905	105
21.5939	105
21.5973	105
21.6006	105
21.604	105
21.6074	105
21.6107	105
21.6141	105
21.6175	105
21.6209	105
21.6242	105
21.6276	105
21.631	105
21.6344	105
21.6377	105
21.6411	105
21.6445	105
21.6478	105
21.6512	105
21.6546	105
21.658	105
21.6613	105
21.6647	104
21.6681	104
21.6715	104
21.6748	104
21.6782	104
21.6816	104
21.6849	104
21.6883	104
21.6917	104
21.6951	104
21.6984	104
21.7018	104
21.7052	104
21.7086	104
21.7119	104
21.7153	104
21.7187	104
21.722	104
21.7254	104
21.7288	104
21.7322	104
21.7355	104
21.7389	104
21.7423	104
21.7457	104
21.749	104
21.7524	104
21.7558	104
21.7591	104
21.7625	105
21.7659	105
21.7693	105
21.7726	106
21.776	106
21.7794	106
21.7828	106
21.7861	106
21.7895	106
21.7929	107
21.7962	107
21.7996	107
21.803	107
21.8064	107
21.8097	107
21.8131	107
21.8165	107
21.8199	107
21.8232	107
21.8266	107
21.83	107
21.8333	107
21.8367	107
21.8401	107
21.8435	107
21.8468	107
21.8502	107
21.8536	107
21.857	107
21.8603	107
21.8637	107
21.8671	107
21.8704	107
21.8738	107
21.8772	107
21.8806	107
21.8839	107
21.8873	107
21.8907	107
21.8941	107
21.8974	107
21.9008	107
21.9042	107
21.9075	107
21.9109	107
21.9143	107
21.9177	107
21.921	107
21.9244	107
21.9278	107
21.9312	107
21.9345	107
21.9379	107
21.9413	107
21.9446	107
21.948	107
21.9514	107
21.9548	107
21.9581	107
21.9615	107
21.9649	107
21.9683	107
21.9716	108
21.975	108
21.9784	109
21.9818	109
21.9851	109
21.9885	109
21.9919	109
21.9952	110
21.9986	110
22.002	110
22.0054	110
22.0087	110
22.0121	110
22.0155	110
22.0189	110
22.0222	110
22.0256	110
22.029	110
22.0323	110
22.0357	110
22.0391	111
22.0425	111
22.0458	111
22.0492	111
22.0526	111
22.056	111
22.0593	111
22.0627	111
22.0661	111
22.0694	111
22.0728	111
22.0762	110
22.0796	110
22.0829	109
22.0863	109
22.0897	109
22.0931	109
22.0964	109
22.0998	109
22.1032	108
22.1065	108
22.1099	108
22.1133	108
22.1167	108
22.12	108
22.1234	108
22.1268	108
22.1302	108
22.1335	108
22.1369	108
22.1403	108
22.1436	108
22.147	108
22.1504	108
22.1538	108
22.1571	108
22.1605	108
22.1639	108
22.1673	108
22.1706	108
22.174	108
22.1774	108
22.1807	108
22.1841	108
22.1875	108
22.1909	108
22.1942	108
22.1976	108
22.201	107
22.2044	107
22.2077	107
22.2111	107
22.2145	107
22.2178	107
22.2212	107
22.2246	107
22.228	107
22.2313	107
22.2347	107
22.2381	107
22.2415	107
22.2448	107
22.2482	107
22.2516	107
22.2549	107
22.2583	107
22.2617	107
22.2651	107
22.2684	107
22.2718	107
22.2752	107
22.2786	107
22.2819	107
22.2853	107
22.2887	107
22.292	106
22.2954	106
22.2988	106
22.3022	106
22.3055	105
22.3089	105
22.3123	105
22.3157	105
22.319	105
22.3224	105
22.3258	105
22.3291	105
22.3325	105
22.3359	104
22.3393	104
22.3426	104
22.346	104
22.3494	104
22.3528	104
22.3561	104
22.3595	104
22.3629	104
22.3662	104
22.3696	104
22.373	104
22.3764	104
22.3797	104
22.3831	104
22.3871	104
22.3905	104
22.3938	104
22.3972	104
22.4006	104
22.404	104
22.4073	104
22.4107	104
22.4141	105
22.4174	105
22.4208	105
22.4242	105
22.4276	105
22.4309	105
22.4343	105
22.4377	105
22.4411	105
22.4444	105
22.4478	105
22.4512	105
22.4545	105
22.4579	105
22.4613	105
22.4647	105
22.468	105
22.4714	105
22.4748	105
22.4782	105
22.4815	105
22.4849	105
22.4883	105
22.4916	105
22.495	105
22.4984	105
22.5018	104
22.5051	104
22.5085	104
22.5119	104
22.5153	104
22.5186	104
22.522	104
22.5254	104
22.5288	104
22.5321	104
22.5355	104
22.5389	104
22.5422	104
22.5456	104
22.549	104
22.5524	104
22.5557	104
22.5591	104
22.5625	104
22.5659	104
22.5692	104
22.5726	104
22.576	104
22.5793	104
22.5827	104
22.5861	104
22.5895	104
22.5928	105
22.5962	105
22.5996	105
22.603	105
22.6063	106
22.6097	106
22.6131	106
22.6164	106
22.6198	106
22.6232	107
22.6266	107
22.6299	107
22.6333	107
22.6367	107
22.6401	107
22.6434	107
22.6468	107
22.6502	107
22.6535	107
22.6569	107
22.6603	107
22.6637	107
22.667	107
22.6704	107
22.6738	107
22.6772	107
22.6805	107
22.6839	107
22.6873	107
22.6906	107
22.694	107
22.6974	107
22.7008	107
22.7041	107
22.7075	107
22.7109	107
22.7143	107
22.7176	107
22.721	107
22.7244	107
22.7277	107
22.7311	107
22.7345	107
22.7379	107
22.7412	107
22.7446	107
22.748	107
22.7514	107
22.7547	107
22.7581	107
22.7615	107
22.7648	107
22.7682	107
22.7716	107
22.775	107
22.7783	107
22.7817	107
22.7851	107
22.7885	107
22.7918	107
22.7952	107
22.7986	107
22.8019	108
22.8053	108
22.8087	108
22.8121	109
22.8154	109
22.8188	109
22.8222	110
22.8256	110
22.8289	110
22.8323	110
22.8357	110
22.839	110
22.8424	110
22.8458	110
22.8492	110
22.8525	110
22.8559	110
22.8593	111
22.8627	111
22.866	111
22.8694	111
22.8728	111
22.8761	111
22.8795	111
22.8829	111
22.8863	111
22.8896	111
22.893	111
22.8964	111
22.8998	111
22.9031	111
22.9065	110
22.9099	110
22.9132	110
22.9166	109
22.92	109
22.9234	109
22.9267	109
22.9301	109
22.9335	108
22.9369	108
22.9402	108
22.9436	108
22.947	108
22.9504	108
22.9537	108
22.9571	108
22.9605	108
22.9638	108
22.9672	108
22.9706	108
22.974	108
22.9773	108
22.9807	108
22.9841	108
22.9875	108
22.9908	108
22.9942	108
22.9976	108
23.0009	107
23.0043	107
23.0077	107
23.0111	107
23.0144	107
23.0178	107
23.0212	107
23.0246	107
23.0279	107
23.0313	107
23.0347	107
23.038	107
23.0414	107
23.0448	107
23.0482	107
23.0515	107
23.0549	107
23.0583	107
23.0617	107
23.065	107
23.0684	107
23.0718	107
23.0751	107
23.0785	107
23.0819	107
23.0853	107
23.0886	107
23.092	107
23.0954	107
23.0988	107
23.1021	107
23.1055	107
23.1089	107
23.1122	107
23.1156	107
23.119	107
23.1224	106
23.1257	106
23.1291	106
23.1325	106
23.1359	105
23.1392	105
23.1426	105
23.146	105
23.1493	105
23.1527	105
23.1561	105
23.1595	105
23.1628	104
23.1662	104
23.1696	104
23.173	104
23.1763	104
23.1797	104
23.1831	104
23.1864	104
23.1898	104
23.1932	104
23.1966	104
23.1999	104
23.2033	104
23.2067	104
23.2101	104
23.2134	104
23.2174	104
23.2208	104
23.2242	104
23.2275	104
23.2309	104
23.2343	104
23.2376	104
23.241	105
23.2444	105
23.2478	105
23.2511	105
23.2545	105
23.2579	105
23.2613	105
23.2646	105
23.268	105
23.2714	105
23.2747	105
23.2781	105
23.2815	105
23.2849	105
23.2882	105
23.2916	105
23.295	105
23.2984	105
23.3017	105
23.3051	105
23.3085	105
23.3118	105
23.3152	105
23.3186	105
23.322	104
23.3253	104
23.3287	104
23.3321	104
23.3355	104
23.3388	104
23.3422	104
23.3456	104
23.3489	104
23.3523	104
23.3557	104
23.3591	104
23.3624	104
23.3658	104
23.3692	104
23.3726	104
23.3759	104
23.3793	104
23.3827	104
23.386	104
23.3894	104
23.3928	104
23.3962	104
23.3995	104
23.4029	104
23.4063	104
23.4097	104
23.413	104
23.4164	104
23.4198	104
23.4231	104
23.4265	105
23.4299	105
23.4333	105
23.4366	106
23.44	106
23.4434	106
23.4468	106
23.4501	106
23.4535	107
23.4569	107
23.4602	107
23.4636	107
23.467	107
23.4704	107
23.4737	107
23.4771	107
23.4805	107
23.4839	107
23.4872	107
23.4906	107
23.494	107
23.4974	107
23.5007	107
23.5041	107
23.5075	107
23.5108	107
23.5142	107
23.5176	107
23.521	107
23.5243	107
23.5277	107
23.5311	107
23.5345	107
23.5378	107
23.5412	107
23.5446	107
23.5479	107
23.5513	107
23.5547	107
23.5581	107
23.5614	107
23.5648	107
23.5682	107
23.5716	107
23.5749	107
23.5783	107
23.5817	107
23.585	107
23.5884	107
23.5918	107
23.5952	107
23.5985	107
23.6019	107
23.6053	107
23.6087	107
23.612	107
23.6154	107
23.6188	107
23.6221	107
23.6255	107
23.6289	107
23.6323	108
23.6356	108
23.639	109
23.6424	109
23.6458	109
23.6491	109
23.6525	110
23.6559	110
23.6592	110
23.6626	110
23.666	110
23.6694	110
23.6727	110
23.6761	110
23.6795	110
23.6829	110
23.6862	111
23.6896	111
23.693	111
23.6963	111
23.6997	111
23.7031	111
23.7065	111
23.7098	111
23.7132	111
23.7166	111
23.72	111
23.7233	111
23.7267	111
23.7301	111
23.7334	111
23.7368	110
23.7402	110
23.7436	110
23.7469	109
23.7503	109
23.7537	109
23.7571	109
23.7604	109
23.7638	108
23.7672	108
23.7705	108
23.7739	108
23.7773	108
23.7807	108
23.784	108
23.7874	108
23.7908	108
23.7942	108
23.7975	108
23.8009	108
23.8043	108
23.8076	108
23.811	108
23.8144	108
23.8178	108
23.8211	108
23.8245	108
23.8279	108
23.8313	108
23.8346	108
23.838	108
23.8414	108
23.8447	108
23.8481	108
23.8515	108
23.8549	108
23.8582	108
23.8616	108
23.865	107
23.8684	107
23.8717	107
23.8751	107
23.8785	107
23.8818	107
23.8852	107
23.8886	107
23.892	107
23.8953	107
23.8987	107
23.9021	107
23.9055	107
23.9088	107
23.9122	107
23.9156	107
23.919	107
23.9223	107
23.9257	107
23.9291	107
23.9324	107
23.9358	107
23.9392	107
23.9426	107
23.9459	107
23.9493	107
23.9527	106
23.9561	106
23.9594	106
23.9628	106
23.9662	105
23.9695	105
23.9729	105
23.9763	105
23.9797	105
23.983	105
23.9864	105
23.9898	105
23.9932	105
23.9965	105
23.9999	104
24.0033	104
24.0066	104
24.01	104
24.0134	104
24.0168	104
24.0201	104
24.0235	104
24.0269	104
24.0303	104
24.0336	104
24.037	104
24.0404	104
24.0437	104
24.0477	104
24.0511	104
24.0545	104
24.0578	104
24.0612	104
24.0646	104
24.068	104
24.0713	104
24.0747	104
24.0781	105
24.0815	105
24.0848	105
24.0882	105
24.0916	105
24.0949	105
24.0983	105
24.1017	105
24.1051	105
24.1084	105
24.1118	105
24.1152	105
24.1186	105
24.1219	105
24.1253	105
24.1287	105
24.132	105
24.1354	105
24.1388	105
24.1422	105
24.1455	105
24.1489	105
24.1523	105
24.1557	105
24.159	105
24.1624	105
24.1658	104
24.1691	104
24.1725	104
24.1759	104
24.1793	104
24.1826	104
24.186	104
24.1894	104
24.1928	104
24.1961	104
24.1995	104
24.2029	104
24.2062	104
24.2096	104
24.213	104
24.2164	104
24.2197	104
24.2231	104
24.2265	104
24.2299	104
24.2332	104
24.2366	104
24.24	104
24.2433	104
24.2467	104
24.2501	104
24.2535	104
24.2568	105
24.2602	105
24.2636	105
24.267	106
24.2703	106
24.2737	106
24.2771	106
24.2804	106
24.2838	107
24.2872	107
24.2906	107
24.2939	107
24.2973	107
24.3007	107
24.3041	107
24.3074	107
24.3108	107
24.3142	107
24.3175	107
24.3209	107
24.3243	107
24.3277	107
24.331	107
24.3344	107
24.3378	107
24.3412	107
24.3445	107
24.3479	107
24.3513	107
24.3546	107
24.358	107
24.3614	107
24.3648	107
24.3681	107
24.3715	107
24.3749	107
24.3783	107
24.3816	107
24.385	107
24.3884	107
24.3917	107
24.3951	107
24.3985	107
24.4019	107
24.4052	107
24.4086	107
24.412	107
24.4154	107
24.4187	107
24.4221	107
24.4255	107
24.4288	107
24.4322	107
24.4356	107
24.439	107
24.4423	107
24.4457	107
24.4491	107
24.4525	107
24.4558	107
24.4592	107
24.4626	108
24.466	108
24.4693	108
24.4727	109
24.4761	109
24.4794	109
24.4828	109
24.4862	110
24.4896	110
24.4929	110
24.4963	110
24.4997	110
24.5031	110
24.5064	110
24.5098	110
24.5132	110
24.5165	110
24.5199	110
24.5233	111
24.5267	111
24.53	111
24.5334	111
24.5368	111
24.5402	111
24.5435	111
24.5469	111
24.5503	111
24.5536	111
24.557	111
24.5604	111
24.5638	111
24.5671	110
24.5705	110
24.5739	110
24.5773	109
24.5806	109
24.584	109
24.5874	109
24.5907	109
24.5941	108
24.5975	108
24.6009	108
24.6042	108
24.6076	108
24.611	108
24.6144	108
24.6177	108
24.6211	108
24.6245	108
24.6278	108
24.6312	108
24.6346	108
24.638	107
24.6413	107
24.6447	107
24.6481	107
24.6515	107
24.6548	107
24.6582	107
24.6616	107
24.6649	107
24.6683	107
24.6717	107
24.6751	107
24.6784	107
24.6818	107
24.6852	107
24.6886	107
24.6919	107
24.6953	107
24.6987	107
24.702	107
24.7054	107
24.7088	107
24.7122	107
24.7155	107
24.7189	107
24.7223	107
24.7257	107
24.729	107
24.7324	107
24.7358	107
24.7391	107
24.7425	107
24.7459	107
24.7493	107
24.7526	107
24.756	107
24.7594	107
24.7628	107
24.7661	107
24.7695	107
24.7729	107
24.7762	107
24.7796	107
24.783	106
24.7864	106
24.7897	106
24.7931	106
24.7965	105
24.7999	105
24.8032	105
24.8066	105
24.81	105
24.8133	105
24.8167	105
24.8201	105
24.8235	105
24.8268	104
24.8302	104
24.8336	104
24.837	104
24.8403	104
24.8437	104
24.8471	104
24.8504	104
24.8538	104
24.8572	104
24.8606	104
24.8639	104
24.8673	104
24.8707	104
24.8741	104
24.878	104
24.8814	104
24.8848	104
24.8882	104
24.8915	104
24.8949	104
24.8983	104
24.9016	104
24.905	105
24.9084	105
24.9118	105
24.9151	105
24.9185	105
24.9219	105
24.9253	105
24.9286	105
24.932	105
24.9354	105
24.9387	105
24.9421	105
24.9455	105
24.9489	105
24.9522	105
24.9556	105
24.959	105
24.9624	105
24.9657	105
24.9691	105
24.9725	105
24.9759	105
24.9792	105
24.9826	105
24.986	104
24.9893	104
24.9927	104
24.9961	104
24.9995	104
25.0028	104
25.0062	104
25.0096	104
25.013	104
25.0163	104
25.0197	104
25.0231	104
25.0264	104
25.0298	104
25.0332	104
25.0366	104
25.0399	104
25.0433	104
25.0467	104
25.0501	104
25.0534	104
25.0568	104
25.0602	104
25.0635	104
25.0669	104
25.0703	104
25.0737	104
25.077	104
25.0804	104
25.0838	105
25.0872	105
25.0905	105
25.0939	106
25.0973	106
25.1006	106
25.104	106
25.1074	106
25.1108	106
25.1141	107
25.1175	107
25.1209	107
25.1243	107
25.1276	107
25.131	107
25.1344	107
25.1377	107
25.1411	107
25.1445	107
25.1479	107
25.1512	107
25.1546	107
25.158	107
25.1614	107
25.1647	107
25.1681	107
25.1715	107
25.1748	107
25.1782	107
25.1816	107
25.185	107
25.1883	107
25.1917	107
25.1951	107
25.1985	107
25.2018	107
25.2052	107
25.2086	107
25.2119	107
25.2153	107
25.2187	107
25.2221	107
25.2254	107
25.2288	107
25.2322	107
25.2356	107
25.2389	107
25.2423	107
25.2457	107
25.249	107
25.2524	107
25.2558	107
25.2592	107
25.2625	107
25.2659	107
25.2693	107
25.2727	107
25.276	107
25.2794	107
25.2828	107
25.2861	107
25.2895	107
25.2929	108
25.2963	108
25.2996	109
25.303	109
25.3064	109
25.3098	109
25.3131	110
25.3165	110
25.3199	110
25.3232	110
25.3266	110
25.33	110
25.3334	110
25.3367	110
25.3401	110
25.3435	110
25.3469	110
25.3502	111
25.3536	111
25.357	111
25.3603	111
25.3637	111
25.3671	111
25.3705	111
25.3738	111
25.3772	111
25.3806	111
25.384	111
25.3873	111
25.3907	111
25.3941	111
25.3975	110
25.4008	110
25.4042	110
25.4076	109
25.4109	109
25.4143	109
25.4177	109
25.4211	109
25.4244	108
25.4278	108
25.4312	108
25.4346	108
25.4379	108
25.4413	108
25.4447	108
25.448	108
25.4514	108
25.4548	108
25.4582	108
25.4615	108
25.4649	108
25.4683	108
25.4717	108
25.475	108
25.4784	108
25.4818	108
25.4851	108
25.4885	108
25.4919	108
25.4953	108
25.4986	108
25.502	108
25.5054	108
25.5088	108
25.5121	108
25.5155	108
25.5189	108
25.5222	108
25.5256	108
25.529	107
25.5324	107
25.5357	107
25.5391	107
25.5425	107
25.5459	107
25.5492	107
25.5526	107
25.556	107
25.5593	107
25.5627	107
25.5661	107
25.5695	107
25.5728	107
25.5762	107
25.5796	107
25.583	107
25.5863	107
25.5897	107
25.5931	107
25.5964	107
25.5998	107
25.6032	107
25.6066	107
25.6099	107
25.6133	106
25.6167	106
25.6201	106
25.6234	106
25.6268	105
25.6302	105
25.6335	105
25.6369	105
25.6403	105
25.6437	105
25.647	105
25.6504	105
25.6538	105
25.6572	105
25.6605	105
25.6639	104
25.6673	104
25.6706	104
25.674	104
25.6774	104
25.6808	104
25.6841	104
25.6875	104
25.6909	104
25.6943	104
25.6976	104
25.701	104
25.7044	104
25.7084	104
25.7117	104
25.7151	104
25.7185	104
25.7218	104
25.7252	104
25.7286	104
25.732	104
25.7353	104
25.7387	104
25.7421	105
25.7455	105
25.7488	105
25.7522	105
25.7556	105
25.7589	105
25.7623	105
25.7657	105
25.7691	105
25.7724	105
25.7758	105
25.7792	105
25.7826	105
25.7859	105
25.7893	105
25.7927	105
25.796	105
25.7994	105
25.8028	105
25.8062	105
25.8095	105
25.8129	104
25.8163	104
25.8197	104
25.823	104
25.8264	104
25.8298	104
25.8331	104
25.8365	104
25.8399	104
25.8433	104
25.8466	104
25.85	104
25.8534	104
25.8568	104
25.8601	104
25.8635	104
25.8669	104
25.8702	104
25.8736	104
25.877	104
25.8804	104
25.8837	104
25.8871	104
25.8905	104
25.8939	104
25.8972	104
25.9006	104
25.904	104
25.9073	104
25.9107	104
25.9141	104
25.9175	105
25.9208	105
25.9242	105
25.9276	106
25.931	106
25.9343	106
25.9377	106
25.9411	106
25.9445	106
25.9478	107
25.9512	107
25.9546	107
25.9579	107
25.9613	107
25.9647	107
25.9681	107
25.9714	107
25.9748	107
25.9782	107
25.9816	107
25.9849	107
25.9883	107
25.9917	107
25.995	107
25.9984	107
26.0018	107
26.0052	107
26.0085	107
26.0119	107
26.0153	107
26.0187	107
26.022	107
26.0254	107
26.0288	107
26.0321	107
26.0355	107
26.0389	107
26.0423	107
26.0456	107
26.049	107
26.0524	107
26.0558	107
26.0591	107
26.0625	107
26.0659	107
26.0692	107
26.0726	107
26.076	107
26.0794	107
26.0827	107
26.0861	107
26.0895	107
26.0929	107
26.0962	107
26.0996	107
26.103	107
26.1063	107
26.1097	107
26.1131	107
26.1165	107
26.1198	107
26.1232	108
26.1266	108
26.13	109
26.1333	109
26.1367	109
26.1401	109
26.1434	109
26.1468	110
26.1502	110
26.1536	110
26.1569	110
26.1603	110
26.1637	110
26.1671	110
26.1704	110
26.1738	110
26.1772	110
26.1805	110
26.1839	110
26.1873	111
26.1907	111
26.194	111
26.1974	111
26.2008	111
26.2042	111
26.2075	111
26.2109	111
26.2143	111
26.2176	111
26.221	111
26.2244	111
26.2278	110
26.2311	110
26.2345	110
26.2379	109
26.2413	109
26.2446	109
26.248	109
26.2514	109
26.2547	108
26.2581	108
26.2615	108
26.2649	108
26.2682	108
26.2716	108
26.275	108
26.2784	108
26.2817	108
26.2851	108
26.2885	108
26.2918	108
26.2952	108
26.2986	108
26.302	107
26.3053	107
26.3087	107
26.3121	107
26.3155	107
26.3188	107
26.3222	107
26.3256	107
26.3289	107
26.3323	107
26.3357	107
26.3391	107
26.3424	107
26.3458	107
26.3492	107
26.3526	107
26.3559	107
26.3593	107
26.3627	107
26.3661	107
26.3694	107
26.3728	107
26.3762	107
26.3795	107
26.3829	107
26.3863	107
26.3897	107
26.393	107
26.3964	107
26.3998	107
26.4032	107
26.4065	107
26.4099	107
26.4133	107
26.4166	107
26.42	107
26.4234	107
26.4268	107
26.4301	107
26.4335	107
26.4369	107
26.4403	107
26.4436	106
26.447	106
26.4504	106
26.4537	105
26.4571	105
26.4605	105
26.4639	105
26.4672	105
26.4706	105
26.474	105
26.4774	105
26.4807	104
26.4841	104
26.4875	104
26.4908	104
26.4942	104
26.4976	104
26.501	104
26.5043	104
26.5077	104
26.5111	104
26.5145	104
26.5178	104
26.5212	104
26.5246	104
26.5279	104
26.5313	104
26.5347	104
26.5387	104
26.542	104
26.5454	104
26.5488	104
26.5522	104
26.5555	104
26.5589	104
26.5623	104
26.5657	104
26.569	105
26.5724	105
26.5758	105
26.5791	105
26.5825	105
26.5859	105
26.5893	105
26.5926	105
26.596	105
26.5994	105
26.6028	105
26.6061	105
26.6095	105
26.6129	105
26.6162	105
26.6196	105
26.623	105
26.6264	105
26.6297	105
26.6331	105
26.6365	105
26.6399	105
26.6432	105
26.6466	105
26.65	104
26.6533	104
26.6567	104
26.6601	104
26.6635	104
26.6668	104
26.6702	104
26.6736	104
26.677	104
26.6803	104
26.6837	104
26.6871	104
26.6904	104
26.6938	104
26.6972	104
26.7006	104
26.7039	104
26.7073	104
26.7107	104
26.7141	104
26.7174	104
26.7208	104
26.7242	104
26.7275	104
26.7309	104
26.7343	104
26.7377	104
26.741	104
26.7444	105
26.7478	105
26.7512	105
26.7545	106
26.7579	106
26.7613	106
26.7646	106
26.768	106
26.7714	106
26.7748	107
26.7781	107
26.7815	107
26.7849	107
26.7883	107
26.7916	107
26.795	107
26.7984	107
26.8017	107
26.8051	107
26.8085	107
26.8119	107
26.8152	107
26.8186	107
26.822	107
26.8254	107
26.8287	107
26.8321	107
26.8355	107
26.8388	107
26.8422	107
26.8456	107
26.849	107
26.8523	107
26.8557	107
26.8591	107
26.8625	107
26.8658	107
26.8692	107
26.8726	107
26.8759	107
26.8793	107
26.8827	107
26.8861	107
26.8894	107
26.8928	107
26.8962	107
26.8996	107
26.9029	107
26.9063	107
26.9097	107
26.9131	107
26.9164	107
26.9198	107
26.9232	107
26.9265	107
26.9299	107
26.9333	107
26.9367	107
26.94	107
26.9434	107
26.9468	107
26.9502	107
26.9535	108
26.9569	108
26.9603	109
26.9636	109
26.967	109
26.9704	109
26.9738	109
26.9771	110
26.9805	110
26.9839	110
26.9873	110
26.9906	110
26.994	110
26.9974	110
27.0007	110
27.0041	110
27.0075	110
27.0109	110
27.0142	111
27.0176	111
27.021	111
27.0244	111
27.0277	111
27.0311	111
27.0345	111
27.0378	111
27.0412	111
27.0446	111
27.048	111
27.0513	111
27.0547	111
27.0581	110
27.0615	110
27.0648	110
27.0682	109
27.0716	109
27.0749	109
27.0783	109
27.0817	108
27.0851	108
27.0884	108
27.0918	108
27.0952	108
27.0986	108
27.1019	108
27.1053	108
27.1087	108
27.112	108
27.1154	108
27.1188	108
27.1222	108
27.1255	108
27.1289	108
27.1323	108
27.1357	108
27.139	108
27.1424	108
27.1458	108
27.1491	108
27.1525	108
27.1559	108
27.1593	108
27.1626	108
27.166	108
27.1694	108
27.1728	108
27.1761	108
27.1795	108
27.1829	108
27.1862	108
27.1896	108
27.193	107
27.1964	107
27.1997	107
27.2031	107
27.2065	107
27.2099	107
27.2132	107
27.2166	107
27.22	107
27.2233	107
27.2267	107
27.2301	107
27.2335	107
27.2368	107
27.2402	107
27.2436	107
27.247	107
27.2503	107
27.2537	107
27.2571	107
27.2604	107
27.2638	107
27.2672	107
27.2706	107
27.2739	106
27.2773	106
27.2807	106
27.2841	106
27.2874	105
27.2908	105
27.2942	105
27.2975	105
27.3009	105
27.3043	105
27.3077	105
27.311	105
27.3144	105
27.3178	104
27.3212	104
27.3245	104
27.3279	104
27.3313	104
27.3347	104
27.338	104
27.3414	104
27.3448	104
27.3481	104
27.3515	104
27.3549	104
27.3583	104
27.3616	104
27.365	104
27.369	104
27.3724	104
27.3757	104
27.3791	104
27.3825	104
27.3858	104
27.3892	104
27.3926	104
27.396	104
27.3993	104
27.4027	104
27.4061	105
27.4095	105
27.4128	105
27.4162	105
27.4196	105
27.4229	105
27.4263	105
27.4297	105
27.4331	105
27.4364	105
27.4398	105
27.4432	105
27.4466	105
27.4499	105
27.4533	105
27.4567	105
27.4601	105
27.4634	105
27.4668	105
27.4702	105
27.4735	105
27.4769	104
27.4803	104
27.4837	104
27.487	104
27.4904	104
27.4938	104
27.4972	104
27.5005	104
27.5039	104
27.5073	104
27.5106	104
27.514	104
27.5174	104
27.5208	104
27.5241	104
27.5275	104
27.5309	104
27.5343	104
27.5376	104
27.541	104
27.5444	104
27.5477	104
27.5511	104
27.5545	104
27.5579	104
27.5612	104
27.5646	104
27.568	104
27.5714	104
27.5747	104
27.5781	105
27.5815	105
27.5848	105
27.5882	106
27.5916	106
27.595	106
27.5983	106
27.6017	106
27.6051	107
27.6085	107
27.6118	107
27.6152	107
27.6186	107
27.6219	107
27.6253	107
27.6287	107
27.6321	107
27.6354	107
27.6388	107
27.6422	107
27.6456	107
27.6489	107
27.6523	107
27.6557	107
27.659	107
27.6624	107
27.6658	107
27.6692	107
27.6725	107
27.6759	107
27.6793	107
27.6827	107
27.686	107
27.6894	107
27.6928	107
27.6961	107
27.6995	107
27.7029	107
27.7063	107
27.7096	107
27.713	107
27.7164	107
27.7198	107
27.7231	107
27.7265	107
27.7299	107
27.7332	107
27.7366	107
27.74	107
27.7434	107
27.7467	107
27.7501	107
27.7535	107
27.7569	107
27.7602	107
27.7636	107
27.767	107
27.7703	107
27.7737	107
27.7771	107
27.7805	107
27.7838	108
27.7872	108
27.7906	109
27.794	109
27.7973	109
27.8007	109
27.8041	109
27.8074	110
27.8108	110
27.8142	110
27.8176	110
27.8209	110
27.8243	110
27.8277	110
27.8311	110
27.8344	110
27.8378	110
27.8412	111
27.8445	111
27.8479	111
27.8513	111
27.8547	111
27.858	111
27.8614	111
27.8648	111
27.8682	111
27.8715	111
27.8749	111
27.8783	111
27.8817	111
27.885	111
27.8884	110
27.8918	110
27.8951	110
27.8985	109
27.9019	109
27.9053	109
27.9086	109
27.912	109
27.9154	109
27.9188	108
27.9221	108
27.9255	108
27.9289	108
27.9322	108
27.9356	108
27.939	108
27.9424	108
27.9457	108
27.9491	108
27.9525	108
27.9559	108
27.9592	108
27.9626	108
27.966	107
27.9693	107
27.9727	107
27.9761	107
27.9795	107
27.9828	107
27.9862	107
27.9896	107
27.993	107
27.9963	107
27.9997	107
28.0031	107
28.0064	107
28.0098	107
28.0132	107
28.0166	107
28.0199	107
28.0233	107
28.0267	107
28.0301	107
28.0334	107
28.0368	107
28.0402	107
28.0435	107
28.0469	107
28.0503	107
28.0537	107
28.057	107
28.0604	107
28.0638	107
28.0672	107
28.0705	107
28.0739	107
28.0773	107
28.0806	107
28.084	107
28.0874	107
28.0908	107
28.0941	107
28.0975	107
28.1009	107
28.1043	106
28.1076	106
28.111	106
28.1144	106
28.1177	105
28.1211	105
28.1245	105
28.1279	105
28.1312	105
28.1346	105
28.138	105
28.1414	105
28.1447	104
28.1481	104
28.1515	104
28.1548	104
28.1582	104
28.1616	104
28.165	104
28.1683	104
28.1717	104
28.1751	104
28.1785	104
28.1818	104
28.1852	104
28.1886	104
28.1919	104
28.1953	104
28.1993	104
28.2027	104
28.206	104
28.2094	104
28.2128	104
28.2162	104
28.2195	104
28.2229	104
28.2263	104
28.2297	104
28.233	105
28.2364	105
28.2398	105
28.2431	105
28.2465	105
28.2499	105
28.2533	105
28.2566	105
28.26	105
28.2634	105
28.2668	105
28.2701	105
28.2735	105
28.2769	105
28.2802	105
28.2836	105
28.287	105
28.2904	105
28.2937	105
28.2971	105
28.3005	105
28.3039	105
28.3072	105
28.3106	104
28.314	104
28.3173	104
28.3207	104
28.3241	104
28.3275	104
28.3308	104
28.3342	104
28.3376	104
28.341	104
28.3443	104
28.3477	104
28.3511	104
28.3544	104
28.3578	104
28.3612	104
28.3646	104
28.3679	104
28.3713	104
28.3747	104
28.3781	104
28.3814	104
28.3848	104
28.3882	104
28.3915	104
28.3949	104
28.3983	104
28.4017	104
28.405	104
28.4084	105
28.4118	105
28.4152	105
28.4185	106
28.4219	106
28.4253	106
28.4287	106
28.432	106
28.4354	107
28.4388	107
28.4421	107
28.4455	107
28.4489	107
28.4523	107
28.4556	107
28.459	107
28.4624	107
28.4658	107
28.4691	107
28.4725	107
28.4759	107
28.4792	107
28.4826	107
28.486	107
28.4894	107
28.4927	107
28.4961	107
28.4995	107
28.5029	107
28.5062	107
28.5096	107
28.513	107
28.5163	107
28.5197	107
28.5231	107
28.5265	107
28.5298	107
28.5332	107
28.5366	107
28.54	107
28.5433	107
28.5467	107
28.5501	107
28.5534	107
28.5568	107
28.5602	107
28.5636	107
28.5669	107
28.5703	107
28.5737	107
28.5771	107
28.5804	107
28.5838	107
28.5872	107
28.5905	107
28.5939	107
28.5973	107
28.6007	107
28.604	107
28.6074	107
28.6108	107
28.6142	108
28.6175	108
28.6209	109
28.6243	109
28.6276	109
28.631	109
28.6344	110
28.6378	110
28.6411	110
28.6445	110
28.6479	110
28.6513	110
28.6546	110
28.658	110
28.6614	110
28.6647	110
28.6681	111
28.6715	111
28.6749	111
28.6782	111
28.6816	111
28.685	111
28.6884	111
28.6917	111
28.6951	111
28.6985	111
28.7018	111
28.7052	111
28.7086	111
28.712	111
28.7153	111
28.7187	110
28.7221	110
28.7255	110
28.7288	109
28.7322	109
28.7356	109
28.7389	109
28.7423	108
28.7457	108
28.7491	108
28.7524	108
28.7558	108
28.7592	108
28.7626	108
28.7659	108
28.7693	108
28.7727	108
28.776	108
28.7794	108
28.7828	108
28.7862	108
28.7895	108
28.7929	108
28.7963	108
28.7997	108
28.803	108
28.8064	108
28.8098	108
28.8131	108
28.8165	108
28.8199	108
28.8233	108
28.8266	108
28.83	108
28.8334	108
28.8368	108
28.8401	108
28.8435	108
28.8469	108
28.8503	108
28.8536	108
28.857	107
28.8604	107
28.8637	107
28.8671	107
28.8705	107
28.8739	107
28.8772	107
28.8806	107
28.884	107
28.8874	107
28.8907	107
28.8941	107
28.8975	107
28.9008	107
28.9042	107
28.9076	107
28.911	107
28.9143	107
28.9177	107
28.9211	107
28.9245	107
28.9278	107
28.9312	107
28.9346	106
28.9379	106
28.9413	106
28.9447	105
28.9481	105
28.9514	105
28.9548	105
28.9582	105
28.9616	105
28.9649	105
28.9683	105
28.9717	105
28.975	105
28.9784	105
28.9818	104
28.9852	104
28.9885	104
28.9919	104
28.9953	104
28.9987	104
29.002	104
29.0054	104
29.0088	104
29.0121	104
29.0155	104
29.0189	104
29.0223	104
29.0256	104
29.0296	104
29.033	104
29.0364	104
29.0397	104
29.0431	104
29.0465	104
29.0499	104
29.0532	104
29.0566	104
29.06	104
29.0633	104
29.0667	104
29.0701	105
29.0735	105
29.0768	105
29.0802	105
29.0836	105
29.087	105
29.0903	105
29.0937	105
29.0971	105
29.1004	105
29.1038	105
29.1072	105
29.1106	105
29.1139	105
29.1173	105
29.1207	105
29.1241	105
29.1274	105
29.1308	105
29.1342	105
29.1375	105
29.1409	104
29.1443	104
29.1477	104
29.151	104
29.1544	104
29.1578	104
29.1612	104
29.1645	104
29.1679	104
29.1713	104
29.1746	104
29.178	104
29.1814	104
29.1848	104
29.1881	104
29.1915	104
29.1949	104
29.1983	104
29.2016	104
29.205	104
29.2084	104
29.2117	104
29.2151	104
29.2185	104
29.2219	104
29.2252	104
29.2286	104
29.232	104
29.2354	104
29.2387	105
29.2421	105
29.2455	105
29.2488	106
29.2522	106
29.2556	106
29.259	106
29.2623	106
29.2657	106
29.2691	107
29.2725	107
29.2758	107
29.2792	107
29.2826	107
29.2859	107
29.2893	107
29.2927	107
29.2961	107
29.2994	107
29.3028	107
29.3062	107
29.3096	107
29.3129	107
29.3163	107
29.3197	107
29.323	107
29.3264	107
29.3298	107
29.3332	107
29.3365	107
29.3399	107
29.3433	107
29.3467	107
29.35	107
29.3534	107
29.3568	107
29.3601	107
29.3635	107
29.3669	107
29.3703	107
29.3736	107
29.377	107
29.3804	107
29.3838	107
29.3871	107
29.3905	107
29.3939	107
29.3973	107
29.4006	107
29.404	107
29.4074	107
29.4107	107
29.4141	107
29.4175	107
29.4209	107
29.4242	107
29.4276	107
29.431	107
29.4344	107
29.4377	107
29.4411	107
29.4445	108
29.4478	108
29.4512	109
29.4546	109
29.458	109
29.4613	109
29.4647	109
29.4681	110
29.4715	110
29.4748	110
29.4782	110
29.4816	110
29.4849	110
29.4883	110
29.4917	110
29.4951	110
29.4984	110
29.5018	110
29.5052	111
29.5086	111
29.5119	111
29.5153	111
29.5187	111
29.522	111
29.5254	111
29.5288	111
29.5322	111
29.5355	111
29.5389	111
29.5423	111
29.5457	111
29.549	110
29.5524	110
29.5558	110
29.5591	109
29.5625	109
29.5659	109
29.5693	109
29.5726	109
29.576	108
29.5794	108
29.5828	108
29.5861	108
29.5895	108
29.5929	108
29.5962	108
29.5996	108
29.603	108
29.6064	108
29.6097	108
29.6131	108
29.6165	108
29.6199	108
29.6232	108
29.6266	108
29.63	107
29.6333	107
29.6367	107
29.6401	107
29.6435	107
29.6468	107
29.6502	107
29.6536	107
29.657	107
29.6603	107
29.6637	107
29.6671	107
29.6704	107
29.6738	107
29.6772	107
29.6806	107
29.6839	107
29.6873	107
29.6907	107
29.6941	107
29.6974	107
29.7008	107
29.7042	107
29.7075	107
29.7109	107
29.7143	107
29.7177	107
29.721	107
29.7244	107
29.7278	107
29.7312	107
29.7345	107
29.7379	107
29.7413	107
29.7446	107
29.748	107
29.7514	107
29.7548	107
29.7581	107
29.7615	107
29.7649	106
29.7683	106
29.7716	106
29.775	106
29.7784	106
29.7817	105
29.7851	105
29.7885	105
29.7919	105
29.7952	105
29.7986	105
29.802	105
29.8054	105
29.8087	104
29.8121	104
29.8155	104
29.8189	104
29.8222	104
29.8256	104
29.829	104
29.8323	104
29.8357	104
29.8391	104
29.8425	104
29.8458	104
29.8492	104
29.8526	104
29.856	104
29.8599	104
29.8633	104
29.8667	104
29.87	104
29.8734	104
29.8768	104
29.8802	104
29.8835	104
29.8869	104
29.8903	104
29.8937	104
29.897	105
29.9004	105
29.9038	105
29.9072	105
29.9105	105
29.9139	105
29.9173	105
29.9206	105
29.924	105
29.9274	105
29.9308	105
29.9341	105
29.9375	105
29.9409	105
29.9443	105
29.9476	105
29.951	105
29.9544	105
29.9577	105
29.9611	105
29.9645	105
29.9679	105
29.9712	105
29.9746	104
29.978	104
29.9814	104
29.9847	104
29.9881	104
29.9915	104
29.9948	104
29.9982	104
30.0016	104
30.005	104
30.0083	104
30.0117	104
30.0151	104
30.0185	104
30.0218	104
30.0252	104
30.0286	104
30.0319	104
30.0353	104
30.0387	104
30.0421	104
30.0454	104
30.0488	104
30.0522	104
30.0556	104
30.0589	104
30.0623	104
30.0657	105
30.069	105
30.0724	105
30.0758	106
30.0792	106
30.0825	106
30.0859	106
30.0893	106
30.0927	106
30.096	107
30.0994	107
30.1028	107
30.1061	107
30.1095	107
30.1129	107
30.1163	107
30.1196	107
30.123	107
30.1264	107
30.1298	107
30.1331	107
30.1365	107
30.1399	107
30.1432	107
30.1466	107
30.15	107
30.1534	107
30.1567	107
30.1601	107
30.1635	107
30.1669	107
30.1702	107
30.1736	107
30.177	107
30.1803	107
30.1837	107
30.1871	107
30.1905	107
30.1938	107
30.1972	107
30.2006	107
30.204	107
30.2073	107
30.2107	107
30.2141	107
30.2174	107
30.2208	107
30.2242	107
30.2276	107
30.2309	107
30.2343	107
30.2377	107
30.2411	107
30.2444	107
30.2478	107
30.2512	107
30.2545	107
30.2579	107
30.2613	107
30.2647	107
30.268	107
30.2714	107
30.2748	108
30.2782	108
30.2815	109
30.2849	109
30.2883	109
30.2916	109
30.295	110
30.2984	110
30.3018	110
30.3051	110
30.3085	110
30.3119	110
30.3153	110
30.3186	110
30.322	110
30.3254	110
30.3288	110
30.3321	111
30.3355	111
30.3389	111
30.3422	111
30.3456	111
30.349	111
30.3524	111
30.3557	111
30.3591	111
30.3625	111
30.3659	111
30.3692	111
30.3726	111
30.376	111
30.3793	110
30.3827	110
30.3861	110
30.3895	109
30.3928	109
30.3962	109
30.3996	109
30.403	108
30.4063	108
30.4097	108
30.4131	108
30.4164	108
30.4198	108
30.4232	108
30.4266	108
30.4299	108
30.4333	108
30.4367	108
30.4401	108
30.4434	108
30.4468	108
30.4502	108
30.4535	108
30.4569	108
30.4603	108
30.4637	108
30.467	108
30.4704	108
30.4738	108
30.4772	108
30.4805	108
30.4839	108
30.4873	108
30.4906	108
30.494	108
30.4974	108
30.5008	108
30.5041	108
30.5075	108
30.5109	108
30.5143	108
30.5176	108
30.521	107
30.5244	107
30.5277	107
30.5311	107
30.5345	107
30.5379	107
30.5412	107
30.5446	107
30.548	107
30.5514	107
30.5547	107
30.5581	107
30.5615	107
30.5648	107
30.5682	107
30.5716	107
30.575	107
30.5783	107
30.5817	107
30.5851	107
30.5885	107
30.5918	107
30.5952	106
30.5986	106
30.6019	106
30.6053	106
30.6087	105
30.6121	105
30.6154	105
30.6188	105
30.6222	105
30.6256	105
30.6289	105
30.6323	105
30.6357	104
30.639	104
30.6424	104
30.6458	104
30.6492	104
30.6525	104
30.6559	104
30.6593	104
30.6627	104
30.666	104
30.6694	104
30.6728	104
30.6761	104
30.6795	104
30.6829	104
30.6863	104
30.6902	104
30.6936	104
30.697	104
30.7004	104
30.7037	104
30.7071	104
30.7105	104
30.7139	104
30.7172	104
30.7206	104
30.724	104
30.7273	104
30.7307	104
30.7341	105
30.7375	105
30.7408	105
30.7442	105
30.7476	105
30.751	105
30.7543	105
30.7577	105
30.7611	105
30.7644	105
30.7678	105
30.7712	105
30.7746	105
30.7779	105
30.7813	105
30.7847	105
30.7881	105
30.7914	105
30.7948	105
30.7982	105
30.8015	105
30.8049	104
30.8083	104
30.8117	104
30.815	104
30.8184	104
30.8218	104
30.8252	104
30.8285	104
30.8319	104
30.8353	104
30.8386	104
30.842	104
30.8454	104
30.8488	104
30.8521	104
30.8555	104
30.8589	104
30.8623	104
30.8656	104
30.869	104
30.8724	104
30.8758	104
30.8791	104
30.8825	104
30.8859	104
30.8892	104
30.8926	104
30.896	104
30.8994	105
30.9027	105
30.9061	105
30.9095	106
30.9129	106
30.9162	106
30.9196	106
30.923	106
30.9263	106
30.9297	107
30.9331	107
30.9365	107
30.9398	107
30.9432	107
30.9466	107
30.95	107
30.9533	107
30.9567	107
30.9601	107
30.9634	107
30.9668	107
30.9702	107
30.9736	107
30.9769	107
30.9803	107
30.9837	107
30.9871	107
30.9904	107
30.9938	107
30.9972	107
31.0005	107
31.0039	107
31.0073	107
31.0107	107
31.014	107
31.0174	107
31.0208	107
31.0242	107
31.0275	107
31.0309	107
31.0343	107
31.0376	107
31.041	107
31.0444	107
31.0478	107
31.0511	107
31.0545	107
31.0579	107
31.0613	107
31.0646	107
31.068	107
31.0714	107
31.0747	107
31.0781	107
31.0815	107
31.0849	107
31.0882	107
31.0916	107
31.095	107
31.0984	107
31.1017	107
31.1051	108
31.1085	108
31.1118	108
31.1152	109
31.1186	109
31.122	109
31.1253	109
31.1287	110
31.1321	110
31.1355	110
31.1388	110
31.1422	110
31.1456	110
31.1489	110
31.1523	110
31.1557	110
31.1591	110
31.1624	110
31.1658	110
31.1692	111
31.1726	111
31.1759	111
31.1793	111
31.1827	111
31.186	111
31.1894	111
31.1928	111
31.1962	111
31.1995	111
31.2029	111
31.2063	111
31.2097	110
31.213	110
31.2164	110
31.2198	109
31.2231	109
31.2265	109
31.2299	109
31.2333	109
31.2366	109
31.24	108
31.2434	108
31.2468	108
31.2501	108
31.2535	108
31.2569	108
31.2602	108
31.2636	108
31.267	108
31.2704	108
31.2737	108
31.2771	108
31.2805	108
31.2839	108
31.2872	108
31.2906	108
31.294	107
31.2974	107
31.3007	107
31.3041	107
31.3075	107
31.3108	107
31.3142	107
31.3176	107
31.321	107
31.3243	107
31.3277	107
31.3311	107
31.3345	107
31.3378	107
31.3412	107
31.3446	107
31.3479	107
31.3513	107
31.3547	107
31.3581	107
31.3614	107
31.3648	107
31.3682	107
31.3716	107
31.3749	107
31.3783	107
31.3817	107
31.385	107
31.3884	107
31.3918	107
31.3952	107
31.3985	107
31.4019	107
31.4053	107
31.4087	107
31.412	107
31.4154	107
31.4188	107
31.4221	107
31.4255	106
31.4289	106
31.4323	106
31.4356	106
31.439	105
31.4424	105
31.4458	105
31.4491	105
31.4525	105
31.4559	105
31.4592	105
31.4626	105
31.466	104
31.4694	104
31.4727	104
31.4761	104
31.4795	104
31.4829	104
31.4862	104
31.4896	104
31.493	104
31.4963	104
31.4997	104
31.5031	104
31.5065	104
31.5098	104
31.5132	104
31.5166	104
31.5206	104
31.5239	104
31.5273	104
31.5307	104
31.5341	104
31.5374	104
31.5408	104
31.5442	104
31.5475	104
31.5509	104
31.5543	104
31.5577	104
31.561	105
31.5644	105
31.5678	105
31.5712	105
31.5745	105
31.5779	105
31.5813	105
31.5846	105
31.588	105
31.5914	105
31.5948	105
31.5981	105
31.6015	105
31.6049	105
31.6083	105
31.6116	105
31.615	105
31.6184	105
31.6217	105
31.6251	105
31.6285	105
31.6319	104
31.6352	104
31.6386	104
31.642	104
31.6454	104
31.6487	104
31.6521	104
31.6555	104
31.6588	104
31.6622	104
31.6656	104
31.669	104
31.6723	104
31.6757	104
31.6791	104
31.6825	104
31.6858	104
31.6892	104
31.6926	104
31.6959	104
31.6993	104
31.7027	104
31.7061	104
31.7094	104
31.7128	104
31.7162	104
31.7196	104
31.7229	104
31.7263	104
31.7297	105
31.733	105
31.7364	105
31.7398	106
31.7432	106
31.7465	106
31.7499	106
31.7533	106
31.7567	107
31.76	107
31.7634	107
31.7668	107
31.7701	107
31.7735	107
31.7769	107
31.7803	107
31.7836	107
31.787	107
31.7904	107
31.7938	107
31.7971	107
31.8005	107
31.8039	107
31.8072	107
31.8106	107
31.814	107
31.8174	107
31.8207	107
31.8241	107
31.8275	107
31.8309	107
31.8342	107
31.8376	107
31.841	107
31.8444	107
31.8477	107
31.8511	107
31.8545	107
31.8578	107
31.8612	107
31.8646	107
31.868	107
31.8713	107
31.8747	107
31.8781	107
31.8815	107
31.8848	107
31.8882	107
31.8916	107
31.8949	107
31.8983	107
31.9017	107
31.9051	107
31.9084	107
31.9118	107
31.9152	107
31.9186	107
31.9219	107
31.9253	107
31.9287	107
31.932	107
31.9354	108
31.9388	108
31.9422	109
31.9455	109
31.9489	109
31.9523	109
31.9557	109
31.959	110
31.9624	110
31.9658	110
31.9691	110
31.9725	110
31.9759	110
31.9793	110
31.9826	110
31.986	111
31.9894	111
31.9928	111
31.9961	111
31.9995	111
32.0029	111
32.0062	111
32.0096	111
32.013	111
32.0164	111
32.0197	111
32.0231	111
32.0265	111
32.0299	111
32.0332	111
32.0366	111
32.04	110
32.0433	110
32.0467	110
32.0501	109
32.0535	109
32.0568	109
32.0602	109
32.0636	109
32.067	108
32.0703	108
32.0737	108
32.0771	108
32.0804	108
32.0838	108
32.0872	108
32.0906	108
32.0939	108
32.0973	108
32.1007	108
32.1041	108
32.1074	108
32.1108	108
32.1142	108
32.1175	108
32.1209	108
32.1243	108
32.1277	108
32.131	108
32.1344	108
32.1378	108
32.1412	108
32.1445	108
32.1479	108
32.1513	108
32.1546	108
32.158	108
32.1614	108
32.1648	108
32.1681	108
32.1715	108
32.1749	108
32.1783	108
32.1816	108
32.185	108
32.1884	108
32.1917	108
32.1951	108
32.1985	108
32.2019	108
32.2052	108
32.2086	108
32.212	107
32.2154	107
32.2187	107
32.2221	107
32.2255	107
32.2288	107
32.2322	107
32.2356	107
32.239	107
32.2423	107
32.2457	107
32.2491	107
32.2525	107
32.2558	106
32.2592	106
32.2626	106
32.266	105
32.2693	105
32.2727	105
32.2761	105
32.2794	105
32.2828	105
32.2862	105
32.2896	105
32.2929	104
32.2963	104
32.2997	104
32.3031	104
32.3064	104
32.3098	104
32.3132	104
32.3165	104
32.3199	104
32.3233	104
32.3267	104
32.33	104
32.3334	104
32.3368	104
32.3402	104
32.3435	104
32.3469	104
32.3509	104
32.3542	104
32.3576	104
32.361	104
32.3644	104
32.3677	104
32.3711	104
32.3745	104
32.3779	104
32.3812	104
32.3846	104
32.388	104
32.3914	104
32.3947	104
32.3981	105
32.4015	105
32.4048	105
32.4082	105
32.4116	105
32.415	105
32.4183	105
32.4217	105
32.4251	105
32.4285	105
32.4318	105
32.4352	105
32.4386	105
32.4419	105
32.4453	105
32.4487	105
32.4521	105
32.4554	105
32.4588	105
32.4622	105
32.4656	105
32.4689	104
32.4723	104
32.4757	104
32.479	104
32.4824	104
32.4858	104
32.4892	104
32.4925	104
32.4959	104
32.4993	104
32.5027	104
32.506	104
32.5094	104
32.5128	104
32.5161	104
32.5195	104
32.5229	104
32.5263	104
32.5296	104
32.533	104
32.5364	104
32.5398	104
32.5431	104
32.5465	104
32.5499	104
32.5532	104
32.5566	105
32.56	105
32.5634	105
32.5667	105
32.5701	106
32.5735	106
32.5769	106
32.5802	106
32.5836	106
32.587	106
32.5903	107
32.5937	107
32.5971	107
32.6005	107
32.6038	107
32.6072	107
32.6106	107
32.614	107
32.6173	107
32.6207	107
32.6241	107
32.6274	107
32.6308	107
32.6342	107
32.6376	107
32.6409	107
32.6443	107
32.6477	107
32.6511	107
32.6544	107
32.6578	107
32.6612	107
32.6645	107
32.6679	107
32.6713	107
32.6747	107
32.678	107
32.6814	107
32.6848	107
32.6882	107
32.6915	107
32.6949	107
32.6983	107
32.7016	107
32.705	107
32.7084	107
32.7118	107
32.7151	107
32.7185	107
32.7219	107
32.7253	107
32.7286	107
32.732	107
32.7354	107
32.7387	107
32.7421	107
32.7455	107
32.7489	107
32.7522	107
32.7556	107
32.759	107
32.7624	107
32.7657	108
32.7691	108
32.7725	109
32.7758	109
32.7792	109
32.7826	109
32.786	109
32.7893	110
32.7927	110
32.7961	110
32.7995	110
32.8028	110
32.8062	110
32.8096	110
32.813	110
32.8163	110
32.8197	110
32.8231	110
32.8264	110
32.8298	110
32.8332	111
32.8366	111
32.8399	111
32.8433	111
32.8467	111
32.8501	111
32.8534	111
32.8568	111
32.8602	111
32.8635	111
32.8669	111
32.8703	110
32.8737	110
32.877	110
32.8804	109
32.8838	109
32.8872	109
32.8905	109
32.8939	109
32.8973	108
32.9006	108
32.904	108
32.9074	108
32.9108	108
32.9141	108
32.9175	108
32.9209	108
32.9243	108
32.9276	108
32.931	108
32.9344	108
32.9377	108
32.9411	108
32.9445	108
32.9479	108
32.9512	108
32.9546	108
32.958	107
32.9614	107
32.9647	107
32.9681	107
32.9715	107
32.9748	107
32.9782	107
32.9816	107
32.985	107
32.9883	107
32.9917	107
32.9951	107
32.9985	107
33.0018	107
33.0052	107
33.0086	107
33.0119	107
33.0153	107
33.0187	107
33.0221	107
33.0254	107
33.0288	107
33.0322	107
33.0356	107
33.0389	107
33.0423	107
33.0457	107
33.049	107
33.0524	107
33.0558	107
33.0592	107
33.0625	107
33.0659	107
33.0693	107
33.0727	107
33.076	107
33.0794	107
33.0828	107
33.0861	106
33.0895	106
33.0929	106
33.0963	106
33.0996	105
33.103	105
33.1064	105
33.1098	105
33.1131	105
33.1165	105
33.1199	105
33.1232	105
33.1266	105
33.13	104
33.1334	104
33.1367	104
33.1401	104
33.1435	104
33.1469	104
33.1502	104
33.1536	104
33.157	104
33.1603	104
33.1637	104
33.1671	104
33.1705	104
33.1738	104
33.1772	104
33.1812	104
33.1846	104
33.1879	104
33.1913	104
33.1947	104
33.1981	104
33.2014	104
33.2048	104
33.2082	104
33.2115	104
33.2149	104
33.2183	104
33.2217	104
33.225	105
33.2284	105
33.2318	105
33.2352	105
33.2385	105
33.2419	105
33.2453	105
33.2486	105
33.252	105
33.2554	105
33.2588	105
33.2621	105
33.2655	105
33.2689	105
33.2723	105
33.2756	105
33.279	105
33.2824	105
33.2857	105
33.2891	105
33.2925	105
33.2959	104
33.2992	104
33.3026	104
33.306	104
33.3094	104
33.3127	104
33.3161	104
33.3195	104
33.3228	104
33.3262	104
33.3296	104
33.333	104
33.3363	104
33.3397	104
33.3431	104
33.3465	104
33.3498	104
33.3532	104
33.3566	104
33.36	104
33.3633	104
33.3667	104
33.3701	104
33.3734	104
33.3768	104
33.3802	104
33.3836	104
33.3869	104
33.3903	105
33.3937	105
33.3971	105
33.4004	106
33.4038	106
33.4072	106
33.4105	106
33.4139	106
33.4173	107
33.4207	107
33.424	107
33.4274	107
33.4308	107
33.4342	107
33.4375	107
33.4409	107
33.4443	107
33.4476	107
33.451	107
33.4544	107
33.4578	107
33.4611	107
33.4645	107
33.4679	107
33.4713	107
33.4746	107
33.478	107
33.4814	107
33.4847	107
33.4881	107
33.4915	107
33.4949	107
33.4982	107
33.5016	107
33.505	107
33.5084	107
33.5117	107
33.5151	107
33.5185	107
33.5218	107
33.5252	107
33.5286	107
33.532	107
33.5353	107
33.5387	107
33.5421	107
33.5455	107
33.5488	107
33.5522	107
33.5556	107
33.5589	107
33.5623	107
33.5657	107
33.5691	107
33.5724	107
33.5758	107
33.5792	107
33.5826	107
33.5859	107
33.5893	107
33.5927	107
33.596	108
33.5994	108
33.6028	109
33.6062	109
33.6095	109
33.6129	109
33.6163	110
33.6197	110
33.623	110
33.6264	110
33.6298	110
33.6331	110
33.6365	110
33.6399	110
33.6433	110
33.6466	110
33.65	111
33.6534	111
33.6568	111
33.6601	111
33.6635	111
33.6669	111
33.6702	111
33.6736	111
33.677	111
33.6804	111
33.6837	111
33.6871	111
33.6905	111
33.6939	111
33.6972	111
33.7006	110
33.704	110
33.7073	110
33.7107	109
33.7141	109
33.7175	109
33.7208	109
33.7242	109
33.7276	108
33.731	108
33.7343	108
33.7377	108
33.7411	108
33.7444	108
33.7478	108
33.7512	108
33.7546	108
33.7579	108
33.7613	108
33.7647	108
33.7681	108
33.7714	108
33.7748	108
33.7782	108
33.7816	108
33.7849	108
33.7883	108
33.7917	108
33.795	108
33.7984	108
33.8018	108
33.8052	108
33.8085	108
33.8119	108
33.8153	108
33.8187	108
33.822	108
33.8254	108
33.8288	108
33.8321	108
33.8355	108
33.8389	108
33.8423	108
33.8456	108
33.849	108
33.8524	108
33.8558	108
33.8591	108
33.8625	108
33.8659	108
33.8692	108
33.8726	108
33.876	107
33.8794	107
33.8827	107
33.8861	107
33.8895	107
33.8929	107
33.8962	107
33.8996	107
33.903	107
33.9063	107
33.9097	107
33.9131	107
33.9165	106
33.9198	106
33.9232	106
33.9266	105
33.93	105
33.9333	105
33.9367	105
33.9401	105
33.9434	105
33.9468	105
33.9502	105
33.9536	105
33.9569	104
33.9603	104
33.9637	104
33.9671	104
33.9704	104
33.9738	104
33.9772	104
33.9805	104
33.9839	104
33.9873	104
33.9907	104
33.994	104
33.9974	104
34.0008	104
34.0042	104
34.0075	104
34.0115	104
34.0149	104
34.0183	104
34.0216	104
34.025	104
34.0284	104
34.0317	104
34.0351	105
34.0385	105
34.0419	105
34.0452	105
34.0486	105
34.052	105
34.0554	105
34.0587	105
34.0621	105
34.0655	105
34.0688	105
34.0722	105
34.0756	105
34.079	105
34.0823	105
34.0857	105
34.0891	105
34.0925	105
34.0958	105
34.0992	105
34.1026	105
34.1059	105
34.1093	105
34.1127	105
34.1161	105
34.1194	105
34.1228	104
34.1262	104
34.1296	104
34.1329	104
34.1363	104
34.1397	104
34.143	104
34.1464	104
34.1498	104
34.1532	104
34.1565	104
34.1599	104
34.1633	104
34.1667	104
34.17	104
34.1734	104
34.1768	104
34.1801	104
34.1835	104
34.1869	104
34.1903	104
34.1936	104
34.197	104
34.2004	104
34.2038	104
34.2071	104
34.2105	104
34.2139	104
34.2172	105
34.2206	105
34.224	105
34.2274	105
34.2307	106
34.2341	106
34.2375	106
34.2409	106
34.2442	106
34.2476	107
34.251	107
34.2543	107
34.2577	107
34.2611	107
34.2645	107
34.2678	107
34.2712	107
34.2746	107
34.278	107
34.2813	107
34.2847	107
34.2881	107
34.2914	107
34.2948	107
34.2982	107
34.3016	107
34.3049	107
34.3083	107
34.3117	107
34.3151	107
34.3184	107
34.3218	107
34.3252	107
34.3286	107
34.3319	107
34.3353	107
34.3387	107
34.342	107
34.3454	107
34.3488	107
34.3522	107
34.3555	107
34.3589	107
34.3623	107
34.3657	107
34.369	107
34.3724	107
34.3758	107
34.3791	107
34.3825	107
34.3859	107
34.3893	107
34.3926	107
34.396	107
34.3994	107
34.4028	107
34.4061	107
34.4095	107
34.4129	107
34.4162	107
34.4196	107
34.423	107
34.4264	108
34.4297	108
34.4331	109
34.4365	109
34.4399	109
34.4432	109
34.4466	109
34.45	110
34.4533	110
34.4567	110
34.4601	110
34.4635	110
34.4668	110
34.4702	110
34.4736	110
34.477	110
34.4803	110
34.4837	110
34.4871	111
34.4904	111
34.4938	111
34.4972	111
34.5006	111
34.5039	111
34.5073	111
34.5107	111
34.5141	111
34.5174	111
34.5208	111
34.5242	111
34.5275	111
34.5309	110
34.5343	110
34.5377	110
34.541	109
34.5444	109
34.5478	109
34.5512	109
34.5545	109
34.5579	108
34.5613	108
34.5646	108
34.568	108
34.5714	108
34.5748	108
34.5781	108
34.5815	108
34.5849	108
34.5883	108
34.5916	108
34.595	108
34.5984	108
34.6017	108
34.6051	108
34.6085	108
34.6119	108
34.6152	108
34.6186	108
34.622	107
34.6254	107
34.6287	107
34.6321	107
34.6355	107
34.6388	107
34.6422	107
34.6456	107
34.649	107
34.6523	107
34.6557	107
34.6591	107
34.6625	107
34.6658	107
34.6692	107
34.6726	107
34.6759	107
34.6793	107
34.6827	107
34.6861	107
34.6894	107
34.6928	107
34.6962	107
34.6996	107
34.7029	107
34.7063	107
34.7097	107
34.713	107
34.7164	107
34.7198	107
34.7232	107
34.7265	107
34.7299	107
34.7333	107
34.7367	107
34.74	107
34.7434	107
34.7468	106
34.7502	106
34.7535	106
34.7569	106
34.7603	105
34.7636	105
34.767	105
34.7704	105
34.7738	105
34.7771	105
34.7805	105
34.7839	105
34.7873	105
34.7906	104
34.794	104
34.7974	104
34.8007	104
34.8041	104
34.8075	104
34.8109	104
34.8142	104
34.8176	104
34.821	104
34.8244	104
34.8277	104
34.8311	104
34.8345	104
34.8378	104
34.8418	104
34.8452	104
34.8486	104
34.8519	104
34.8553	104
34.8587	104
34.8621	104
34.8654	104
34.8688	104
34.8722	104
34.8756	104
34.8789	104
34.8823	104
34.8857	104
34.889	105
34.8924	105
34.8958	105
34.8992	105
34.9025	105
34.9059	105
34.9093	105
34.9127	105
34.916	105
34.9194	105
34.9228	105
34.9261	105
34.9295	105
34.9329	105
34.9363	105
34.9396	105
34.943	105
34.9464	105
34.9498	105
34.9531	105
34.9565	105
34.9599	104
34.9632	104
34.9666	104
34.97	104
34.9734	104
34.9767	104
34.9801	104
34.9835	104
34.9869	104
34.9902	104
34.9936	104
34.997	104
35.0003	104
35.0037	104
35.0071	104
35.0105	104
35.0138	104
35.0172	104
35.0206	104
35.024	104
35.0273	104
35.0307	104
35.0341	104
35.0374	104
35.0408	104
35.0442	104
35.0476	105
35.0509	105
35.0543	105
35.0577	105
35.0611	106
35.0644	106
35.0678	106
35.0712	106
35.0745	106
35.0779	107
35.0813	107
35.0847	107
35.088	107
35.0914	107
35.0948	107
35.0982	107
35.1015	107
35.1049	107
35.1083	107
35.1116	107
35.115	107
35.1184	107
35.1218	107
35.1251	107
35.1285	107
35.1319	107
35.1353	107
35.1386	107
35.142	107
35.1454	107
35.1487	107
35.1521	107
35.1555	107
35.1589	107
35.1622	107
35.1656	107
35.169	107
35.1724	107
35.1757	107
35.1791	107
35.1825	107
35.1858	107
35.1892	107
35.1926	107
35.196	107
35.1993	107
35.2027	107
35.2061	107
35.2095	107
35.2128	107
35.2162	107
35.2196	107
35.2229	107
35.2263	107
35.2297	107
35.2331	107
35.2364	107
35.2398	107
35.2432	107
35.2466	107
35.2499	107
35.2533	107
35.2567	108
35.2601	108
35.2634	108
35.2668	109
35.2702	109
35.2735	109
35.2769	109
35.2803	110
35.2837	110
35.287	110
35.2904	110
35.2938	110
35.2972	110
35.3005	110
35.3039	110
35.3073	110
35.3106	110
35.314	111
35.3174	111
35.3208	111
35.3241	111
35.3275	111
35.3309	111
35.3343	111
35.3376	111
35.341	111
35.3444	111
35.3477	111
35.3511	111
35.3545	111
35.3579	111
35.3612	110
35.3646	110
35.368	110
35.3714	109
35.3747	109
35.3781	109
35.3815	109
35.3848	109
35.3882	108
35.3916	108
35.395	108
35.3983	108
35.4017	108
35.4051	108
35.4085	108
35.4118	108
35.4152	108
35.4186	108
35.4219	108
35.4253	108
35.4287	108
35.4321	108
35.4354	108
35.4388	108
35.4422	108
35.4456	108
35.4489	108
35.4523	108
35.4557	108
35.459	108
35.4624	108
35.4658	108
35.4692	108
35.4725	108
35.4759	108
35.4793	108
35.4827	108
35.486	108
35.4894	108
35.4928	108
35.4961	108
35.4995	108
35.5029	108
35.5063	108
35.5096	108
35.513	108
35.5164	108
35.5198	108
35.5231	108
35.5265	108
35.5299	108
35.5332	108
35.5366	108
35.54	107
35.5434	107
35.5467	107
35.5501	107
35.5535	107
35.5569	107
35.5602	107
35.5636	107
35.567	107
35.5703	107
35.5737	107
35.5771	106
35.5805	106
35.5838	106
35.5872	106
35.5906	105
35.594	105
35.5973	105
35.6007	105
35.6041	105
35.6074	105
35.6108	105
35.6142	105
35.6176	104
35.6209	104
35.6243	104
35.6277	104
35.6311	104
35.6344	104
35.6378	104
35.6412	104
35.6445	104
35.6479	104
35.6513	104
35.6547	104
35.658	104
35.6614	104
35.6648	104
35.6682	104
35.6721	104
35.6755	104
35.6789	104
35.6823	104
35.6856	104
35.689	105
35.6924	105
35.6957	105
35.6991	105
35.7025	105
35.7059	105
35.7092	105
35.7126	105
35.716	105
35.7194	105
35.7227	105
35.7261	105
35.7295	105
35.7328	105
35.7362	105
35.7396	105
35.743	105
35.7463	105
35.7497	105
35.7531	105
35.7565	105
35.7598	105
35.7632	105
35.7666	105
35.7699	105
35.7733	105
35.7767	104
35.7801	104
35.7834	104
35.7868	104
35.7902	104
35.7936	104
35.7969	104
35.8003	104
35.8037	104
35.8071	104
35.8104	104
35.8138	104
35.8172	104
35.8205	104
35.8239	104
35.8273	104
35.8307	104
35.834	104
35.8374	104
35.8408	104
35.8442	104
35.8475	104
35.8509	104
35.8543	104
35.8576	104
35.861	104
35.8644	104
35.8678	104
35.8711	104
35.8745	104
35.8779	105
35.8813	105
35.8846	105
35.888	105
35.8914	106
35.8947	106
35.8981	106
35.9015	106
35.9049	106
35.9082	107
35.9116	107
35.915	107
35.9184	107
35.9217	107
35.9251	107
35.9285	107
35.9318	107
35.9352	107
35.9386	107
35.942	107
35.9453	107
35.9487	107
35.9521	107
35.9555	107
35.9588	107
35.9622	107
35.9656	107
35.9689	107
35.9723	107
35.9757	107
35.9791	107
35.9824	107
35.9858	107
35.9892	107
35.9926	107
35.9959	107
35.9993	107
36.0027	107
36.006	107
36.0094	107
36.0128	107
36.0162	107
36.0195	107
36.0229	107
36.0263	107
36.0297	107
36.033	107
36.0364	107
36.0398	107
36.0431	107
36.0465	107
36.0499	107
36.0533	107
36.0566	107
36.06	107
36.0634	107
36.0668	107
36.0701	107
36.0735	107
36.0769	107
36.0802	107
36.0836	107
36.087	108
36.0904	108
36.0937	108
36.0971	109
36.1005	109
36.1039	109
36.1072	110
36.1106	110
36.114	110
36.1173	110
36.1207	110
36.1241	110
36.1275	110
36.1308	110
36.1342	110
36.1376	110
36.141	110
36.1443	110
36.1477	110
36.1511	111
36.1544	111
36.1578	111
36.1612	111
36.1646	111
36.1679	111
36.1713	111
36.1747	111
36.1781	111
36.1814	111
36.1848	111
36.1882	111
36.1915	110
36.1949	110
36.1983	110
36.2017	109
36.205	109
36.2084	109
36.2118	109
36.2152	109
36.2185	108
36.2219	108
36.2253	108
36.2287	108
36.232	108
36.2354	108
36.2388	108
36.2421	108
36.2455	108
36.2489	108
36.2523	108
36.2556	108
36.259	108
36.2624	108
36.2658	108
36.2691	108
36.2725	108
36.2759	108
36.2792	108
36.2826	108
36.286	107
36.2894	107
36.2927	107
36.2961	107
36.2995	107
36.3029	107
36.3062	107
36.3096	107
36.313	107
36.3163	107
36.3197	107
36.3231	107
36.3265	107
36.3298	107
36.3332	107
36.3366	107
36.34	107
36.3433	107
36.3467	107
36.3501	107
36.3534	107
36.3568	107
36.3602	107
36.3636	107
36.3669	107
36.3703	107
36.3737	107
36.3771	107
36.3804	107
36.3838	107
36.3872	107
36.3905	107
36.3939	107
36.3973	107
36.4007	107
36.404	107
36.4074	106
36.4108	106
36.4142	106
36.4175	106
36.4209	105
36.4243	105
36.4276	105
36.431	105
36.4344	105
36.4378	105
36.4411	105
36.4445	105
36.4479	105
36.4513	105
36.4546	104
36.458	104
36.4614	104
36.4647	104
36.4681	104
36.4715	104
36.4749	104
36.4782	104
36.4816	104
36.485	104
36.4884	104
36.4917	104
36.4951	104
36.4985	104
36.5025	104
36.5058	104
36.5092	104
36.5126	104
36.5159	104
36.5193	104
36.5227	104
36.5261	105
36.5294	105
36.5328	105
36.5362	105
36.5396	105
36.5429	105
36.5463	105
36.5497	105
36.553	105
36.5564	105
36.5598	105
36.5632	105
36.5665	105
36.5699	105
36.5733	105
36.5767	105
36.58	105
36.5834	105
36.5868	105
36.5901	105
36.5935	105
36.5969	105
36.6003	105
36.6036	105
36.607	105
36.6104	105
36.6138	104
36.6171	104
36.6205	104
36.6239	104
36.6272	104
36.6306	104
36.634	104
36.6374	104
36.6407	104
36.6441	104
36.6475	104
36.6509	104
36.6542	104
36.6576	104
36.661	104
36.6643	104
36.6677	104
36.6711	104
36.6745	104
36.6778	104
36.6812	104
36.6846	104
36.688	104
36.6913	104
36.6947	104
36.6981	104
36.7014	104
36.7048	104
36.7082	104
36.7116	105
36.7149	105
36.7183	105
36.7217	106
36.7251	106
36.7284	106
36.7318	106
36.7352	106
36.7385	107
36.7419	107
36.7453	107
36.7487	107
36.752	107
36.7554	107
36.7588	107
36.7622	107
36.7655	107
36.7689	107
36.7723	107
36.7757	107
36.779	107
36.7824	107
36.7858	107
36.7891	107
36.7925	107
36.7959	107
36.7993	107
36.8026	107
36.806	107
36.8094	107
36.8128	107
36.8161	107
36.8195	107
36.8229	107
36.8262	107
36.8296	107
36.833	107
36.8364	107
36.8397	107
36.8431	107
36.8465	107
36.8499	107
36.8532	107
36.8566	107
36.86	107
36.8633	107
36.8667	107
36.8701	107
36.8735	107
36.8768	107
36.8802	107
36.8836	107
36.887	107
36.8903	107
36.8937	107
36.8971	107
36.9004	107
36.9038	107
36.9072	107
36.9106	107
36.9139	107
36.9173	108
36.9207	108
36.9241	108
36.9274	109
36.9308	109
36.9342	109
36.9375	109
36.9409	110
36.9443	110
36.9477	110
36.951	110
36.9544	110
36.9578	110
36.9612	110
36.9645	110
36.9679	110
36.9713	111
36.9746	111
36.978	111
36.9814	111
36.9848	111
36.9881	111
36.9915	111
36.9949	111
36.9983	111
37.0016	111
37.005	111
37.0084	111
37.0117	111
37.0151	111
37.0185	111
37.0219	110
37.0252	110
37.0286	110
37.032	109
37.0354	109
37.0387	109
37.0421	109
37.0455	109
37.0488	108
37.0522	108
37.0556	108
37.059	108
37.0623	108
37.0657	108
37.0691	108
37.0725	108
37.0758	108
37.0792	108
37.0826	108
37.0859	108
37.0893	108
37.0927	108
37.0961	108
37.0994	108
37.1028	108
37.1062	108
37.1096	108
37.1129	107
37.1163	107
37.1197	107
37.123	107
37.1264	107
37.1298	107
37.1332	107
37.1365	107
37.1399	107
37.1433	107
37.1467	107
37.15	107
37.1534	107
37.1568	107
37.1601	107
37.1635	107
37.1669	107
37.1703	107
37.1736	107
37.177	107
37.1804	107
37.1838	107
37.1871	107
37.1905	107
37.1939	107
37.1973	107
37.2006	107
37.204	107
37.2074	107
37.2107	107
37.2141	107
37.2175	107
37.2209	107
37.2242	107
37.2276	107
37.231	107
37.2344	107
37.2377	106
37.2411	106
37.2445	106
37.2478	106
37.2512	105
37.2546	105
37.258	105
37.2613	105
37.2647	105
37.2681	105
37.2715	105
37.2748	105
37.2782	105
37.2816	104
37.2849	104
37.2883	104
37.2917	104
37.2951	104
37.2984	104
37.3018	104
37.3052	104
37.3086	104
37.3119	104
37.3153	104
37.3187	104
37.322	104
37.3254	104
37.3288	104
37.3328	104
37.3361	104
37.3395	104
37.3429	104
37.3463	104
37.3496	104
37.353	105
37.3564	105
37.3598	105
37.3631	105
37.3665	105
37.3699	105
37.3732	105
37.3766	105
37.38	105
37.3834	105
37.3867	105
37.3901	105
37.3935	105
37.3969	105
37.4002	105
37.4036	105
37.407	105
37.4103	105
37.4137	105
37.4171	105
37.4205	105
37.4238	105
37.4272	105
37.4306	105
37.434	105
37.4373	105
37.4407	104
37.4441	104
37.4474	104
37.4508	104
37.4542	104
37.4576	104
37.4609	104
37.4643	104
37.4677	104
37.4711	104
37.4744	104
37.4778	104
37.4812	104
37.4845	104
37.4879	104
37.4913	104
37.4947	104
37.498	104
37.5014	104
37.5048	104
37.5082	104
37.5115	104
37.5149	104
37.5183	104
37.5216	104
37.525	104
37.5284	104
37.5318	104
37.5351	104
37.5385	105
37.5419	105
37.5453	105
37.5486	106
37.552	106
37.5554	106
37.5587	106
37.5621	106
37.5655	106
37.5689	107
37.5722	107
37.5756	107
37.579	107
37.5824	107
37.5857	107
37.5891	107
37.5925	107
37.5958	107
37.5992	107
37.6026	107
37.606	107
37.6093	107
37.6127	107
37.6161	107
37.6195	107
37.6228	107
37.6262	107
37.6296	107
37.6329	107
37.6363	107
37.6397	107
37.6431	107
37.6464	107
37.6498	107
37.6532	107
37.6566	107
37.6599	107
37.6633	107
37.6667	107
37.67	107
37.6734	107
37.6768	107
37.6802	107
37.6835	107
37.6869	107
37.6903	107
37.6937	107
37.697	107
37.7004	107
37.7038	107
37.7071	107
37.7105	107
37.7139	107
37.7173	107
37.7206	107
37.724	107
37.7274	107
37.7308	107
37.7341	107
37.7375	107
37.7409	107
37.7443	107
37.7476	108
37.751	108
37.7544	108
37.7577	109
37.7611	109
37.7645	109
37.7679	109
37.7712	110
37.7746	110
37.778	110
37.7814	110
37.7847	110
37.7881	110
37.7915	110
37.7948	110
37.7982	110
37.8016	110
37.805	110
37.8083	110
37.8117	110
37.8151	111
37.8185	111
37.8218	111
37.8252	111
37.8286	111
37.8319	111
37.8353	111
37.8387	111
37.8421	111
37.8454	111
37.8488	111
37.8522	110
37.8556	110
37.8589	110
37.8623	109
37.8657	109
37.869	109
37.8724	109
37.8758	109
37.8792	108
37.8825	108
37.8859	108
37.8893	108
37.8927	108
37.896	108
37.8994	108
37.9028	108
37.9061	108
37.9095	108
37.9129	108
37.9163	108
37.9196	108
37.923	108
37.9264	108
37.9298	108
37.9331	108
37.9365	108
37.9399	108
37.9432	108
37.9466	108
37.95	107
37.9534	107
37.9567	107
37.9601	107
37.9635	107
37.9669	107
37.9702	107
37.9736	107
37.977	107
37.9803	107
37.9837	107
37.9871	107
37.9905	107
37.9938	107
37.9972	107
38.0006	107
38.004	107
38.0073	107
38.0107	107
38.0141	107
38.0174	107
38.0208	107
38.0242	107
38.0276	107
38.0309	107
38.0343	107
38.0377	107
38.0411	107
38.0444	107
38.0478	107
38.0512	107
38.0545	107
38.0579	107
38.0613	107
38.0647	107
38.068	106
38.0714	106
38.0748	106
38.0782	106
38.0815	105
38.0849	105
38.0883	105
38.0916	105
38.095	105
38.0984	105
38.1018	105
38.1051	105
38.1085	105
38.1119	104
38.1153	104
38.1186	104
38.122	104
38.1254	104
38.1287	104
38.1321	104
38.1355	104
38.1389	104
38.1422	104
38.1456	104
38.149	104
38.1524	104
38.1557	104
38.1591	104
38.1631	104
38.1665	104
38.1698	104
38.1732	104
38.1766	104
38.1799	104
38.1833	104
38.1867	104
38.1901	105
38.1934	105
38.1968	105
38.2002	105
38.2036	105
38.2069	105
38.2103	105
38.2137	105
38.217	105
38.2204	105
38.2238	105
38.2272	105
38.2305	105
38.2339	105
38.2373	105
38.2407	105
38.244	105
38.2474	105
38.2508	105
38.2541	105
38.2575	105
38.2609	105
38.2643	105
38.2676	105
38.271	105
38.2744	105
38.2778	104
38.2811	104
38.2845	104
38.2879	104
38.2913	104
38.2946	104
38.298	104
38.3014	104
38.3047	104
38.3081	104
38.3115	104
38.3149	104
38.3182	104
38.3216	104
38.325	104
38.3284	104
38.3317	104
38.3351	104
38.3385	104
38.3418	104
38.3452	104
38.3486	104
38.352	104
38.3553	104
38.3587	104
38.3621	104
38.3655	104
38.3688	105
38.3722	105
38.3756	105
38.3789	105
38.3823	106
38.3857	106
38.3891	106
38.3924	106
38.3958	106
38.3992	107
38.4026	107
38.4059	107
38.4093	107
38.4127	107
38.416	107
38.4194	107
38.4228	107
38.4262	107
38.4295	107
38.4329	107
38.4363	107
38.4397	107
38.443	107
38.4464	107
38.4498	107
38.4531	107
38.4565	107
38.4599	107
38.4633	107
38.4666	107
38.47	107
38.4734	107
38.4768	107
38.4801	107
38.4835	107
38.4869	107
38.4902	107
38.4936	107
38.497	107
38.5004	107
38.5037	107
38.5071	107
38.5105	107
38.5139	107
38.5172	107
38.5206	107
38.524	107
38.5273	107
38.5307	107
38.5341	107
38.5375	107
38.5408	107
38.5442	107
38.5476	107
38.551	107
38.5543	107
38.5577	107
38.5611	107
38.5644	107
38.5678	107
38.5712	107
38.5746	107
38.5779	108
38.5813	108
38.5847	108
38.5881	109
38.5914	109
38.5948	109
38.5982	110
38.6015	110
38.6049	110
38.6083	110
38.6117	110
38.615	110
38.6184	110
38.6218	110
38.6252	110
38.6285	110
38.6319	110
38.6353	111
38.6386	111
38.642	111
38.6454	111
38.6488	111
38.6521	111
38.6555	111
38.6589	111
38.6623	111
38.6656	111
38.669	111
38.6724	111
38.6757	111
38.6791	111
38.6825	110
38.6859	110
38.6892	110
38.6926	109
38.696	109
38.6994	109
38.7027	109
38.7061	109
38.7095	108
38.7129	108
38.7162	108
38.7196	108
38.723	108
38.7263	108
38.7297	108
38.7331	108
38.7365	108
38.7398	108
38.7432	108
38.7466	108
38.75	108
38.7533	108
38.7567	108
38.7601	108
38.7634	108
38.7668	108
38.7702	108
38.7736	108
38.7769	107
38.7803	107
38.7837	107
38.7871	107
38.7904	107
38.7938	107
38.7972	107
38.8005	107
38.8039	107
38.8073	107
38.8107	107
38.814	107
38.8174	107
38.8208	107
38.8242	107
38.8275	107
38.8309	107
38.8343	107
38.8376	107
38.841	107
38.8444	107
38.8478	107
38.8511	107
38.8545	107
38.8579	107
38.8613	107
38.8646	107
38.868	107
38.8714	107
38.8747	107
38.8781	107
38.8815	107
38.8849	107
38.8882	107
38.8916	107
38.895	107
38.8984	106
38.9017	106
38.9051	106
38.9085	106
38.9118	105
38.9152	105
38.9186	105
38.922	105
38.9253	105
38.9287	105
38.9321	105
38.9355	105
38.9388	104
38.9422	104
38.9456	104
38.9489	104
38.9523	104
38.9557	104
38.9591	104
38.9624	104
38.9658	104
38.9692	104
38.9726	104
38.9759	104
38.9793	104
38.9827	104
38.986	104
38.9894	104
38.9934	104
38.9968	104
39.0001	104
39.0035	104
39.0069	104
39.0103	104
39.0136	104
39.017	105
39.0204	105
39.0238	105
39.0271	105
39.0305	105
39.0339	105
39.0372	105
39.0406	105
39.044	105
39.0474	105
39.0507	105
39.0541	105
39.0575	105
39.0609	105
39.0642	105
39.0676	105
39.071	105
39.0743	105
39.0777	105
39.0811	105
39.0845	105
39.0878	105
39.0912	105
39.0946	105
39.098	104
39.1013	104
39.1047	104
39.1081	104
39.1114	104
39.1148	104
39.1182	104
39.1216	104
39.1249	104
39.1283	104
39.1317	104
39.1351	104
39.1384	104
39.1418	104
39.1452	104
39.1485	104
39.1519	104
39.1553	104
39.1587	104
39.162	104
39.1654	104
39.1688	104
39.1722	104
39.1755	104
39.1789	104
39.1823	104
39.1856	104
39.189	104
39.1924	104
39.1958	104
39.1991	105
39.2025	105
39.2059	105
39.2093	105
39.2126	106
39.216	106
39.2194	106
39.2227	106
39.2261	106
39.2295	107
39.2329	107
39.2362	107
39.2396	107
39.243	107
39.2464	107
39.2497	107
39.2531	107
39.2565	107
39.2599	107
39.2632	107
39.2666	107
39.27	107
39.2733	107
39.2767	107
39.2801	107
39.2835	107
39.2868	107
39.2902	107
39.2936	107
39.297	107
39.3003	107
39.3037	107
39.3071	107
39.3104	107
39.3138	107
39.3172	107
39.3206	107
39.3239	107
39.3273	107
39.3307	107
39.3341	107
39.3374	107
39.3408	107
39.3442	107
39.3475	107
39.3509	107
39.3543	107
39.3577	107
39.361	107
39.3644	107
39.3678	107
39.3712	107
39.3745	107
39.3779	107
39.3813	107
39.3846	107
39.388	107
39.3914	107
39.3948	107
39.3981	107
39.4015	107
39.4049	107
39.4083	108
39.4116	108
39.415	109
39.4184	109
39.4217	109
39.4251	109
39.4285	109
39.4319	110
39.4352	110
39.4386	110
39.442	110
39.4454	110
39.4487	110
39.4521	110
39.4555	110
39.4588	110
39.4622	110
39.4656	110
39.469	110
39.4723	110
39.4757	110
39.4791	111
39.4825	111
39.4858	111
39.4892	111
39.4926	111
39.4959	111
39.4993	111
39.5027	111
39.5061	111
39.5094	111
39.5128	110
39.5162	110
39.5196	110
39.5229	109
39.5263	109
39.5297	109
39.533	109
39.5364	109
39.5398	108
39.5432	108
39.5465	108
39.5499	108
39.5533	108
39.5567	108
39.56	108
39.5634	108
39.5668	108
39.5701	108
39.5735	108
39.5769	108
39.5803	108
39.5836	108
39.587	108
39.5904	108
39.5938	108
39.5971	108
39.6005	108
39.6039	108
39.6072	108
39.6106	108
39.614	107
39.6174	107
39.6207	107
39.6241	107
39.6275	107
39.6309	107
39.6342	107
39.6376	107
39.641	107
39.6443	107
39.6477	107
39.6511	107
39.6545	107
39.6578	107
39.6612	107
39.6646	107
39.668	107
39.6713	107
39.6747	107
39.6781	107
39.6815	107
39.6848	107
39.6882	107
39.6916	107
39.6949	107
39.6983	107
39.7017	107
39.7051	107
39.7084	107
39.7118	107
39.7152	107
39.7186	107
39.7219	107
39.7253	107
39.7287	106
39.732	106
39.7354	106
39.7388	106
39.7422	105
39.7455	105
39.7489	105
39.7523	105
39.7557	105
39.759	105
39.7624	105
39.7658	105
39.7691	105
39.7725	105
39.7759	104
39.7793	104
39.7826	104
39.786	104
39.7894	104
39.7928	104
39.7961	104
39.7995	104
39.8029	104
39.8062	104
39.8096	104
39.813	104
39.8164	104
39.8197	104
39.8237	104
39.8271	104
39.8305	104
39.8338	104
39.8372	104
39.8406	104
39.844	104
39.8473	104
39.8507	104
39.8541	105
39.8574	105
39.8608	105
39.8642	105
39.8676	105
39.8709	105
39.8743	105
39.8777	105
39.8811	105
39.8844	105
39.8878	105
39.8912	105
39.8945	105
39.8979	105
39.9013	105
39.9047	105
39.908	105
39.9114	105
39.9148	105
39.9182	105
39.9215	105
39.9249	105
39.9283	105
39.9316	105
39.935	105
39.9384	105
39.9418	104
39.9451	104
39.9485	104
39.9519	104
39.9553	104
39.9586	104
39.962	104
39.9654	104
39.9687	104
39.9721	104
39.9755	104
39.9789	104
39.9822	104
39.9856	104
39.989	104
39.9924	104
39.9957	104
39.9991	104
40.0025	104
40.0058	104
40.0092	104
40.0126	104
40.016	104
40.0193	104
40.0227	104
40.0261	104
40.0295	104
40.0328	105
40.0362	105
40.0396	105
40.0429	106
40.0463	106
40.0497	106
40.0531	106
40.0564	106
40.0598	107
40.0632	107
40.0666	107
40.0699	107
40.0733	107
40.0767	107
40.08	107
40.0834	107
40.0868	107
40.0902	107
40.0935	107
40.0969	107
40.1003	107
40.1037	107
40.107	107
40.1104	107
40.1138	107
40.1171	107
40.1205	107
40.1239	107
40.1273	107
40.1306	107
40.134	107
40.1374	107
40.1408	107
40.1441	107
40.1475	107
40.1509	107
40.1542	107
40.1576	107
40.161	107
40.1644	107
40.1677	107
40.1711	107
40.1745	107
40.1779	107
40.1812	107
40.1846	107
40.188	107
40.1914	107
40.1947	107
40.1981	107
40.2015	107
40.2048	107
40.2082	107
40.2116	107
40.215	107
40.2183	107
40.2217	107
40.2251	107
40.2285	107
40.2318	107
40.2352	107
40.2386	108
40.2419	108
40.2453	108
40.2487	109
40.2521	109
40.2554	109
40.2588	109
40.2622	110
40.2656	110
40.2689	110
40.2723	110
40.2757	110
40.279	110
40.2824	110
40.2858	110
40.2892	110
40.2925	110
40.2959	110
40.2993	111
40.3027	111
40.306	111
40.3094	111
40.3128	111
40.3161	111
40.3195	111
40.3229	111
40.3263	111
40.3296	111
40.333	111
40.3364	111
40.3398	111
40.3431	110
40.3465	110
40.3499	110
40.3532	109
40.3566	109
40.36	109
40.3634	109
40.3667	109
40.3701	108
40.3735	108
40.3769	108
40.3802	108
40.3836	108
40.387	108
40.3903	108
40.3937	108
40.3971	108
40.4005	108
40.4038	108
40.4072	108
40.4106	108
40.414	107
40.4173	107
40.4207	107
40.4241	107
40.4274	107
40.4308	107
40.4342	107
40.4376	107
40.4409	107
40.4443	107
40.4477	107
40.4511	107
40.4544	107
40.4578	107
40.4612	107
40.4645	107
40.4679	107
40.4713	107
40.4747	107
40.478	107
40.4814	107
40.4848	107
40.4882	107
40.4915	107
40.4949	107
40.4983	107
40.5016	107
40.505	107
40.5084	107
40.5118	107
40.5151	107
40.5185	107
40.5219	107
40.5253	107
40.5286	107
40.532	107
40.5354	107
40.5387	107
40.5421	107
40.5455	107
40.5489	107
40.5522	107
40.5556	107
40.559	106
40.5624	106
40.5657	106
40.5691	106
40.5725	105
40.5758	105
40.5792	105
40.5826	105
40.586	105
40.5893	105
40.5927	105
40.5961	105
40.5995	105
40.6028	104
40.6062	104
40.6096	104
40.613	104
40.6163	104
40.6197	104
40.6231	104
40.6264	104
40.6298	104
40.6332	104
40.6366	104
40.6399	104
40.6433	104
40.6467	104
40.6501	104
40.654	104
40.6574	104
40.6608	104
40.6641	104
40.6675	104
40.6709	104
40.6743	104
40.6776	104
40.681	105
40.6844	105
40.6878	105
40.6911	105
40.6945	105
40.6979	105
40.7012	105
40.7046	105
40.708	105
40.7114	105
40.7147	105
40.7181	105
40.7215	105
40.7249	105
40.7282	105
40.7316	105
40.735	105
40.7384	105
40.7417	105
40.7451	105
40.7485	105
40.7518	105
40.7552	105
40.7586	104
40.762	104
40.7653	104
40.7687	104
40.7721	104
40.7755	104
40.7788	104
40.7822	104
40.7856	104
40.7889	104
40.7923	104
40.7957	104
40.7991	104
40.8024	104
40.8058	104
40.8092	104
40.8126	104
40.8159	104
40.8193	104
40.8227	104
40.826	104
40.8294	104
40.8328	104
40.8362	104
40.8395	104
40.8429	104
40.8463	104
40.8497	104
40.853	104
40.8564	104
40.8598	105
40.8631	105
40.8665	105
40.8699	106
40.8733	106
40.8766	106
40.88	106
40.8834	106
40.8868	106
40.8901	107
40.8935	107
40.8969	107
40.9002	107
40.9036	107
40.907	107
40.9104	107
40.9137	107
40.9171	107
40.9205	107
40.9239	107
40.9272	107
40.9306	107
40.934	107
40.9373	107
40.9407	107
40.9441	107
40.9475	107
40.9508	107
40.9542	107
40.9576	107
40.961	107
40.9643	107
40.9677	107
40.9711	107
40.9744	107
40.9778	107
40.9812	107
40.9846	107
40.9879	107
40.9913	107
40.9947	107
40.9981	107
41.0014	107
41.0048	107
41.0082	107
41.0115	107
41.0149	107
41.0183	107
41.0217	107
41.025	107
41.0284	107
41.0318	107
41.0352	107
41.0385	107
41.0419	107
41.0453	107
41.0486	107
41.052	107
41.0554	107
41.0588	107
41.0621	107
41.0655	107
41.0689	108
41.0723	108
41.0756	109
41.079	109
41.0824	109
41.0857	109
41.0891	110
41.0925	110
41.0959	110
41.0992	110
41.1026	110
41.106	110
41.1094	110
41.1127	110
41.1161	110
41.1195	110
41.1228	110
41.1262	111
41.1296	111
41.133	111
41.1363	111
41.1397	111
41.1431	111
41.1465	111
41.1498	111
41.1532	111
41.1566	111
41.16	111
41.1633	111
41.1667	111
41.1701	111
41.1734	110
41.1768	110
41.1802	110
41.1836	109
41.1869	109
41.1903	109
41.1937	109
41.1971	109
41.2004	108
41.2038	108
41.2072	108
41.2105	108
41.2139	108
41.2173	108
41.2207	108
41.224	108
41.2274	108
41.2308	108
41.2342	108
41.2375	108
41.2409	108
41.2443	108
41.2476	108
41.251	108
41.2544	108
41.2578	108
41.2611	108
41.2645	108
41.2679	108
41.2713	108
41.2746	108
41.278	107
41.2814	107
41.2847	107
41.2881	107
41.2915	107
41.2949	107
41.2982	107
41.3016	107
41.305	107
41.3084	107
41.3117	107
41.3151	107
41.3185	107
41.3218	107
41.3252	107
41.3286	107
41.332	107
41.3353	107
41.3387	107
41.3421	107
41.3455	107
41.3488	107
41.3522	107
41.3556	107
41.3589	107
41.3623	107
41.3657	107
41.3691	107
41.3724	107
41.3758	107
41.3792	107
41.3826	107
41.3859	107
41.3893	106
41.3927	106
41.396	106
41.3994	106
41.4028	105
41.4062	105
41.4095	105
41.4129	105
41.4163	105
41.4197	105
41.423	105
41.4264	105
41.4298	105
41.4331	105
41.4365	105
41.4399	104
41.4433	104
41.4466	104
41.45	104
41.4534	104
41.4568	104
41.4601	104
41.4635	104
41.4669	104
41.4702	104
41.4736	104
41.477	104
41.4804	104
41.4843	104
41.4877	104
41.4911	104
41.4945	104
41.4978	104
41.5012	104
41.5046	104
41.508	104
41.5113	104
41.5147	104
41.5181	105
41.5214	105
41.5248	105
41.5282	105
41.5316	105
41.5349	105
41.5383	105
41.5417	105
41.5451	105
41.5484	105
41.5518	105
41.5552	105
41.5585	105
41.5619	105
41.5653	105
41.5687	105
41.572	105
41.5754	105
41.5788	105
41.5822	105
41.5855	105
41.5889	105
41.5923	105
41.5956	104
41.599	104
41.6024	104
41.6058	104
41.6091	104
41.6125	104
41.6159	104
41.6193	104
41.6226	104
41.626	104
41.6294	104
41.6327	104
41.6361	104
41.6395	104
41.6429	104
41.6462	104
41.6496	104
41.653	104
41.6564	104
41.6597	104
41.6631	104
41.6665	104
41.6698	104
41.6732	104
41.6766	104
41.68	104
41.6833	104
41.6867	104
41.6901	104
41.6935	105
41.6968	105
41.7002	105
41.7036	106
41.707	106
41.7103	106
41.7137	106
41.7171	106
41.7204	106
41.7238	107
41.7272	107
41.7306	107
41.7339	107
41.7373	107
41.7407	107
41.7441	107
41.7474	107
41.7508	107
41.7542	107
41.7575	107
41.7609	107
41.7643	107
41.7677	107
41.771	107
41.7744	107
41.7778	107
41.7812	107
41.7845	107
41.7879	107
41.7913	107
41.7946	107
41.798	107
41.8014	107
41.8048	107
41.8081	107
41.8115	107
41.8149	107
41.8183	107
41.8216	107
41.825	107
41.8284	107
41.8317	107
41.8351	107
41.8385	107
41.8419	107
41.8452	107
41.8486	107
41.852	107
41.8554	107
41.8587	107
41.8621	107
41.8655	107
41.8688	107
41.8722	107
41.8756	107
41.879	107
41.8823	107
41.8857	107
41.8891	107
41.8925	107
41.8958	107
41.8992	108
41.9026	108
41.9059	109
41.9093	109
41.9127	109
41.9161	109
41.9194	109
41.9228	110
41.9262	110
41.9296	110
41.9329	110
41.9363	110
41.9397	110
41.943	110
41.9464	110
41.9498	110
41.9532	111
41.9565	111
41.9599	111
41.9633	111
41.9667	111
41.97	111
41.9734	111
41.9768	111
41.9801	111
41.9835	111
41.9869	111
41.9903	111
41.9936	111
41.997	111
42.0004	111
42.0038	110
42.0071	110
42.0105	110
42.0139	109
42.0172	109
42.0206	109
42.024	109
42.0274	109
42.0307	108
42.0341	108
42.0375	108
42.0409	108
42.0442	108
42.0476	108
42.051	108
42.0543	108
42.0577	108
42.0611	108
42.0645	108
42.0678	108
42.0712	108
42.0746	108
42.078	107
42.0813	107
42.0847	107
42.0881	107
42.0914	107
42.0948	107
42.0982	107
42.1016	107
42.1049	107
42.1083	107
42.1117	107
42.1151	107
42.1184	107
42.1218	107
42.1252	107
42.1286	107
42.1319	107
42.1353	107
42.1387	107
42.142	107
42.1454	107
42.1488	107
42.1522	107
42.1555	107
42.1589	107
42.1623	107
42.1657	107
42.169	107
42.1724	107
42.1758	107
42.1791	107
42.1825	107
42.1859	107
42.1893	107
42.1926	107
42.196	107
42.1994	107
42.2028	107
42.2061	107
42.2095	107
42.2129	107
42.2162	107
42.2196	106
42.223	106
42.2264	106
42.2297	105
42.2331	105
42.2365	105
42.2399	105
42.2432	105
42.2466	105
42.25	105
42.2533	105
42.2567	104
42.2601	104
42.2635	104
42.2668	104
42.2702	104
42.2736	104
42.277	104
42.2803	104
42.2837	104
42.2871	104
42.2904	104
42.2938	104
42.2972	104
42.3006	104
42.3039	104
42.3073	104
42.3107	104
42.3147	104
42.318	104
42.3214	104
42.3248	104
42.3282	104
42.3315	104
42.3349	104
42.3383	104
42.3416	104
42.345	105
42.3484	105
42.3518	105
42.3551	105
42.3585	105
42.3619	105
42.3653	105
42.3686	105
42.372	105
42.3754	105
42.3787	105
42.3821	105
42.3855	105
42.3889	105
42.3922	105
42.3956	105
42.399	105
42.4024	105
42.4057	105
42.4091	105
42.4125	105
42.4158	105
42.4192	105
42.4226	104
42.426	104
42.4293	104
42.4327	104
42.4361	104
42.4395	104
42.4428	104
42.4462	104
42.4496	104
42.4529	104
42.4563	104
42.4597	104
42.4631	104
42.4664	104
42.4698	104
42.4732	104
42.4766	104
42.4799	104
42.4833	104
42.4867	104
42.49	104
42.4934	104
42.4968	104
42.5002	104
42.5035	104
42.5069	104
42.5103	104
42.5137	104
42.517	104
42.5204	105
42.5238	105
42.5271	105
42.5305	106
42.5339	106
42.5373	106
42.5406	106
42.544	106
42.5474	106
42.5508	107
42.5541	107
42.5575	107
42.5609	107
42.5642	107
42.5676	107
42.571	107
42.5744	107
42.5777	107
42.5811	107
42.5845	107
42.5879	107
42.5912	107
42.5946	107
42.598	107
42.6013	107
42.6047	107
42.6081	107
42.6115	107
42.6148	107
42.6182	107
42.6216	107
42.625	107
42.6283	107
42.6317	107
42.6351	107
42.6384	107
42.6418	107
42.6452	107
42.6486	107
42.6519	107
42.6553	107
42.6587	107
42.6621	107
42.6654	107
42.6688	107
42.6722	107
42.6756	107
42.6789	107
42.6823	107
42.6857	107
42.689	107
42.6924	107
42.6958	107
42.6992	107
42.7025	107
42.7059	107
42.7093	107
42.7127	107
42.716	107
42.7194	107
42.7228	107
42.7261	107
42.7295	108
42.7329	108
42.7363	109
42.7396	109
42.743	109
42.7464	109
42.7498	109
42.7531	110
42.7565	110
42.7599	110
42.7632	110
42.7666	110
42.77	110
42.7734	110
42.7767	110
42.7801	110
42.7835	110
42.7869	110
42.7902	111
42.7936	111
42.797	111
42.8003	111
42.8037	111
42.8071	111
42.8105	111
42.8138	111
42.8172	111
42.8206	111
42.824	111
42.8273	111
42.8307	111
42.8341	110
42.8374	110
42.8408	110
42.8442	109
42.8476	109
42.8509	109
42.8543	109
42.8577	108
42.8611	108
42.8644	108
42.8678	108
42.8712	108
42.8745	108
42.8779	108
42.8813	108
42.8847	108
42.888	108
42.8914	108
42.8948	108
42.8982	108
42.9015	108
42.9049	108
42.9083	108
42.9116	108
42.915	108
42.9184	108
42.9218	108
42.9251	108
42.9285	108
42.9319	108
42.9353	108
42.9386	108
42.942	108
42.9454	108
42.9487	108
42.9521	108
42.9555	108
42.9589	108
42.9622	108
42.9656	108
42.969	107
42.9724	107
42.9757	107
42.9791	107
42.9825	107
42.9858	107
42.9892	107
42.9926	107
42.996	107
42.9993	107
43.0027	107
43.0061	107
43.0095	107
43.0128	107
43.0162	107
43.0196	107
43.0229	107
43.0263	107
43.0297	107
43.0331	107
43.0364	107
43.0398	107
43.0432	107
43.0466	107
43.0499	106
43.0533	106
43.0567	106
43.06	106
43.0634	105
43.0668	105
43.0702	105
43.0735	105
43.0769	105
43.0803	105
43.0837	105
43.087	105
43.0904	105
43.0938	104
43.0972	104
43.1005	104
43.1039	104
43.1073	104
43.1106	104
43.114	104
43.1174	104
43.1208	104
43.1241	104
43.1275	104
43.1309	104
43.1343	104
43.1376	104
43.141	104
43.145	104
43.1483	104
43.1517	104
43.1551	104
43.1585	104
43.1618	104
43.1652	104
43.1686	104
43.172	104
43.1753	104
43.1787	104
43.1821	105
43.1854	105
43.1888	105
43.1922	105
43.1956	105
43.1989	105
43.2023	105
43.2057	105
43.2091	105
43.2124	105
43.2158	105
43.2192	105
43.2226	105
43.2259	105
43.2293	105
43.2327	105
43.236	105
43.2394	105
43.2428	105
43.2462	105
43.2495	105
43.2529	105
43.2563	105
43.2597	104
43.263	104
43.2664	104
43.2698	104
43.2731	104
43.2765	104
43.2799	104
43.2833	104
43.2866	104
43.29	104
43.2934	104
43.2968	104
43.3001	104
43.3035	104
43.3069	104
43.3102	104
43.3136	104
43.317	104
43.3204	104
43.3237	104
43.3271	104
43.3305	104
43.3339	104
43.3372	104
43.3406	104
43.344	104
43.3473	104
43.3507	104
43.3541	105
43.3575	105
43.3608	105
43.3642	106
43.3676	106
43.371	106
43.3743	106
43.3777	106
43.3811	107
43.3844	107
43.3878	107
43.3912	107
43.3946	107
43.3979	107
43.4013	107
43.4047	107
43.4081	107
43.4114	107
43.4148	107
43.4182	107
43.4215	107
43.4249	107
43.4283	107
43.4317	107
43.435	107
43.4384	107
43.4418	107
43.4452	107
43.4485	107
43.4519	107
43.4553	107
43.4586	107
43.462	107
43.4654	107
43.4688	107
43.4721	107
43.4755	107
43.4789	107
43.4823	107
43.4856	107
43.489	107
43.4924	107
43.4957	107
43.4991	107
43.5025	107
43.5059	107
43.5092	107
43.5126	107
43.516	107
43.5194	107
43.5227	107
43.5261	107
43.5295	107
43.5328	107
43.5362	107
43.5396	107
43.543	107
43.5463	107
43.5497	107
43.5531	107
43.5565	107
43.5598	108
43.5632	108
43.5666	109
43.5699	109
43.5733	109
43.5767	109
43.5801	109
43.5834	110
43.5868	110
43.5902	110
43.5936	110
43.5969	110
43.6003	110
43.6037	110
43.607	110
43.6104	110
43.6138	110
43.6172	111
43.6205	111
43.6239	111
43.6273	111
43.6307	111
43.634	111
43.6374	111
43.6408	111
43.6442	111
43.6475	111
43.6509	111
43.6543	111
43.6576	111
43.661	111
43.6644	110
43.6678	110
43.6711	110
43.6745	109
43.6779	109
43.6813	109
43.6846	109
43.688	109
43.6914	108
43.6947	108
43.6981	108
43.7015	108
43.7049	108
43.7082	108
43.7116	108
43.715	108
43.7184	108
43.7217	108
43.7251	108
43.7285	108
43.7318	108
43.7352	108
43.7386	108
43.742	107
43.7453	107
43.7487	107
43.7521	107
43.7555	107
43.7588	107
43.7622	107
43.7656	107
43.7689	107
43.7723	107
43.7757	107
43.7791	107
43.7824	107
43.7858	107
43.7892	107
43.7926	107
43.7959	107
43.7993	107
43.8027	107
43.806	107
43.8094	107
43.8128	107
43.8162	107
43.8195	107
43.8229	107
43.8263	107
43.8297	107
43.833	107
43.8364	107
43.8398	107
43.8431	107
43.8465	107
43.8499	107
43.8533	107
43.8566	107
43.86	107
43.8634	107
43.8668	107
43.8701	107
43.8735	107
43.8769	107
43.8802	106
43.8836	106
43.887	106
43.8904	106
43.8937	105
43.8971	105
43.9005	105
43.9039	105
43.9072	105
43.9106	105
43.914	105
43.9173	105
43.9207	104
43.9241	104
43.9275	104
43.9308	104
43.9342	104
43.9376	104
43.941	104
43.9443	104
43.9477	104
43.9511	104
43.9544	104
43.9578	104
43.9612	104
43.9646	104
43.9679	104
43.9713	104
43.9753	104
43.9787	104
43.982	104
43.9854	104
43.9888	104
43.9922	105
43.9955	105
43.9989	105
44.0023	105
44.0056	105
44.009	105
44.0124	105
44.0158	105
44.0191	105
44.0225	105
44.0259	105
44.0293	105
44.0326	105
44.036	105
44.0394	105
44.0427	105
44.0461	105
44.0495	105
44.0529	105
44.0562	105
44.0596	105
44.063	105
44.0664	105
44.0697	105
44.0731	105
44.0765	105
44.0798	105
44.0832	105
44.0866	104
44.09	104
44.0933	104
44.0967	104
44.1001	104
44.1035	104
44.1068	104
44.1102	104
44.1136	104
44.1169	104
44.1203	104
44.1237	104
44.1271	104
44.1304	104
44.1338	104
44.1372	104
44.1406	104
44.1439	104
44.1473	104
44.1507	104
44.154	104
44.1574	104
44.1608	104
44.1642	104
44.1675	104
44.1709	104
44.1743	104
44.1777	104
44.181	104
44.1844	105
44.1878	105
44.1912	105
44.1945	106
44.1979	106
44.2013	106
44.2046	106
44.208	106
44.2114	107
44.2148	107
44.2181	107
44.2215	107
44.2249	107
44.2283	107
44.2316	107
44.235	107
44.2384	107
44.2417	107
44.2451	107
44.2485	107
44.2519	107
44.2552	107
44.2586	107
44.262	107
44.2654	107
44.2687	107
44.2721	107
44.2755	107
44.2788	107
44.2822	107
44.2856	107
44.289	107
44.2923	107
44.2957	107
44.2991	107
44.3025	107
44.3058	107
44.3092	107
44.3126	107
44.3159	107
44.3193	107
44.3227	107
44.3261	107
44.3294	107
44.3328	107
44.3362	107
44.3396	107
44.3429	107
44.3463	107
44.3497	107
44.353	107
44.3564	107
44.3598	107
44.3632	107
44.3665	107
44.3699	107
44.3733	107
44.3767	107
44.38	107
44.3834	107
44.3868	107
44.3901	108
44.3935	108
44.3969	109
44.4003	109
44.4036	109
44.407	109
44.4104	110
44.4138	110
44.4171	110
44.4205	110
44.4239	110
44.4272	110
44.4306	110
44.434	110
44.4374	110
44.4407	110
44.4441	110
44.4475	110
44.4509	110
44.4542	111
44.4576	111
44.461	111
44.4643	111
44.4677	111
44.4711	111
44.4745	111
44.4778	111
44.4812	111
44.4846	111
44.488	111
44.4913	111
44.4947	110
44.4981	110
44.5014	110
44.5048	109
44.5082	109
44.5116	109
44.5149	109
44.5183	108
44.5217	108
44.5251	108
44.5284	108
44.5318	108
44.5352	108
44.5385	108
44.5419	108
44.5453	108
44.5487	108
44.552	108
44.5554	108
44.5588	108
44.5622	108
44.5655	108
44.5689	108
44.5723	108
44.5756	108
44.579	108
44.5824	108
44.5858	108
44.5891	108
44.5925	108
44.5959	108
44.5993	108
44.6026	108
44.606	108
44.6094	108
44.6128	108
44.6161	108
44.6195	108
44.6229	108
44.6262	108
44.6296	108
44.633	107
44.6364	107
44.6397	107
44.6431	107
44.6465	107
44.6499	107
44.6532	107
44.6566	107
44.66	107
44.6633	107
44.6667	107
44.6701	107
44.6735	107
44.6768	107
44.6802	107
44.6836	107
44.687	107
44.6903	107
44.6937	107
44.6971	107
44.7004	107
44.7038	107
44.7072	107
44.7106	106
44.7139	106
44.7173	106
44.7207	105
44.7241	105
44.7274	105
44.7308	105
44.7342	105
44.7375	105
44.7409	105
44.7443	105
44.7477	105
44.751	105
44.7544	105
44.7578	104
44.7612	104
44.7645	104
44.7679	104
44.7713	104
44.7746	104
44.778	104
44.7814	104
44.7848	104
44.7881	104
44.7915	104
44.7949	104
44.7983	104
44.8016	104
44.8056	104
44.809	104
44.8124	104
44.8157	104
44.8191	104
44.8225	104
44.8258	104
44.8292	104
44.8326	104
44.836	104
44.8393	104
44.8427	104
44.8461	105
44.8495	105
44.8528	105
44.8562	105
44.8596	105
44.8629	105
44.8663	105
44.8697	105
44.8731	105
44.8764	105
44.8798	105
44.8832	105
44.8866	105
44.8899	105
44.8933	105
44.8967	105
44.9	105
44.9034	105
44.9068	105
44.9102	105
44.9135	105
44.9169	104
44.9203	104
44.9237	104
44.927	104
44.9304	104
44.9338	104
44.9371	104
44.9405	104
44.9439	104
44.9473	104
44.9506	104
44.954	104
44.9574	104
44.9608	104
44.9641	104
44.9675	104
44.9709	104
44.9742	104
44.9776	104
44.981	104
44.9844	104
44.9877	104
44.9911	104
44.9945	104
44.9979	104
45.0012	104
45.0046	104
45.008	104
45.0113	104
45.0147	105
45.0181	105
45.0215	105
45.0248	106
45.0282	106
45.0316	106
45.035	106
45.0383	106
45.0417	106
45.0451	107
45.0484	107
45.0518	107
45.0552	107
45.0586	107
45.0619	107
45.0653	107
45.0687	107
45.0721	107
45.0754	107
45.0788	107
45.0822	107
45.0855	107
45.0889	107
45.0923	107
45.0957	107
45.099	107
45.1024	107
45.1058	107
45.1092	107
45.1125	107
45.1159	107
45.1193	107
45.1226	107
45.126	107
45.1294	107
45.1328	107
45.1361	107
45.1395	107
45.1429	107
45.1463	107
45.1496	107
45.153	107
45.1564	107
45.1598	107
45.1631	107
45.1665	107
45.1699	107
45.1732	107
45.1766	107
45.18	107
45.1834	107
45.1867	107
45.1901	107
45.1935	107
45.1969	107
45.2002	107
45.2036	107
45.207	107
45.2103	107
45.2137	107
45.2171	107
45.2205	108
45.2238	108
45.2272	109
45.2306	109
45.234	109
45.2373	109
45.2407	109
45.2441	110
45.2474	110
45.2508	110
45.2542	110
45.2576	110
45.2609	110
45.2643	110
45.2677	110
45.2711	110
45.2744	110
45.2778	110
45.2812	111
45.2845	111
45.2879	111
45.2913	111
45.2947	111
45.298	111
45.3014	111
45.3048	111
45.3082	111
45.3115	111
45.3149	111
45.3183	111
45.3216	111
45.325	110
45.3284	110
45.3318	110
45.3351	109
45.3385	109
45.3419	109
45.3453	109
45.3486	109
45.352	108
45.3554	108
45.3587	108
45.3621	108
45.3655	108
45.3689	108
45.3722	108
45.3756	108
45.379	108
45.3824	108
45.3857	108
45.3891	108
45.3925	108
45.3958	108
45.3992	108
45.4026	108
45.406	107
45.4093	107
45.4127	107
45.4161	107
45.4195	107
45.4228	107
45.4262	107
45.4296	107
45.4329	107
45.4363	107
45.4397	107
45.4431	107
45.4464	107
45.4498	107
45.4532	107
45.4566	107
45.4599	107
45.4633	107
45.4667	107
45.47	107
45.4734	107
45.4768	107
45.4802	107
45.4835	107
45.4869	107
45.4903	107
45.4937	107
45.497	107
45.5004	107
45.5038	107
45.5071	107
45.5105	107
45.5139	107
45.5173	107
45.5206	107
45.524	107
45.5274	107
45.5308	107
45.5341	107
45.5375	107
45.5409	106
45.5442	106
45.5476	106
45.551	106
45.5544	105
45.5577	105
45.5611	105
45.5645	105
45.5679	105
45.5712	105
45.5746	105
45.578	104
45.5814	104
45.5847	104
45.5881	104
45.5915	104
45.5948	104
45.5982	104
45.6016	104
45.605	104
45.6083	104
45.6117	104
45.6151	104
45.6185	104
45.6218	104
45.6252	104
45.6286	104
45.6319	104
45.6359	104
45.6393	104
45.6427	104
45.646	104
45.6494	104
45.6528	104
45.6562	105
45.6595	105
45.6629	105
45.6663	105
45.6697	105
45.673	105
45.6764	105
45.6798	105
45.6831	105
45.6865	105
45.6899	105
45.6933	105
45.6966	105
45.7	105
45.7034	105
45.7068	105
45.7101	105
45.7135	105
45.7169	105
45.7202	105
45.7236	105
45.727	105
45.7304	105
45.7337	105
45.7371	105
45.7405	105
45.7439	105
45.7472	105
45.7506	104
45.754	104
45.7573	104
45.7607	104
45.7641	104
45.7675	104
45.7708	104
45.7742	104
45.7776	104
45.781	104
45.7843	104
45.7877	104
45.7911	104
45.7944	104
45.7978	104
45.8012	104
45.8046	104
45.8079	104
45.8113	104
45.8147	104
45.8181	104
45.8214	104
45.8248	104
45.8282	104
45.8315	104
45.8349	104
45.8383	104
45.8417	105
45.845	105
45.8484	105
45.8518	106
45.8552	106
45.8585	106
45.8619	106
45.8653	106
45.8686	106
45.872	107
45.8754	107
45.8788	107
45.8821	107
45.8855	107
45.8889	107
45.8923	107
45.8956	107
45.899	107
45.9024	107
45.9057	107
45.9091	107
45.9125	107
45.9159	107
45.9192	107
45.9226	107
45.926	107
45.9294	107
45.9327	107
45.9361	107
45.9395	107
45.9428	107
45.9462	107
45.9496	107
45.953	107
45.9563	107
45.9597	107
45.9631	107
45.9665	107
45.9698	107
45.9732	107
45.9766	107
45.9799	107
45.9833	107
45.9867	107
45.9901	107
45.9934	107
45.9968	107
46.0002	107
46.0036	107
46.0069	107
46.0103	107
46.0137	107
46.017	107
46.0204	107
46.0238	107
46.0272	107
46.0305	107
46.0339	107
46.0373	107
46.0407	107
46.044	107
46.0474	107
46.0508	108
46.0541	108
46.0575	109
46.0609	109
46.0643	109
46.0676	109
46.071	110
46.0744	110
46.0778	110
46.0811	110
46.0845	110
46.0879	110
46.0913	110
46.0946	110
46.098	110
46.1014	110
46.1047	110
46.1081	111
46.1115	111
46.1149	111
46.1182	111
46.1216	111
46.125	111
46.1284	111
46.1317	111
46.1351	111
46.1385	111
46.1418	111
46.1452	111
46.1486	111
46.152	111
46.1553	110
46.1587	110
46.1621	110
46.1655	109
46.1688	109
46.1722	109
46.1756	109
46.1789	108
46.1823	108
46.1857	108
46.1891	108
46.1924	108
46.1958	108
46.1992	108
46.2026	108
46.2059	108
46.2093	108
46.2127	108
46.216	108
46.2194	108
46.2228	108
46.2262	108
46.2295	108
46.2329	108
46.2363	108
46.2397	108
46.243	108
46.2464	108
46.2498	108
46.2531	108
46.2565	108
46.2599	108
46.2633	108
46.2666	108
46.27	108
46.2734	108
46.2768	108
46.2801	108
46.2835	108
46.2869	108
46.2902	108
46.2936	108
46.297	107
46.3004	107
46.3037	107
46.3071	107
46.3105	107
46.3139	107
46.3172	107
46.3206	107
46.324	107
46.3273	107
46.3307	107
46.3341	107
46.3375	107
46.3408	107
46.3442	107
46.3476	107
46.351	107
46.3543	107
46.3577	107
46.3611	107
46.3644	107
46.3678	107
46.3712	106
46.3746	106
46.3779	106
46.3813	106
46.3847	105
46.3881	105
46.3914	105
46.3948	105
46.3982	105
46.4015	105
46.4049	105
46.4083	105
46.4117	104
46.415	104
46.4184	104
46.4218	104
46.4252	104
46.4285	104
46.4319	104
46.4353	104
46.4386	104
46.442	104
46.4454	104
46.4488	104
46.4521	104
46.4555	104
46.4589	104
46.4623	104
46.4662	104
46.4696	104
46.473	104
46.4764	104
46.4797	104
46.4831	104
46.4865	104
46.4898	104
46.4932	104
46.4966	104
46.5	104
46.5033	104
46.5067	104
46.5101	105
46.5135	105
46.5168	105
46.5202	105
46.5236	105
46.5269	105
46.5303	105
46.5337	105
46.5371	105
46.5404	105
46.5438	105
46.5472	105
46.5506	105
46.5539	105
46.5573	105
46.5607	105
46.564	105
46.5674	105
46.5708	105
46.5742	105
46.5775	105
46.5809	104
46.5843	104
46.5877	104
46.591	104
46.5944	104
46.5978	104
46.6011	104
46.6045	104
46.6079	104
46.6113	104
46.6146	104
46.618	104
46.6214	104
46.6248	104
46.6281	104
46.6315	104
46.6349	104
46.6383	104
46.6416	104
46.645	104
46.6484	104
46.6517	104
46.6551	104
46.6585	104
46.6619	104
46.6652	104
46.6686	104
46.672	104
46.6754	105
46.6787	105
46.6821	105
46.6855	106
46.6888	106
46.6922	106
46.6956	106
46.699	106
46.7023	106
46.7057	107
46.7091	107
46.7125	107
46.7158	107
46.7192	107
46.7226	107
46.7259	107
46.7293	107
46.7327	107
46.7361	107
46.7394	107
46.7428	107
46.7462	107
46.7496	107
46.7529	107
46.7563	107
46.7597	107
46.763	107
46.7664	107
46.7698	107
46.7732	107
46.7765	107
46.7799	107
46.7833	107
46.7867	107
46.79	107
46.7934	107
46.7968	107
46.8001	107
46.8035	107
46.8069	107
46.8103	107
46.8136	107
46.817	107
46.8204	107
46.8238	107
46.8271	107
46.8305	107
46.8339	107
46.8372	107
46.8406	107
46.844	107
46.8474	107
46.8507	107
46.8541	107
46.8575	107
46.8609	107
46.8642	107
46.8676	107
46.871	107
46.8743	107
46.8777	107
46.8811	108
46.8845	108
46.8878	108
46.8912	109
46.8946	109
46.898	109
46.9013	109
46.9047	110
46.9081	110
46.9114	110
46.9148	110
46.9182	110
46.9216	110
46.9249	110
46.9283	110
46.9317	110
46.9351	110
46.9384	110
46.9418	110
46.9452	111
46.9485	111
46.9519	111
46.9553	111
46.9587	111
46.962	111
46.9654	111
46.9688	111
46.9722	111
46.9755	111
46.9789	111
46.9823	111
46.9856	110
46.989	110
46.9924	110
46.9958	109
46.9991	109
47.0025	109
47.0059	109
47.0093	109
47.0126	109
47.016	108
47.0194	108
47.0227	108
47.0261	108
47.0295	108
47.0329	108
47.0362	108
47.0396	108
47.043	108
47.0464	108
47.0497	108
47.0531	108
47.0565	108
47.0599	108
47.0632	108
47.0666	108
47.07	107
47.0733	107
47.0767	107
47.0801	107
47.0835	107
47.0868	107
47.0902	107
47.0936	107
47.097	107
47.1003	107
47.1037	107
47.1071	107
47.1104	107
47.1138	107
47.1172	107
47.1206	107
47.1239	107
47.1273	107
47.1307	107
47.1341	107
47.1374	107
47.1408	107
47.1442	107
47.1475	107
47.1509	107
47.1543	107
47.1577	107
47.161	107
47.1644	107
47.1678	107
47.1712	107
47.1745	107
47.1779	107
47.1813	107
47.1846	107
47.188	107
47.1914	107
47.1948	107
47.1981	107
47.2015	106
47.2049	106
47.2083	106
47.2116	106
47.215	105
47.2184	105
47.2217	105
47.2251	105
47.2285	105
47.2319	105
47.2352	105
47.2386	105
47.242	104
47.2454	104
47.2487	104
47.2521	104
47.2555	104
47.2588	104
47.2622	104
47.2656	104
47.269	104
47.2723	104
47.2757	104
47.2791	104
47.2825	104
47.2858	104
47.2892	104
47.2926	104
47.2966	104
47.2999	104
47.3033	104
47.3067	104
47.31	104
47.3134	104
47.3168	104
47.3202	105
47.3235	105
47.3269	105
47.3303	105
47.3337	105
47.337	105
47.3404	105
47.3438	105
47.3471	105
47.3505	105
47.3539	105
47.3573	105
47.3606	105
47.364	105
47.3674	105
47.3708	105
47.3741	105
47.3775	105
47.3809	105
47.3842	105
47.3876	105
47.391	105
47.3944	105
47.3977	105
47.4011	105
47.4045	105
47.4079	104
47.4112	104
47.4146	104
47.418	104
47.4213	104
47.4247	104
47.4281	104
47.4315	104
47.4348	104
47.4382	104
47.4416	104
47.445	104
47.4483	104
47.4517	104
47.4551	104
47.4584	104
47.4618	104
47.4652	104
47.4686	104
47.4719	104
47.4753	104
47.4787	104
47.4821	104
47.4854	104
47.4888	104
47.4922	104
47.4955	104
47.4989	104
47.5023	104
47.5057	105
47.509	105
47.5124	105
47.5158	106
47.5192	106
47.5225	106
47.5259	106
47.5293	106
47.5326	107
47.536	107
47.5394	107
47.5428	107
47.5461	107
47.5495	107
47.5529	107
47.5563	107
47.5596	107
47.563	107
47.5664	107
47.5697	107
47.5731	107
47.5765	107
47.5799	107
47.5832	107
47.5866	107
47.59	107
47.5934	107
47.5967	107
47.6001	107
47.6035	107
47.6069	107
47.6102	107
47.6136	107
47.617	107
47.6203	107
47.6237	107
47.6271	107
47.6305	107
47.6338	107
47.6372	107
47.6406	107
47.644	107
47.6473	107
47.6507	107
47.6541	107
47.6574	107
47.6608	107
47.6642	107
47.6676	107
47.6709	107
47.6743	107
47.6777	107
47.6811	107
47.6844	107
47.6878	107
47.6912	107
47.6945	107
47.6979	107
47.7013	107
47.7047	107
47.708	107
47.7114	108
47.7148	108
47.7182	109
47.7215	109
47.7249	109
47.7283	109
47.7316	109
47.735	110
47.7384	110
47.7418	110
47.7451	110
47.7485	110
47.7519	110
47.7553	110
47.7586	110
47.762	110
47.7654	110
47.7687	110
47.7721	111
47.7755	111
47.7789	111
47.7822	111
47.7856	111
47.789	111
47.7924	111
47.7957	111
47.7991	111
47.8025	111
47.8058	111
47.8092	111
47.8126	111
47.816	110
47.8193	110
47.8227	110
47.8261	109
47.8295	109
47.8328	109
47.8362	109
47.8396	109
47.8429	108
47.8463	108
47.8497	108
47.8531	108
47.8564	108
47.8598	108
47.8632	108
47.8666	108
47.8699	108
47.8733	108
47.8767	108
47.88	108
47.8834	108
47.8868	108
47.8902	108
47.8935	108
47.8969	108
47.9003	108
47.9037	108
47.907	108
47.9104	108
47.9138	108
47.9171	108
47.9205	108
47.9239	108
47.9273	108
47.9306	108
47.934	108
47.9374	108
47.9408	108
47.9441	108
47.9475	108
47.9509	108
47.9542	108
47.9576	108
47.961	107
47.9644	107
47.9677	107
47.9711	107
47.9745	107
47.9779	107
47.9812	107
47.9846	107
47.988	107
47.9913	107
47.9947	107
47.9981	107
48.0015	107
48.0048	107
48.0082	107
48.0116	107
48.015	107
48.0183	107
48.0217	107
48.0251	107
48.0285	107
48.0318	106
48.0352	106
48.0386	106
48.0419	105
48.0453	105
48.0487	105
48.0521	105
48.0554	105
48.0588	105
48.0622	105
48.0656	105
48.0689	105
48.0723	105
48.0757	104
48.079	104
48.0824	104
48.0858	104
48.0892	104
48.0925	104
48.0959	104
48.0993	104
48.1027	104
48.106	104
48.1094	104
48.1128	104
48.1161	104
48.1195	104
48.1229	104
48.1269	104
48.1302	104
48.1336	104
48.137	104
48.1404	104
48.1437	104
48.1471	104
48.1505	104
48.1539	104
48.1572	104
48.1606	104
48.164	104
48.1673	104
48.1707	104
48.1741	105
48.1775	105
48.1808	105
48.1842	105
48.1876	105
48.191	105
48.1943	105
48.1977	105
48.2011	105
48.2044	105
48.2078	105
48.2112	105
48.2146	105
48.2179	105
48.2213	105
48.2247	105
48.2281	105
48.2314	105
48.2348	105
48.2382	105
48.2415	105
48.2449	104
48.2483	104
48.2517	104
48.255	104
48.2584	104
48.2618	104
48.2652	104
48.2685	104
48.2719	104
48.2753	104
48.2786	104
48.282	104
48.2854	104
48.2888	104
48.2921	104
48.2955	104
48.2989	104
48.3023	104
48.3056	104
48.309	104
48.3124	104
48.3157	104
48.3191	104
48.3225	104
48.3259	104
48.3292	104
48.3326	105
48.336	105
48.3394	105
48.3427	105
48.3461	106
48.3495	106
48.3528	106
48.3562	106
48.3596	106
48.363	106
48.3663	107
48.3697	107
48.3731	107
48.3765	107
48.3798	107
48.3832	107
48.3866	107
48.3899	107
48.3933	107
48.3967	107
48.4001	107
48.4034	107
48.4068	107
48.4102	107
48.4136	107
48.4169	107
48.4203	107
48.4237	107
48.427	107
48.4304	107
48.4338	107
48.4372	107
48.4405	107
48.4439	107
48.4473	107
48.4507	107
48.454	107
48.4574	107
48.4608	107
48.4641	107
48.4675	107
48.4709	107
48.4743	107
48.4776	107
48.481	107
48.4844	107
48.4878	107
48.4911	107
48.4945	107
48.4979	107
48.5012	107
48.5046	107
48.508	107
48.5114	107
48.5147	107
48.5181	107
48.5215	107
48.5249	107
48.5282	107
48.5316	107
48.535	107
48.5383	107
48.5417	108
48.5451	108
48.5485	109
48.5518	109
48.5552	109
48.5586	109
48.562	109
48.5653	110
48.5687	110
48.5721	110
48.5755	110
48.5788	110
48.5822	110
48.5856	110
48.5889	110
48.5923	110
48.5957	110
48.5991	110
48.6024	110
48.6058	110
48.6092	111
48.6126	111
48.6159	111
48.6193	111
48.6227	111
48.626	111
48.6294	111
48.6328	111
48.6362	111
48.6395	111
48.6429	111
48.6463	110
48.6497	110
48.653	110
48.6564	109
48.6598	109
48.6631	109
48.6665	109
48.6699	109
48.6733	108
48.6766	108
48.68	108
48.6834	108
48.6868	108
48.6901	108
48.6935	108
48.6969	108
48.7002	108
48.7036	108
48.707	108
48.7104	108
48.7137	108
48.7171	108
48.7205	108
48.7239	108
48.7272	108
48.7306	108
48.734	107
48.7373	107
48.7407	107
48.7441	107
48.7475	107
48.7508	107
48.7542	107
48.7576	107
48.761	107
48.7643	107
48.7677	107
48.7711	107
48.7744	107
48.7778	107
48.7812	107
48.7846	107
48.7879	107
48.7913	107
48.7947	107
48.7981	107
48.8014	107
48.8048	107
48.8082	107
48.8115	107
48.8149	107
48.8183	107
48.8217	107
48.825	107
48.8284	107
48.8318	107
48.8352	107
48.8385	107
48.8419	107
48.8453	107
48.8486	107
48.852	107
48.8554	107
48.8588	107
48.8621	106
48.8655	106
48.8689	106
48.8723	106
48.8756	105
48.879	105
48.8824	105
48.8857	105
48.8891	105
48.8925	105
48.8959	105
48.8992	105
48.9026	105
48.906	104
48.9094	104
48.9127	104
48.9161	104
48.9195	104
48.9228	104
48.9262	104
48.9296	104
48.933	104
48.9363	104
48.9397	104
48.9431	104
48.9465	104
48.9498	104
48.9532	104
48.9572	104
48.9606	104
48.9639	104
48.9673	104
48.9707	104
48.974	104
48.9774	104
48.9808	104
48.9842	104
48.9875	104
48.9909	104
48.9943	104
48.9977	104
49.001	105
49.0044	105
49.0078	105
49.0111	105
49.0145	105
49.0179	105
49.0213	105
49.0246	105
49.028	105
49.0314	105
49.0348	105
49.0381	105
49.0415	105
49.0449	105
49.0482	105
49.0516	105
49.055	105
49.0584	105
49.0617	104
49.0651	104
49.0685	104
49.0719	104
49.0752	104
49.0786	104
49.082	104
49.0853	104
49.0887	104
49.0921	104
49.0955	104
49.0988	104
49.1022	104
49.1056	104
49.109	104
49.1123	104
49.1157	104
49.1191	104
49.1225	104
49.1258	104
49.1292	104
49.1326	104
49.1359	104
49.1393	104
49.1427	104
49.1461	104
49.1494	104
49.1528	104
49.1562	104
49.1596	104
49.1629	105
49.1663	105
49.1697	105
49.173	106
49.1764	106
49.1798	106
49.1832	106
49.1865	106
49.1899	106
49.1933	107
49.1967	107
49.2	107
49.2034	107
49.2068	107
49.2101	107
49.2135	107
49.2169	107
49.2203	107
49.2236	107
49.227	107
49.2304	107
49.2338	107
49.2371	107
49.2405	107
49.2439	107
49.2472	107
49.2506	107
49.254	107
49.2574	107
49.2607	107
49.2641	107
49.2675	107
49.2709	107
49.2742	107
49.2776	107
49.281	107
49.2843	107
49.2877	107
49.2911	107
49.2945	107
49.2978	107
49.3012	107
49.3046	107
49.308	107
49.3113	107
49.3147	107
49.3181	107
49.3214	107
49.3248	107
49.3282	107
49.3316	107
49.3349	107
49.3383	107
49.3417	107
49.3451	107
49.3484	107
49.3518	107
49.3552	107
49.3585	107
49.3619	107
49.3653	107
49.3687	107
49.372	108
49.3754	108
49.3788	109
49.3822	109
49.3855	109
49.3889	109
49.3923	110
49.3956	110
49.399	110
49.4024	110
49.4058	110
49.4091	110
49.4125	110
49.4159	110
49.4193	110
49.4226	110
49.426	111
49.4294	111
49.4327	111
49.4361	111
49.4395	111
49.4429	111
49.4462	111
49.4496	111
49.453	111
49.4564	111
49.4597	111
49.4631	111
49.4665	111
49.4698	111
49.4732	111
49.4766	110
49.48	110
49.4833	110
49.4867	109
49.4901	109
49.4935	109
49.4968	109
49.5002	109
49.5036	108
49.5069	108
49.5103	108
49.5137	108
49.5171	108
49.5204	108
49.5238	108
49.5272	108
49.5306	108
49.5339	108
49.5373	108
49.5407	108
49.5441	108
49.5474	108
49.5508	108
49.5542	108
49.5575	108
49.5609	108
49.5643	108
49.5677	108
49.571	108
49.5744	108
49.5778	108
49.5812	108
49.5845	108
49.5879	108
49.5913	108
49.5946	108
49.598	108
49.6014	108
49.6048	108
49.6081	108
49.6115	108
49.6149	108
49.6183	108
49.6216	108
49.625	107
49.6284	107
49.6317	107
49.6351	107
49.6385	107
49.6419	107
49.6452	107
49.6486	107
49.652	107
49.6554	107
49.6587	107
49.6621	107
49.6655	107
49.6688	107
49.6722	107
49.6756	107
49.679	107
49.6823	107
49.6857	107
49.6891	107
49.6925	106
49.6958	106
49.6992	106
49.7026	105
49.7059	105
49.7093	105
49.7127	105
49.7161	105
49.7194	105
49.7228	105
49.7262	105
49.7296	105
49.7329	104
49.7363	104
49.7397	104
49.743	104
49.7464	104
49.7498	104
49.7532	104
49.7565	104
49.7599	104
49.7633	104
49.7667	104
49.77	104
49.7734	104
49.7768	104
49.7801	104
49.7835	104
49.7875	104
49.7909	104
49.7942	104
49.7976	104
49.801	104
49.8044	104
49.8077	104
49.8111	105
49.8145	105
49.8179	105
49.8212	105
49.8246	105
49.828	105
49.8313	105
49.8347	105
49.8381	105
49.8415	105
49.8448	105
49.8482	105
49.8516	105
49.855	105
49.8583	105
49.8617	105
49.8651	105
49.8684	105
49.8718	105
49.8752	105
49.8786	105
49.8819	105
49.8853	105
49.8887	105
49.8921	105
49.8954	105
49.8988	104
49.9022	104
49.9055	104
49.9089	104
49.9123	104
49.9157	104
49.919	104
49.9224	104
49.9258	104
49.9292	104
49.9325	104
49.9359	104
49.9393	104
49.9426	104
49.946	104
49.9494	104
49.9528	104
49.9561	104
49.9595	104
49.9629	104
49.9663	104
49.9696	104
49.973	104
49.9764	104
49.9797	104
49.9831	104
49.9865	104
49.9899	104
49.9932	105
49.9966	105
50	105
50.0034	105
50.0067	106
50.0101	106
50.0135	106
50.0168	106
50.0202	106
50.0236	107
50.027	107
50.0303	107
50.0337	107
50.0371	107
50.0405	107
50.0438	107
50.0472	107
50.0506	107
50.0539	107
50.0573	107
50.0607	107
50.0641	107
50.0674	107
50.0708	107
50.0742	107
50.0776	107
50.0809	107
50.0843	107
50.0877	107
50.0911	107
50.0944	107
50.0978	107
50.1012	107
50.1045	107
50.1079	107
50.1113	107
50.1147	107
50.118	107
50.1214	107
50.1248	107
50.1282	107
50.1315	107
50.1349	107
50.1383	107
50.1416	107
50.145	107
50.1484	107
50.1518	107
50.1551	107
50.1585	107
50.1619	107
50.1653	107
50.1686	107
50.172	107
50.1754	107
50.1787	107
50.1821	107
50.1855	107
50.1889	107
50.1922	107
50.1956	107
50.199	107
50.2024	108
50.2057	108
50.2091	109
50.2125	109
50.2158	109
50.2192	109
50.2226	109
50.226	110
50.2293	110
50.2327	110
50.2361	110
50.2395	110
50.2428	110
50.2462	110
50.2496	110
50.2529	110
50.2563	110
50.2597	110
50.2631	111
50.2664	111
50.2698	111
50.2732	111
50.2766	111
50.2799	111
50.2833	111
50.2867	111
50.29	111
50.2934	111
50.2968	111
50.3002	111
50.3035	111
50.3069	110
50.3103	110
50.3137	110
50.317	109
50.3204	109
50.3238	109
50.3271	109
50.3305	109
50.3339	108
50.3373	108
50.3406	108
50.344	108
50.3474	108
50.3508	108
50.3541	108
50.3575	108
50.3609	108
50.3642	108
50.3676	108
50.371	108
50.3744	108
50.3777	108
50.3811	108
50.3845	108
50.3879	108
50.3912	108
50.3946	108
50.398	107
50.4013	107
50.4047	107
50.4081	107
50.4115	107
50.4148	107
50.4182	107
50.4216	107
50.425	107
50.4283	107
50.4317	107
50.4351	107
50.4384	107
50.4418	107
50.4452	107
50.4486	107
50.4519	107
50.4553	107
50.4587	107
50.4621	107
50.4654	107
50.4688	107
50.4722	107
50.4755	107
50.4789	107
50.4823	107
50.4857	107
50.489	107
50.4924	107
50.4958	107
50.4992	107
50.5025	107
50.5059	107
50.5093	107
50.5127	107
50.516	107
50.5194	107
50.5228	106
50.5261	106
50.5295	106
50.5329	106
50.5363	105
50.5396	105
50.543	105
50.5464	105
50.5498	105
50.5531	105
50.5565	105
50.5599	105
50.5632	105
50.5666	104
50.57	104
50.5734	104
50.5767	104
50.5801	104
50.5835	104
50.5869	104
50.5902	104
50.5936	104
50.597	104
50.6003	104
50.6037	104
50.6071	104
50.6105	104
50.6138	104
50.6178	104
50.6212	104
50.6246	104
50.6279	104
50.6313	104
50.6347	104
50.6381	104
50.6414	104
50.6448	104
50.6482	104
50.6515	104
50.6549	104
50.6583	104
50.6617	104
50.665	105
50.6684	105
50.6718	105
50.6752	105
50.6785	105
50.6819	105
50.6853	105
50.6886	105
50.692	105
50.6954	105
50.6988	105
50.7021	105
50.7055	105
50.7089	105
50.7123	105
50.7156	105
50.719	105
50.7224	105
50.7257	104
50.7291	104
50.7325	104
50.7359	104
50.7392	104
50.7426	104
50.746	104
50.7494	104
50.7527	104
50.7561	104
50.7595	104
50.7628	104
50.7662	104
50.7696	104
50.773	104
50.7763	104
50.7797	104
50.7831	104
50.7865	104
50.7898	104
50.7932	104
50.7966	104
50.7999	104
50.8033	104
50.8067	104
50.8101	104
50.8134	104
50.8168	104
50.8202	104
50.8236	105
50.8269	105
50.8303	105
50.8337	105
50.837	106
50.8404	106
50.8438	106
50.8472	106
50.8505	106
50.8539	107
50.8573	107
50.8607	107
50.864	107
50.8674	107
50.8708	107
50.8741	107
50.8775	107
50.8809	107
50.8843	107
50.8876	107
50.891	107
50.8944	107
50.8978	107
50.9011	107
50.9045	107
50.9079	107
50.9112	107
50.9146	107
50.918	107
50.9214	107
50.9247	107
50.9281	107
50.9315	107
50.9349	107
50.9382	107
50.9416	107
50.945	107
50.9483	107
50.9517	107
50.9551	107
50.9585	107
50.9618	107
50.9652	107
50.9686	107
50.972	107
50.9753	107
50.9787	107
50.9821	107
50.9854	107
50.9888	107
50.9922	107
50.9956	107
50.9989	107
51.0023	107
51.0057	107
51.0091	107
51.0124	107
51.0158	107
51.0192	107
51.0226	107
51.0259	107
51.0293	107
51.0327	108
51.036	108
51.0394	109
51.0428	109
51.0462	109
51.0495	109
51.0529	109
51.0563	110
51.0597	110
51.063	110
51.0664	110
51.0698	110
51.0731	110
51.0765	110
51.0799	110
51.0833	110
51.0866	110
51.09	111
51.0934	111
51.0968	111
51.1001	111
51.1035	111
51.1069	111
51.1102	111
51.1136	111
51.117	111
51.1204	111
51.1237	111
51.1271	111
51.1305	111
51.1339	111
51.1372	110
51.1406	110
51.144	110
51.1473	109
51.1507	109
51.1541	109
51.1575	109
51.1608	109
51.1642	108
51.1676	108
51.171	108
51.1743	108
51.1777	108
51.1811	108
51.1844	108
51.1878	108
51.1912	108
51.1946	108
51.1979	108
51.2013	108
51.2047	108
51.2081	108
51.2114	108
51.2148	108
51.2182	108
51.2215	108
51.2249	108
51.2283	108
51.2317	108
51.235	108
51.2384	108
51.2418	108
51.2452	108
51.2485	108
51.2519	108
51.2553	108
51.2586	108
51.262	108
51.2654	108
51.2688	108
51.2721	108
51.2755	108
51.2789	108
51.2823	108
51.2856	108
51.289	108
51.2924	108
51.2957	108
51.2991	108
51.3025	108
51.3059	108
51.3092	108
51.3126	108
51.316	107
51.3194	107
51.3227	107
51.3261	107
51.3295	107
51.3328	107
51.3362	107
51.3396	107
51.343	107
51.3463	107
51.3497	107
51.3531	106
51.3565	106
51.3598	106
51.3632	106
51.3666	105
51.3699	105
51.3733	105
51.3767	105
51.3801	105
51.3834	105
51.3868	105
51.3902	105
51.3936	104
51.3969	104
51.4003	104
51.4037	104
51.407	104
51.4104	104
51.4138	104
51.4172	104
51.4205	104
51.4239	104
51.4273	104
51.4307	104
51.434	104
51.4374	104
51.4408	104
51.4442	104
51.4481	104
51.4515	104
51.4549	104
51.4582	104
51.4616	104
51.465	104
51.4684	104
51.4717	104
51.4751	105
51.4785	105
51.4819	105
51.4852	105
51.4886	105
51.492	105
51.4953	105
51.4987	105
51.5021	105
51.5055	105
51.5088	105
51.5122	105
51.5156	105
51.519	105
51.5223	105
51.5257	105
51.5291	105
51.5324	105
51.5358	105
51.5392	105
51.5426	105
51.5459	105
51.5493	105
51.5527	104
51.5561	104
51.5594	104
51.5628	104
51.5662	104
51.5696	104
51.5729	104
51.5763	104
51.5797	104
51.583	104
51.5864	104
51.5898	104
51.5932	104
51.5965	104
51.5999	104
51.6033	104
51.6067	104
51.61	104
51.6134	104
51.6168	104
51.6201	104
51.6235	104
51.6269	104
51.6303	104
51.6336	104
51.637	104
51.6404	104
51.6438	104
51.6471	104
51.6505	104
51.6539	105
51.6572	105
51.6606	105
51.664	105
51.6674	106
51.6707	106
51.6741	106
51.6775	106
51.6809	106
51.6842	107
51.6876	107
51.691	107
51.6943	107
51.6977	107
51.7011	107
51.7045	107
51.7078	107
51.7112	107
51.7146	107
51.718	107
51.7213	107
51.7247	107
51.7281	107
51.7314	107
51.7348	107
51.7382	107
51.7416	107
51.7449	107
51.7483	107
51.7517	107
51.7551	107
51.7584	107
51.7618	107
51.7652	107
51.7685	107
51.7719	107
51.7753	107
51.7787	107
51.782	107
51.7854	107
51.7888	107
51.7922	107
51.7955	107
51.7989	107
51.8023	107
51.8056	107
51.809	107
51.8124	107
51.8158	107
51.8191	107
51.8225	107
51.8259	107
51.8293	107
51.8326	107
51.836	107
51.8394	107
51.8427	107
51.8461	107
51.8495	107
51.8529	107
51.8562	107
51.8596	107
51.863	108
51.8664	108
51.8697	108
51.8731	109
51.8765	109
51.8798	109
51.8832	110
51.8866	110
51.89	110
51.8933	110
51.8967	110
51.9001	110
51.9035	110
51.9068	110
51.9102	110
51.9136	110
51.9169	110
51.9203	110
51.9237	110
51.9271	111
51.9304	111
51.9338	111
51.9372	111
51.9406	111
51.9439	111
51.9473	111
51.9507	111
51.954	111
51.9574	111
51.9608	111
51.9642	111
51.9675	110
51.9709	110
51.9743	110
51.9777	109
51.981	109
51.9844	109
51.9878	109
51.9912	109
51.9945	108
51.9979	108
52.0013	108
52.0046	108
52.008	108
52.0114	108
52.0148	108
52.0181	108
52.0215	108
52.0249	108
52.0283	108
52.0316	108
52.035	108
52.0384	108
52.0417	108
52.0451	108
52.0485	108
52.0519	108
52.0552	108
52.0586	108
52.062	107
52.0654	107
52.0687	107
52.0721	107
52.0755	107
52.0788	107
52.0822	107
52.0856	107
52.089	107
52.0923	107
52.0957	107
52.0991	107
52.1025	107
52.1058	107
52.1092	107
52.1126	107
52.1159	107
52.1193	107
52.1227	107
52.1261	107
52.1294	107
52.1328	107
52.1362	107
52.1396	107
52.1429	107
52.1463	107
52.1497	107
52.153	107
52.1564	107
52.1598	107
52.1632	107
52.1665	107
52.1699	107
52.1733	107
52.1767	107
52.18	107
52.1834	106
52.1868	106
52.1901	106
52.1935	106
52.1969	105
52.2003	105
52.2036	105
52.207	105
52.2104	105
52.2138	105
52.2171	105
52.2205	105
52.2239	105
52.2272	105
52.2306	104
52.234	104
52.2374	104
52.2407	104
52.2441	104
52.2475	104
52.2509	104
52.2542	104
52.2576	104
52.261	104
52.2643	104
52.2677	104
52.2711	104
52.2745	104
52.2784	104
52.2818	104
52.2852	104
52.2886	104
52.2919	104
52.2953	104
52.2987	104
52.3021	105
52.3054	105
52.3088	105
52.3122	105
52.3155	105
52.3189	105
52.3223	105
52.3257	105
52.329	105
52.3324	105
52.3358	105
52.3392	105
52.3425	105
52.3459	105
52.3493	105
52.3526	105
52.356	105
52.3594	105
52.3628	105
52.3661	105
52.3695	105
52.3729	105
52.3763	105
52.3796	105
52.383	105
52.3864	105
52.3897	104
52.3931	104
52.3965	104
52.3999	104
52.4032	104
52.4066	104
52.41	104
52.4134	104
52.4167	104
52.4201	104
52.4235	104
52.4268	104
52.4302	104
52.4336	104
52.437	104
52.4403	104
52.4437	104
52.4471	104
52.4505	104
52.4538	104
52.4572	104
52.4606	104
52.4639	104
52.4673	104
52.4707	104
52.4741	104
52.4774	104
52.4808	104
52.4842	104
52.4876	105
52.4909	105
52.4943	105
52.4977	106
52.501	106
52.5044	106
52.5078	106
52.5112	106
52.5145	107
52.5179	107
52.5213	107
52.5247	107
52.528	107
52.5314	107
52.5348	107
52.5382	107
52.5415	107
52.5449	107
52.5483	107
52.5516	107
52.555	107
52.5584	107
52.5618	107
52.5651	107
52.5685	107
52.5719	107
52.5753	107
52.5786	107
52.582	107
52.5854	107
52.5887	107
52.5921	107
52.5955	107
52.5989	107
52.6022	107
52.6056	107
52.609	107
52.6124	107
52.6157	107
52.6191	107
52.6225	107
52.6258	107
52.6292	107
52.6326	107
52.636	107
52.6393	107
52.6427	107
52.6461	107
52.6495	107
52.6528	107
52.6562	107
52.6596	107
52.6629	107
52.6663	107
52.6697	107
52.6731	107
52.6764	107
52.6798	107
52.6832	107
52.6866	107
52.6899	107
52.6933	108
52.6967	108
52.7	109
52.7034	109
52.7068	109
52.7102	109
52.7135	110
52.7169	110
52.7203	110
52.7237	110
52.727	110
52.7304	110
52.7338	110
52.7371	110
52.7405	110
52.7439	110
52.7473	111
52.7506	111
52.754	111
52.7574	111
52.7608	111
52.7641	111
52.7675	111
52.7709	111
52.7742	111
52.7776	111
52.781	111
52.7844	111
52.7877	111
52.7911	111
52.7945	111
52.7979	110
52.8012	110
52.8046	110
52.808	109
52.8113	109
52.8147	109
52.8181	109
52.8215	109
52.8248	108
52.8282	108
52.8316	108
52.835	108
52.8383	108
52.8417	108
52.8451	108
52.8484	108
52.8518	108
52.8552	108
52.8586	108
52.8619	108
52.8653	108
52.8687	108
52.8721	108
52.8754	108
52.8788	108
52.8822	108
52.8855	108
52.8889	108
52.8923	108
52.8957	108
52.899	108
52.9024	108
52.9058	108
52.9092	108
52.9125	108
52.9159	108
52.9193	108
52.9226	108
52.926	108
52.9294	108
52.9328	108
52.9361	108
52.9395	108
52.9429	108
52.9463	108
52.9496	108
52.953	108
52.9564	108
52.9598	108
52.9631	108
52.9665	108
52.9699	108
52.9732	108
52.9766	108
52.98	107
52.9834	107
52.9867	107
52.9901	107
52.9935	107
52.9969	107
53.0002	107
53.0036	107
53.007	107
53.0103	107
53.0137	106
53.0171	106
53.0205	106
53.0238	106
53.0272	105
53.0306	105
53.034	105
53.0373	105
53.0407	105
53.0441	105
53.0474	105
53.0508	105
53.0542	105
53.0576	104
53.0609	104
53.0643	104
53.0677	104
53.0711	104
53.0744	104
53.0778	104
53.0812	104
53.0845	104
53.0879	104
53.0913	104
53.0947	104
53.098	104
53.1014	104
53.1048	104
53.1088	104
53.1121	104
53.1155	104
53.1189	104
53.1223	104
53.1256	104
53.129	104
53.1324	104
53.1357	104
53.1391	105
53.1425	105
53.1459	105
53.1492	105
53.1526	105
53.156	105
53.1594	105
53.1627	105
53.1661	105
53.1695	105
53.1728	105
53.1762	105
53.1796	105
53.183	105
53.1863	105
53.1897	105
53.1931	105
53.1965	105
53.1998	105
53.2032	105
53.2066	105
53.2099	105
53.2133	105
53.2167	104
53.2201	104
53.2234	104
53.2268	104
53.2302	104
53.2336	104
53.2369	104
53.2403	104
53.2437	104
53.247	104
53.2504	104
53.2538	104
53.2572	104
53.2605	104
53.2639	104
53.2673	104
53.2707	104
53.274	104
53.2774	104
53.2808	104
53.2841	104
53.2875	104
53.2909	104
53.2943	104
53.2976	104
53.301	104
53.3044	104
53.3078	104
53.3111	104
53.3145	105
53.3179	105
53.3212	105
53.3246	106
53.328	106
53.3314	106
53.3347	106
53.3381	106
53.3415	106
53.3449	107
53.3482	107
53.3516	107
53.355	107
53.3583	107
53.3617	107
53.3651	107
53.3685	107
53.3718	107
53.3752	107
53.3786	107
53.382	107
53.3853	107
53.3887	107
53.3921	107
53.3954	107
53.3988	107
53.4022	107
53.4056	107
53.4089	107
53.4123	107
53.4157	107
53.4191	107
53.4224	107
53.4258	107
53.4292	107
53.4325	107
53.4359	107
53.4393	107
53.4427	107
53.446	107
53.4494	107
53.4528	107
53.4562	107
53.4595	107
53.4629	107
53.4663	107
53.4696	107
53.473	107
53.4764	107
53.4798	107
53.4831	107
53.4865	107
53.4899	107
53.4933	107
53.4966	107
53.5	107
53.5034	107
53.5068	107
53.5101	107
53.5135	107
53.5169	107
53.5202	107
53.5236	108
53.527	108
53.5304	108
53.5337	109
53.5371	109
53.5405	109
53.5439	109
53.5472	110
53.5506	110
53.554	110
53.5573	110
53.5607	110
53.5641	110
53.5675	110
53.5708	110
53.5742	110
53.5776	110
53.581	110
53.5843	110
53.5877	110
53.5911	111
53.5944	111
53.5978	111
53.6012	111
53.6046	111
53.6079	111
53.6113	111
53.6147	111
53.6181	111
53.6214	111
53.6248	111
53.6282	110
53.6315	110
53.6349	110
53.6383	109
53.6417	109
53.645	109
53.6484	109
53.6518	109
53.6552	108
53.6585	108
53.6619	108
53.6653	108
53.6686	108
53.672	108
53.6754	108
53.6788	108
53.6821	108
53.6855	108
53.6889	108
53.6923	108
53.6956	108
53.699	108
53.7024	108
53.7057	108
53.7091	108
53.7125	108
53.7159	108
53.7192	108
53.7226	108
53.726	107
53.7294	107
53.7327	107
53.7361	107
53.7395	107
53.7428	107
53.7462	107
53.7496	107
53.753	107
53.7563	107
53.7597	107
53.7631	107
53.7665	107
53.7698	107
53.7732	107
53.7766	107
53.7799	107
53.7833	107
53.7867	107
53.7901	107
53.7934	107
53.7968	107
53.8002	107
53.8036	107
53.8069	107
53.8103	107
53.8137	107
53.817	107
53.8204	107
53.8238	107
53.8272	107
53.8305	107
53.8339	107
53.8373	107
53.8407	107
53.844	106
53.8474	106
53.8508	106
53.8541	106
53.8575	105
53.8609	105
53.8643	105
53.8676	105
53.871	105
53.8744	105
53.8778	105
53.8811	105
53.8845	105
53.8879	104
53.8912	104
53.8946	104
53.898	104
53.9014	104
53.9047	104
53.9081	104
53.9115	104
53.9149	104
53.9182	104
53.9216	104
53.925	104
53.9284	104
53.9317	104
53.9351	104
53.9391	104
53.9424	104
53.9458	104
53.9492	104
53.9526	104
53.9559	104
53.9593	104
53.9627	104
53.9661	105
53.9694	105
53.9728	105
53.9762	105
53.9795	105
53.9829	105
53.9863	105
53.9897	105
53.993	105
53.9964	105
53.9998	105
54.0032	105
54.0065	105
54.0099	105
54.0133	105
54.0166	105
54.02	105
54.0234	105
54.0268	105
54.0301	105
54.0335	105
54.0369	105
54.0403	105
54.0436	105
54.047	105
54.0504	105
54.0538	104
54.0571	104
54.0605	104
54.0639	104
54.0672	104
54.0706	104
54.074	104
54.0774	104
54.0807	104
54.0841	104
54.0875	104
54.0909	104
54.0942	104
54.0976	104
54.101	104
54.1043	104
54.1077	104
54.1111	104
54.1145	104
54.1178	104
54.1212	104
54.1246	104
54.128	104
54.1313	104
54.1347	104
54.1381	104
54.1414	104
54.1448	105
54.1482	105
54.1516	105
54.1549	105
54.1583	106
54.1617	106
54.1651	106
54.1684	106
54.1718	106
54.1752	107
54.1785	107
54.1819	107
54.1853	107
54.1887	107
54.192	107
54.1954	107
54.1988	107
54.2022	107
54.2055	107
54.2089	107
54.2123	107
54.2156	107
54.219	107
54.2224	107
54.2258	107
54.2291	107
54.2325	107
54.2359	107
54.2393	107
54.2426	107
54.246	107
54.2494	107
54.2527	107
54.2561	107
54.2595	107
54.2629	107
54.2662	107
54.2696	107
54.273	107
54.2764	107
54.2797	107
54.2831	107
54.2865	107
54.2898	107
54.2932	107
54.2966	107
54.3	107
54.3033	107
54.3067	107
54.3101	107
54.3135	107
54.3168	107
54.3202	107
54.3236	107
54.3269	107
54.3303	107
54.3337	107
54.3371	107
54.3404	107
54.3438	107
54.3472	107
54.3506	107
54.3539	108
54.3573	108
54.3607	108
54.364	109
54.3674	109
54.3708	109
54.3742	110
54.3775	110
54.3809	110
54.3843	110
54.3877	110
54.391	110
54.3944	110
54.3978	110
54.4011	110
54.4045	110
54.4079	110
54.4113	111
54.4146	111
54.418	111
54.4214	111
54.4248	111
54.4281	111
54.4315	111
54.4349	111
54.4382	111
54.4416	111
54.445	111
54.4484	111
54.4517	111
54.4551	111
54.4585	110
54.4619	110
54.4652	110
54.4686	109
54.472	109
54.4754	109
54.4787	109
54.4821	109
54.4855	108
54.4888	108
54.4922	108
54.4956	108
54.499	108
54.5023	108
54.5057	108
54.5091	108
54.5125	108
54.5158	108
54.5192	108
54.5226	108
54.5259	108
54.5293	108
54.5327	108
54.5361	108
54.5394	108
54.5428	108
54.5462	108
54.5496	108
54.5529	108
54.5563	108
54.5597	108
54.563	108
54.5664	108
54.5698	108
54.5732	108
54.5765	108
54.5799	108
54.5833	108
54.5867	108
54.59	108
54.5934	108
54.5968	108
54.6001	108
54.6035	108
54.6069	108
54.6103	108
54.6136	108
54.617	108
54.6204	108
54.6238	108
54.6271	108
54.6305	108
54.6339	108
54.6372	108
54.6406	108
54.644	107
54.6474	107
54.6507	107
54.6541	107
54.6575	107
54.6609	107
54.6642	107
54.6676	107
54.671	107
54.6743	106
54.6777	106
54.6811	106
54.6845	106
54.6878	105
54.6912	105
54.6946	105
54.698	105
54.7013	105
54.7047	105
54.7081	105
54.7114	105
54.7148	104
54.7182	104
54.7216	104
54.7249	104
54.7283	104
54.7317	104
54.7351	104
54.7384	104
54.7418	104
54.7452	104
54.7485	104
54.7519	104
54.7553	104
54.7587	104
54.762	104
54.7654	104
54.7694	104
54.7728	104
54.7761	104
54.7795	104
54.7829	104
54.7863	104
54.7896	104
54.793	105
54.7964	105
54.7997	105
54.8031	105
54.8065	105
54.8099	105
54.8132	105
54.8166	105
54.82	105
54.8234	105
54.8267	105
54.8301	105
54.8335	105
54.8368	105
54.8402	105
54.8436	105
54.847	105
54.8503	105
54.8537	105
54.8571	105
54.8605	105
54.8638	105
54.8672	105
54.8706	105
54.8739	104
54.8773	104
54.8807	104
54.8841	104
54.8874	104
54.8908	104
54.8942	104
54.8976	104
54.9009	104
54.9043	104
54.9077	104
54.911	104
54.9144	104
54.9178	104
54.9212	104
54.9245	104
54.9279	104
54.9313	104
54.9347	104
54.938	104
54.9414	104
54.9448	104
54.9481	104
54.9515	104
54.9549	104
54.9583	104
54.9616	104
54.965	104
54.9684	104
54.9718	104
54.9751	105
54.9785	105
54.9819	105
54.9852	105
54.9886	106
54.992	106
54.9954	106
54.9987	106
55.0021	106
55.0055	107
55.0089	107
55.0122	107
55.0156	107
55.019	107
55.0224	107
55.0257	107
55.0291	107
55.0325	107
55.0358	107
55.0392	107
55.0426	107
55.046	107
55.0493	107
55.0527	107
55.0561	107
55.0595	107
55.0628	107
55.0662	107
55.0696	107
55.0729	107
55.0763	107
55.0797	107
55.0831	107
55.0864	107
55.0898	107
55.0932	107
55.0966	107
55.0999	107
55.1033	107
55.1067	107
55.11	107
55.1134	107
55.1168	107
55.1202	107
55.1235	107
55.1269	107
55.1303	107
55.1337	107
55.137	107
55.1404	107
55.1438	107
55.1471	107
55.1505	107
55.1539	107
55.1573	107
55.1606	107
55.164	107
55.1674	107
55.1708	107
55.1741	107
55.1775	107
55.1809	107
55.1842	108
55.1876	108
55.191	109
55.1944	109
55.1977	109
55.2011	109
55.2045	109
55.2079	110
55.2112	110
55.2146	110
55.218	110
55.2213	110
55.2247	110
55.2281	110
55.2315	110
55.2348	110
55.2382	110
55.2416	110
55.245	110
55.2483	110
55.2517	110
55.2551	111
55.2584	111
55.2618	111
55.2652	111
55.2686	111
55.2719	111
55.2753	111
55.2787	111
55.2821	111
55.2854	111
55.2888	110
55.2922	110
55.2955	110
55.2989	109
55.3023	109
55.3057	109
55.309	109
55.3124	109
55.3158	108
55.3192	108
55.3225	108
55.3259	108
55.3293	108
55.3326	108
55.336	108
55.3394	108
55.3428	108
55.3461	108
55.3495	108
55.3529	108
55.3563	108
55.3596	108
55.363	108
55.3664	108
55.3697	108
55.3731	108
55.3765	108
55.3799	108
55.3832	108
55.3866	108
55.39	107
55.3934	107
55.3967	107
55.4001	107
55.4035	107
55.4068	107
55.4102	107
55.4136	107
55.417	107
55.4203	107
55.4237	107
55.4271	107
55.4305	107
55.4338	107
55.4372	107
55.4406	107
55.444	107
55.4473	107
55.4507	107
55.4541	107
55.4574	107
55.4608	107
55.4642	107
55.4676	107
55.4709	107
55.4743	107
55.4777	107
55.4811	107
55.4844	107
55.4878	107
55.4912	107
55.4945	107
55.4979	107
55.5013	107
55.5047	106
55.508	106
55.5114	106
55.5148	106
55.5182	105
55.5215	105
55.5249	105
55.5283	105
55.5316	105
55.535	105
55.5384	105
55.5418	105
55.5451	105
55.5485	105
55.5519	104
55.5553	104
55.5586	104
55.562	104
55.5654	104
55.5687	104
55.5721	104
55.5755	104
55.5789	104
55.5822	104
55.5856	104
55.589	104
55.5924	104
55.5957	104
55.5997	104
55.6031	104
55.6065	104
55.6098	104
55.6132	104
55.6166	104
55.6199	104
55.6233	104
55.6267	104
55.6301	105
55.6334	105
55.6368	105
55.6402	105
55.6436	105
55.6469	105
55.6503	105
55.6537	105
55.657	105
55.6604	105
55.6638	105
55.6672	105
55.6705	105
55.6739	105
55.6773	105
55.6807	105
55.684	105
55.6874	105
55.6908	105
55.6941	105
55.6975	105
55.7009	105
55.7043	105
55.7076	105
55.711	105
55.7144	105
55.7178	104
55.7211	104
55.7245	104
55.7279	104
55.7312	104
55.7346	104
55.738	104
55.7414	104
55.7447	104
55.7481	104
55.7515	104
55.7549	104
55.7582	104
55.7616	104
55.765	104
55.7683	104
55.7717	104
55.7751	104
55.7785	104
55.7818	104
55.7852	104
55.7886	104
55.792	104
55.7953	104
55.7987	104
55.8021	104
55.8054	104
55.8088	105
55.8122	105
55.8156	105
55.8189	106
55.8223	106
55.8257	106
55.8291	106
55.8324	106
55.8358	107
55.8392	107
55.8425	107
55.8459	107
55.8493	107
55.8527	107
55.856	107
55.8594	107
55.8628	107
55.8662	107
55.8695	107
55.8729	107
55.8763	107
55.8796	107
55.883	107
55.8864	107
55.8898	107
55.8931	107
55.8965	107
55.8999	107
55.9033	107
55.9066	107
55.91	107
55.9134	107
55.9167	107
55.9201	107
55.9235	107
55.9269	107
55.9302	107
55.9336	107
55.937	107
55.9404	107
55.9437	107
55.9471	107
55.9505	107
55.9539	107
55.9572	107
55.9606	107
55.964	107
55.9673	107
55.9707	107
55.9741	107
55.9775	107
55.9808	107
55.9842	107
55.9876	107
55.991	107
55.9943	107
55.9977	107
56.0011	107
56.0044	107
56.0078	107
56.0112	107
56.0146	108
56.0179	108
56.0213	108
56.0247	109
56.0281	109
56.0314	109
56.0348	109
56.0382	110
56.0415	110
56.0449	110
56.0483	110
56.0517	110
56.055	110
56.0584	110
56.0618	110
56.0652	110
56.0685	110
56.0719	110
56.0753	111
56.0786	111
56.082	111
56.0854	111
56.0888	111
56.0921	111
56.0955	111
56.0989	111
56.1023	111
56.1056	111
56.109	111
56.1124	111
56.1157	111
56.1191	110
56.1225	110
56.1259	110
56.1292	109
56.1326	109
56.136	109
56.1394	109
56.1427	108
56.1461	108
56.1495	108
56.1528	108
56.1562	108
56.1596	108
56.163	108
56.1663	108
56.1697	108
56.1731	108
56.1765	108
56.1798	108
56.1832	108
56.1866	108
56.1899	107
56.1933	107
56.1967	107
56.2001	107
56.2034	107
56.2068	107
56.2102	107
56.2136	107
56.2169	107
56.2203	107
56.2237	107
56.227	107
56.2304	107
56.2338	107
56.2372	107
56.2405	107
56.2439	107
56.2473	107
56.2507	107
56.254	107
56.2574	107
56.2608	107
56.2641	107
56.2675	107
56.2709	107
56.2743	107
56.2776	107
56.281	107
56.2844	107
56.2878	107
56.2911	107
56.2945	107
56.2979	107
56.3012	107
56.3046	107
56.308	107
56.3114	107
56.3147	107
56.3181	107
56.3215	107
56.3249	107
56.3282	107
56.3316	107
56.335	106
56.3383	106
56.3417	106
56.3451	106
56.3485	105
56.3518	105
56.3552	105
56.3586	105
56.362	105
56.3653	105
56.3687	105
56.3721	105
56.3755	105
56.3788	104
56.3822	104
56.3856	104
56.3889	104
56.3923	104
56.3957	104
56.3991	104
56.4024	104
56.4058	104
56.4092	104
56.4126	104
56.4159	104
56.4193	104
56.4227	104
56.426	104
56.43	104
56.4334	104
56.4368	104
56.4401	105
56.4435	105
56.4469	105
56.4503	105
56.4536	105
56.457	105
56.4604	105
56.4637	105
56.4671	105
56.4705	105
56.4739	105
56.4772	105
56.4806	105
56.484	105
56.4874	105
56.4907	105
56.4941	105
56.4975	105
56.5009	105
56.5042	105
56.5076	105
56.511	105
56.5143	105
56.5177	105
56.5211	105
56.5245	105
56.5278	105
56.5312	105
56.5346	104
56.538	104
56.5413	104
56.5447	104
56.5481	104
56.5514	104
56.5548	104
56.5582	104
56.5616	104
56.5649	104
56.5683	104
56.5717	104
56.5751	104
56.5784	104
56.5818	104
56.5852	104
56.5885	104
56.5919	104
56.5953	104
56.5987	104
56.602	104
56.6054	104
56.6088	104
56.6122	104
56.6155	104
56.6189	104
56.6223	104
56.6256	104
56.629	104
56.6324	104
56.6358	105
56.6391	105
56.6425	105
56.6459	106
56.6493	106
56.6526	106
56.656	106
56.6594	106
56.6627	106
56.6661	107
56.6695	107
56.6729	107
56.6762	107
56.6796	107
56.683	107
56.6864	107
56.6897	107
56.6931	107
56.6965	107
56.6998	107
56.7032	107
56.7066	107
56.71	107
56.7133	107
56.7167	107
56.7201	107
56.7235	107
56.7268	107
56.7302	107
56.7336	107
56.7369	107
56.7403	107
56.7437	107
56.7471	107
56.7504	107
56.7538	107
56.7572	107
56.7606	107
56.7639	107
56.7673	107
56.7707	107
56.774	107
56.7774	107
56.7808	107
56.7842	107
56.7875	107
56.7909	107
56.7943	107
56.7977	107
56.801	107
56.8044	107
56.8078	107
56.8111	107
56.8145	107
56.8179	107
56.8213	107
56.8246	107
56.828	107
56.8314	107
56.8348	107
56.8381	107
56.8415	107
56.8449	108
56.8482	108
56.8516	109
56.855	109
56.8584	109
56.8617	109
56.8651	110
56.8685	110
56.8719	110
56.8752	110
56.8786	110
56.882	110
56.8853	110
56.8887	110
56.8921	110
56.8955	110
56.8988	110
56.9022	111
56.9056	111
56.909	111
56.9123	111
56.9157	111
56.9191	111
56.9225	111
56.9258	111
56.9292	111
56.9326	111
56.9359	111
56.9393	111
56.9427	111
56.9461	111
56.9494	110
56.9528	110
56.9562	110
56.9596	109
56.9629	109
56.9663	109
56.9697	109
56.973	109
56.9764	108
56.9798	108
56.9832	108
56.9865	108
56.9899	108
56.9933	108
56.9967	108
57	108
57.0034	108
57.0068	108
57.0101	108
57.0135	108
57.0169	108
57.0203	108
57.0236	108
57.027	108
57.0304	108
57.0338	108
57.0371	108
57.0405	108
57.0439	108
57.0472	108
57.0506	108
57.054	107
57.0574	107
57.0607	107
57.0641	107
57.0675	107
57.0709	107
57.0742	107
57.0776	107
57.081	107
57.0843	107
57.0877	107
57.0911	107
57.0945	107
57.0978	107
57.1012	107
57.1046	107
57.108	107
57.1113	107
57.1147	107
57.1181	107
57.1214	107
57.1248	107
57.1282	107
57.1316	107
57.1349	107
57.1383	107
57.1417	107
57.1451	107
57.1484	107
57.1518	107
57.1552	107
57.1585	107
57.1619	107
57.1653	106
57.1687	106
57.172	106
57.1754	106
57.1788	105
57.1822	105
57.1855	105
57.1889	105
57.1923	105
57.1956	105
57.199	105
57.2024	105
57.2058	105
57.2091	105
57.2125	105
57.2159	104
57.2193	104
57.2226	104
57.226	104
57.2294	104
57.2327	104
57.2361	104
57.2395	104
57.2429	104
57.2462	104
57.2496	104
57.253	104
57.2564	104
57.2603	104
57.2637	104
57.2671	104
57.2705	104
57.2738	104
57.2772	104
57.2806	104
57.2839	104
57.2873	104
57.2907	104
57.2941	105
57.2974	105
57.3008	105
57.3042	105
57.3076	105
57.3109	105
57.3143	105
57.3177	105
57.321	105
57.3244	105
57.3278	105
57.3312	105
57.3345	105
57.3379	105
57.3413	105
57.3447	105
57.348	105
57.3514	105
57.3548	105
57.3581	105
57.3615	105
57.3649	105
57.3683	105
57.3716	104
57.375	104
57.3784	104
57.3818	104
57.3851	104
57.3885	104
57.3919	104
57.3952	104
57.3986	104
57.402	104
57.4054	104
57.4087	104
57.4121	104
57.4155	104
57.4189	104
57.4222	104
57.4256	104
57.429	104
57.4323	104
57.4357	104
57.4391	104
57.4425	104
57.4458	104
57.4492	104
57.4526	104
57.456	104
57.4593	104
57.4627	104
57.4661	104
57.4695	105
57.4728	105
57.4762	105
57.4796	106
57.4829	106
57.4863	106
57.4897	106
57.4931	106
57.4964	106
57.4998	107
57.5032	107
57.5066	107
57.5099	107
57.5133	107
57.5167	107
57.52	107
57.5234	107
57.5268	107
57.5302	107
57.5335	107
57.5369	107
57.5403	107
57.5437	107
57.547	107
57.5504	107
57.5538	107
57.5571	107
57.5605	107
57.5639	107
57.5673	107
57.5706	107
57.574	107
57.5774	107
57.5808	107
57.5841	107
57.5875	107
57.5909	107
57.5942	107
57.5976	107
57.601	107
57.6044	107
57.6077	107
57.6111	107
57.6145	107
57.6179	107
57.6212	107
57.6246	107
57.628	107
57.6313	107
57.6347	107
57.6381	107
57.6415	107
57.6448	107
57.6482	107
57.6516	107
57.655	107
57.6583	107
57.6617	107
57.6651	107
57.6684	107
57.6718	107
57.6752	108
57.6786	108
57.6819	109
57.6853	109
57.6887	109
57.6921	109
57.6954	109
57.6988	110
57.7022	110
57.7055	110
57.7089	110
57.7123	110
57.7157	110
57.719	110
57.7224	110
57.7258	110
57.7292	111
57.7325	111
57.7359	111
57.7393	111
57.7426	111
57.746	111
57.7494	111
57.7528	111
57.7561	111
57.7595	111
57.7629	111
57.7663	111
57.7696	111
57.773	111
57.7764	111
57.7797	110
57.7831	110
57.7865	110
57.7899	109
57.7932	109
57.7966	109
57.8	109
57.8034	109
57.8067	108
57.8101	108
57.8135	108
57.8168	108
57.8202	108
57.8236	108
57.827	108
57.8303	108
57.8337	108
57.8371	108
57.8405	108
57.8438	108
57.8472	108
57.8506	108
57.8539	107
57.8573	107
57.8607	107
57.8641	107
57.8674	107
57.8708	107
57.8742	107
57.8776	107
57.8809	107
57.8843	107
57.8877	107
57.8911	107
57.8944	107
57.8978	107
57.9012	107
57.9045	107
57.9079	107
57.9113	107
57.9147	107
57.918	107
57.9214	107
57.9248	107
57.9282	107
57.9315	107
57.9349	107
57.9383	107
57.9416	107
57.945	107
57.9484	107
57.9518	107
57.9551	107
57.9585	107
57.9619	107
57.9653	107
57.9686	107
57.972	107
57.9754	107
57.9787	107
57.9821	107
57.9855	107
57.9889	107
57.9922	107
57.9956	106
57.999	106
58.0024	106
58.0057	105
58.0091	105
58.0125	105
58.0158	105
58.0192	105
58.0226	105
58.026	105
58.0293	105
58.0327	104
58.0361	104
58.0395	104
58.0428	104
58.0462	104
58.0496	104
58.0529	104
58.0563	104
58.0597	104
58.0631	104
58.0664	104
58.0698	104
58.0732	104
58.0766	104
58.0799	104
58.0833	104
58.0867	104
58.0907	104
58.094	104
58.0974	104
58.1008	104
58.1041	104
58.1075	104
58.1109	104
58.1143	104
58.1176	104
58.121	105
58.1244	105
58.1278	105
58.1311	105
58.1345	105
58.1379	105
58.1412	105
58.1446	105
58.148	105
58.1514	105
58.1547	105
58.1581	105
58.1615	105
58.1649	105
58.1682	105
58.1716	105
58.175	105
58.1783	105
58.1817	105
58.1851	105
58.1885	105
58.1918	105
58.1952	105
58.1986	104
58.202	104
58.2053	104
58.2087	104
58.2121	104
58.2154	104
58.2188	104
58.2222	104
58.2256	104
58.2289	104
58.2323	104
58.2357	104
58.2391	104
58.2424	104
58.2458	104
58.2492	104
58.2525	104
58.2559	104
58.2593	104
58.2627	104
58.266	104
58.2694	104
58.2728	104
58.2762	104
58.2795	104
58.2829	104
58.2863	104
58.2896	104
58.293	104
58.2964	105
58.2998	105
58.3031	105
58.3065	106
58.3099	106
58.3133	106
58.3166	106
58.32	106
58.3234	106
58.3267	107
58.3301	107
58.3335	107
58.3369	107
58.3402	107
58.3436	107
58.347	107
58.3504	107
58.3537	107
58.3571	107
58.3605	107
58.3638	107
58.3672	107
58.3706	107
58.374	107
58.3773	107
58.3807	107
58.3841	107
58.3875	107
58.3908	107
58.3942	107
58.3976	107
58.4009	107
58.4043	107
58.4077	107
58.4111	107
58.4144	107
58.4178	107
58.4212	107
58.4246	107
58.4279	107
58.4313	107
58.4347	107
58.4381	107
58.4414	107
58.4448	107
58.4482	107
58.4515	107
58.4549	107
58.4583	107
58.4617	107
58.465	107
58.4684	107
58.4718	107
58.4752	107
58.4785	107
58.4819	107
58.4853	107
58.4886	107
58.492	107
58.4954	107
58.4988	107
58.5021	107
58.5055	108
58.5089	108
58.5123	109
58.5156	109
58.519	109
58.5224	109
58.5257	109
58.5291	110
58.5325	110
58.5359	110
58.5392	110
58.5426	110
58.546	110
58.5494	110
58.5527	110
58.5561	110
58.5595	110
58.5628	110
58.5662	111
58.5696	111
58.573	111
58.5763	111
58.5797	111
58.5831	111
58.5865	111
58.5898	111
58.5932	111
58.5966	111
58.5999	111
58.6033	111
58.6067	111
58.6101	110
58.6134	110
58.6168	110
58.6202	109
58.6236	109
58.6269	109
58.6303	109
58.6337	109
58.637	108
58.6404	108
58.6438	108
58.6472	108
58.6505	108
58.6539	108
58.6573	108
58.6607	108
58.664	108
58.6674	108
58.6708	108
58.6741	108
58.6775	108
58.6809	108
58.6843	108
58.6876	108
58.691	108
58.6944	108
58.6978	108
58.7011	108
58.7045	108
58.7079	108
58.7112	108
58.7146	108
58.718	107
58.7214	107
58.7247	107
58.7281	107
58.7315	107
58.7349	107
58.7382	107
58.7416	107
58.745	107
58.7483	107
58.7517	107
58.7551	107
58.7585	107
58.7618	107
58.7652	107
58.7686	107
58.772	107
58.7753	107
58.7787	107
58.7821	107
58.7854	107
58.7888	107
58.7922	107
58.7956	107
58.7989	107
58.8023	107
58.8057	107
58.8091	107
58.8124	107
58.8158	107
58.8192	107
58.8225	107
58.8259	106
58.8293	106
58.8327	106
58.836	106
58.8394	105
58.8428	105
58.8462	105
58.8495	105
58.8529	105
58.8563	105
58.8597	105
58.863	105
58.8664	105
58.8698	104
58.8731	104
58.8765	104
58.8799	104
58.8833	104
58.8866	104
58.89	104
58.8934	104
58.8968	104
58.9001	104
58.9035	104
58.9069	104
58.9102	104
58.9136	104
58.917	104
58.921	104
58.9243	104
58.9277	104
58.9311	104
58.9345	104
58.9378	104
58.9412	104
58.9446	104
58.9479	104
58.9513	104
58.9547	104
58.9581	105
58.9614	105
58.9648	105
58.9682	105
58.9716	105
58.9749	105
58.9783	105
58.9817	105
58.9851	105
58.9884	105
58.9918	105
58.9952	105
58.9985	105
59.0019	105
59.0053	105
59.0087	105
59.012	105
59.0154	105
59.0188	105
59.0222	105
59.0255	105
59.0289	105
59.0323	105
59.0356	104
59.039	104
59.0424	104
59.0458	104
59.0491	104
59.0525	104
59.0559	104
59.0593	104
59.0626	104
59.066	104
59.0694	104
59.0727	104
59.0761	104
59.0795	104
59.0829	104
59.0862	104
59.0896	104
59.093	104
59.0964	104
59.0997	104
59.1031	104
59.1065	104
59.1098	104
59.1132	104
59.1166	104
59.12	104
59.1233	104
59.1267	104
59.1301	105
59.1335	105
59.1368	105
59.1402	106
59.1436	106
59.1469	106
59.1503	106
59.1537	106
59.1571	107
59.1604	107
59.1638	107
59.1672	107
59.1706	107
59.1739	107
59.1773	107
59.1807	107
59.184	107
59.1874	107
59.1908	107
59.1942	107
59.1975	107
59.2009	107
59.2043	107
59.2077	107
59.211	107
59.2144	107
59.2178	107
59.2211	107
59.2245	107
59.2279	107
59.2313	107
59.2346	107
59.238	107
59.2414	107
59.2448	107
59.2481	107
59.2515	107
59.2549	107
59.2582	107
59.2616	107
59.265	107
59.2684	107
59.2717	107
59.2751	107
59.2785	107
59.2819	107
59.2852	107
59.2886	107
59.292	107
59.2953	107
59.2987	107
59.3021	107
59.3055	107
59.3088	107
59.3122	107
59.3156	107
59.319	107
59.3223	107
59.3257	107
59.3291	107
59.3324	107
59.3358	108
59.3392	108
59.3426	109
59.3459	109
59.3493	109
59.3527	109
59.3561	109
59.3594	110
59.3628	110
59.3662	110
59.3695	110
59.3729	110
59.3763	110
59.3797	110
59.383	110
59.3864	110
59.3898	110
59.3932	111
59.3965	111
59.3999	111
59.4033	111
59.4067	111
59.41	111
59.4134	111
59.4168	111
59.4201	111
59.4235	111
59.4269	111
59.4303	111
59.4336	111
59.437	111
59.4404	110
59.4438	110
59.4471	110
59.4505	109
59.4539	109
59.4572	109
59.4606	109
59.464	109
59.4674	108
59.4707	108
59.4741	108
59.4775	108
59.4809	108
59.4842	108
59.4876	108
59.491	108
59.4943	108
59.4977	108
59.5011	108
59.5045	108
59.5078	108
59.5112	108
59.5146	108
59.518	107
59.5213	107
59.5247	107
59.5281	107
59.5314	107
59.5348	107
59.5382	107
59.5416	107
59.5449	107
59.5483	107
59.5517	107
59.5551	107
59.5584	107
59.5618	107
59.5652	107
59.5685	107
59.5719	107
59.5753	107
59.5787	107
59.582	107
59.5854	107
59.5888	107
59.5922	107
59.5955	107
59.5989	107
59.6023	107
59.6056	107
59.609	107
59.6124	107
59.6158	107
59.6191	107
59.6225	107
59.6259	107
59.6293	107
59.6326	107
59.636	107
59.6394	107
59.6427	107
59.6461	107
59.6495	107
59.6529	107
59.6562	106
59.6596	106
59.663	106
59.6664	106
59.6697	105
59.6731	105
59.6765	105
59.6798	105
59.6832	105
59.6866	105
59.69	105
59.6933	105
59.6967	104
59.7001	104
59.7035	104
59.7068	104
59.7102	104
59.7136	104
59.7169	104
59.7203	104
59.7237	104
59.7271	104
59.7304	104
59.7338	104
59.7372	104
59.7406	104
59.7439	104
59.7473	104
59.7513	104
59.7547	104
59.758	104
59.7614	104
59.7648	104
59.7681	105
59.7715	105
59.7749	105
59.7783	105
59.7816	105
59.785	105
59.7884	105
59.7918	105
59.7951	105
59.7985	105
59.8019	105
59.8052	105
59.8086	105
59.812	105
59.8154	105
59.8187	105
59.8221	105
59.8255	105
59.8289	105
59.8322	105
59.8356	105
59.839	105
59.8423	105
59.8457	105
59.8491	105
59.8525	105
59.8558	105
59.8592	105
59.8626	104
59.866	104
59.8693	104
59.8727	104
59.8761	104
59.8794	104
59.8828	104
59.8862	104
59.8896	104
59.8929	104
59.8963	104
59.8997	104
59.9031	104
59.9064	104
59.9098	104
59.9132	104
59.9165	104
59.9199	104
59.9233	104
59.9267	104
59.93	104
59.9334	104
59.9368	104
59.9402	104
59.9435	104
59.9469	104
59.9503	104
59.9537	104
59.957	104
59.9604	105
59.9638	105
59.9671	105
59.9705	106
59.9739	106
59.9773	106
59.9806	106
59.984	106
59.9874	107
59.9908	107
59.9941	107
59.9975	107
60.0009	107
60.0042	107
60.0076	107
60.011	107
60.0144	107
60.0177	107
60.0211	107
60.0245	107
60.0279	107
60.0312	107
60.0346	107
60.038	107
60.0413	107
60.0447	107
60.0481	107
60.0515	107
60.0548	107
60.0582	107
60.0616	107
60.065	107
60.0683	107
60.0717	107
60.0751	107
60.0784	107
60.0818	107
60.0852	107
60.0886	107
60.0919	107
60.0953	107
60.0987	107
60.1021	107
60.1054	107
60.1088	107
60.1122	107
60.1155	107
60.1189	107
60.1223	107
60.1257	107
60.129	107
60.1324	107
60.1358	107
60.1392	107
60.1425	107
60.1459	107
60.1493	107
60.1526	107
60.156	107
60.1594	107
60.1628	107
60.1661	108
60.1695	108
60.1729	109
60.1763	109
60.1796	109
60.183	109
60.1864	110
60.1897	110
60.1931	110
60.1965	110
60.1999	110
60.2032	110
60.2066	110
60.21	110
60.2134	110
60.2167	110
60.2201	110
60.2235	110
60.2268	110
60.2302	111
60.2336	111
60.237	111
60.2403	111
60.2437	111
60.2471	111
60.2505	111
60.2538	111
60.2572	111
60.2606	111
60.2639	111
60.2673	111
60.2707	110
60.2741	110
60.2774	110
60.2808	109
60.2842	109
60.2876	109
60.2909	109
60.2943	108
60.2977	108
60.301	108
60.3044	108
60.3078	108
60.3112	108
60.3145	108
60.3179	108
60.3213	108
60.3247	108
60.328	108
60.3314	108
60.3348	108
60.3381	108
60.3415	108
60.3449	108
60.3483	108
60.3516	108
60.355	108
60.3584	108
60.3618	108
60.3651	108
60.3685	108
60.3719	108
60.3753	108
60.3786	108
60.382	107
60.3854	107
60.3887	107
60.3921	107
60.3955	107
60.3989	107
60.4022	107
60.4056	107
60.409	107
60.4124	107
60.4157	107
60.4191	107
60.4225	107
60.4258	107
60.4292	107
60.4326	107
60.436	107
60.4393	107
60.4427	107
60.4461	107
60.4495	107
60.4528	107
60.4562	107
60.4596	107
60.4629	107
60.4663	107
60.4697	107
60.4731	107
60.4764	107
60.4798	107
60.4832	107
60.4866	106
60.4899	106
60.4933	106
60.4967	106
60.5	105
60.5034	105
60.5068	105
60.5102	105
60.5135	105
60.5169	105
60.5203	105
60.5237	105
60.527	105
60.5304	105
60.5338	104
60.5371	104
60.5405	104
60.5439	104
60.5473	104
60.5506	104
60.554	104
60.5574	104
60.5608	104
60.5641	104
60.5675	104
60.5709	104
60.5742	104
60.5776	104
60.5816	104
60.585	104
60.5883	104
60.5917	104
60.5951	104
60.5985	104
60.6018	104
60.6052	104
60.6086	104
60.612	104
60.6153	104
60.6187	104
60.6221	105
60.6254	105
60.6288	105
60.6322	105
60.6356	105
60.6389	105
60.6423	105
60.6457	105
60.6491	105
60.6524	105
60.6558	105
60.6592	105
60.6625	105
60.6659	105
60.6693	105
60.6727	105
60.676	105
60.6794	105
60.6828	105
60.6862	105
60.6895	105
60.6929	104
60.6963	104
60.6996	104
60.703	104
60.7064	104
60.7098	104
60.7131	104
60.7165	104
60.7199	104
60.7233	104
60.7266	104
60.73	104
60.7334	104
60.7367	104
60.7401	104
60.7435	104
60.7469	104
60.7502	104
60.7536	104
60.757	104
60.7604	104
60.7637	104
60.7671	104
60.7705	104
60.7738	104
60.7772	104
60.7806	104
60.784	104
60.7873	104
60.7907	105
60.7941	105
60.7975	105
60.8008	106
60.8042	106
60.8076	106
60.8109	106
60.8143	106
60.8177	106
60.8211	107
60.8244	107
60.8278	107
60.8312	107
60.8346	107
60.8379	107
60.8413	107
60.8447	107
60.848	107
60.8514	107
60.8548	107
60.8582	107
60.8615	107
60.8649	107
60.8683	107
60.8717	107
60.875	107
60.8784	107
60.8818	107
60.8852	107
60.8885	107
60.8919	107
60.8953	107
60.8986	107
60.902	107
60.9054	107
60.9088	107
60.9121	107
60.9155	107
60.9189	107
60.9223	107
60.9256	107
60.929	107
60.9324	107
60.9357	107
60.9391	107
60.9425	107
60.9459	107
60.9492	107
60.9526	107
60.956	107
60.9594	107
60.9627	107
60.9661	107
60.9695	107
60.9728	107
60.9762	107
60.9796	107
60.983	107
60.9863	107
60.9897	107
60.9931	107
60.9965	108
60.9998	108
61.0032	109
61.0066	109
61.0099	109
61.0133	109
61.0167	109
61.0201	110
61.0234	110
61.0268	110
61.0302	110
61.0336	110
61.0369	110
61.0403	110
61.0437	110
61.047	110
61.0504	110
61.0538	110
61.0572	111
61.0605	111
61.0639	111
61.0673	111
61.0707	111
61.074	111
61.0774	111
61.0808	111
61.0841	111
61.0875	111
61.0909	111
61.0943	111
61.0976	111
61.101	110
61.1044	110
61.1078	110
61.1111	109
61.1145	109
61.1179	109
61.1212	109
61.1246	109
61.128	108
61.1314	108
61.1347	108
61.1381	108
61.1415	108
61.1449	108
61.1482	108
61.1516	108
61.155	108
61.1583	108
61.1617	108
61.1651	108
61.1685	108
61.1718	108
61.1752	108
61.1786	108
61.182	107
61.1853	107
61.1887	107
61.1921	107
61.1954	107
61.1988	107
61.2022	107
61.2056	107
61.2089	107
61.2123	107
61.2157	107
61.2191	107
61.2224	107
61.2258	107
61.2292	107
61.2325	107
61.2359	107
61.2393	107
61.2427	107
61.246	107
61.2494	107
61.2528	107
61.2562	107
61.2595	107
61.2629	107
61.2663	107
61.2696	107
61.273	107
61.2764	107
61.2798	107
61.2831	107
61.2865	107
61.2899	107
61.2933	107
61.2966	107
61.3	107
61.3034	107
61.3068	107
61.3101	107
61.3135	107
61.3169	106
61.3202	106
61.3236	106
61.327	106
61.3304	105
61.3337	105
61.3371	105
61.3405	105
61.3439	105
61.3472	105
61.3506	105
61.354	104
61.3573	104
61.3607	104
61.3641	104
61.3675	104
61.3708	104
61.3742	104
61.3776	104
61.381	104
61.3843	104
61.3877	104
61.3911	104
61.3944	104
61.3978	104
61.4012	104
61.4046	104
61.4079	104
61.4119	104
61.4153	104
61.4187	104
61.422	104
61.4254	104
61.4288	104
61.4322	105
61.4355	105
61.4389	105
61.4423	105
61.4456	105
61.449	105
61.4524	105
61.4558	105
61.4591	105
61.4625	105
61.4659	105
61.4693	105
61.4726	105
61.476	105
61.4794	105
61.4827	105
61.4861	105
61.4895	105
61.4929	105
61.4962	105
61.4996	105
61.503	105
61.5064	105
61.5097	105
61.5131	105
61.5165	105
61.5198	105
61.5232	105
61.5266	104
61.53	104
61.5333	104
61.5367	104
61.5401	104
61.5435	104
61.5468	104
61.5502	104
61.5536	104
61.5569	104
61.5603	104
61.5637	104
61.5671	104
61.5704	104
61.5738	104
61.5772	104
61.5806	104
61.5839	104
61.5873	104
61.5907	104
61.594	104
61.5974	104
61.6008	104
61.6042	104
61.6075	104
61.6109	104
61.6143	104
61.6177	105
61.621	105
61.6244	105
61.6278	106
61.6311	106
61.6345	106
61.6379	106
61.6413	106
61.6446	106
61.648	107
61.6514	107
61.6548	107
61.6581	107
61.6615	107
61.6649	107
61.6682	107
61.6716	107
61.675	107
61.6784	107
61.6817	107
61.6851	107
61.6885	107
61.6919	107
61.6952	107
61.6986	107
61.702	107
61.7053	107
61.7087	107
61.7121	107
61.7155	107
61.7188	107
61.7222	107
61.7256	107
61.729	107
61.7323	107
61.7357	107
61.7391	107
61.7424	107
61.7458	107
61.7492	107
61.7526	107
61.7559	107
61.7593	107
61.7627	107
61.7661	107
61.7694	107
61.7728	107
61.7762	107
61.7795	107
61.7829	107
61.7863	107
61.7897	107
61.793	107
61.7964	107
61.7998	107
61.8032	107
61.8065	107
61.8099	107
61.8133	107
61.8166	107
61.82	107
61.8234	107
61.8268	108
61.8301	108
61.8335	109
61.8369	109
61.8403	109
61.8436	109
61.847	110
61.8504	110
61.8538	110
61.8571	110
61.8605	110
61.8639	110
61.8672	110
61.8706	110
61.874	110
61.8774	110
61.8807	110
61.8841	111
61.8875	111
61.8909	111
61.8942	111
61.8976	111
61.901	111
61.9043	111
61.9077	111
61.9111	111
61.9145	111
61.9178	111
61.9212	111
61.9246	111
61.928	111
61.9313	110
61.9347	110
61.9381	110
61.9414	109
61.9448	109
61.9482	109
61.9516	109
61.9549	108
61.9583	108
61.9617	108
61.9651	108
61.9684	108
61.9718	108
61.9752	108
61.9785	108
61.9819	108
61.9853	108
61.9887	108
61.992	108
61.9954	108
61.9988	108
62.0022	108
62.0055	108
62.0089	108
62.0123	108
62.0156	108
62.019	108
62.0224	108
62.0258	108
62.0291	108
62.0325	108
62.0359	108
62.0393	108
62.0426	108
62.046	107
62.0494	107
62.0527	107
62.0561	107
62.0595	107
62.0629	107
62.0662	107
62.0696	107
62.073	107
62.0764	107
62.0797	107
62.0831	107
62.0865	107
62.0898	107
62.0932	107
62.0966	107
62.1	107
62.1033	107
62.1067	107
62.1101	107
62.1135	107
62.1168	107
62.1202	107
62.1236	107
62.1269	107
62.1303	107
62.1337	107
62.1371	107
62.1404	107
62.1438	107
62.1472	106
62.1506	106
62.1539	106
62.1573	106
62.1607	105
62.164	105
62.1674	105
62.1708	105
62.1742	105
62.1775	105
62.1809	105
62.1843	105
62.1877	105
62.191	105
62.1944	105
62.1978	104
62.2011	104
62.2045	104
62.2079	104
62.2113	104
62.2146	104
62.218	104
62.2214	104
62.2248	104
62.2281	104
62.2315	104
62.2349	104
62.2382	104
62.2422	104
62.2456	104
62.249	104
62.2523	104
62.2557	104
62.2591	104
62.2625	104
62.2658	104
62.2692	104
62.2726	104
62.276	104
62.2793	104
62.2827	104
62.2861	105
62.2894	105
62.2928	105
62.2962	105
62.2996	105
62.3029	105
62.3063	105
62.3097	105
62.3131	105
62.3164	105
62.3198	105
62.3232	105
62.3265	105
62.3299	105
62.3333	105
62.3367	105
62.34	105
62.3434	105
62.3468	105
62.3502	105
62.3535	105
62.3569	104
62.3603	104
62.3636	104
62.367	104
62.3704	104
62.3738	104
62.3771	104
62.3805	104
62.3839	104
62.3873	104
62.3906	104
62.394	104
62.3974	104
62.4008	104
62.4041	104
62.4075	104
62.4109	104
62.4142	104
62.4176	104
62.421	104
62.4244	104
62.4277	104
62.4311	104
62.4345	104
62.4379	104
62.4412	104
62.4446	104
62.448	104
62.4513	105
62.4547	105
62.4581	105
62.4615	106
62.4648	106
62.4682	106
62.4716	106
62.475	106
62.4783	106
62.4817	107
62.4851	107
62.4884	107
62.4918	107
62.4952	107
62.4986	107
62.5019	107
62.5053	107
62.5087	107
62.5121	107
62.5154	107
62.5188	107
62.5222	107
62.5255	107
62.5289	107
62.5323	107
62.5357	107
62.539	107
62.5424	107
62.5458	107
62.5492	107
62.5525	107
62.5559	107
62.5593	107
62.5626	107
62.566	107
62.5694	107
62.5728	107
62.5761	107
62.5795	107
62.5829	107
62.5863	107
62.5896	107
62.593	107
62.5964	107
62.5997	107
62.6031	107
62.6065	107
62.6099	107
62.6132	107
62.6166	107
62.62	107
62.6234	107
62.6267	107
62.6301	107
62.6335	107
62.6368	107
62.6402	107
62.6436	107
62.647	107
62.6503	107
62.6537	107
62.6571	108
62.6605	108
62.6638	108
62.6672	109
62.6706	109
62.6739	109
62.6773	109
62.6807	110
62.6841	110
62.6874	110
62.6908	110
62.6942	110
62.6976	110
62.7009	110
62.7043	110
62.7077	110
62.711	111
62.7144	111
62.7178	111
62.7212	111
62.7245	111
62.7279	111
62.7313	111
62.7347	111
62.738	111
62.7414	111
62.7448	111
62.7481	111
62.7515	111
62.7549	111
62.7583	111
62.7616	110
62.765	110
62.7684	110
62.7718	109
62.7751	109
62.7785	109
62.7819	109
62.7852	109
62.7886	109
62.792	108
62.7954	108
62.7987	108
62.8021	108
62.8055	108
62.8089	108
62.8122	108
62.8156	108
62.819	108
62.8224	108
62.8257	108
62.8291	108
62.8325	108
62.8358	108
62.8392	108
62.8426	108
62.846	107
62.8493	107
62.8527	107
62.8561	107
62.8595	107
62.8628	107
62.8662	107
62.8696	107
62.8729	107
62.8763	107
62.8797	107
62.8831	107
62.8864	107
62.8898	107
62.8932	107
62.8966	107
62.8999	107
62.9033	107
62.9067	107
62.91	107
62.9134	107
62.9168	107
62.9202	107
62.9235	107
62.9269	107
62.9303	107
62.9337	107
62.937	107
62.9404	107
62.9438	107
62.9471	107
62.9505	107
62.9539	107
62.9573	107
62.9606	107
62.964	107
62.9674	107
62.9708	107
62.9741	107
62.9775	106
62.9809	106
62.9842	106
62.9876	106
62.991	105
62.9944	105
62.9977	105
63.0011	105
63.0045	105
63.0079	105
63.0112	105
63.0146	105
63.018	104
63.0213	104
63.0247	104
63.0281	104
63.0315	104
63.0348	104
63.0382	104
63.0416	104
63.045	104
63.0483	104
63.0517	104
63.0551	104
63.0584	104
63.0618	104
63.0652	104
63.0686	104
63.0725	104
63.0759	104
63.0793	104
63.0827	104
63.086	104
63.0894	104
63.0928	104
63.0962	105
63.0995	105
63.1029	105
63.1063	105
63.1096	105
63.113	105
63.1164	105
63.1198	105
63.1231	105
63.1265	105
63.1299	105
63.1333	105
63.1366	105
63.14	105
63.1434	105
63.1467	105
63.1501	105
63.1535	105
63.1569	105
63.1602	105
63.1636	105
63.167	105
63.1704	105
63.1737	105
63.1771	105
63.1805	105
63.1838	104
63.1872	104
63.1906	104
63.194	104
63.1973	104
63.2007	104
63.2041	104
63.2075	104
63.2108	104
63.2142	104
63.2176	104
63.2209	104
63.2243	104
63.2277	104
63.2311	104
63.2344	104
63.2378	104
63.2412	104
63.2446	104
63.2479	104
63.2513	104
63.2547	104
63.258	104
63.2614	104
63.2648	104
63.2682	104
63.2715	104
63.2749	104
63.2783	104
63.2817	105
63.285	105
63.2884	105
63.2918	106
63.2951	106
63.2985	106
63.3019	106
63.3053	106
63.3086	107
63.312	107
63.3154	107
63.3188	107
63.3221	107
63.3255	107
63.3289	107
63.3322	107
63.3356	107
63.339	107
63.3424	107
63.3457	107
63.3491	107
63.3525	107
63.3559	107
63.3592	107
63.3626	107
63.366	107
63.3694	107
63.3727	107
63.3761	107
63.3795	107
63.3828	107
63.3862	107
63.3896	107
63.393	107
63.3963	107
63.3997	107
63.4031	107
63.4065	107
63.4098	107
63.4132	107
63.4166	107
63.4199	107
63.4233	107
63.4267	107
63.4301	107
63.4334	107
63.4368	107
63.4402	107
63.4436	107
63.4469	107
63.4503	107
63.4537	107
63.457	107
63.4604	107
63.4638	107
63.4672	107
63.4705	107
63.4739	107
63.4773	107
63.4807	107
63.484	107
63.4874	108
63.4908	108
63.4941	109
63.4975	109
63.5009	109
63.5043	109
63.5076	109
63.511	110
63.5144	110
63.5178	110
63.5211	110
63.5245	110
63.5279	110
63.5312	110
63.5346	110
63.538	110
63.5414	110
63.5447	110
63.5481	111
63.5515	111
63.5549	111
63.5582	111
63.5616	111
63.565	111
63.5683	111
63.5717	111
63.5751	111
63.5785	111
63.5818	111
63.5852	111
63.5886	111
63.592	110
63.5953	110
63.5987	110
63.6021	109
63.6054	109
63.6088	109
63.6122	109
63.6156	109
63.6189	108
63.6223	108
63.6257	108
63.6291	108
63.6324	108
63.6358	108
63.6392	108
63.6425	108
63.6459	108
63.6493	108
63.6527	108
63.656	108
63.6594	108
63.6628	108
63.6662	108
63.6695	108
63.6729	108
63.6763	108
63.6796	108
63.683	108
63.6864	108
63.6898	108
63.6931	108
63.6965	108
63.6999	108
63.7033	108
63.7066	108
63.71	108
63.7134	108
63.7167	108
63.7201	108
63.7235	108
63.7269	108
63.7302	108
63.7336	108
63.737	107
63.7404	107
63.7437	107
63.7471	107
63.7505	107
63.7538	107
63.7572	107
63.7606	107
63.764	107
63.7673	107
63.7707	107
63.7741	107
63.7775	107
63.7808	107
63.7842	107
63.7876	107
63.791	107
63.7943	107
63.7977	107
63.8011	107
63.8044	107
63.8078	106
63.8112	106
63.8146	106
63.8179	105
63.8213	105
63.8247	105
63.8281	105
63.8314	105
63.8348	105
63.8382	105
63.8415	105
63.8449	105
63.8483	105
63.8517	104
63.855	104
63.8584	104
63.8618	104
63.8652	104
63.8685	104
63.8719	104
63.8753	104
63.8786	104
63.882	104
63.8854	104
63.8888	104
63.8921	104
63.8955	104
63.8989	104
63.9029	104
63.9062	104
63.9096	104
63.913	104
63.9164	104
63.9197	104
63.9231	104
63.9265	104
63.9298	104
63.9332	104
63.9366	104
63.94	104
63.9433	104
63.9467	104
63.9501	105
63.9535	105
63.9568	105
63.9602	105
63.9636	105
63.9669	105
63.9703	105
63.9737	105
63.9771	105
63.9804	105
63.9838	105
63.9872	105
63.9906	105
63.9939	105
63.9973	105
64.0007	105
64.004	105
64.0074	105
64.0108	105
64.0142	105
64.0175	105
64.0209	104
64.0243	104
64.0277	104
64.031	104
64.0344	104
64.0378	104
64.0411	104
64.0445	104
64.0479	104
64.0513	104
64.0546	104
64.058	104
64.0614	104
64.0648	104
64.0681	104
64.0715	104
64.0749	104
64.0782	104
64.0816	104
64.085	104
64.0884	104
64.0917	104
64.0951	104
64.0985	104
64.1019	104
64.1052	104
64.1086	105
64.112	105
64.1153	105
64.1187	105
64.1221	106
64.1255	106
64.1288	106
64.1322	106
64.1356	106
64.139	106
64.1423	107
64.1457	107
64.1491	107
64.1524	107
64.1558	107
64.1592	107
64.1626	107
64.1659	107
64.1693	107
64.1727	107
64.1761	107
64.1794	107
64.1828	107
64.1862	107
64.1895	107
64.1929	107
64.1963	107
64.1997	107
64.203	107
64.2064	107
64.2098	107
64.2132	107
64.2165	107
64.2199	107
64.2233	107
64.2266	107
64.23	107
64.2334	107
64.2368	107
64.2401	107
64.2435	107
64.2469	107
64.2503	107
64.2536	107
64.257	107
64.2604	107
64.2637	107
64.2671	107
64.2705	107
64.2739	107
64.2772	107
64.2806	107
64.284	107
64.2874	107
64.2907	107
64.2941	107
64.2975	107
64.3008	107
64.3042	107
64.3076	107
64.311	107
64.3143	107
64.3177	108
64.3211	108
64.3245	109
64.3278	109
64.3312	109
64.3346	109
64.338	109
64.3413	110
64.3447	110
64.3481	110
64.3514	110
64.3548	110
64.3582	110
64.3616	110
64.3649	110
64.3683	110
64.3717	110
64.3751	110
64.3784	110
64.3818	110
64.3852	111
64.3885	111
64.3919	111
64.3953	111
64.3987	111
64.402	111
64.4054	111
64.4088	111
64.4122	111
64.4155	111
64.4189	111
64.4223	110
64.4256	110
64.429	110
64.4324	109
64.4358	109
64.4391	109
64.4425	109
64.4459	109
64.4493	108
64.4526	108
64.456	108
64.4594	108
64.4627	108
64.4661	108
64.4695	108
64.4729	108
64.4762	108
64.4796	108
64.483	108
64.4864	108
64.4897	108
64.4931	108
64.4965	108
64.4998	108
64.5032	108
64.5066	108
64.51	107
64.5133	107
64.5167	107
64.5201	107
64.5235	107
64.5268	107
64.5302	107
64.5336	107
64.5369	107
64.5403	107
64.5437	107
64.5471	107
64.5504	107
64.5538	107
64.5572	107
64.5606	107
64.5639	107
64.5673	107
64.5707	107
64.574	107
64.5774	107
64.5808	107
64.5842	107
64.5875	107
64.5909	107
64.5943	107
64.5977	107
64.601	107
64.6044	107
64.6078	107
64.6111	107
64.6145	107
64.6179	107
64.6213	107
64.6246	107
64.628	107
64.6314	107
64.6348	107
64.6381	106
64.6415	106
64.6449	106
64.6482	106
64.6516	105
64.655	105
64.6584	105
64.6617	105
64.6651	105
64.6685	105
64.6719	105
64.6752	105
64.6786	104
64.682	104
64.6853	104
64.6887	104
64.6921	104
64.6955	104
64.6988	104
64.7022	104
64.7056	104
64.709	104
64.7123	104
64.7157	104
64.7191	104
64.7224	104
64.7258	104
64.7292	104
64.7332	104
64.7365	104
64.7399	104
64.7433	104
64.7467	104
64.75	104
64.7534	104
64.7568	104
64.7602	105
64.7635	105
64.7669	105
64.7703	105
64.7736	105
64.777	105
64.7804	105
64.7838	105
64.7871	105
64.7905	105
64.7939	105
64.7973	105
64.8006	105
64.804	105
64.8074	105
64.8107	105
64.8141	105
64.8175	105
64.8209	105
64.8242	105
64.8276	105
64.831	105
64.8344	105
64.8377	104
64.8411	104
64.8445	104
64.8478	104
64.8512	104
64.8546	104
64.858	104
64.8613	104
64.8647	104
64.8681	104
64.8715	104
64.8748	104
64.8782	104
64.8816	104
64.885	104
64.8883	104
64.8917	104
64.8951	104
64.8984	104
64.9018	104
64.9052	104
64.9086	104
64.9119	104
64.9153	104
64.9187	104
64.9221	104
64.9254	104
64.9288	104
64.9322	104
64.9355	104
64.9389	105
64.9423	105
64.9457	105
64.949	106
64.9524	106
64.9558	106
64.9592	106
64.9625	106
64.9659	106
64.9693	107
64.9726	107
64.976	107
64.9794	107
64.9828	107
64.9861	107
64.9895	107
64.9929	107
64.9963	107
64.9996	107
65.003	107
65.0064	107
65.0097	107
65.0131	107
65.0165	107
65.0199	107
65.0232	107
65.0266	107
65.03	107
65.0334	107
65.0367	107
65.0401	107
65.0435	107
65.0468	107
65.0502	107
65.0536	107
65.057	107
65.0603	107
65.0637	107
65.0671	107
65.0705	107
65.0738	107
65.0772	107
65.0806	107
65.0839	107
65.0873	107
65.0907	107
65.0941	107
65.0974	107
65.1008	107
65.1042	107
65.1076	107
65.1109	107
65.1143	107
65.1177	107
65.121	107
65.1244	107
65.1278	107
65.1312	107
65.1345	107
65.1379	107
65.1413	107
65.1447	107
65.148	108
65.1514	108
65.1548	109
65.1581	109
65.1615	109
65.1649	109
65.1683	110
65.1716	110
65.175	110
65.1784	110
65.1818	110
65.1851	110
65.1885	110
65.1919	110
65.1952	110
65.1986	110
65.202	110
65.2054	110
65.2087	110
65.2121	111
65.2155	111
65.2189	111
65.2222	111
65.2256	111
65.229	111
65.2323	111
65.2357	111
65.2391	111
65.2425	111
65.2458	111
65.2492	111
65.2526	110
65.256	110
65.2593	110
65.2627	109
65.2661	109
65.2694	109
65.2728	109
65.2762	109
65.2796	108
65.2829	108
65.2863	108
65.2897	108
65.2931	108
65.2964	108
65.2998	108
65.3032	108
65.3066	108
65.3099	108
65.3133	108
65.3167	108
65.32	108
65.3234	108
65.3268	108
65.3302	108
65.3335	108
65.3369	108
65.3403	108
65.3437	108
65.347	108
65.3504	108
65.3538	108
65.3571	108
65.3605	108
65.3639	108
65.3673	108
65.3706	108
65.374	108
65.3774	108
65.3808	108
65.3841	108
65.3875	108
65.3909	108
65.3942	108
65.3976	108
65.401	107
65.4044	107
65.4077	107
65.4111	107
65.4145	107
65.4179	107
65.4212	107
65.4246	107
65.428	107
65.4313	107
65.4347	107
65.4381	107
65.4415	107
65.4448	107
65.4482	107
65.4516	107
65.455	107
65.4583	107
65.4617	107
65.4651	107
65.4684	106
65.4718	106
65.4752	106
65.4786	105
65.4819	105
65.4853	105
65.4887	105
65.4921	105
65.4954	105
65.4988	105
65.5022	105
65.5055	105
65.5089	104
65.5123	104
65.5157	104
65.519	104
65.5224	104
65.5258	104
65.5292	104
65.5325	104
65.5359	104
65.5393	104
65.5426	104
65.546	104
65.5494	104
65.5528	104
65.5561	104
65.5595	104
65.5635	104
65.5669	104
65.5702	104
65.5736	104
65.577	104
65.5804	104
65.5837	104
65.5871	105
65.5905	105
65.5938	105
65.5972	105
65.6006	105
65.604	105
65.6073	105
65.6107	105
65.6141	105
65.6175	105
65.6208	105
65.6242	105
65.6276	105
65.6309	105
65.6343	105
65.6377	105
65.6411	105
65.6444	105
65.6478	105
65.6512	105
65.6546	105
65.6579	105
65.6613	105
65.6647	105
65.668	105
65.6714	105
65.6748	104
65.6782	104
65.6815	104
65.6849	104
65.6883	104
65.6917	104
65.695	104
65.6984	104
65.7018	104
65.7051	104
65.7085	104
65.7119	104
65.7153	104
65.7186	104
65.722	104
65.7254	104
65.7288	104
65.7321	104
65.7355	104
65.7389	104
65.7422	104
65.7456	104
65.749	104
65.7524	104
65.7557	104
65.7591	104
65.7625	104
65.7659	104
65.7692	104
65.7726	105
65.776	105
65.7793	105
65.7827	106
65.7861	106
65.7895	106
65.7928	106
65.7962	106
65.7996	107
65.803	107
65.8063	107
65.8097	107
65.8131	107
65.8164	107
65.8198	107
65.8232	107
65.8266	107
65.8299	107
65.8333	107
65.8367	107
65.8401	107
65.8434	107
65.8468	107
65.8502	107
65.8536	107
65.8569	107
65.8603	107
65.8637	107
65.867	107
65.8704	107
65.8738	107
65.8772	107
65.8805	107
65.8839	107
65.8873	107
65.8907	107
65.894	107
65.8974	107
65.9008	107
65.9041	107
65.9075	107
65.9109	107
65.9143	107
65.9176	107
65.921	107
65.9244	107
65.9278	107
65.9311	107
65.9345	107
65.9379	107
65.9412	107
65.9446	107
65.948	107
65.9514	107
65.9547	107
65.9581	107
65.9615	107
65.9649	107
65.9682	107
65.9716	107
65.975	107
65.9783	108
65.9817	108
65.9851	109
65.9885	109
65.9918	109
65.9952	109
65.9986	109
66.002	110
66.0053	110
66.0087	110
66.0121	110
66.0154	110
66.0188	110
66.0222	110
66.0256	110
66.0289	110
66.0323	110
66.0357	110
66.0391	111
66.0424	111
66.0458	111
66.0492	111
66.0525	111
66.0559	111
66.0593	111
66.0627	111
66.066	111
66.0694	111
66.0728	111
66.0762	111
66.0795	111
66.0829	110
66.0863	110
66.0896	110
66.093	109
66.0964	109
66.0998	109
66.1031	109
66.1065	109
66.1099	108
66.1133	108
66.1166	108
66.12	108
66.1234	108
66.1267	108
66.1301	108
66.1335	108
66.1369	108
66.1402	108
66.1436	108
66.147	108
66.1504	108
66.1537	108
66.1571	108
66.1605	108
66.1638	108
66.1672	108
66.1706	108
66.174	107
66.1773	107
66.1807	107
66.1841	107
66.1875	107
66.1908	107
66.1942	107
66.1976	107
66.2009	107
66.2043	107
66.2077	107
66.2111	107
66.2144	107
66.2178	107
66.2212	107
66.2246	107
66.2279	107
66.2313	107
66.2347	107
66.238	107
66.2414	107
66.2448	107
66.2482	107
66.2515	107
66.2549	107
66.2583	107
66.2617	107
66.265	107
66.2684	107
66.2718	107
66.2752	107
66.2785	107
66.2819	107
66.2853	107
66.2886	107
66.292	107
66.2954	107
66.2988	106
66.3021	106
66.3055	106
66.3089	106
66.3123	105
66.3156	105
66.319	105
66.3224	105
66.3257	105
66.3291	105
66.3325	105
66.3359	105
66.3392	105
66.3426	104
66.346	104
66.3494	104
66.3527	104
66.3561	104
66.3595	104
66.3628	104
66.3662	104
66.3696	104
66.373	104
66.3763	104
66.3797	104
66.3831	104
66.3865	104
66.3898	104
66.3938	104
66.3972	104
66.4006	104
66.4039	104
66.4073	104
66.4107	104
66.414	104
66.4174	104
66.4208	104
66.4242	105
66.4275	105
66.4309	105
66.4343	105
66.4377	105
66.441	105
66.4444	105
66.4478	105
66.4511	105
66.4545	105
66.4579	105
66.4613	105
66.4646	105
66.468	105
66.4714	105
66.4748	105
66.4781	105
66.4815	105
66.4849	105
66.4882	105
66.4916	105
66.495	105
66.4984	105
66.5017	104
66.5051	104
66.5085	104
66.5119	104
66.5152	104
66.5186	104
66.522	104
66.5253	104
66.5287	104
66.5321	104
66.5355	104
66.5388	104
66.5422	104
66.5456	104
66.549	104
66.5523	104
66.5557	104
66.5591	104
66.5624	104
66.5658	104
66.5692	104
66.5726	104
66.5759	104
66.5793	104
66.5827	104
66.5861	104
66.5894	104
66.5928	104
66.5962	104
66.5995	105
66.6029	105
66.6063	105
66.6097	105
66.613	106
66.6164	106
66.6198	106
66.6232	106
66.6265	106
66.6299	107
66.6333	107
66.6366	107
66.64	107
66.6434	107
66.6468	107
66.6501	107
66.6535	107
66.6569	107
66.6603	107
66.6636	107
66.667	107
66.6704	107
66.6737	107
66.6771	107
66.6805	107
66.6839	107
66.6872	107
66.6906	107
66.694	107
66.6974	107
66.7007	107
66.7041	107
66.7075	107
66.7108	107
66.7142	107
66.7176	107
66.721	107
66.7243	107
66.7277	107
66.7311	107
66.7345	107
66.7378	107
66.7412	107
66.7446	107
66.7479	107
66.7513	107
66.7547	107
66.7581	107
66.7614	107
66.7648	107
66.7682	107
66.7716	107
66.7749	107
66.7783	107
66.7817	107
66.7851	107
66.7884	107
66.7918	107
66.7952	107
66.7985	107
66.8019	107
66.8053	107
66.8087	108
66.812	108
66.8154	109
66.8188	109
66.8222	109
66.8255	109
66.8289	109
66.8323	110
66.8356	110
66.839	110
66.8424	110
66.8458	110
66.8491	110
66.8525	110
66.8559	110
66.8593	110
66.8626	110
66.866	110
66.8694	110
66.8727	110
66.8761	111
66.8795	111
66.8829	111
66.8862	111
66.8896	111
66.893	111
66.8964	111
66.8997	111
66.9031	111
66.9065	111
66.9098	111
66.9132	110
66.9166	110
66.92	110
66.9233	109
66.9267	109
66.9301	109
66.9335	109
66.9368	109
66.9402	108
66.9436	108
66.9469	108
66.9503	108
66.9537	108
66.9571	108
66.9604	108
66.9638	108
66.9672	108
66.9706	108
66.9739	108
66.9773	108
66.9807	108
66.984	108
66.9874	108
66.9908	108
66.9942	108
66.9975	108
67.0009	108
67.0043	108
67.0077	108
67.011	108
67.0144	108
67.0178	108
67.0211	108
67.0245	108
67.0279	108
67.0313	108
67.0346	108
67.038	108
67.0414	108
67.0448	108
67.0481	108
67.0515	108
67.0549	108
67.0582	108
67.0616	108
67.065	107
67.0684	107
67.0717	107
67.0751	107
67.0785	107
67.0819	107
67.0852	107
67.0886	107
67.092	107
67.0953	107
67.0987	107
67.1021	107
67.1055	107
67.1088	107
67.1122	107
67.1156	107
67.119	107
67.1223	107
67.1257	107
67.1291	106
67.1324	106
67.1358	106
67.1392	106
67.1426	105
67.1459	105
67.1493	105
67.1527	105
67.1561	105
67.1594	105
67.1628	105
67.1662	105
67.1695	105
67.1729	104
67.1763	104
67.1797	104
67.183	104
67.1864	104
67.1898	104
67.1932	104
67.1965	104
67.1999	104
67.2033	104
67.2067	104
67.21	104
67.2134	104
67.2168	104
67.2201	104
67.2241	104
67.2275	104
67.2309	104
67.2342	104
67.2376	104
67.241	104
67.2444	104
67.2477	104
67.2511	105
67.2545	105
67.2578	105
67.2612	105
67.2646	105
67.268	105
67.2713	105
67.2747	105
67.2781	105
67.2815	105
67.2848	105
67.2882	105
67.2916	105
67.2949	105
67.2983	105
67.3017	105
67.3051	105
67.3084	105
67.3118	105
67.3152	105
67.3186	105
67.3219	105
67.3253	105
67.3287	104
67.3321	104
67.3354	104
67.3388	104
67.3422	104
67.3455	104
67.3489	104
67.3523	104
67.3557	104
67.359	104
67.3624	104
67.3658	104
67.3692	104
67.3725	104
67.3759	104
67.3793	104
67.3826	104
67.386	104
67.3894	104
67.3928	104
67.3961	104
67.3995	104
67.4029	104
67.4063	104
67.4096	104
67.413	104
67.4164	104
67.4197	104
67.4231	104
67.4265	104
67.4299	105
67.4332	105
67.4366	105
67.44	105
67.4434	106
67.4467	106
67.4501	106
67.4535	106
67.4568	106
67.4602	107
67.4636	107
67.467	107
67.4703	107
67.4737	107
67.4771	107
67.4805	107
67.4838	107
67.4872	107
67.4906	107
67.4939	107
67.4973	107
67.5007	107
67.5041	107
67.5074	107
67.5108	107
67.5142	107
67.5176	107
67.5209	107
67.5243	107
67.5277	107
67.531	107
67.5344	107
67.5378	107
67.5412	107
67.5445	107
67.5479	107
67.5513	107
67.5547	107
67.558	107
67.5614	107
67.5648	107
67.5681	107
67.5715	107
67.5749	107
67.5783	107
67.5816	107
67.585	107
67.5884	107
67.5918	107
67.5951	107
67.5985	107
67.6019	107
67.6052	107
67.6086	107
67.612	107
67.6154	107
67.6187	107
67.6221	107
67.6255	107
67.6289	107
67.6322	107
67.6356	107
67.639	108
67.6423	108
67.6457	108
67.6491	109
67.6525	109
67.6558	109
67.6592	110
67.6626	110
67.666	110
67.6693	110
67.6727	110
67.6761	110
67.6794	110
67.6828	110
67.6862	110
67.6896	110
67.6929	110
67.6963	110
67.6997	110
67.7031	111
67.7064	111
67.7098	111
67.7132	111
67.7165	111
67.7199	111
67.7233	111
67.7267	111
67.73	111
67.7334	111
67.7368	111
67.7402	111
67.7435	110
67.7469	110
67.7503	110
67.7537	109
67.757	109
67.7604	109
67.7638	109
67.7671	109
67.7705	109
67.7739	108
67.7773	108
67.7806	108
67.784	108
67.7874	108
67.7908	108
67.7941	108
67.7975	108
67.8009	108
67.8042	108
67.8076	108
67.811	108
67.8144	108
67.8177	108
67.8211	108
67.8245	108
67.8279	108
67.8312	108
67.8346	108
67.838	107
67.8413	107
67.8447	107
67.8481	107
67.8515	107
67.8548	107
67.8582	107
67.8616	107
67.865	107
67.8683	107
67.8717	107
67.8751	107
67.8784	107
67.8818	107
67.8852	107
67.8886	107
67.8919	107
67.8953	107
67.8987	107
67.9021	107
67.9054	107
67.9088	107
67.9122	107
67.9155	107
67.9189	107
67.9223	107
67.9257	107
67.929	107
67.9324	107
67.9358	107
67.9392	107
67.9425	107
67.9459	107
67.9493	107
67.9526	107
67.956	107
67.9594	106
67.9628	106
67.9661	106
67.9695	106
67.9729	105
67.9763	105
67.9796	105
67.983	105
67.9864	105
67.9897	105
67.9931	105
67.9965	105
67.9999	105
68.0032	105
68.0066	104
68.01	104
68.0134	104
68.0167	104
68.0201	104
68.0235	104
68.0268	104
68.0302	104
68.0336	104
68.037	104
68.0403	104
68.0437	104
68.0471	104
68.0505	104
68.0544	104
68.0578	104
68.0612	104
68.0646	104
68.0679	104
68.0713	104
68.0747	104
68.078	105
68.0814	105
68.0848	105
68.0882	105
68.0915	105
68.0949	105
68.0983	105
68.1017	105
68.105	105
68.1084	105
68.1118	105
68.1151	105
68.1185	105
68.1219	105
68.1253	105
68.1286	105
68.132	105
68.1354	105
68.1388	105
68.1421	105
68.1455	105
68.1489	105
68.1522	105
68.1556	105
68.159	105
68.1624	105
68.1657	104
68.1691	104
68.1725	104
68.1759	104
68.1792	104
68.1826	104
68.186	104
68.1893	104
68.1927	104
68.1961	104
68.1995	104
68.2028	104
68.2062	104
68.2096	104
68.213	104
68.2163	104
68.2197	104
68.2231	104
68.2264	104
68.2298	104
68.2332	104
68.2366	104
68.2399	104
68.2433	104
68.2467	104
68.2501	104
68.2534	104
68.2568	104
68.2602	104
68.2635	105
68.2669	105
68.2703	105
68.2737	106
68.277	106
68.2804	106
68.2838	106
68.2872	106
68.2905	107
68.2939	107
68.2973	107
68.3007	107
68.304	107
68.3074	107
68.3108	107
68.3141	107
68.3175	107
68.3209	107
68.3243	107
68.3276	107
68.331	107
68.3344	107
68.3378	107
68.3411	107
68.3445	107
68.3479	107
68.3512	107
68.3546	107
68.358	107
68.3614	107
68.3647	107
68.3681	107
68.3715	107
68.3749	107
68.3782	107
68.3816	107
68.385	107
68.3883	107
68.3917	107
68.3951	107
68.3985	107
68.4018	107
68.4052	107
68.4086	107
68.412	107
68.4153	107
68.4187	107
68.4221	107
68.4254	107
68.4288	107
68.4322	107
68.4356	107
68.4389	107
68.4423	107
68.4457	107
68.4491	107
68.4524	107
68.4558	107
68.4592	107
68.4625	107
68.4659	107
68.4693	108
68.4727	108
68.476	109
68.4794	109
68.4828	109
68.4862	109
68.4895	110
68.4929	110
68.4963	110
68.4996	110
68.503	110
68.5064	110
68.5098	110
68.5131	110
68.5165	110
68.5199	110
68.5233	111
68.5266	111
68.53	111
68.5334	111
68.5367	111
68.5401	111
68.5435	111
68.5469	111
68.5502	111
68.5536	111
68.557	111
68.5604	111
68.5637	111
68.5671	111
68.5705	111
68.5738	110
68.5772	110
68.5806	110
68.584	109
68.5873	109
68.5907	109
68.5941	109
68.5975	109
68.6008	108
68.6042	108
68.6076	108
68.6109	108
68.6143	108
68.6177	108
68.6211	108
68.6244	108
68.6278	108
68.6312	108
68.6346	108
68.6379	108
68.6413	108
68.6447	108
68.648	108
68.6514	108
68.6548	108
68.6582	108
68.6615	108
68.6649	108
68.6683	108
68.6717	108
68.675	108
68.6784	108
68.6818	108
68.6851	108
68.6885	108
68.6919	108
68.6953	108
68.6986	108
68.702	108
68.7054	108
68.7088	108
68.7121	108
68.7155	108
68.7189	108
68.7223	108
68.7256	108
68.729	107
68.7324	107
68.7357	107
68.7391	107
68.7425	107
68.7459	107
68.7492	107
68.7526	107
68.756	107
68.7594	107
68.7627	107
68.7661	107
68.7695	107
68.7728	107
68.7762	107
68.7796	107
68.783	107
68.7863	107
68.7897	106
68.7931	106
68.7965	106
68.7998	106
68.8032	105
68.8066	105
68.8099	105
68.8133	105
68.8167	105
68.8201	105
68.8234	105
68.8268	105
68.8302	105
68.8336	105
68.8369	104
68.8403	104
68.8437	104
68.847	104
68.8504	104
68.8538	104
68.8572	104
68.8605	104
68.8639	104
68.8673	104
68.8707	104
68.874	104
68.8774	104
68.8808	104
68.8848	104
68.8881	104
68.8915	104
68.8949	104
68.8982	104
68.9016	104
68.905	104
68.9084	104
68.9117	104
68.9151	105
68.9185	105
68.9219	105
68.9252	105
68.9286	105
68.932	105
68.9353	105
68.9387	105
68.9421	105
68.9455	105
68.9488	105
68.9522	105
68.9556	105
68.959	105
68.9623	105
68.9657	105
68.9691	105
68.9724	105
68.9758	105
68.9792	105
68.9826	105
68.9859	105
68.9893	105
68.9927	104
68.9961	104
68.9994	104
69.0028	104
69.0062	104
69.0095	104
69.0129	104
69.0163	104
69.0197	104
69.023	104
69.0264	104
69.0298	104
69.0332	104
69.0365	104
69.0399	104
69.0433	104
69.0466	104
69.05	104
69.0534	104
69.0568	104
69.0601	104
69.0635	104
69.0669	104
69.0703	104
69.0736	104
69.077	104
69.0804	104
69.0837	104
69.0871	104
69.0905	105
69.0939	105
69.0972	105
69.1006	106
69.104	106
69.1074	106
69.1107	106
69.1141	106
69.1175	106
69.1208	107
69.1242	107
69.1276	107
69.131	107
69.1343	107
69.1377	107
69.1411	107
69.1445	107
69.1478	107
69.1512	107
69.1546	107
69.1579	107
69.1613	107
69.1647	107
69.1681	107
69.1714	107
69.1748	107
69.1782	107
69.1816	107
69.1849	107
69.1883	107
69.1917	107
69.195	107
69.1984	107
69.2018	107
69.2052	107
69.2085	107
69.2119	107
69.2153	107
69.2187	107
69.222	107
69.2254	107
69.2288	107
69.2321	107
69.2355	107
69.2389	107
69.2423	107
69.2456	107
69.249	107
69.2524	107
69.2558	107
69.2591	107
69.2625	107
69.2659	107
69.2693	107
69.2726	107
69.276	107
69.2794	107
69.2827	107
69.2861	107
69.2895	107
69.2929	107
69.2962	107
69.2996	108
69.303	108
69.3064	108
69.3097	109
69.3131	109
69.3165	109
69.3198	109
69.3232	110
69.3266	110
69.33	110
69.3333	110
69.3367	110
69.3401	110
69.3435	110
69.3468	110
69.3502	110
69.3536	110
69.3569	110
69.3603	110
69.3637	110
69.3671	111
69.3704	111
69.3738	111
69.3772	111
69.3806	111
69.3839	111
69.3873	111
69.3907	111
69.394	111
69.3974	111
69.4008	111
69.4042	110
69.4075	110
69.4109	110
69.4143	109
69.4177	109
69.421	109
69.4244	109
69.4278	109
69.4311	108
69.4345	108
69.4379	108
69.4413	108
69.4446	108
69.448	108
69.4514	108
69.4548	108
69.4581	108
69.4615	108
69.4649	108
69.4682	108
69.4716	108
69.475	108
69.4784	108
69.4817	108
69.4851	108
69.4885	108
69.4919	108
69.4952	108
69.4986	108
69.502	107
69.5053	107
69.5087	107
69.5121	107
69.5155	107
69.5188	107
69.5222	107
69.5256	107
69.529	107
69.5323	107
69.5357	107
69.5391	107
69.5424	107
69.5458	107
69.5492	107
69.5526	107
69.5559	107
69.5593	107
69.5627	107
69.5661	107
69.5694	107
69.5728	107
69.5762	107
69.5795	107
69.5829	107
69.5863	107
69.5897	107
69.593	107
69.5964	107
69.5998	107
69.6032	107
69.6065	107
69.6099	107
69.6133	107
69.6166	107
69.62	106
69.6234	106
69.6268	106
69.6301	106
69.6335	106
69.6369	105
69.6403	105
69.6436	105
69.647	105
69.6504	105
69.6537	105
69.6571	105
69.6605	105
69.6639	104
69.6672	104
69.6706	104
69.674	104
69.6774	104
69.6807	104
69.6841	104
69.6875	104
69.6909	104
69.6942	104
69.6976	104
69.701	104
69.7043	104
69.7077	104
69.7111	104
69.7151	104
69.7184	104
69.7218	104
69.7252	104
69.7286	104
69.7319	104
69.7353	104
69.7387	104
69.742	105
69.7454	105
69.7488	105
69.7522	105
69.7555	105
69.7589	105
69.7623	105
69.7657	105
69.769	105
69.7724	105
69.7758	105
69.7791	105
69.7825	105
69.7859	105
69.7893	105
69.7926	105
69.796	105
69.7994	105
69.8028	105
69.8061	105
69.8095	105
69.8129	105
69.8163	105
69.8196	105
69.823	104
69.8264	104
69.8297	104
69.8331	104
69.8365	104
69.8399	104
69.8432	104
69.8466	104
69.85	104
69.8534	104
69.8567	104
69.8601	104
69.8635	104
69.8668	104
69.8702	104
69.8736	104
69.877	104
69.8803	104
69.8837	104
69.8871	104
69.8905	104
69.8938	104
69.8972	104
69.9006	104
69.9039	104
69.9073	104
69.9107	104
69.9141	104
69.9174	104
69.9208	105
69.9242	105
69.9276	105
69.9309	105
69.9343	106
69.9377	106
69.941	106
69.9444	106
69.9478	106
69.9512	107
69.9545	107
69.9579	107
69.9613	107
69.9647	107
69.968	107
69.9714	107
69.9748	107
69.9781	107
69.9815	107
69.9849	107
69.9883	107
69.9916	107
69.995	107
69.9984	107
70.0018	107
70.0051	107
70.0085	107
70.0119	107
70.0152	107
70.0186	107
70.022	107
70.0254	107
70.0287	107
70.0321	107
70.0355	107
70.0389	107
70.0422	107
70.0456	107
70.049	107
70.0523	107
70.0557	107
70.0591	107
70.0625	107
70.0658	107
70.0692	107
70.0726	107
70.076	107
70.0793	107
70.0827	107
70.0861	107
70.0894	107
70.0928	107
70.0962	107
70.0996	107
70.1029	107
70.1063	107
70.1097	107
70.1131	107
70.1164	107
70.1198	107
70.1232	107
70.1265	107
70.1299	108
70.1333	108
70.1367	109
70.14	109
70.1434	109
70.1468	109
70.1502	110
70.1535	110
70.1569	110
70.1603	110
70.1636	110
70.167	110
70.1704	110
70.1738	110
70.1771	110
70.1805	110
70.1839	110
70.1873	111
70.1906	111
70.194	111
70.1974	111
70.2007	111
70.2041	111
70.2075	111
70.2109	111
70.2142	111
70.2176	111
70.221	111
70.2244	111
70.2277	111
70.2311	111
70.2345	110
70.2379	110
70.2412	110
70.2446	109
70.248	109
70.2513	109
70.2547	109
70.2581	109
70.2615	108
70.2648	108
70.2682	108
70.2716	108
70.275	108
70.2783	108
70.2817	108
70.2851	108
70.2884	108
70.2918	108
70.2952	108
70.2986	108
70.3019	108
70.3053	108
70.3087	108
70.3121	108
70.3154	108
70.3188	108
70.3222	108
70.3255	108
70.3289	108
70.3323	108
70.3357	108
70.339	108
70.3424	108
70.3458	108
70.3492	108
70.3525	108
70.3559	108
70.3593	108
70.3626	108
70.366	108
70.3694	108
70.3728	108
70.3761	108
70.3795	108
70.3829	108
70.3863	108
70.3896	108
70.393	107
70.3964	107
70.3997	107
70.4031	107
70.4065	107
70.4099	107
70.4132	107
70.4166	107
70.42	107
70.4234	107
70.4267	107
70.4301	107
70.4335	107
70.4368	107
70.4402	107
70.4436	107
70.447	107
70.4503	106
70.4537	106
70.4571	106
70.4605	106
70.4638	105
70.4672	105
70.4706	105
70.4739	105
70.4773	105
70.4807	105
70.4841	105
70.4874	105
70.4908	104
70.4942	104
70.4976	104
70.5009	104
70.5043	104
70.5077	104
70.511	104
70.5144	104
70.5178	104
70.5212	104
70.5245	104
70.5279	104
70.5313	104
70.5347	104
70.538	104
70.5414	104
70.5454	104
70.5488	104
70.5521	104
70.5555	104
70.5589	104
70.5622	104
70.5656	104
70.569	104
70.5724	104
70.5757	104
70.5791	105
70.5825	105
70.5859	105
70.5892	105
70.5926	105
70.596	105
70.5993	105
70.6027	105
70.6061	105
70.6095	105
70.6128	105
70.6162	105
70.6196	105
70.623	105
70.6263	105
70.6297	105
70.6331	105
70.6364	105
70.6398	105
70.6432	105
70.6466	105
70.6499	104
70.6533	104
70.6567	104
70.6601	104
70.6634	104
70.6668	104
70.6702	104
70.6735	104
70.6769	104
70.6803	104
70.6837	104
70.687	104
70.6904	104
70.6938	104
70.6972	104
70.7005	104
70.7039	104
70.7073	104
70.7106	104
70.714	104
70.7174	104
70.7208	104
70.7241	104
70.7275	104
70.7309	104
70.7343	104
70.7376	104
70.741	104
70.7444	104
70.7477	104
70.7511	105
70.7545	105
70.7579	105
70.7612	106
70.7646	106
70.768	106
70.7714	106
70.7747	106
70.7781	106
70.7815	107
70.7849	107
70.7882	107
70.7916	107
70.795	107
70.7983	107
70.8017	107
70.8051	107
70.8085	107
70.8118	107
70.8152	107
70.8186	107
70.822	107
70.8253	107
70.8287	107
70.8321	107
70.8354	107
70.8388	107
70.8422	107
70.8456	107
70.8489	107
70.8523	107
70.8557	107
70.8591	107
70.8624	107
70.8658	107
70.8692	107
70.8725	107
70.8759	107
70.8793	107
70.8827	107
70.886	107
70.8894	107
70.8928	107
70.8962	107
70.8995	107
70.9029	107
70.9063	107
70.9096	107
70.913	107
70.9164	107
70.9198	107
70.9231	107
70.9265	107
70.9299	107
70.9333	107
70.9366	107
70.94	107
70.9434	107
70.9467	107
70.9501	107
70.9535	107
70.9569	107
70.9602	108
70.9636	108
70.967	109
70.9704	109
70.9737	109
70.9771	109
70.9805	109
70.9838	110
70.9872	110
70.9906	110
70.994	110
70.9973	110
71.0007	110
71.0041	110
71.0075	110
71.0108	110
71.0142	110
71.0176	110
71.0209	110
71.0243	110
71.0277	110
71.0311	111
71.0344	111
71.0378	111
71.0412	111
71.0446	111
71.0479	111
71.0513	111
71.0547	111
71.058	111
71.0614	111
71.0648	110
71.0682	110
71.0715	110
71.0749	109
71.0783	109
71.0817	109
71.085	109
71.0884	109
71.0918	108
71.0951	108
71.0985	108
71.1019	108
71.1053	108
71.1086	108
71.112	108
71.1154	108
71.1188	108
71.1221	108
71.1255	108
71.1289	108
71.1322	108
71.1356	108
71.139	108
71.1424	108
71.1457	108
71.1491	108
71.1525	108
71.1559	108
71.1592	108
71.1626	108
71.166	107
71.1693	107
71.1727	107
71.1761	107
71.1795	107
71.1828	107
71.1862	107
71.1896	107
71.193	107
71.1963	107
71.1997	107
71.2031	107
71.2065	107
71.2098	107
71.2132	107
71.2166	107
71.2199	107
71.2233	107
71.2267	107
71.2301	107
71.2334	107
71.2368	107
71.2402	107
71.2436	107
71.2469	107
71.2503	107
71.2537	107
71.257	107
71.2604	107
71.2638	107
71.2672	107
71.2705	107
71.2739	107
71.2773	107
71.2807	106
71.284	106
71.2874	106
71.2908	106
71.2941	105
71.2975	105
71.3009	105
71.3043	105
71.3076	105
71.311	105
71.3144	105
71.3178	105
71.3211	105
71.3245	105
71.3279	104
71.3312	104
71.3346	104
71.338	104
71.3414	104
71.3447	104
71.3481	104
71.3515	104
71.3549	104
71.3582	104
71.3616	104
71.365	104
71.3683	104
71.3717	104
71.3757	104
71.3791	104
71.3824	104
71.3858	104
71.3892	104
71.3926	104
71.3959	104
71.3993	104
71.4027	104
71.4061	105
71.4094	105
71.4128	105
71.4162	105
71.4195	105
71.4229	105
71.4263	105
71.4297	105
71.433	105
71.4364	105
71.4398	105
71.4432	105
71.4465	105
71.4499	105
71.4533	105
71.4566	105
71.46	105
71.4634	105
71.4668	105
71.4701	105
71.4735	105
71.4769	105
71.4803	105
71.4836	105
71.487	104
71.4904	104
71.4937	104
71.4971	104
71.5005	104
71.5039	104
71.5072	104
71.5106	104
71.514	104
71.5174	104
71.5207	104
71.5241	104
71.5275	104
71.5308	104
71.5342	104
71.5376	104
71.541	104
71.5443	104
71.5477	104
71.5511	104
71.5545	104
71.5578	104
71.5612	104
71.5646	104
71.5679	104
71.5713	104
71.5747	104
71.5781	104
71.5814	104
71.5848	105
71.5882	105
71.5916	105
71.5949	106
71.5983	106
71.6017	106
71.605	106
71.6084	106
71.6118	107
71.6152	107
71.6185	107
71.6219	107
71.6253	107
71.6287	107
71.632	107
71.6354	107
71.6388	107
71.6421	107
71.6455	107
71.6489	107
71.6523	107
71.6556	107
71.659	107
71.6624	107
71.6658	107
71.6691	107
71.6725	107
71.6759	107
71.6792	107
71.6826	107
71.686	107
71.6894	107
71.6927	107
71.6961	107
71.6995	107
71.7029	107
71.7062	107
71.7096	107
71.713	107
71.7164	107
71.7197	107
71.7231	107
71.7265	107
71.7298	107
71.7332	107
71.7366	107
71.74	107
71.7433	107
71.7467	107
71.7501	107
71.7535	107
71.7568	107
71.7602	107
71.7636	107
71.7669	107
71.7703	107
71.7737	107
71.7771	107
71.7804	107
71.7838	107
71.7872	107
71.7906	108
71.7939	108
71.7973	109
71.8007	109
71.804	109
71.8074	109
71.8108	109
71.8142	110
71.8175	110
71.8209	110
71.8243	110
71.8277	110
71.831	110
71.8344	110
71.8378	110
71.8411	111
71.8445	111
71.8479	111
71.8513	111
71.8546	111
71.858	111
71.8614	111
71.8648	111
71.8681	111
71.8715	111
71.8749	111
71.8782	111
71.8816	111
71.885	111
71.8884	111
71.8917	111
71.8951	110
71.8985	110
71.9019	110
71.9052	109
71.9086	109
71.912	109
71.9153	109
71.9187	108
71.9221	108
71.9255	108
71.9288	108
71.9322	108
71.9356	108
71.939	108
71.9423	108
71.9457	108
71.9491	108
71.9524	108
71.9558	108
71.9592	108
71.9626	108
71.9659	107
71.9693	107
71.9727	107
71.9761	107
71.9794	107
71.9828	107
71.9862	107
71.9895	107
71.9929	107
71.9963	107
71.9997	107
72.003	107
72.0064	107
72.0098	107
72.0132	107
72.0165	107
72.0199	107
72.0233	107
72.0266	107
72.03	107
72.0334	107
72.0368	107
72.0401	107
72.0435	107
72.0469	107
72.0503	107
72.0536	107
72.057	107
72.0604	107
72.0637	107
72.0671	107
72.0705	107
72.0739	107
72.0772	107
72.0806	107
72.084	107
72.0874	107
72.0907	107
72.0941	107
72.0975	107
72.1008	107
72.1042	107
72.1076	107
72.111	106
72.1143	106
72.1177	106
72.1211	106
72.1245	105
72.1278	105
72.1312	105
72.1346	105
72.138	105
72.1413	105
72.1447	105
72.1481	105
72.1514	105
72.1548	104
72.1582	104
72.1616	104
72.1649	104
72.1683	104
72.1717	104
72.1751	104
72.1784	104
72.1818	104
72.1852	104
72.1885	104
72.1919	104
72.1953	104
72.1987	104
72.202	104
72.206	104
72.2094	104
72.2128	104
72.2161	105
72.2195	105
72.2229	105
72.2262	105
72.2296	105
72.233	105
72.2364	105
72.2397	105
72.2431	105
72.2465	105
72.2499	105
72.2532	105
72.2566	105
72.26	105
72.2634	105
72.2667	105
72.2701	105
72.2735	105
72.2768	105
72.2802	105
72.2836	105
72.287	105
72.2903	105
72.2937	105
72.2971	105
72.3005	105
72.3038	105
72.3072	105
72.3106	104
72.3139	104
72.3173	104
72.3207	104
72.3241	104
72.3274	104
72.3308	104
72.3342	104
72.3376	104
72.3409	104
72.3443	104
72.3477	104
72.351	104
72.3544	104
72.3578	104
72.3612	104
72.3645	104
72.3679	104
72.3713	104
72.3747	104
72.378	104
72.3814	104
72.3848	104
72.3881	104
72.3915	104
72.3949	104
72.3983	104
72.4016	104
72.405	104
72.4084	104
72.4118	105
72.4151	105
72.4185	105
72.4219	106
72.4252	106
72.4286	106
72.432	106
72.4354	106
72.4387	106
72.4421	107
72.4455	107
72.4489	107
72.4522	107
72.4556	107
72.459	107
72.4623	107
72.4657	107
72.4691	107
72.4725	107
72.4758	107
72.4792	107
72.4826	107
72.486	107
72.4893	107
72.4927	107
72.4961	107
72.4994	107
72.5028	107
72.5062	107
72.5096	107
72.5129	107
72.5163	107
72.5197	107
72.5231	107
72.5264	107
72.5298	107
72.5332	107
72.5365	107
72.5399	107
72.5433	107
72.5467	107
72.55	107
72.5534	107
72.5568	107
72.5602	107
72.5635	107
72.5669	107
72.5703	107
72.5736	107
72.577	107
72.5804	107
72.5838	107
72.5871	107
72.5905	107
72.5939	107
72.5973	107
72.6006	107
72.604	107
72.6074	107
72.6107	107
72.6141	107
72.6175	107
72.6209	108
72.6242	108
72.6276	109
72.631	109
72.6344	109
72.6377	109
72.6411	110
72.6445	110
72.6478	110
72.6512	110
72.6546	110
72.658	110
72.6613	110
72.6647	110
72.6681	110
72.6715	110
72.6748	110
72.6782	111
72.6816	111
72.685	111
72.6883	111
72.6917	111
72.6951	111
72.6984	111
72.7018	111
72.7052	111
72.7086	111
72.7119	111
72.7153	111
72.7187	111
72.7221	111
72.7254	110
72.7288	110
72.7322	110
72.7355	109
72.7389	109
72.7423	109
72.7457	109
72.749	109
72.7524	108
72.7558	108
72.7592	108
72.7625	108
72.7659	108
72.7693	108
72.7726	108
72.776	108
72.7794	108
72.7828	108
72.7861	108
72.7895	108
72.7929	108
72.7963	108
72.7996	108
72.803	108
72.8064	108
72.8097	108
72.8131	108
72.8165	108
72.8199	108
72.8232	108
72.8266	108
72.83	107
72.8334	107
72.8367	107
72.8401	107
72.8435	107
72.8468	107
72.8502	107
72.8536	107
72.857	107
72.8603	107
72.8637	107
72.8671	107
72.8705	107
72.8738	107
72.8772	107
72.8806	107
72.8839	107
72.8873	107
72.8907	107
72.8941	107
72.8974	107
72.9008	107
72.9042	107
72.9076	107
72.9109	107
72.9143	107
72.9177	107
72.921	107
72.9244	107
72.9278	107
72.9312	107
72.9345	107
72.9379	107
72.9413	106
72.9447	106
72.948	106
72.9514	106
72.9548	105
72.9581	105
72.9615	105
72.9649	105
72.9683	105
72.9716	105
72.975	105
72.9784	105
72.9818	105
72.9851	105
72.9885	105
72.9919	104
72.9952	104
72.9986	104
73.002	104
73.0054	104
73.0087	104
73.0121	104
73.0155	104
73.0189	104
73.0222	104
73.0256	104
73.029	104
73.0323	104
73.0363	104
73.0397	104
73.0431	104
73.0464	104
73.0498	104
73.0532	104
73.0566	104
73.0599	104
73.0633	104
73.0667	104
73.0701	105
73.0734	105
73.0768	105
73.0802	105
73.0835	105
73.0869	105
73.0903	105
73.0937	105
73.097	105
73.1004	105
73.1038	105
73.1072	105
73.1105	105
73.1139	105
73.1173	105
73.1206	105
73.124	105
73.1274	105
73.1308	105
73.1341	105
73.1375	105
73.1409	105
73.1443	105
73.1476	104
73.151	104
73.1544	104
73.1577	104
73.1611	104
73.1645	104
73.1679	104
73.1712	104
73.1746	104
73.178	104
73.1814	104
73.1847	104
73.1881	104
73.1915	104
73.1948	104
73.1982	104
73.2016	104
73.205	104
73.2083	104
73.2117	104
73.2151	104
73.2185	104
73.2218	104
73.2252	104
73.2286	104
73.232	104
73.2353	104
73.2387	104
73.2421	104
73.2454	105
73.2488	105
73.2522	105
73.2556	106
73.2589	106
73.2623	106
73.2657	106
73.2691	106
73.2724	106
73.2758	107
73.2792	107
73.2825	107
73.2859	107
73.2893	107
73.2927	107
73.296	107
73.2994	107
73.3028	107
73.3062	107
73.3095	107
73.3129	107
73.3163	107
73.3196	107
73.323	107
73.3264	107
73.3298	107
73.3331	107
73.3365	107
73.3399	107
73.3433	107
73.3466	107
73.35	107
73.3534	107
73.3567	107
73.3601	107
73.3635	107
73.3669	107
73.3702	107
73.3736	107
73.377	107
73.3804	107
73.3837	107
73.3871	107
73.3905	107
73.3938	107
73.3972	107
73.4006	107
73.404	107
73.4073	107
73.4107	107
73.4141	107
73.4175	107
73.4208	107
73.4242	107
73.4276	107
73.4309	107
73.4343	107
73.4377	107
73.4411	107
73.4444	107
73.4478	107
73.4512	108
73.4546	108
73.4579	109
73.4613	109
73.4647	109
73.468	109
73.4714	110
73.4748	110
73.4782	110
73.4815	110
73.4849	110
73.4883	110
73.4917	110
73.495	110
73.4984	110
73.5018	110
73.5051	111
73.5085	111
73.5119	111
73.5153	111
73.5186	111
73.522	111
73.5254	111
73.5288	111
73.5321	111
73.5355	111
73.5389	111
73.5422	111
73.5456	111
73.549	111
73.5524	111
73.5557	110
73.5591	110
73.5625	110
73.5659	109
73.5692	109
73.5726	109
73.576	109
73.5793	108
73.5827	108
73.5861	108
73.5895	108
73.5928	108
73.5962	108
73.5996	108
73.603	108
73.6063	108
73.6097	108
73.6131	108
73.6164	108
73.6198	108
73.6232	108
73.6266	108
73.6299	107
73.6333	107
73.6367	107
73.6401	107
73.6434	107
73.6468	107
73.6502	107
73.6536	107
73.6569	107
73.6603	107
73.6637	107
73.667	107
73.6704	107
73.6738	107
73.6772	107
73.6805	107
73.6839	107
73.6873	107
73.6907	107
73.694	107
73.6974	107
73.7008	107
73.7041	107
73.7075	107
73.7109	107
73.7143	107
73.7176	107
73.721	107
73.7244	107
73.7278	107
73.7311	107
73.7345	107
73.7379	107
73.7412	107
73.7446	107
73.748	107
73.7514	107
73.7547	107
73.7581	107
73.7615	107
73.7649	107
73.7682	107
73.7716	106
73.775	106
73.7783	106
73.7817	105
73.7851	105
73.7885	105
73.7918	105
73.7952	105
73.7986	105
73.802	105
73.8053	105
73.8087	104
73.8121	104
73.8154	104
73.8188	104
73.8222	104
73.8256	104
73.8289	104
73.8323	104
73.8357	104
73.8391	104
73.8424	104
73.8458	104
73.8492	104
73.8525	104
73.8559	104
73.8593	104
73.8627	104
73.8666	104
73.87	104
73.8734	104
73.8768	104
73.8801	104
73.8835	104
73.8869	104
73.8903	104
73.8936	104
73.897	104
73.9004	104
73.9037	104
73.9071	105
73.9105	105
73.9139	105
73.9172	105
73.9206	105
73.924	105
73.9274	105
73.9307	105
73.9341	105
73.9375	105
73.9408	105
73.9442	105
73.9476	105
73.951	105
73.9543	105
73.9577	105
73.9611	105
73.9645	105
73.9678	105
73.9712	105
73.9746	104
73.9779	104
73.9813	104
73.9847	104
73.9881	104
73.9914	104
73.9948	104
73.9982	104
74.0016	104
74.0049	104
74.0083	104
74.0117	104
74.015	104
74.0184	104
74.0218	104
74.0252	104
74.0285	104
74.0319	104
74.0353	104
74.0387	104
74.042	104
74.0454	104
74.0488	104
74.0521	104
74.0555	104
74.0589	104
74.0623	104
74.0656	104
74.069	104
74.0724	105
74.0758	105
74.0791	105
74.0825	106
74.0859	106
74.0892	106
74.0926	106
74.096	106
74.0994	106
74.1027	107
74.1061	107
74.1095	107
74.1129	107
74.1162	107
74.1196	107
74.123	107
74.1263	107
74.1297	107
74.1331	107
74.1365	107
74.1398	107
74.1432	107
74.1466	107
74.15	107
74.1533	107
74.1567	107
74.1601	107
74.1634	107
74.1668	107
74.1702	107
74.1736	107
74.1769	107
74.1803	107
74.1837	107
74.1871	107
74.1904	107
74.1938	107
74.1972	107
74.2006	107
74.2039	107
74.2073	107
74.2107	107
74.214	107
74.2174	107
74.2208	107
74.2242	107
74.2275	107
74.2309	107
74.2343	107
74.2377	107
74.241	107
74.2444	107
74.2478	107
74.2511	107
74.2545	107
74.2579	107
74.2613	107
74.2646	107
74.268	107
74.2714	107
74.2748	107
74.2781	107
74.2815	108
74.2849	108
74.2882	109
74.2916	109
74.295	109
74.2984	109
74.3017	109
74.3051	110
74.3085	110
74.3119	110
74.3152	110
74.3186	110
74.322	110
74.3253	110
74.3287	110
74.3321	110
74.3355	110
74.3388	110
74.3422	111
74.3456	111
74.349	111
74.3523	111
74.3557	111
74.3591	111
74.3624	111
74.3658	111
74.3692	111
74.3726	111
74.3759	111
74.3793	111
74.3827	111
74.3861	110
74.3894	110
74.3928	110
74.3962	109
74.3995	109
74.4029	109
74.4063	109
74.4097	109
74.413	108
74.4164	108
74.4198	108
74.4232	108
74.4265	108
74.4299	108
74.4333	108
74.4366	108
74.44	108
74.4434	108
74.4468	108
74.4501	108
74.4535	108
74.4569	108
74.4603	108
74.4636	108
74.467	108
74.4704	108
74.4737	108
74.4771	108
74.4805	108
74.4839	108
74.4872	108
74.4906	108
74.494	107
74.4974	107
74.5007	107
74.5041	107
74.5075	107
74.5108	107
74.5142	107
74.5176	107
74.521	107
74.5243	107
74.5277	107
74.5311	107
74.5345	107
74.5378	107
74.5412	107
74.5446	107
74.5479	107
74.5513	107
74.5547	107
74.5581	107
74.5614	107
74.5648	107
74.5682	107
74.5716	107
74.5749	107
74.5783	107
74.5817	107
74.585	107
74.5884	107
74.5918	107
74.5952	107
74.5985	107
74.6019	106
74.6053	106
74.6087	106
74.612	106
74.6154	105
74.6188	105
74.6222	105
74.6255	105
74.6289	105
74.6323	105
74.6356	105
74.639	105
74.6424	105
74.6458	104
74.6491	104
74.6525	104
74.6559	104
74.6593	104
74.6626	104
74.666	104
74.6694	104
74.6727	104
74.6761	104
74.6795	104
74.6829	104
74.6862	104
74.6896	104
74.693	104
74.697	104
74.7003	104
74.7037	104
74.7071	104
74.7104	104
74.7138	104
74.7172	104
74.7206	104
74.7239	104
74.7273	104
74.7307	104
74.7341	105
74.7374	105
74.7408	105
74.7442	105
74.7476	105
74.7509	105
74.7543	105
74.7577	105
74.761	105
74.7644	105
74.7678	105
74.7712	105
74.7745	105
74.7779	105
74.7813	105
74.7847	105
74.788	105
74.7914	105
74.7948	105
74.7981	105
74.8015	105
74.8049	105
74.8083	105
74.8116	104
74.815	104
74.8184	104
74.8218	104
74.8251	104
74.8285	104
74.8319	104
74.8352	104
74.8386	104
74.842	104
74.8454	104
74.8487	104
74.8521	104
74.8555	104
74.8589	104
74.8622	104
74.8656	104
74.869	104
74.8723	104
74.8757	104
74.8791	104
74.8825	104
74.8858	104
74.8892	104
74.8926	104
74.896	104
74.8993	104
74.9027	104
74.9061	105
74.9094	105
74.9128	105
74.9162	106
74.9196	106
74.9229	106
74.9263	106
74.9297	106
74.9331	107
74.9364	107
74.9398	107
74.9432	107
74.9465	107
74.9499	107
74.9533	107
74.9567	107
74.96	107
74.9634	107
74.9668	107
74.9702	107
74.9735	107
74.9769	107
74.9803	107
74.9836	107
74.987	107
74.9904	107
74.9938	107
74.9971	107
75.0005	107
75.0039	107
75.0073	107
75.0106	107
75.014	107
75.0174	107
75.0207	107
75.0241	107
75.0275	107
75.0309	107
75.0342	107
75.0376	107
75.041	107
75.0444	107
75.0477	107
75.0511	107
75.0545	107
75.0578	107
75.0612	107
75.0646	107
75.068	107
75.0713	107
75.0747	107
75.0781	107
75.0815	107
75.0848	107
75.0882	107
75.0916	107
75.0949	107
75.0983	107
75.1017	107
75.1051	107
75.1084	107
75.1118	108
75.1152	108
75.1186	109
75.1219	109
75.1253	109
75.1287	109
75.132	109
75.1354	110
75.1388	110
75.1422	110
75.1455	110
75.1489	110
75.1523	110
75.1557	110
75.159	110
75.1624	110
75.1658	110
75.1692	111
75.1725	111
75.1759	111
75.1793	111
75.1826	111
75.186	111
75.1894	111
75.1928	111
75.1961	111
75.1995	111
75.2029	111
75.2063	111
75.2096	111
75.213	111
75.2164	110
75.2197	110
75.2231	110
75.2265	109
75.2299	109
75.2332	109
75.2366	109
75.24	108
75.2434	108
75.2467	108
75.2501	108
75.2535	108
75.2568	108
75.2602	108
75.2636	108
75.267	108
75.2703	108
75.2737	108
75.2771	108
75.2805	108
75.2838	108
75.2872	108
75.2906	108
75.2939	107
75.2973	107
75.3007	107
75.3041	107
75.3074	107
75.3108	107
75.3142	107
75.3176	107
75.3209	107
75.3243	107
75.3277	107
75.331	107
75.3344	107
75.3378	107
75.3412	107
75.3445	107
75.3479	107
75.3513	107
75.3547	107
75.358	107
75.3614	107
75.3648	107
75.3681	107
75.3715	107
75.3749	107
75.3783	107
75.3816	107
75.385	107
75.3884	107
75.3918	107
75.3951	107
75.3985	107
75.4019	107
75.4052	107
75.4086	107
75.412	107
75.4154	107
75.4187	107
75.4221	107
75.4255	107
75.4289	107
75.4322	106
75.4356	106
75.439	106
75.4423	106
75.4457	105
75.4491	105
75.4525	105
75.4558	105
75.4592	105
75.4626	105
75.466	105
75.4693	105
75.4727	104
75.4761	104
75.4794	104
75.4828	104
75.4862	104
75.4896	104
75.4929	104
75.4963	104
75.4997	104
75.5031	104
75.5064	104
75.5098	104
75.5132	104
75.5165	104
75.5199	104
75.5233	104
75.5273	104
75.5306	104
75.534	104
75.5374	104
75.5408	104
75.5441	105
75.5475	105
75.5509	105
75.5543	105
75.5576	105
75.561	105
75.5644	105
75.5677	105
75.5711	105
75.5745	105
75.5779	105
75.5812	105
75.5846	105
75.588	105
75.5914	105
75.5947	105
75.5981	105
75.6015	105
75.6048	105
75.6082	105
75.6116	105
75.615	105
75.6183	105
75.6217	105
75.6251	105
75.6285	105
75.6318	105
75.6352	105
75.6386	104
75.6419	104
75.6453	104
75.6487	104
75.6521	104
75.6554	104
75.6588	104
75.6622	104
75.6656	104
75.6689	104
75.6723	104
75.6757	104
75.679	104
75.6824	104
75.6858	104
75.6892	104
75.6925	104
75.6959	104
75.6993	104
75.7027	104
75.706	104
75.7094	104
75.7128	104
75.7162	104
75.7195	104
75.7229	104
75.7263	104
75.7296	104
75.733	104
75.7364	105
75.7398	105
75.7431	105
75.7465	106
75.7499	106
75.7533	106
75.7566	106
75.76	106
75.7634	106
75.7667	107
75.7701	107
75.7735	107
75.7769	107
75.7802	107
75.7836	107
75.787	107
75.7904	107
75.7937	107
75.7971	107
75.8005	107
75.8038	107
75.8072	107
75.8106	107
75.814	107
75.8173	107
75.8207	107
75.8241	107
75.8275	107
75.8308	107
75.8342	107
75.8376	107
75.8409	107
75.8443	107
75.8477	107
75.8511	107
75.8544	107
75.8578	107
75.8612	107
75.8646	107
75.8679	107
75.8713	107
75.8747	107
75.878	107
75.8814	107
75.8848	107
75.8882	107
75.8915	107
75.8949	107
75.8983	107
75.9017	107
75.905	107
75.9084	107
75.9118	107
75.9151	107
75.9185	107
75.9219	107
75.9253	107
75.9286	107
75.932	107
75.9354	107
75.9388	107
75.9421	108
75.9455	108
75.9489	109
75.9522	109
75.9556	109
75.959	109
75.9624	109
75.9657	110
75.9691	110
75.9725	110
75.9759	110
75.9792	110
75.9826	110
75.986	110
75.9893	110
75.9927	110
75.9961	110
75.9995	110
76.0028	110
76.0062	111
76.0096	111
76.013	111
76.0163	111
76.0197	111
76.0231	111
76.0264	111
76.0298	111
76.0332	111
76.0366	111
76.0399	111
76.0433	111
76.0467	110
76.0501	110
76.0534	110
76.0568	109
76.0602	109
76.0635	109
76.0669	109
76.0703	109
76.0737	108
76.077	108
76.0804	108
76.0838	108
76.0872	108
76.0905	108
76.0939	108
76.0973	108
76.1006	108
76.104	108
76.1074	108
76.1108	108
76.1141	108
76.1175	108
76.1209	108
76.1243	108
76.1276	108
76.131	108
76.1344	108
76.1378	108
76.1411	108
76.1445	108
76.1479	108
76.1512	108
76.1546	108
76.158	107
76.1614	107
76.1647	107
76.1681	107
76.1715	107
76.1749	107
76.1782	107
76.1816	107
76.185	107
76.1883	107
76.1917	107
76.1951	107
76.1985	107
76.2018	107
76.2052	107
76.2086	107
76.212	107
76.2153	107
76.2187	107
76.2221	107
76.2254	107
76.2288	107
76.2322	107
76.2356	107
76.2389	107
76.2423	107
76.2457	107
76.2491	107
76.2524	107
76.2558	107
76.2592	107
76.2625	106
76.2659	106
76.2693	106
76.2727	106
76.276	105
76.2794	105
76.2828	105
76.2862	105
76.2895	105
76.2929	105
76.2963	105
76.2996	105
76.303	105
76.3064	105
76.3098	104
76.3131	104
76.3165	104
76.3199	104
76.3233	104
76.3266	104
76.33	104
76.3334	104
76.3367	104
76.3401	104
76.3435	104
76.3469	104
76.3502	104
76.3536	104
76.3576	104
76.361	104
76.3643	104
76.3677	104
76.3711	104
76.3745	104
76.3778	104
76.3812	104
76.3846	104
76.3879	104
76.3913	104
76.3947	104
76.3981	105
76.4014	105
76.4048	105
76.4082	105
76.4116	105
76.4149	105
76.4183	105
76.4217	105
76.425	105
76.4284	105
76.4318	105
76.4352	105
76.4385	105
76.4419	105
76.4453	105
76.4487	105
76.452	105
76.4554	105
76.4588	105
76.4621	105
76.4655	105
76.4689	104
76.4723	104
76.4756	104
76.479	104
76.4824	104
76.4858	104
76.4891	104
76.4925	104
76.4959	104
76.4992	104
76.5026	104
76.506	104
76.5094	104
76.5127	104
76.5161	104
76.5195	104
76.5229	104
76.5262	104
76.5296	104
76.533	104
76.5363	104
76.5397	104
76.5431	104
76.5465	104
76.5498	104
76.5532	104
76.5566	104
76.56	104
76.5633	104
76.5667	105
76.5701	105
76.5734	105
76.5768	106
76.5802	106
76.5836	106
76.5869	106
76.5903	106
76.5937	106
76.5971	107
76.6004	107
76.6038	107
76.6072	107
76.6105	107
76.6139	107
76.6173	107
76.6207	107
76.624	107
76.6274	107
76.6308	107
76.6342	107
76.6375	107
76.6409	107
76.6443	107
76.6477	107
76.651	107
76.6544	107
76.6578	107
76.6611	107
76.6645	107
76.6679	107
76.6713	107
76.6746	107
76.678	107
76.6814	107
76.6848	107
76.6881	107
76.6915	107
76.6949	107
76.6982	107
76.7016	107
76.705	107
76.7084	107
76.7117	107
76.7151	107
76.7185	107
76.7219	107
76.7252	107
76.7286	107
76.732	107
76.7353	107
76.7387	107
76.7421	107
76.7455	107
76.7488	107
76.7522	107
76.7556	107
76.759	107
76.7623	107
76.7657	107
76.7691	107
76.7724	108
76.7758	108
76.7792	109
76.7826	109
76.7859	109
76.7893	109
76.7927	109
76.7961	110
76.7994	110
76.8028	110
76.8062	110
76.8095	110
76.8129	110
76.8163	110
76.8197	110
76.823	110
76.8264	110
76.8298	110
76.8332	111
76.8365	111
76.8399	111
76.8433	111
76.8466	111
76.85	111
76.8534	111
76.8568	111
76.8601	111
76.8635	111
76.8669	111
76.8703	111
76.8736	111
76.877	110
76.8804	110
76.8837	110
76.8871	109
76.8905	109
76.8939	109
76.8972	109
76.9006	109
76.904	108
76.9074	108
76.9107	108
76.9141	108
76.9175	108
76.9208	108
76.9242	108
76.9276	108
76.931	108
76.9343	108
76.9377	108
76.9411	108
76.9445	108
76.9478	108
76.9512	108
76.9546	108
76.9579	107
76.9613	107
76.9647	107
76.9681	107
76.9714	107
76.9748	107
76.9782	107
76.9816	107
76.9849	107
76.9883	107
76.9917	107
76.995	107
76.9984	107
77.0018	107
77.0052	107
77.0085	107
77.0119	107
77.0153	107
77.0187	107
77.022	107
77.0254	107
77.0288	107
77.0321	107
77.0355	107
77.0389	107
77.0423	107
77.0456	107
77.049	107
77.0524	107
77.0558	107
77.0591	107
77.0625	107
77.0659	107
77.0693	107
77.0726	107
77.076	107
77.0794	107
77.0827	107
77.0861	107
77.0895	107
77.0929	106
77.0962	106
77.0996	106
77.103	105
77.1064	105
77.1097	105
77.1131	105
77.1165	105
77.1198	105
77.1232	105
77.1266	105
77.13	104
77.1333	104
77.1367	104
77.1401	104
77.1435	104
77.1468	104
77.1502	104
77.1536	104
77.1569	104
77.1603	104
77.1637	104
77.1671	104
77.1704	104
77.1738	104
77.1772	104
77.1806	104
77.1839	104
77.1879	104
77.1913	104
77.1947	104
77.198	104
77.2014	104
77.2048	104
77.2081	105
77.2115	105
77.2149	105
77.2183	105
77.2216	105
77.225	105
77.2284	105
77.2318	105
77.2351	105
77.2385	105
77.2419	105
77.2452	105
77.2486	105
77.252	105
77.2554	105
77.2587	105
77.2621	105
77.2655	105
77.2689	105
77.2722	105
77.2756	105
77.279	105
77.2823	105
77.2857	105
77.2891	105
77.2925	105
77.2958	105
77.2992	105
77.3026	104
77.306	104
77.3093	104
77.3127	104
77.3161	104
77.3194	104
77.3228	104
77.3262	104
77.3296	104
77.3329	104
77.3363	104
77.3397	104
77.3431	104
77.3464	104
77.3498	104
77.3532	104
77.3565	104
77.3599	104
77.3633	104
77.3667	104
77.37	104
77.3734	104
77.3768	104
77.3802	104
77.3835	104
77.3869	104
77.3903	104
77.3936	105
77.397	105
77.4004	105
77.4038	106
77.4071	106
77.4105	106
77.4139	106
77.4173	106
77.4206	106
77.424	107
77.4274	107
77.4307	107
77.4341	107
77.4375	107
77.4409	107
77.4442	107
77.4476	107
77.451	107
77.4544	107
77.4577	107
77.4611	107
77.4645	107
77.4678	107
77.4712	107
77.4746	107
77.478	107
77.4813	107
77.4847	107
77.4881	107
77.4915	107
77.4948	107
77.4982	107
77.5016	107
77.5049	107
77.5083	107
77.5117	107
77.5151	107
77.5184	107
77.5218	107
77.5252	107
77.5286	107
77.5319	107
77.5353	107
77.5387	107
77.542	107
77.5454	107
77.5488	107
77.5522	107
77.5555	107
77.5589	107
77.5623	107
77.5657	107
77.569	107
77.5724	107
77.5758	107
77.5791	107
77.5825	107
77.5859	107
77.5893	107
77.5926	107
77.596	107
77.5994	107
77.6028	108
77.6061	108
77.6095	109
77.6129	109
77.6163	109
77.6196	109
77.623	109
77.6264	110
77.6297	110
77.6331	110
77.6365	110
77.6399	110
77.6432	110
77.6466	110
77.65	110
77.6534	110
77.6567	110
77.6601	110
77.6635	110
77.6668	110
77.6702	111
77.6736	111
77.677	111
77.6803	111
77.6837	111
77.6871	111
77.6905	111
77.6938	111
77.6972	111
77.7006	111
77.7039	111
77.7073	110
77.7107	110
77.7141	110
77.7174	109
77.7208	109
77.7242	109
77.7276	109
77.7309	109
77.7343	108
77.7377	108
77.741	108
77.7444	108
77.7478	108
77.7512	108
77.7545	108
77.7579	108
77.7613	108
77.7647	108
77.768	108
77.7714	108
77.7748	108
77.7781	108
77.7815	108
77.7849	108
77.7883	108
77.7916	108
77.795	108
77.7984	108
77.8018	108
77.8051	108
77.8085	108
77.8119	108
77.8152	108
77.8186	108
77.822	107
77.8254	107
77.8287	107
77.8321	107
77.8355	107
77.8389	107
77.8422	107
77.8456	107
77.849	107
77.8523	107
77.8557	107
77.8591	107
77.8625	107
77.8658	107
77.8692	107
77.8726	107
77.876	107
77.8793	107
77.8827	107
77.8861	107
77.8894	107
77.8928	107
77.8962	107
77.8996	107
77.9029	107
77.9063	107
77.9097	107
77.9131	107
77.9164	107
77.9198	107
77.9232	106
77.9265	106
77.9299	106
77.9333	106
77.9367	105
77.94	105
77.9434	105
77.9468	105
77.9502	105
77.9535	105
77.9569	105
77.9603	105
77.9636	105
77.967	105
77.9704	105
77.9738	104
77.9771	104
77.9805	104
77.9839	104
77.9873	104
77.9906	104
77.994	104
77.9974	104
78.0007	104
78.0041	104
78.0075	104
78.0109	104
78.0142	104
78.0182	104
78.0216	104
78.025	104
78.0283	104
78.0317	104
78.0351	104
78.0385	104
78.0418	104
78.0452	104
78.0486	104
78.0519	104
78.0553	104
78.0587	104
78.0621	105
78.0654	105
78.0688	105
78.0722	105
78.0756	105
78.0789	105
78.0823	105
78.0857	105
78.089	105
78.0924	105
78.0958	105
78.0992	105
78.1025	105
78.1059	105
78.1093	105
78.1127	105
78.116	105
78.1194	105
78.1228	105
78.1261	105
78.1295	105
78.1329	104
78.1363	104
78.1396	104
78.143	104
78.1464	104
78.1498	104
78.1531	104
78.1565	104
78.1599	104
78.1633	104
78.1666	104
78.17	104
78.1734	104
78.1767	104
78.1801	104
78.1835	104
78.1869	104
78.1902	104
78.1936	104
78.197	104
78.2004	104
78.2037	104
78.2071	104
78.2105	104
78.2138	104
78.2172	104
78.2206	104
78.224	104
78.2273	105
78.2307	105
78.2341	105
78.2375	106
78.2408	106
78.2442	106
78.2476	106
78.2509	106
78.2543	106
78.2577	107
78.2611	107
78.2644	107
78.2678	107
78.2712	107
78.2746	107
78.2779	107
78.2813	107
78.2847	107
78.288	107
78.2914	107
78.2948	107
78.2982	107
78.3015	107
78.3049	107
78.3083	107
78.3117	107
78.315	107
78.3184	107
78.3218	107
78.3251	107
78.3285	107
78.3319	107
78.3353	107
78.3386	107
78.342	107
78.3454	107
78.3488	107
78.3521	107
78.3555	107
78.3589	107
78.3622	107
78.3656	107
78.369	107
78.3724	107
78.3757	107
78.3791	107
78.3825	107
78.3859	107
78.3892	107
78.3926	107
78.396	107
78.3993	107
78.4027	107
78.4061	107
78.4095	107
78.4128	107
78.4162	107
78.4196	107
78.423	107
78.4263	107
78.4297	107
78.4331	108
78.4364	108
78.4398	108
78.4432	109
78.4466	109
78.4499	109
78.4533	109
78.4567	110
78.4601	110
78.4634	110
78.4668	110
78.4702	110
78.4735	110
78.4769	110
78.4803	110
78.4837	110
78.487	111
78.4904	111
78.4938	111
78.4972	111
78.5005	111
78.5039	111
78.5073	111
78.5106	111
78.514	111
78.5174	111
78.5208	111
78.5241	111
78.5275	111
78.5309	111
78.5343	111
78.5376	110
78.541	110
78.5444	110
78.5477	109
78.5511	109
78.5545	109
78.5579	109
78.5612	109
78.5646	109
78.568	108
78.5714	108
78.5747	108
78.5781	108
78.5815	108
78.5849	108
78.5882	108
78.5916	108
78.595	108
78.5983	108
78.6017	108
78.6051	108
78.6085	108
78.6118	108
78.6152	108
78.6186	108
78.622	107
78.6253	107
78.6287	107
78.6321	107
78.6354	107
78.6388	107
78.6422	107
78.6456	107
78.6489	107
78.6523	107
78.6557	107
78.6591	107
78.6624	107
78.6658	107
78.6692	107
78.6725	107
78.6759	107
78.6793	107
78.6827	107
78.686	107
78.6894	107
78.6928	107
78.6962	107
78.6995	107
78.7029	107
78.7063	107
78.7096	107
78.713	107
78.7164	107
78.7198	107
78.7231	107
78.7265	107
78.7299	107
78.7333	107
78.7366	107
78.74	107
78.7434	107
78.7467	107
78.7501	107
78.7535	106
78.7569	106
78.7602	106
78.7636	106
78.767	105
78.7704	105
78.7737	105
78.7771	105
78.7805	105
78.7838	105
78.7872	105
78.7906	105
78.794	104
78.7973	104
78.8007	104
78.8041	104
78.8075	104
78.8108	104
78.8142	104
78.8176	104
78.8209	104
78.8243	104
78.8277	104
78.8311	104
78.8344	104
78.8378	104
78.8412	104
78.8446	104
78.8485	104
78.8519	104
78.8553	104
78.8587	104
78.862	104
78.8654	104
78.8688	104
78.8721	105
78.8755	105
78.8789	105
78.8823	105
78.8856	105
78.889	105
78.8924	105
78.8958	105
78.8991	105
78.9025	105
78.9059	105
78.9092	105
78.9126	105
78.916	105
78.9194	105
78.9227	105
78.9261	105
78.9295	105
78.9329	105
78.9362	105
78.9396	105
78.943	105
78.9463	105
78.9497	105
78.9531	105
78.9565	105
78.9598	104
78.9632	104
78.9666	104
78.97	104
78.9733	104
78.9767	104
78.9801	104
78.9834	104
78.9868	104
78.9902	104
78.9936	104
78.9969	104
79.0003	104
79.0037	104
79.0071	104
79.0104	104
79.0138	104
79.0172	104
79.0205	104
79.0239	104
79.0273	104
79.0307	104
79.034	104
79.0374	104
79.0408	104
79.0442	104
79.0475	104
79.0509	104
79.0543	105
79.0576	105
79.061	105
79.0644	106
79.0678	106
79.0711	106
79.0745	106
79.0779	106
79.0813	106
79.0846	107
79.088	107
79.0914	107
79.0947	107
79.0981	107
79.1015	107
79.1049	107
79.1082	107
79.1116	107
79.115	107
79.1184	107
79.1217	107
79.1251	107
79.1285	107
79.1319	107
79.1352	107
79.1386	107
79.142	107
79.1453	107
79.1487	107
79.1521	107
79.1555	107
79.1588	107
79.1622	107
79.1656	107
79.169	107
79.1723	107
79.1757	107
79.1791	107
79.1824	107
79.1858	107
79.1892	107
79.1926	107
79.1959	107
79.1993	107
79.2027	107
79.2061	107
79.2094	107
79.2128	107
79.2162	107
79.2195	107
79.2229	107
79.2263	107
79.2297	107
79.233	107
79.2364	107
79.2398	107
79.2432	107
79.2465	107
79.2499	107
79.2533	107
79.2566	107
79.26	107
79.2634	108
79.2668	108
79.2701	109
79.2735	109
79.2769	109
79.2803	109
79.2836	109
79.287	110
79.2904	110
79.2937	110
79.2971	110
79.3005	110
79.3039	110
79.3072	110
79.3106	110
79.314	110
79.3174	110
79.3207	110
79.3241	111
79.3275	111
79.3308	111
79.3342	111
79.3376	111
79.341	111
79.3443	111
79.3477	111
79.3511	111
79.3545	111
79.3578	111
79.3612	111
79.3646	111
79.3679	110
79.3713	110
79.3747	110
79.3781	109
79.3814	109
79.3848	109
79.3882	109
79.3916	109
79.3949	108
79.3983	108
79.4017	108
79.405	108
79.4084	108
79.4118	108
79.4152	108
79.4185	108
79.4219	108
79.4253	108
79.4287	108
79.432	108
79.4354	108
79.4388	108
79.4421	108
79.4455	108
79.4489	108
79.4523	108
79.4556	108
79.459	108
79.4624	108
79.4658	108
79.4691	108
79.4725	108
79.4759	108
79.4792	108
79.4826	108
79.486	107
79.4894	107
79.4927	107
79.4961	107
79.4995	107
79.5029	107
79.5062	107
79.5096	107
79.513	107
79.5163	107
79.5197	107
79.5231	107
79.5265	107
79.5298	107
79.5332	107
79.5366	107
79.54	107
79.5433	107
79.5467	107
79.5501	107
79.5535	107
79.5568	107
79.5602	107
79.5636	107
79.5669	107
79.5703	107
79.5737	107
79.5771	107
79.5804	107
79.5838	106
79.5872	106
79.5906	106
79.5939	106
79.5973	105
79.6007	105
79.604	105
79.6074	105
79.6108	105
79.6142	105
79.6175	105
79.6209	105
79.6243	105
79.6277	104
79.631	104
79.6344	104
79.6378	104
79.6411	104
79.6445	104
79.6479	104
79.6513	104
79.6546	104
79.658	104
79.6614	104
79.6648	104
79.6681	104
79.6715	104
79.6749	104
79.6789	104
79.6822	104
79.6856	104
79.689	104
79.6923	104
79.6957	104
79.6991	104
79.7025	104
79.7058	104
79.7092	104
79.7126	104
79.716	104
79.7193	104
79.7227	104
79.7261	105
79.7294	105
79.7328	105
79.7362	105
79.7396	105
79.7429	105
79.7463	105
79.7497	105
79.7531	105
79.7564	105
79.7598	105
79.7632	105
79.7665	105
79.7699	105
79.7733	105
79.7767	105
79.78	105
79.7834	105
79.7868	105
79.7902	105
79.7935	105
79.7969	104
79.8003	104
79.8036	104
79.807	104
79.8104	104
79.8138	104
79.8171	104
79.8205	104
79.8239	104
79.8273	104
79.8306	104
79.834	104
79.8374	104
79.8407	104
79.8441	104
79.8475	104
79.8509	104
79.8542	104
79.8576	104
79.861	104
79.8644	104
79.8677	104
79.8711	104
79.8745	104
79.8778	104
79.8812	104
79.8846	105
79.888	105
79.8913	105
79.8947	105
79.8981	106
79.9015	106
79.9048	106
79.9082	106
79.9116	106
79.9149	106
79.9183	107
79.9217	107
79.9251	107
79.9284	107
79.9318	107
79.9352	107
79.9386	107
79.9419	107
79.9453	107
79.9487	107
79.952	107
79.9554	107
79.9588	107
79.9622	107
79.9655	107
79.9689	107
79.9723	107
79.9757	107
79.979	107
79.9824	107
79.9858	107
79.9891	107
79.9925	107
79.9959	107
79.9993	107
80.0026	107
80.006	107
80.0094	107
80.0128	107
80.0161	107
80.0195	107
80.0229	107
80.0262	107
80.0296	107
80.033	107
80.0364	107
80.0397	107
80.0431	107
80.0465	107
80.0499	107
80.0533	107
80.0567	107
80.0601	107
80.0634	107
80.0668	107
80.0702	107
80.0736	107
80.0769	107
80.0803	107
80.0837	107
80.087	107
80.0904	107
80.0938	108
80.0972	108
80.1005	109
80.1073	109
80.114	110
80.1208	112
80.1275	113
80.1343	115
80.141	117
80.1478	119
80.1545	122
80.1612	124
80.168	127
80.1747	129
80.1815	132
80.1882	135
80.195	138
80.2017	141
80.2085	144
80.2152	147
80.222	150
80.2287	153
80.2354	156
80.2422	159
80.2489	162
80.2557	166
80.2624	169
80.2692	172
80.2759	176
80.2827	179
80.2894	182
80.2962	185
80.3029	188
80.3097	191
80.3164	194
80.3231	197
80.3299	199
80.3366	201
80.3434	203
80.3501	204
80.3569	206
80.3636	207
80.3704	208
80.3771	209
80.3839	210
80.3906	210
80.3973	211
80.4041	212
80.4108	212
80.4176	213
80.4243	213
80.4311	213
80.4378	214
80.4446	214
80.4513	214
80.4581	214
80.4648	214
80.4715	214
80.4783	215
80.485	215
80.4918	215
80.4985	215
80.5053	215
80.512	215
80.5188	215
80.5255	215
80.5323	215
80.539	215
80.5457	215
80.5525	215
80.5592	215
80.566	215
80.5727	215
80.5795	215
80.5862	215
80.593	215
80.5997	215
80.6065	215
80.6132	215
80.6199	215
80.6267	215
80.6334	215
80.6402	215
80.6469	215
80.6537	215
80.6604	215
80.6672	215
80.6739	215
80.6807	215
80.6874	215
80.6941	215
80.7009	215
80.7076	215
80.7144	204
80.7211	195
80.7279	186
80.7346	179
80.7414	173
80.7481	167
80.7549	162
80.7616	158
80.7684	154
80.7751	151
80.7818	148
80.7886	145
80.7953	143
80.8021	141
80.8088	140
80.8156	138
80.8223	137
80.8291	136
80.8719	132
80.8787	130
80.8854	127
80.8922	125
80.8989	123
80.9056	121
80.9124	120
80.9191	119
80.9259	118
80.9755	122
80.9822	120
80.989	119
80.9957	118
81.0025	117
81.0092	116
81.016	115
81.0227	115
81.0294	114
81.0362	113
81.0824	113
81.0892	112
81.0959	111
81.1027	111
81.1094	110
81.1161	110
81.1229	109
81.1296	109
81.1364	109
81.1431	108
81.186	113
81.1927	113
81.1995	112
81.2062	112
81.213	112
81.2197	112
81.2265	111
81.2332	111
81.2399	111
81.2467	111
81.2534	112
81.2602	112
81.2929	111
81.2997	111
81.3064	110
81.3132	110
81.3199	109
81.3266	109
81.3334	109
81.3401	108
81.3469	108
81.3536	109
81.3604	110
81.3671	112
81.3739	113
81.3965	115
81.4032	115
81.41	114
81.4167	114
81.4235	113
81.4302	113
81.437	112
81.4437	112
81.4504	112
81.4572	112
81.4639	111
81.4707	111
81.4774	111
81.4842	111
81.5034	110
81.5102	110
81.5169	109
81.5236	109
81.5304	109
81.5371	108
81.5439	108
81.5506	108
81.5574	109
81.5641	109
81.5709	110
81.5776	110
81.5844	111
81.5911	111
81.607	112
81.6137	112
81.6205	112
81.6272	111
81.634	111
81.6407	111
81.6474	111
81.6542	111
81.6609	111
81.6677	110
81.6744	110
81.6812	110
81.6879	110
81.6947	110
81.7014	110
81.7139	110
81.7207	109
81.7274	109
81.7341	109
81.7409	108
81.7476	108
81.7544	108
81.7611	109
81.7679	109
81.7746	110
81.7814	110
81.7881	111
81.7949	111
81.8016	111
81.8084	111
81.8175	112
81.8242	112
81.831	111
81.8377	111
81.8445	111
81.8512	111
81.8579	111
81.8647	111
81.8714	110
81.8782	110
81.8849	110
81.8917	110
81.8984	110
81.9052	110
81.9119	110
81.9187	110
81.9254	110
81.9322	109
81.9389	109
81.9456	109
81.9524	109
81.9591	109
81.9659	109
81.9726	110
81.9794	110
81.9861	111
81.9929	111
81.9996	112
82.0064	112
82.0131	112
82.0198	112
82.0266	113
82.0333	113
82.0401	113
82.0468	113
82.0536	113
82.0603	114
82.0671	114
82.0738	114
82.0806	114
82.0873	114
82.094	114
82.1008	114
82.1075	114
82.1143	114
82.121	114
82.1278	114
82.1345	114
82.1413	114
82.148	114
82.1548	114
82.1615	114
82.1682	114
82.175	114
82.1817	115
82.1885	116
82.1952	116
82.202	117
82.2087	117
82.2155	118
82.2222	118
82.229	118
82.2357	119
82.2424	119
82.2492	119
82.2559	119
82.2627	120
82.2694	120
82.2762	120
82.2829	120
82.2897	119
82.2964	119
82.3032	118
82.3099	118
82.3167	117
82.3234	117
82.3301	117
82.3369	116
82.3436	116
82.3504	116
82.3571	116
82.3639	115
82.3706	115
82.3774	115
82.3841	115
82.3909	115
82.3976	115
82.4043	115
82.4111	115
82.4178	115
82.4246	115
82.4313	115
82.4381	115
82.4448	114
82.4516	114
82.4583	114
82.4651	114
82.4718	114
82.4785	114
82.4853	114
82.492	114
82.4988	114
82.5055	113
82.5123	113
82.519	112
82.5258	111
82.5325	111
82.5393	111
82.546	110
82.5527	110
82.5595	110
82.5662	109
82.573	109
82.5797	109
82.5865	109
82.5932	108
82.6	108
82.6091	109
82.6158	109
82.6226	109
82.6293	109
82.6361	109
82.6428	109
82.6496	109
82.6563	109
82.6631	109
82.6698	109
82.6765	109
82.6833	110
82.69	110
82.6968	110
82.7035	110
82.7103	110
82.717	109
82.7238	109
82.7305	109
82.7373	109
82.744	109
82.7507	108
82.7575	108
82.7642	108
82.771	108
82.7777	108
82.7845	108
82.7912	108
82.798	108
82.8047	108
82.8115	108
82.8182	109
82.8249	109
82.8317	110
82.8384	110
82.8452	111
82.8519	111
82.8587	111
82.8654	112
82.8722	112
82.8789	112
82.8857	113
82.8924	113
82.8992	113
82.9059	113
82.9126	113
82.9194	113
82.9261	114
82.9329	114
82.9396	114
82.9464	114
82.9531	114
82.9599	114
82.9666	114
82.9734	114
82.9801	114
82.9868	114
82.9936	114
83.0003	114
83.0071	114
83.0138	114
83.0206	114
83.0273	114
83.0341	115
83.0408	116
83.0476	116
83.0543	117
83.061	118
83.0678	118
83.0745	118
83.0813	119
83.088	119
83.0948	119
83.1015	119
83.1083	120
83.115	120
83.1218	120
83.1285	120
83.1352	120
83.142	119
83.1487	119
83.1555	118
83.1622	118
83.169	117
83.1757	117
83.1825	116
83.1892	116
83.196	116
83.2027	116
83.2094	115
83.2162	115
83.2229	115
83.2297	115
83.2364	115
83.2432	115
83.2499	115
83.2567	115
83.2634	115
83.2702	115
83.2769	114
83.2837	114
83.2904	114
83.2971	114
83.3039	114
83.3106	114
83.3174	114
83.3241	114
83.3309	114
83.3376	114
83.3444	114
83.3511	114
83.3579	113
83.3646	113
83.3713	112
83.3781	112
83.3848	111
83.3916	111
83.3983	110
83.4051	110
83.4118	110
83.4186	109
83.4253	109
83.4321	109
83.4388	109
83.4455	109
83.4523	108
83.4614	109
83.4682	109
83.4749	109
83.4817	109
83.4884	109
83.4951	109
83.5019	109
83.5086	109
83.5154	109
83.5221	109
83.5289	109
83.5356	109
83.5424	109
83.5491	110
83.5559	110
83.5626	110
83.5693	109
83.5761	109
83.5828	109
83.5896	109
83.5963	109
83.6031	108
83.6098	108
83.6166	108
83.6233	108
83.6301	108
83.6368	108
83.6435	108
83.6503	108
83.657	108
83.6638	108
83.6705	109
83.6773	109
83.684	110
83.6908	110
83.6975	111
83.7043	111
83.711	112
83.7177	112
83.7245	112
83.7312	113
83.738	113
83.7447	113
83.7515	113
83.7582	113
83.765	113
83.7717	113
83.7785	113
83.7852	114
83.7919	114
83.7987	114
83.8054	114
83.8122	114
83.8189	114
83.8257	114
83.8324	114
83.8392	114
83.8459	114
83.8527	114
83.8594	114
83.8662	114
83.8729	114
83.8796	114
83.8864	115
83.8931	116
83.8999	116
83.9066	117
83.9134	117
83.9201	118
83.9269	118
83.9336	119
83.9404	119
83.9471	119
83.9538	119
83.9606	120
83.9673	120
83.9741	120
83.9808	120
83.9876	120
83.9943	119
84.0011	119
84.0078	118
84.0146	118
84.0213	117
84.028	117
84.0348	117
84.0415	116
84.0483	116
84.055	116
84.0618	116
84.0685	115
84.0753	115
84.082	115
84.0888	115
84.0955	115
84.1022	115
84.109	115
84.1157	115
84.1225	115
84.1292	115
84.136	114
84.1427	114
84.1495	114
84.1562	114
84.163	114
84.1697	114
84.1764	114
84.1832	114
84.1899	114
84.1967	114
84.2034	114
84.2102	113
84.2169	113
84.2237	112
84.2304	111
84.2372	111
84.2439	110
84.2507	110
84.2574	110
84.2641	109
84.2709	109
84.2776	109
84.2844	109
84.2911	109
84.2979	109
84.3046	108
84.3114	108
84.3181	108
84.3249	108
84.3316	108
84.3383	108
84.3451	108
84.3518	108
84.3586	108
84.3653	108
84.3721	108
84.3788	108
84.3856	108
84.3923	108
84.3991	108
84.4058	108
84.4125	108
84.4193	108
84.426	109
84.4328	110
84.4395	110
84.4463	111
84.453	111
84.4598	112
84.4665	112
84.4733	112
84.48	113
84.4867	113
84.4935	113
84.5002	113
84.507	113
84.5137	113
84.5205	113
84.5272	114
84.534	114
84.5407	114
84.5475	114
84.5542	114
84.5609	114
84.5677	114
84.5744	114
84.5812	114
84.5879	114
84.5947	114
84.6014	114
84.6082	114
84.6149	114
84.6217	114
84.6284	114
84.6351	115
84.6419	116
84.6486	116
84.6554	117
84.6621	117
84.6689	118
84.6756	118
84.6824	119
84.6891	119
84.6959	119
84.7026	119
84.7094	120
84.7161	120
84.7228	120
84.7296	120
84.7363	120
84.7431	119
84.7498	119
84.7566	118
84.7633	118
84.7701	117
84.7768	117
84.7836	117
84.7903	116
84.797	116
84.8038	116
84.8105	116
84.8173	115
84.824	115
84.8308	115
84.8375	115
84.8443	115
84.851	115
84.8578	115
84.8645	115
84.8712	115
84.878	115
84.8847	114
84.8915	114
84.8982	114
84.905	114
84.9117	114
84.9185	114
84.9252	114
84.932	114
84.9387	114
84.9454	114
84.9522	114
84.9589	113
84.9657	113
84.9724	112
84.9792	111
84.9859	111
84.9927	110
84.9994	110
85.0062	110
85.0129	109
85.0196	109
85.0264	109
85.0331	109
85.0399	109
85.0466	109
85.0534	108
85.0625	109
85.0692	109
85.076	109
85.0827	109
85.0895	109
85.0962	109
85.103	109
85.1097	109
85.1165	109
85.1232	109
85.13	109
85.1367	109
85.1434	109
85.1502	110
85.1569	110
85.1637	110
85.1704	109
85.1772	109
85.1839	109
85.1907	109
85.1974	109
85.2042	108
85.2109	108
85.2177	108
85.2244	108
85.2311	108
85.2379	108
85.2446	108
85.2514	108
85.2581	108
85.2649	108
85.2716	109
85.2784	109
85.2851	110
85.2919	110
85.2986	111
85.3053	111
85.3121	112
85.3188	112
85.3256	112
85.3323	113
85.3391	113
85.3458	113
85.3526	113
85.3593	113
85.3661	113
85.3728	113
85.3795	114
85.3863	114
85.393	114
85.3998	114
85.4065	114
85.4133	114
85.42	114
85.4268	114
85.4335	114
85.4403	114
85.447	114
85.4537	114
85.4605	114
85.4672	114
85.474	114
85.4807	114
85.4875	115
85.4942	116
85.501	116
85.5077	117
85.5145	117
85.5212	118
85.5279	118
85.5347	118
85.5414	119
85.5482	119
85.5549	119
85.5617	119
85.5684	120
85.5752	120
85.5819	120
85.5887	120
85.5954	119
85.6021	119
85.6089	118
85.6156	118
85.6224	117
85.6291	117
85.6359	116
85.6426	116
85.6494	116
85.6561	116
85.6629	116
85.6696	115
85.6764	115
85.6831	115
85.6898	115
85.6966	115
85.7033	115
85.7101	115
85.7168	115
85.7236	115
85.7303	115
85.7371	115
85.7438	114
85.7506	114
85.7573	114
85.764	114
85.7708	114
85.7775	114
85.7843	114
85.791	114
85.7978	114
85.8045	114
85.8113	113
85.818	113
85.8248	112
85.8315	111
85.8382	111
85.845	110
85.8517	110
85.8585	110
85.8652	109
85.872	109
85.8787	109
85.8855	109
85.8922	109
85.899	108
85.9057	108
85.9148	108
85.9216	109
85.9283	109
85.9351	109
85.9418	109
85.9486	109
85.9553	109
85.962	109
85.9688	109
85.9755	109
85.9823	110
85.989	110
85.9958	110
86.0025	110
86.0093	110
86.016	110
86.0228	110
86.0295	109
86.0362	109
86.043	109
86.0497	109
86.0565	108
86.0632	108
86.07	108
86.0767	108
86.0835	108
86.0902	108
86.097	108
86.1037	108
86.1104	108
86.1172	108
86.1239	108
86.1307	109
86.1374	110
86.1442	110
86.1509	111
86.1577	111
86.1644	112
86.1712	112
86.1779	112
86.1847	112
86.1914	113
86.1981	113
86.2049	113
86.2116	113
86.2184	113
86.2251	113
86.2319	113
86.2386	114
86.2454	114
86.2521	114
86.2589	114
86.2656	114
86.2723	114
86.2791	114
86.2858	114
86.2926	114
86.2993	114
86.3061	114
86.3128	114
86.3196	114
86.3263	114
86.3331	114
86.3398	115
86.3465	116
86.3533	116
86.36	117
86.3668	117
86.3735	118
86.3803	118
86.387	119
86.3938	119
86.4005	119
86.4073	119
86.414	120
86.4207	120
86.4275	120
86.4342	120
86.441	120
86.4477	119
86.4545	119
86.4612	118
86.468	118
86.4747	117
86.4815	117
86.4882	116
86.4949	116
86.5017	116
86.5084	116
86.5152	115
86.5219	115
86.5287	115
86.5354	115
86.5422	115
86.5489	115
86.5557	115
86.5624	115
86.5691	115
86.5759	115
86.5826	115
86.5894	115
86.5961	115
86.6029	114
86.6096	114
86.6164	114
86.6231	114
86.6299	114
86.6366	114
86.6434	114
86.6501	114
86.6568	114
86.6636	113
86.6703	113
86.6771	112
86.6838	111
86.6906	111
86.6973	111
86.7041	110
86.7108	110
86.7176	110
86.7243	109
86.731	109
86.7378	109
86.7445	109
86.7513	109
86.758	108
86.7672	109
86.7739	109
86.7806	109
86.7874	109
86.7941	109
86.8009	109
86.8076	109
86.8144	109
86.8211	109
86.8279	109
86.8346	109
86.8414	109
86.8481	110
86.8548	110
86.8616	110
86.8683	110
86.8751	109
86.8818	109
86.8886	109
86.8953	109
86.9021	109
86.9088	108
86.9156	108
86.9223	108
86.929	108
86.9358	108
86.9425	108
86.9493	108
86.956	108
86.9628	108
86.9695	108
86.9763	109
86.983	109
86.9898	110
86.9965	110
87.0032	111
87.01	111
87.0167	112
87.0235	112
87.0302	112
87.037	112
87.0437	113
87.0505	113
87.0572	113
87.064	113
87.0707	113
87.0774	113
87.0842	113
87.0909	113
87.0977	113
87.1044	114
87.1112	114
87.1179	114
87.1247	114
87.1314	114
87.1382	114
87.1449	114
87.1517	114
87.1584	114
87.1651	114
87.1719	114
87.1786	114
87.1854	114
87.1921	115
87.1989	116
87.2056	116
87.2124	117
87.2191	118
87.2259	118
87.2326	118
87.2393	119
87.2461	119
87.2528	119
87.2596	119
87.2663	120
87.2731	120
87.2798	120
87.2866	120
87.2933	120
87.3001	119
87.3068	119
87.3135	118
87.3203	118
87.327	117
87.3338	117
87.3405	117
87.3473	116
87.354	116
87.3608	116
87.3675	116
87.3743	115
87.381	115
87.3877	115
87.3945	115
87.4012	115
87.408	115
87.4147	115
87.4215	115
87.4282	115
87.435	114
87.4417	114
87.4485	114
87.4552	114
87.4619	114
87.4687	114
87.4754	114
87.4822	114
87.4889	114
87.4957	114
87.5024	114
87.5092	114
87.5159	113
87.5227	113
87.5294	112
87.5362	111
87.5429	111
87.5496	110
87.5564	110
87.5631	110
87.5699	110
87.5766	109
87.5834	109
87.5901	109
87.5969	109
87.6036	109
87.6104	108
87.6195	109
87.6262	109
87.633	109
87.6397	109
87.6465	109
87.6532	109
87.66	109
87.6667	109
87.6734	109
87.6802	109
87.6869	109
87.6937	109
87.7004	109
87.7072	110
87.7139	110
87.7207	110
87.7274	109
87.7342	109
87.7409	109
87.7476	109
87.7544	109
87.7611	108
87.7679	108
87.7746	108
87.7814	108
87.7881	108
87.7949	108
87.8016	108
87.8084	108
87.8151	108
87.8218	108
87.8286	109
87.8353	109
87.8421	110
87.8488	110
87.8556	111
87.8623	111
87.8691	112
87.8758	112
87.8826	112
87.8893	113
87.896	113
87.9028	113
87.9095	113
87.9163	113
87.923	113
87.9298	113
87.9365	114
87.9433	114
87.95	114
87.9568	114
87.9635	114
87.9702	114
87.977	114
87.9837	114
87.9905	114
87.9972	114
88.004	114
88.0107	114
88.0175	114
88.0242	114
88.031	114
88.0377	114
88.0444	115
88.0512	116
88.0579	116
88.0647	117
88.0714	117
88.0782	118
88.0849	118
88.0917	118
88.0984	119
88.1052	119
88.1119	119
88.1187	119
88.1254	120
88.1321	120
88.1389	120
88.1456	120
88.1524	119
88.1591	119
88.1659	118
88.1726	118
88.1794	117
88.1861	117
88.1929	116
88.1996	116
88.2063	116
88.2131	116
88.2198	116
88.2266	115
88.2333	115
88.2401	115
88.2468	115
88.2536	115
88.2603	115
88.2671	115
88.2738	115
88.2805	115
88.2873	115
88.294	115
88.3008	114
88.3075	114
88.3143	114
88.321	114
88.3278	114
88.3345	114
88.3413	114
88.348	114
88.3547	114
88.3615	114
88.3682	113
88.375	113
88.3817	112
88.3885	111
88.3952	111
88.402	110
88.4087	110
88.4155	110
88.4222	109
88.4289	109
88.4357	109
88.4424	109
88.4492	109
88.4559	108
88.4627	108
88.4718	108
88.4785	108
88.4853	109
88.492	109
88.4988	109
88.5055	109
88.5123	109
88.519	109
88.5258	109
88.5325	109
88.5393	110
88.546	110
88.5527	110
88.5595	110
88.5662	110
88.573	110
88.5797	109
88.5865	109
88.5932	109
88.6	109
88.6067	109
88.6135	108
88.6202	108
88.627	108
88.6337	108
88.6404	108
88.6472	108
88.6539	108
88.6607	108
88.6674	108
88.6742	108
88.6809	108
88.6877	109
88.6944	110
88.7012	110
88.7079	111
88.7146	111
88.7214	112
88.7281	112
88.7349	112
88.7416	112
88.7484	113
88.7551	113
88.7619	113
88.7686	113
88.7754	113
88.7821	114
88.7888	114
88.7956	114
88.8023	114
88.8091	114
88.8158	114
88.8226	114
88.8293	114
88.8361	114
88.8428	114
88.8496	114
88.8563	114
88.863	114
88.8698	114
88.8765	114
88.8833	114
88.89	114
88.8968	115
88.9035	116
88.9103	116
88.917	117
88.9238	117
88.9305	118
88.9372	118
88.944	119
88.9507	119
88.9575	119
88.9642	119
88.971	119
88.9777	120
88.9845	120
88.9912	120
88.998	120
89.0047	119
89.0114	119
89.0182	118
89.0249	118
89.0317	117
89.0384	117
89.0452	116
89.0519	116
89.0587	116
89.0654	116
89.0722	116
89.0789	115
89.0857	115
89.0924	115
89.0991	115
89.1059	115
89.1126	115
89.1194	115
89.1261	115
89.1329	115
89.1396	115
89.1464	115
89.1531	115
89.1599	114
89.1666	114
89.1733	114
89.1801	114
89.1868	114
89.1936	114
89.2003	114
89.2071	114
89.2138	114
89.2206	113
89.2273	113
89.2341	112
89.2408	111
89.2475	111
89.2543	111
89.261	110
89.2678	110
89.2745	110
89.2813	109
89.288	109
89.2948	109
89.3015	109
89.3083	109
89.315	108
89.3241	109
89.3309	109
89.3376	109
89.3444	109
89.3511	109
89.3579	109
89.3646	109
89.3713	109
89.3781	109
89.3848	109
89.3916	109
89.3983	109
89.4051	110
89.4118	110
89.4186	110
89.4253	110
89.4321	109
89.4388	109
89.4455	109
89.4523	109
89.459	109
89.4658	108
89.4725	108
89.4793	108
89.486	108
89.4928	108
89.4995	108
89.5063	108
89.513	108
89.5197	108
89.5265	108
89.5332	109
89.54	109
89.5467	110
89.5535	110
89.5602	111
89.567	111
89.5737	111
89.5805	112
89.5872	112
89.594	112
89.6007	113
89.6074	113
89.6142	113
89.6209	113
89.6277	113
89.6344	113
89.6412	113
89.6479	113
89.6547	114
89.6614	114
89.6682	114
89.6749	114
89.6816	114
89.6884	114
89.6951	114
89.7019	114
89.7086	114
89.7154	114
89.7221	114
89.7289	114
89.7356	114
89.7424	114
89.7491	115
89.7558	116
89.7626	116
89.7693	117
89.7761	118
89.7828	118
89.7896	118
89.7963	119
89.8031	119
89.8098	119
89.8166	119
89.8233	120
89.83	120
89.8368	120
89.8435	120
89.8503	120
89.857	119
89.8638	119
89.8705	118
89.8773	118
89.884	117
89.8908	117
89.8975	117
89.9042	116
89.911	116
89.9177	116
89.9245	116
89.9312	115
89.938	115
89.9447	115
89.9515	115
89.9582	115
89.965	115
89.9717	115
89.9784	115
89.9852	115
89.9919	114
89.9987	114
90.0054	114
90.0122	114
90.0189	114
90.0257	114
90.0324	114
90.0392	114
90.0459	114
90.0527	114
90.0594	114
90.0661	114
90.0729	113
90.0796	113
90.0864	112
90.0931	111
90.0999	111
90.1066	111
90.1134	110
90.1201	110
90.1269	110
90.1336	109
90.1403	109
90.1471	109
90.1538	109
90.1606	109
90.1673	108
90.1765	109
90.1832	109
90.1899	109
90.1967	109
90.2034	109
90.2102	109
90.2169	109
90.2237	109
90.2304	109
90.2372	109
90.2439	109
90.2507	109
90.2574	109
90.2641	110
90.2709	110
90.2776	110
90.2844	109
90.2911	109
90.2979	109
90.3046	109
90.3114	109
90.3181	108
90.3249	108
90.3316	108
90.3383	108
90.3451	108
90.3518	108
90.3586	108
90.3653	108
90.3721	108
90.3788	108
90.3856	109
90.3923	109
90.3991	110
90.4058	110
90.4125	111
90.4193	111
90.426	112
90.4328	112
90.4395	112
90.4463	113
90.453	113
90.4598	113
90.4665	113
90.4733	113
90.48	113
90.4867	113
90.4935	114
90.5002	114
90.507	114
90.5137	114
90.5205	114
90.5272	114
90.534	114
90.5407	114
90.5475	114
90.5542	114
90.561	114
90.5677	114
90.5744	114
90.5812	114
90.5879	114
90.5947	114
90.6014	115
90.6082	116
90.6149	116
90.6217	117
90.6284	117
90.6352	118
90.6419	118
90.6486	118
90.6554	119
90.6621	119
90.6689	119
90.6756	119
90.6824	120
90.6891	120
90.6959	120
90.7026	120
90.7094	119
90.7161	119
90.7228	118
90.7296	118
90.7363	117
90.7431	117
90.7498	116
90.7566	116
90.7633	116
90.7701	116
90.7768	116
90.7836	115
90.7903	115
90.797	115
90.8038	115
90.8105	115
90.8173	115
90.824	115
90.8308	115
90.8375	115
90.8443	115
90.851	115
90.8578	114
90.8645	114
90.8712	114
90.878	114
90.8847	114
90.8915	114
90.8982	114
90.905	114
90.9117	114
90.9185	114
90.9252	113
90.932	112
90.9387	112
90.9454	111
90.9522	111
90.9589	110
90.9657	110
90.9724	110
90.9792	109
90.9859	109
90.9927	109
90.9994	109
91.0062	109
91.0129	108
91.0197	108
91.0288	108
91.0355	109
91.0423	109
91.049	109
91.0558	109
91.0625	109
91.0692	109
91.076	109
91.0827	109
91.0895	109
91.0962	110
91.103	110
91.1097	110
91.1165	110
91.1232	110
91.13	110
91.1367	109
91.1435	109
91.1502	109
91.1569	109
91.1637	108
91.1704	108
91.1772	108
91.1839	108
91.1907	108
91.1974	108
91.2042	108
91.2109	108
91.2177	108
91.2244	108
91.2311	108
91.2379	108
91.2446	109
91.2514	110
91.2581	110
91.2649	111
91.2716	111
91.2784	112
91.2851	112
91.2919	112
91.2986	113
91.3053	113
91.3121	113
91.3188	113
91.3256	113
91.3323	113
91.3391	114
91.3458	114
91.3526	114
91.3593	114
91.3661	114
91.3728	114
91.3795	114
91.3863	114
91.393	114
91.3998	114
91.4065	114
91.4133	114
91.42	114
91.4268	114
91.4335	114
91.4403	114
91.447	114
91.4537	115
91.4605	116
91.4672	116
91.474	117
91.4807	117
91.4875	118
91.4942	118
91.501	119
91.5077	119
91.5145	119
91.5212	119
91.528	119
91.5347	120
91.5414	120
91.5482	120
91.5549	120
91.5617	119
91.5684	119
91.5752	118
91.5819	118
91.5887	117
91.5954	117
91.6022	117
91.6089	116
91.6156	116
91.6224	116
91.6291	116
91.6359	115
91.6426	115
91.6494	115
91.6561	115
91.6629	115
91.6696	115
91.6764	115
91.6831	115
91.6898	115
91.6966	115
91.7033	115
91.7101	115
91.7168	114
91.7236	114
91.7303	114
91.7371	114
91.7438	114
91.7506	114
91.7573	114
91.764	114
91.7708	114
91.7775	113
91.7843	113
91.791	112
91.7978	111
91.8045	111
91.8113	111
91.818	110
91.8248	110
91.8315	110
91.8382	109
91.845	109
91.8517	109
91.8585	109
91.8652	108
91.872	108
91.8811	109
91.8878	109
91.8946	109
91.9013	109
91.9081	109
91.9148	109
91.9216	109
91.9283	109
91.9351	109
91.9418	109
91.9486	109
91.9553	110
91.962	110
91.9688	110
91.9755	110
91.9823	110
91.989	109
91.9958	109
92.0025	109
92.0093	109
92.016	109
92.0228	108
92.0295	108
92.0363	108
92.043	108
92.0497	108
92.0565	108
92.0632	108
92.07	108
92.0767	108
92.0835	108
92.0902	109
92.097	109
92.1037	110
92.1105	110
92.1172	111
92.1239	111
92.1307	111
92.1374	112
92.1442	112
92.1509	112
92.1577	113
92.1644	113
92.1712	113
92.1779	113
92.1847	113
92.1914	113
92.1981	114
92.2049	114
92.2116	114
92.2184	114
92.2251	114
92.2319	114
92.2386	114
92.2454	114
92.2521	114
92.2589	114
92.2656	114
92.2723	114
92.2791	114
92.2858	114
92.2926	114
92.2993	114
92.3061	115
92.3128	116
92.3196	116
92.3263	117
92.3331	118
92.3398	118
92.3465	118
92.3533	119
92.36	119
92.3668	119
92.3735	119
92.3803	120
92.387	120
92.3938	120
92.4005	120
92.4073	120
92.414	119
92.4207	119
92.4275	118
92.4342	118
92.441	117
92.4477	117
92.4545	116
92.4612	116
92.468	116
92.4747	116
92.4815	115
92.4882	115
92.495	115
92.5017	115
92.5084	115
92.5152	115
92.5219	115
92.5287	115
92.5354	115
92.5422	115
92.5489	114
92.5557	114
92.5624	114
92.5692	114
92.5759	114
92.5826	114
92.5894	114
92.5961	114
92.6029	114
92.6096	114
92.6164	114
92.6231	114
92.6299	113
92.6366	113
92.6434	112
92.6501	112
92.6568	111
92.6636	111
92.6703	110
92.6771	110
92.6838	110
92.6906	109
92.6973	109
92.7041	109
92.7108	109
92.7176	109
92.7243	108
92.7334	109
92.7402	109
92.7469	109
92.7537	109
92.7604	109
92.7672	109
92.7739	109
92.7806	109
92.7874	109
92.7941	109
92.8009	109
92.8076	109
92.8144	109
92.8211	110
92.8279	110
92.8346	110
92.8414	109
92.8481	109
92.8548	109
92.8616	109
92.8683	109
92.8751	108
92.8818	108
92.8886	108
92.8953	108
92.9021	108
92.9088	108
92.9156	108
92.9223	108
92.929	108
92.9358	108
92.9425	109
92.9493	109
92.956	110
92.9628	110
92.9695	111
92.9763	111
92.983	112
92.9898	112
92.9965	112
93.0033	113
93.01	113
93.0167	113
93.0235	113
93.0302	113
93.037	113
93.0437	113
93.0505	113
93.0572	114
93.064	114
93.0707	114
93.0775	114
93.0842	114
93.0909	114
93.0977	114
93.1044	114
93.1112	114
93.1179	114
93.1247	114
93.1314	114
93.1382	114
93.1449	114
93.1517	114
93.1584	115
93.1651	116
93.1719	116
93.1786	117
93.1854	117
93.1921	118
93.1989	118
93.2056	119
93.2124	119
93.2191	119
93.2259	119
93.2326	120
93.2393	120
93.2461	120
93.2528	120
93.2596	120
93.2663	119
93.2731	119
93.2798	118
93.2866	118
93.2933	117
93.3001	117
93.3068	117
93.3135	116
93.3203	116
93.327	116
93.3338	116
93.3405	115
93.3473	115
93.354	115
93.3608	115
93.3675	115
93.3743	115
93.381	115
93.3877	115
93.3945	115
93.4012	115
93.408	114
93.4147	114
93.4215	114
93.4282	114
93.435	114
93.4417	114
93.4485	114
93.4552	114
93.462	114
93.4687	114
93.4754	114
93.4822	113
93.4889	112
93.4957	112
93.5024	111
93.5092	111
93.5159	110
93.5227	110
93.5294	110
93.5362	109
93.5429	109
93.5496	109
93.5564	109
93.5631	109
93.5699	108
93.5766	108
93.5858	109
93.5925	109
93.5992	109
93.606	109
93.6127	109
93.6195	109
93.6262	109
93.633	109
93.6397	109
93.6465	109
93.6532	109
93.66	109
93.6667	109
93.6734	109
93.6802	110
93.6869	110
93.6937	109
93.7004	109
93.7072	109
93.7139	109
93.7207	109
93.7274	108
93.7342	108
93.7409	108
93.7476	108
93.7544	108
93.7611	108
93.7679	108
93.7746	108
93.7814	108
93.7881	108
93.7949	108
93.8016	109
93.8084	110
93.8151	110
93.8218	111
93.8286	111
93.8353	112
93.8421	112
93.8488	112
93.8556	113
93.8623	113
93.8691	113
93.8758	113
93.8826	113
93.8893	113
93.896	114
93.9028	114
93.9095	114
93.9163	114
93.923	114
93.9298	114
93.9365	114
93.9433	114
93.95	114
93.9568	114
93.9635	114
93.9703	114
93.977	114
93.9837	114
93.9905	114
93.9972	114
94.004	114
94.0107	115
94.0175	116
94.0242	116
94.031	117
94.0377	117
94.0445	118
94.0512	118
94.0579	118
94.0647	119
94.0714	119
94.0782	119
94.0849	119
94.0917	120
94.0984	120
94.1052	120
94.1119	120
94.1187	119
94.1254	119
94.1321	118
94.1389	118
94.1456	117
94.1524	117
94.1591	117
94.1659	116
94.1726	116
94.1794	116
94.1861	116
94.1929	115
94.1996	115
94.2063	115
94.2131	115
94.2198	115
94.2266	115
94.2333	115
94.2401	115
94.2468	115
94.2536	115
94.2603	115
94.2671	115
94.2738	114
94.2805	114
94.2873	114
94.294	114
94.3008	114
94.3075	114
94.3143	114
94.321	114
94.3278	114
94.3345	113
94.3413	113
94.348	112
94.3547	111
94.3615	111
94.3682	111
94.375	110
94.3817	110
94.3885	109
94.3952	109
94.402	109
94.4087	109
94.4155	109
94.4222	108
94.429	108
94.4381	108
94.4448	109
94.4516	109
94.4583	109
94.4651	109
94.4718	109
94.4785	109
94.4853	109
94.492	109
94.4988	109
94.5055	109
94.5123	110
94.519	110
94.5258	110
94.5325	110
94.5393	110
94.546	109
94.5528	109
94.5595	109
94.5662	109
94.573	109
94.5797	108
94.5865	108
94.5932	108
94.6	108
94.6067	108
94.6135	108
94.6202	108
94.627	108
94.6337	108
94.6404	108
94.6472	108
94.6539	109
94.6607	110
94.6674	110
94.6742	111
94.6809	111
94.6877	112
94.6944	112
94.7012	112
94.7079	112
94.7146	113
94.7214	113
94.7281	113
94.7349	113
94.7416	113
94.7484	113
94.7551	114
94.7619	114
94.7686	114
94.7754	114
94.7821	114
94.7888	114
94.7956	114
94.8023	114
94.8091	114
94.8158	114
94.8226	114
94.8293	114
94.8361	114
94.8428	114
94.8496	114
94.8563	114
94.863	115
94.8698	116
94.8765	116
94.8833	117
94.89	118
94.8968	118
94.9035	118
94.9103	119
94.917	119
94.9238	119
94.9305	119
94.9373	120
94.944	120
94.9507	120
94.9575	120
94.9642	120
94.971	119
94.9777	119
94.9845	118
94.9912	118
94.998	117
95.0047	117
95.0115	116
95.0182	116
95.0249	116
95.0317	116
95.0384	115
95.0452	115
95.0519	115
95.0587	115
95.0654	115
95.0722	115
95.0789	115
95.0857	115
95.0924	115
95.0991	115
95.1059	114
95.1126	114
95.1194	114
95.1261	114
95.1329	114
95.1396	114
95.1464	114
95.1531	114
95.1599	114
95.1666	114
95.1733	114
95.1801	114
95.1868	114
95.1936	113
95.2003	112
95.2071	112
95.2138	111
95.2206	111
95.2273	110
95.2341	110
95.2408	110
95.2475	109
95.2543	109
95.261	109
95.2678	109
95.2745	109
95.2813	108
95.2904	109
95.2971	109
95.3039	109
95.3106	109
95.3174	109
95.3241	109
95.3309	109
95.3376	109
95.3444	109
95.3511	109
95.3579	109
95.3646	109
95.3713	109
95.3781	110
95.3848	110
95.3916	110
95.3983	109
95.4051	109
95.4118	109
95.4186	109
95.4253	109
95.4321	108
95.4388	108
95.4455	108
95.4523	108
95.459	108
95.4658	108
95.4725	108
95.4793	108
95.486	108
95.4928	108
95.4995	109
95.5063	109
95.513	110
95.5198	110
95.5265	111
95.5332	111
95.54	112
95.5467	112
95.5535	112
95.5602	112
95.567	113
95.5737	113
95.5805	113
95.5872	113
95.594	113
95.6007	113
95.6074	113
95.6142	114
95.6209	114
95.6277	114
95.6344	114
95.6412	114
95.6479	114
95.6547	114
95.6614	114
95.6682	114
95.6749	114
95.6816	114
95.6884	114
95.6951	114
95.7019	114
95.7086	114
95.7154	115
95.7221	116
95.7289	116
95.7356	117
95.7424	117
95.7491	118
95.7558	118
95.7626	119
95.7693	119
95.7761	119
95.7828	119
95.7896	120
95.7963	120
95.8031	120
95.8098	120
95.8166	120
95.8233	119
95.83	119
95.8368	118
95.8435	118
95.8503	117
95.857	117
95.8638	117
95.8705	116
95.8773	116
95.884	116
95.8908	116
95.8975	115
95.9043	115
95.911	115
95.9177	115
95.9245	115
95.9312	115
95.938	115
95.9447	114
95.9515	114
95.9582	114
95.965	114
95.9717	114
95.9785	114
95.9852	114
95.9919	114
95.9987	114
96.0054	114
96.0122	114
96.0189	114
96.0257	114
96.0324	114
96.0392	113
96.0459	113
96.0527	112
96.0594	111
96.0661	111
96.0729	111
96.0796	110
96.0864	110
96.0931	110
96.0999	109
96.1066	109
96.1134	109
96.1201	109
96.1269	109
96.1336	108
96.1427	109
96.1495	109
96.1562	109
96.163	109
96.1697	109
96.1765	109
96.1832	109
96.1899	109
96.1967	109
96.2034	109
96.2102	109
96.2169	109
96.2237	109
96.2304	109
96.2372	110
96.2439	110
96.2507	109
96.2574	109
96.2641	109
96.2709	109
96.2776	109
96.2844	108
96.2911	108
96.2979	108
96.3046	108
96.3114	108
96.3181	108
96.3249	108
96.3316	108
96.3383	108
96.3451	108
96.3518	108
96.3586	109
96.3653	110
96.3721	110
96.3788	111
96.3856	111
96.3923	112
96.3991	112
96.4058	112
96.4125	113
96.4193	113
96.426	113
96.4328	113
96.4395	113
96.4463	113
96.453	114
96.4598	114
96.4665	114
96.4733	114
96.48	114
96.4868	114
96.4935	114
96.5002	114
96.507	114
96.5137	114
96.5205	114
96.5272	114
96.534	114
96.5407	114
96.5475	114
96.5542	114
96.561	114
96.5677	115
96.5744	115
96.5812	116
96.5879	117
96.5947	117
96.6014	118
96.6082	118
96.6149	118
96.6217	119
96.6284	119
96.6352	119
96.6419	119
96.6486	120
96.6554	120
96.6621	120
96.6689	120
96.6756	119
96.6824	119
96.6891	118
96.6959	118
96.7026	117
96.7094	117
96.7161	117
96.7228	116
96.7296	116
96.7363	116
96.7431	116
96.7498	115
96.7566	115
96.7633	115
96.7701	115
96.7768	115
96.7836	115
96.7903	115
96.797	115
96.8038	115
96.8105	115
96.8173	115
96.824	115
96.8308	114
96.8375	114
96.8443	114
96.851	114
96.8578	114
96.8645	114
96.8713	114
96.878	114
96.8847	114
96.8915	113
96.8982	113
96.905	112
96.9117	111
96.9185	111
96.9252	110
96.932	110
96.9387	110
96.9455	109
96.9522	109
96.9589	109
96.9657	109
96.9724	108
96.9792	108
96.9859	108
96.9951	109
97.0018	109
97.0085	109
97.0153	109
97.022	109
97.0288	109
97.0355	109
97.0423	109
97.049	110
97.0558	110
97.0625	110
97.0693	110
97.076	110
97.0827	110
97.0895	110
97.0962	110
97.103	109
97.1097	109
97.1165	109
97.1232	109
97.13	108
97.1367	108
97.1435	108
97.1502	108
97.1569	108
97.1637	108
97.1704	108
97.1772	108
97.1839	108
97.1907	108
97.1974	108
97.2042	109
97.2109	109
97.2177	110
97.2244	110
97.2311	111
97.2379	111
97.2446	112
97.2514	112
97.2581	112
97.2649	112
97.2716	113
97.2784	113
97.2851	113
97.2919	113
97.2986	113
97.3053	113
97.3121	114
97.3188	114
97.3256	114
97.3323	114
97.3391	114
97.3458	114
97.3526	114
97.3593	114
97.3661	114
97.3728	114
97.3796	114
97.3863	114
97.393	114
97.3998	114
97.4065	114
97.4133	114
97.42	115
97.4268	116
97.4335	116
97.4403	117
97.447	118
97.4538	118
97.4605	118
97.4672	119
97.474	119
97.4807	119
97.4875	119
97.4942	120
97.501	120
97.5077	120
97.5145	120
97.5212	120
97.528	119
97.5347	119
97.5414	118
97.5482	118
97.5549	117
97.5617	117
97.5684	116
97.5752	116
97.5819	116
97.5887	116
97.5954	115
97.6022	115
97.6089	115
97.6156	115
97.6224	115
97.6291	115
97.6359	115
97.6426	115
97.6494	115
97.6561	115
97.6629	115
97.6696	115
97.6764	115
97.6831	115
97.6898	114
97.6966	114
97.7033	114
97.7101	114
97.7168	114
97.7236	114
97.7303	114
97.7371	114
97.7438	114
97.7506	113
97.7573	112
97.764	112
97.7708	111
97.7775	111
97.7843	110
97.791	110
97.7978	110
97.8045	109
97.8113	109
97.818	109
97.8248	109
97.8315	109
97.8383	108
97.8474	109
97.8541	109
97.8609	109
97.8676	109
97.8744	109
97.8811	109
97.8878	109
97.8946	109
97.9013	109
97.9081	109
97.9148	109
97.9216	109
97.9283	109
97.9351	110
97.9418	110
97.9486	110
97.9553	109
97.9621	109
97.9688	109
97.9755	109
97.9823	109
97.989	108
97.9958	108
98.0025	108
98.0093	108
98.016	108
98.0228	108
98.0295	108
98.0363	108
98.043	108
98.0497	108
98.0565	109
98.0632	109
98.07	110
98.0767	110
98.0835	111
98.0902	111
98.097	112
98.1037	112
98.1105	112
98.1172	112
98.1239	113
98.1307	113
98.1374	113
98.1442	113
98.1509	113
98.1577	113
98.1644	113
98.1712	114
98.1779	114
98.1847	114
98.1914	114
98.1981	114
98.2049	114
98.2116	114
98.2184	114
98.2251	114
98.2319	114
98.2386	114
98.2454	114
98.2521	114
98.2589	114
98.2656	114
98.2723	115
98.2791	116
98.2858	116
98.2926	117
98.2993	118
98.3061	118
98.3128	118
98.3196	119
98.3263	119
98.3331	119
98.3398	119
98.3466	120
98.3533	120
98.36	120
98.3668	120
98.3735	120
98.3803	119
98.387	119
98.3938	118
98.4005	118
98.4073	117
98.414	117
98.4208	117
98.4275	116
98.4342	116
98.441	116
98.4477	115
98.4545	115
98.4612	115
98.468	115
98.4747	115
98.4815	115
98.4882	115
98.495	115
98.5017	114
98.5084	114
98.5152	114
98.5219	114
98.5287	114
98.5354	114
98.5422	114
98.5489	114
98.5557	114
98.5624	114
98.5692	114
98.5759	114
98.5826	114
98.5894	114
98.5961	113
98.6029	113
98.6096	112
98.6164	111
98.6231	111
98.6299	111
98.6366	110
98.6434	110
98.6501	110
98.6568	109
98.6636	109
98.6703	109
98.6771	109
98.6838	109
98.6906	108
98.6997	109
98.7064	109
98.7132	109
98.7199	109
98.7267	109
98.7334	109
98.7402	109
98.7469	109
98.7537	109
98.7604	109
98.7672	109
98.7739	109
98.7806	109
98.7874	109
98.7941	110
98.8009	110
98.8076	109
98.8144	109
98.8211	109
98.8279	109
98.8346	109
98.8414	108
98.8481	108
98.8548	108
98.8616	108
98.8683	108
98.8751	108
98.8818	108
98.8886	108
98.8953	108
98.9021	108
98.9088	108
98.9156	109
98.9223	110
98.9291	110
98.9358	111
98.9425	111
98.9493	112
98.956	112
98.9628	112
98.9695	113
98.9763	113
98.983	113
98.9898	113
98.9965	113
99.0033	113
99.01	113
99.0167	113
99.0235	114
99.0302	114
99.037	114
99.0437	114
99.0505	114
99.0572	114
99.064	114
99.0707	114
99.0775	114
99.0842	114
99.0909	114
99.0977	114
99.1044	114
99.1112	114
99.1179	114
99.1247	115
99.1314	116
99.1382	116
99.1449	117
99.1517	117
99.1584	118
99.1651	118
99.1719	119
99.1786	119
99.1854	119
99.1921	119
99.1989	120
99.2056	120
99.2124	120
99.2191	120
99.2259	120
99.2326	119
99.2393	119
99.2461	118
99.2528	118
99.2596	117
99.2663	117
99.2731	117
99.2798	116
99.2866	116
99.2933	116
99.3001	116
99.3068	115
99.3136	115
99.3203	115
99.327	115
99.3338	115
99.3405	115
99.3473	115
99.354	115
99.3608	115
99.3675	115
99.3743	115
99.381	115
99.3878	114
99.3945	114
99.4012	114
99.408	114
99.4147	114
99.4215	114
99.4282	114
99.435	114
99.4417	114
99.4485	113
99.4552	113
99.462	112
99.4687	111
99.4754	111
99.4822	110
99.4889	110
99.4957	110
99.5024	109
99.5092	109
99.5159	109
99.5227	109
99.5294	109
99.5362	108
99.5429	108
99.552	109
99.5588	109
99.5655	109
99.5723	109
99.579	109
99.5858	109
99.5925	109
99.5992	109
99.606	109
99.6127	109
99.6195	109
99.6262	110
99.633	110
99.6397	110
99.6465	110
99.6532	110
99.66	109
99.6667	109
99.6734	109
99.6802	109
99.6869	108
99.6937	108
99.7004	108
99.7072	108
99.7139	108
99.7207	108
99.7274	108
99.7342	108
99.7409	108
99.7476	108
99.7544	108
99.7611	109
99.7679	109
99.7746	110
99.7814	110
99.7881	111
99.7949	111
99.8016	112
99.8084	112
99.8151	112
99.8218	112
99.8286	113
99.8353	113
99.8421	113
99.8488	113
99.8556	113
99.8623	113
99.8691	114
99.8758	114
99.8826	114
99.8893	114
99.8961	114
99.9028	114
99.9095	114
99.9163	114
99.923	114
99.9298	114
99.9365	114
99.9433	114
99.95	114
99.9568	114
99.9635	114
99.9703	114
99.977	115
99.9837	116
99.9905	116
99.9972	117
100.004	117
100.011	118
100.017	118
100.024	119
100.031	119
100.038	119
100.044	119
100.051	119
100.058	120
100.065	120
100.071	120
100.078	120
100.085	119
100.092	119
100.098	118
100.105	118
100.112	117
100.119	117
100.125	117
100.132	116
100.139	116
100.146	116
100.152	116
100.159	115
100.166	115
100.173	115
100.179	115
100.186	115
100.193	115
100.2	115
100.206	115
100.213	115
100.22	115
100.227	115
100.233	115
100.24	115
100.247	114
100.254	114
100.26	114
100.267	114
100.274	114
100.281	114
100.287	114
100.294	114
100.301	114
100.308	113
100.314	112
100.321	112
100.328	111
100.335	111
100.341	110
100.348	110
100.355	110
100.361	109
100.368	109
100.375	109
100.382	109
100.388	108
100.395	108
100.404	108
100.411	109
100.418	109
100.425	109
100.431	109
100.438	109
100.445	109
100.452	109
100.458	109
100.465	109
100.472	109
100.479	109
100.485	110
100.492	110
100.499	110
100.506	110
100.512	109
100.519	109
100.526	109
100.533	109
100.539	109
100.546	108
100.553	108
100.559	108
100.566	108
100.573	108
100.58	108
100.586	108
100.593	108
100.6	108
100.607	108
100.613	108
100.62	109
100.627	110
100.634	110
100.64	111
100.647	111
100.654	112
100.661	112
100.667	112
100.674	112
100.681	113
100.688	113
100.694	113
100.701	113
100.708	113
100.715	113
100.721	114
100.728	114
100.735	114
100.742	114
100.748	114
100.755	114
100.762	114
100.769	114
100.775	114
100.782	114
100.789	114
100.796	114
100.802	114
100.809	114
100.816	114
100.823	114
100.829	115
100.836	116
100.843	116
100.85	117
100.856	118
100.863	118
100.87	118
100.877	119
100.883	119
100.89	119
100.897	119
100.904	120
100.91	120
100.917	120
100.924	120
100.931	120
100.937	119
100.944	119
100.951	118
100.957	118
100.964	117
100.971	117
100.978	116
100.984	116
100.991	116
100.998	116
101.005	115
101.011	115
101.018	115
101.025	115
101.032	115
101.038	115
101.045	115
101.052	115
101.059	115
101.065	115
101.072	115
101.079	114
101.086	114
101.092	114
101.099	114
101.106	114
101.113	114
101.119	114
101.126	114
101.133	114
101.14	114
101.146	114
101.153	113
101.16	113
101.167	112
101.173	111
101.18	111
101.187	111
101.194	110
101.2	110
101.207	110
101.214	109
101.221	109
101.227	109
101.234	109
101.241	109
101.248	108
101.257	109
101.263	109
101.27	109
101.277	109
101.284	109
101.29	109
101.297	109
101.304	109
101.311	109
101.317	109
101.324	109
101.331	109
101.338	109
101.344	109
101.351	110
101.358	110
101.365	109
101.371	109
101.378	109
101.385	109
101.392	109
101.398	108
101.405	108
101.412	108
101.419	108
101.425	108
101.432	108
101.439	108
101.446	108
101.452	108
101.459	108
101.466	108
101.473	109
101.479	110
101.486	110
101.493	111
101.5	111
101.506	112
101.513	112
101.52	112
101.526	113
101.533	113
101.54	113
101.547	113
101.553	113
101.56	113
101.567	113
101.574	113
101.58	113
101.587	114
101.594	114
101.601	114
101.607	114
101.614	114
101.621	114
101.628	114
101.634	114
101.641	114
101.648	114
101.655	114
101.661	114
101.668	114
101.675	114
101.682	115
101.688	116
101.695	116
101.702	117
101.709	117
101.715	118
101.722	118
101.729	119
101.736	119
101.742	119
101.749	119
101.756	120
101.763	120
101.769	120
101.776	120
101.783	120
101.79	119
101.796	119
101.803	118
101.81	118
101.817	117
101.823	117
101.83	117
101.837	116
101.844	116
101.85	116
101.857	116
101.864	115
101.871	115
101.877	115
101.884	115
101.891	115
101.898	115
101.904	115
101.911	115
101.918	115
101.924	115
101.931	115
101.938	114
101.945	114
101.951	114
101.958	114
101.965	114
101.972	114
101.978	114
101.985	114
101.992	114
101.999	114
102.005	113
102.012	113
102.019	112
102.026	111
102.032	111
102.039	110
102.046	110
102.053	110
102.059	109
102.066	109
102.073	109
102.08	109
102.086	109
102.093	109
102.1	108
102.107	108
102.113	108
102.12	108
102.127	108
102.134	108
102.14	108
102.147	108
102.154	108
102.161	108
102.167	108
102.174	108
102.181	108
102.188	108
102.194	108
102.201	108
102.208	108
102.215	108
102.221	109
102.228	110
102.235	110
102.242	111
102.248	111
102.255	112
102.262	112
102.269	112
102.275	113
102.282	113
102.289	113
102.295	113
102.302	113
102.309	113
102.316	113
102.322	113
102.329	114
102.336	114
102.343	114
102.349	114
102.356	114
102.363	114
102.37	114
102.376	114
102.383	114
102.39	114
102.397	114
102.403	114
102.41	114
102.417	114
102.424	114
102.43	115
102.437	116
102.444	116
102.451	117
102.457	117
102.464	118
102.471	118
102.478	119
102.484	119
102.491	119
102.498	119
102.505	120
102.511	120
102.518	120
102.525	120
102.532	120
102.538	119
102.545	119
102.552	118
102.559	118
102.565	117
102.572	117
102.579	117
102.586	116
102.592	116
102.599	116
102.606	116
102.613	115
102.619	115
102.626	115
102.633	115
102.64	115
102.646	115
102.653	115
102.66	115
102.667	115
102.673	115
102.68	114
102.687	114
102.693	114
102.7	114
102.707	114
102.714	114
102.72	114
102.727	114
102.734	114
102.741	114
102.747	114
102.754	113
102.761	112
102.768	112
102.774	111
102.781	111
102.788	110
102.795	110
102.801	110
102.808	109
102.815	109
102.822	109
102.828	109
102.835	109
102.842	108
102.849	108
102.858	109
102.865	109
102.871	109
102.878	109
102.885	109
102.891	109
102.898	109
102.905	109
102.912	109
102.918	109
102.925	109
102.932	109
102.939	109
102.945	109
102.952	110
102.959	110
102.966	109
102.972	109
102.979	109
102.986	109
102.993	109
102.999	108
103.006	108
103.013	108
103.02	108
103.026	108
103.033	108
103.04	108
103.047	108
103.053	108
103.06	108
103.067	108
103.074	109
103.08	110
103.087	110
103.094	111
103.101	111
103.107	112
103.114	112
103.121	112
103.128	113
103.134	113
103.141	113
103.148	113
103.155	113
103.161	113
103.168	114
103.175	114
103.182	114
103.188	114
103.195	114
103.202	114
103.209	114
103.215	114
103.222	114
103.229	114
103.236	114
103.242	114
103.249	114
103.256	114
103.262	114
103.269	114
103.276	114
103.283	115
103.289	116
103.296	116
103.303	117
103.31	117
103.316	118
103.323	118
103.33	118
103.337	119
103.343	119
103.35	119
103.357	119
103.364	120
103.37	120
103.377	120
103.384	120
103.391	119
103.397	119
103.404	118
103.411	118
103.418	117
103.424	117
103.431	117
103.438	116
103.445	116
103.451	116
103.458	116
103.465	115
103.472	115
103.478	115
103.485	115
103.492	115
103.499	115
103.505	115
103.512	115
103.519	115
103.526	115
103.532	115
103.539	115
103.546	114
103.553	114
103.559	114
103.566	114
103.573	114
103.58	114
103.586	114
103.593	114
103.6	114
103.607	113
103.613	113
103.62	112
103.627	111
103.634	111
103.64	111
103.647	110
103.654	110
103.66	109
103.667	109
103.674	109
103.681	109
103.687	109
103.694	108
103.701	108
103.71	108
103.717	109
103.724	109
103.73	109
103.737	109
103.744	109
103.751	109
103.757	109
103.764	109
103.771	109
103.778	109
103.784	110
103.791	110
103.798	110
103.805	110
103.811	110
103.818	109
103.825	109
103.832	109
103.838	109
103.845	109
103.852	108
103.858	108
103.865	108
103.872	108
103.879	108
103.885	108
103.892	108
103.899	108
103.906	108
103.912	108
103.919	108
103.926	109
103.933	110
103.939	110
103.946	111
103.953	111
103.96	112
103.966	112
103.973	112
103.98	112
103.987	113
103.993	113
104	113
104.007	113
104.014	113
104.02	113
104.027	114
104.034	114
104.041	114
104.047	114
104.054	114
104.061	114
104.068	114
104.074	114
104.081	114
104.088	114
104.095	114
104.101	114
104.108	114
104.115	114
104.122	114
104.128	114
104.135	115
104.142	116
104.149	116
104.155	117
104.162	118
104.169	118
104.176	118
104.182	119
104.189	119
104.196	119
104.203	119
104.209	120
104.216	120
104.223	120
104.229	120
104.236	120
104.243	119
104.25	119
104.256	118
104.263	118
104.27	117
104.277	117
104.283	116
104.29	116
104.297	116
104.304	116
104.31	115
104.317	115
104.324	115
104.331	115
104.337	115
104.344	115
104.351	115
104.358	115
104.364	115
104.371	115
104.378	114
104.385	114
104.391	114
104.398	114
104.405	114
104.412	114
104.418	114
104.425	114
104.432	114
104.439	114
104.445	114
104.452	114
104.459	113
104.466	113
104.472	112
104.479	112
104.486	111
104.493	111
104.499	110
104.506	110
104.513	110
104.52	109
104.526	109
104.533	109
104.54	109
104.547	109
104.553	108
104.562	109
104.569	109
104.576	109
104.583	109
104.589	109
104.596	109
104.603	109
104.61	109
104.616	109
104.623	109
104.63	109
104.637	109
104.643	109
104.65	110
104.657	110
104.664	110
104.67	109
104.677	109
104.684	109
104.691	109
104.697	109
104.704	108
104.711	108
104.718	108
104.724	108
104.731	108
104.738	108
104.745	108
104.751	108
104.758	108
104.765	108
104.772	109
104.778	109
104.785	110
104.792	110
104.799	111
104.805	111
104.812	112
104.819	112
104.825	112
104.832	112
104.839	113
104.846	113
104.852	113
104.859	113
104.866	113
104.873	113
104.879	113
104.886	114
104.893	114
104.9	114
104.906	114
104.913	114
104.92	114
104.927	114
104.933	114
104.94	114
104.947	114
104.954	114
104.96	114
104.967	114
104.974	114
104.981	114
104.987	115
104.994	116
105.001	116
105.008	117
105.014	117
105.021	118
105.028	118
105.035	119
105.041	119
105.048	119
105.055	119
105.062	120
105.068	120
105.075	120
105.082	120
105.089	120
105.095	119
105.102	119
105.109	118
105.116	118
105.122	117
105.129	117
105.136	117
105.143	116
105.149	116
105.156	116
105.163	116
105.17	115
105.176	115
105.183	115
105.19	115
105.196	115
105.203	115
105.21	115
105.217	115
105.223	115
105.23	115
105.237	114
105.244	114
105.25	114
105.257	114
105.264	114
105.271	114
105.277	114
105.284	114
105.291	114
105.298	114
105.304	114
105.311	113
105.318	113
105.325	112
105.331	111
105.338	111
105.345	110
105.352	110
105.358	110
105.365	109
105.372	109
105.379	109
105.385	109
105.392	109
105.399	109
105.406	108
105.412	108
105.419	108
105.426	108
105.433	108
105.439	108
105.446	108
105.453	108
105.46	108
105.466	108
105.473	108
105.48	108
105.487	108
105.493	108
105.5	108
105.507	108
105.514	108
105.52	108
105.527	109
105.534	110
105.541	110
105.547	111
105.554	111
105.561	112
105.568	112
105.574	112
105.581	112
105.588	113
105.594	113
105.601	113
105.608	113
105.615	113
105.621	113
105.628	113
105.635	113
105.642	113
105.648	114
105.655	114
105.662	114
105.669	114
105.675	114
105.682	114
105.689	114
105.696	114
105.702	114
105.709	114
105.716	114
105.723	114
105.729	114
105.736	115
105.743	116
105.75	116
105.756	117
105.763	118
105.77	118
105.777	118
105.783	119
105.79	119
105.797	119
105.804	119
105.81	120
105.817	120
105.824	120
105.831	120
105.837	120
105.844	119
105.851	119
105.858	118
105.864	118
105.871	117
105.878	117
105.885	117
105.891	116
105.898	116
105.905	116
105.912	116
105.918	115
105.925	115
105.932	115
105.939	115
105.945	115
105.952	115
105.959	115
105.965	115
105.972	115
105.979	115
105.986	114
105.992	114
105.999	114
106.006	114
106.013	114
106.019	114
106.026	114
106.033	114
106.04	114
106.046	114
106.053	114
106.06	113
106.067	113
106.073	112
106.08	111
106.087	111
106.094	110
106.1	110
106.107	110
106.114	109
106.121	109
106.127	109
106.134	109
106.141	109
106.148	109
106.154	108
106.163	109
106.17	109
106.177	109
106.184	109
106.19	109
106.197	109
106.204	109
106.211	109
106.217	109
106.224	109
106.231	109
106.238	109
106.244	109
106.251	110
106.258	110
106.265	110
106.271	109
106.278	109
106.285	109
106.292	109
106.298	109
106.305	108
106.312	108
106.319	108
106.325	108
106.332	108
106.339	108
106.346	108
106.352	108
106.359	108
106.366	108
106.373	109
106.379	109
106.386	110
106.393	110
106.4	111
106.406	111
106.413	112
106.42	112
106.427	112
106.433	113
106.44	113
106.447	113
106.454	113
106.46	113
106.467	113
106.474	113
106.481	114
106.487	114
106.494	114
106.501	114
106.508	114
106.514	114
106.521	114
106.528	114
106.535	114
106.541	114
106.548	114
106.555	114
106.561	114
106.568	114
106.575	114
106.582	114
106.588	115
106.595	116
106.602	116
106.609	117
106.615	117
106.622	118
106.629	118
106.636	118
106.642	119
106.649	119
106.656	119
106.663	119
106.669	120
106.676	120
106.683	120
106.69	120
106.696	119
106.703	119
106.71	118
106.717	118
106.723	117
106.73	117
106.737	116
106.744	116
106.75	116
106.757	116
106.764	116
106.771	115
106.777	115
106.784	115
106.791	115
106.798	115
106.804	115
106.811	115
106.818	115
106.825	115
106.831	115
106.838	115
106.845	114
106.852	114
106.858	114
106.865	114
106.872	114
106.879	114
106.885	114
106.892	114
106.899	114
106.906	114
106.912	113
106.919	113
106.926	112
106.932	111
106.939	111
106.946	110
106.953	110
106.959	110
106.966	109
106.973	109
106.98	109
106.986	109
106.993	109
107	108
107.007	108
107.016	108
107.023	109
107.029	109
107.036	109
107.043	109
107.05	109
107.056	109
107.063	109
107.07	109
107.077	109
107.083	110
107.09	110
107.097	110
107.104	110
107.11	110
107.117	110
107.124	110
107.13	109
107.137	109
107.144	109
107.151	109
107.157	108
107.164	108
107.171	108
107.178	108
107.184	108
107.191	108
107.198	108
107.205	108
107.211	108
107.218	108
107.225	108
107.232	109
107.238	110
107.245	110
107.252	111
107.259	111
107.265	112
107.272	112
107.279	112
107.286	112
107.292	113
107.299	113
107.306	113
107.313	113
107.319	113
107.326	113
107.333	113
107.34	114
107.346	114
107.353	114
107.36	114
107.367	114
107.373	114
107.38	114
107.387	114
107.394	114
107.4	114
107.407	114
107.414	114
107.421	114
107.427	114
107.434	114
107.441	115
107.448	116
107.454	116
107.461	117
107.468	117
107.475	118
107.481	118
107.488	119
107.495	119
107.502	119
107.508	119
107.515	120
107.522	120
107.528	120
107.535	120
107.542	120
107.549	119
107.555	119
107.562	118
107.569	118
107.576	117
107.582	117
107.589	116
107.596	116
107.603	116
107.609	116
107.616	115
107.623	115
107.63	115
107.636	115
107.643	115
107.65	115
107.657	115
107.663	115
107.67	115
107.677	115
107.684	115
107.69	115
107.697	115
107.704	114
107.711	114
107.717	114
107.724	114
107.731	114
107.738	114
107.744	114
107.751	114
107.758	114
107.765	113
107.771	113
107.778	112
107.785	111
107.792	111
107.798	111
107.805	110
107.812	110
107.819	110
107.825	109
107.832	109
107.839	109
107.846	109
107.852	109
107.859	108
107.868	109
107.875	109
107.882	109
107.888	109
107.895	109
107.902	109
107.909	109
107.915	109
107.922	109
107.929	109
107.936	109
107.942	109
107.949	110
107.956	110
107.963	110
107.969	110
107.976	109
107.983	109
107.99	109
107.996	109
108.003	109
108.01	108
108.017	108
108.023	108
108.03	108
108.037	108
108.044	108
108.05	108
108.057	108
108.064	108
108.071	108
108.077	109
108.084	109
108.091	110
108.097	110
108.104	111
108.111	111
108.118	112
108.124	112
108.131	112
108.138	112
108.145	113
108.151	113
108.158	113
108.165	113
108.172	113
108.178	113
108.185	113
108.192	113
108.199	113
108.205	114
108.212	114
108.219	114
108.226	114
108.232	114
108.239	114
108.246	114
108.253	114
108.259	114
108.266	114
108.273	114
108.28	114
108.286	114
108.293	115
108.3	116
108.307	116
108.313	117
108.32	118
108.327	118
108.334	118
108.34	119
108.347	119
108.354	119
108.361	119
108.367	120
108.374	120
108.381	120
108.388	120
108.394	120
108.401	119
108.408	119
108.415	118
108.421	118
108.428	117
108.435	117
108.442	117
108.448	116
108.455	116
108.462	116
108.469	116
108.475	115
108.482	115
108.489	115
108.495	115
108.502	115
108.509	115
108.516	115
108.522	115
108.529	115
108.536	114
108.543	114
108.549	114
108.556	114
108.563	114
108.57	114
108.576	114
108.583	114
108.59	114
108.597	114
108.603	114
108.61	114
108.617	113
108.624	113
108.63	112
108.637	111
108.644	111
108.651	111
108.657	110
108.664	110
108.671	110
108.678	109
108.684	109
108.691	109
108.698	109
108.705	109
108.711	108
108.72	109
108.727	109
108.734	109
108.741	109
108.747	109
108.754	109
108.761	109
108.768	109
108.774	109
108.781	109
108.788	109
108.795	109
108.801	109
108.808	110
108.815	110
108.822	110
108.828	109
108.835	109
108.842	109
108.849	109
108.855	109
108.862	108
108.869	108
108.876	108
108.882	108
108.889	108
108.896	108
108.903	108
108.909	108
108.916	108
108.923	108
108.93	109
108.936	109
108.943	110
108.95	110
108.957	111
108.963	111
108.97	112
108.977	112
108.984	112
108.99	113
108.997	113
109.004	113
109.011	113
109.017	113
109.024	113
109.031	113
109.038	114
109.044	114
109.051	114
109.058	114
109.064	114
109.071	114
109.078	114
109.085	114
109.091	114
109.098	114
109.105	114
109.112	114
109.118	114
109.125	114
109.132	114
109.139	114
109.145	115
109.152	116
109.159	116
109.166	117
109.172	117
109.179	118
109.186	118
109.193	118
109.199	119
109.206	119
109.213	119
109.22	119
109.226	120
109.233	120
109.24	120
109.247	120
109.253	119
109.26	119
109.267	118
109.274	118
109.28	117
109.287	117
109.294	116
109.301	116
109.307	116
109.314	116
109.321	116
109.328	115
109.334	115
109.341	115
109.348	115
109.355	115
109.361	115
109.368	115
109.375	115
109.382	115
109.388	115
109.395	115
109.402	114
109.409	114
109.415	114
109.422	114
109.429	114
109.436	114
109.442	114
109.449	114
109.456	114
109.462	114
109.469	113
109.476	113
109.483	112
109.489	111
109.496	111
109.503	110
109.51	110
109.516	110
109.523	109
109.53	109
109.537	109
109.543	109
109.55	109
109.557	108
109.564	108
109.573	108
109.58	109
109.586	109
109.593	109
109.6	109
109.607	109
109.613	109
109.62	109
109.627	109
109.634	109
109.64	110
109.647	110
109.654	110
109.66	110
109.667	110
109.674	110
109.681	109
109.687	109
109.694	109
109.701	109
109.708	108
109.714	108
109.721	108
109.728	108
109.735	108
109.741	108
109.748	108
109.755	108
109.762	108
109.768	108
109.775	108
109.782	108
109.789	109
109.795	110
109.802	110
109.809	111
109.816	111
109.822	112
109.829	112
109.836	112
109.843	113
109.849	113
109.856	113
109.863	113
109.87	113
109.876	113
109.883	114
109.89	114
109.897	114
109.903	114
109.91	114
109.917	114
109.924	114
109.93	114
109.937	114
109.944	114
109.951	114
109.957	114
109.964	114
109.971	114
109.978	114
109.984	114
109.991	114
109.998	115
110.005	116
110.011	116
110.018	117
110.025	117
110.031	118
110.038	118
110.045	119
110.052	119
110.058	119
110.065	119
110.072	119
110.079	120
110.085	120
110.092	120
110.099	120
110.106	119
110.112	119
110.119	118
110.126	118
110.133	117
110.139	117
110.146	116
110.153	116
110.16	116
110.166	116
110.173	116
110.18	115
110.187	115
110.193	115
110.2	115
110.207	115
110.214	115
110.22	115
110.227	115
110.234	115
110.241	115
110.247	115
110.254	115
110.261	114
110.268	114
110.274	114
110.281	114
110.288	114
110.295	114
110.301	114
110.308	114
110.315	114
110.322	113
110.328	113
110.335	112
110.342	111
110.349	111
110.355	111
110.362	110
110.369	110
110.376	110
110.382	109
110.389	109
110.396	109
110.403	109
110.409	109
110.416	108
110.425	109
110.432	109
110.439	109
110.445	109
110.452	109
110.459	109
110.466	109
110.472	109
110.479	109
110.486	109
110.493	109
110.499	109
110.506	110
110.513	110
110.52	110
110.526	110
110.533	109
110.54	109
110.547	109
110.553	109
110.56	109
110.567	108
110.574	108
110.58	108
110.587	108
110.594	108
110.601	108
110.607	108
110.614	108
110.621	108
110.627	108
110.634	109
110.641	109
110.648	110
110.654	110
110.661	111
110.668	111
110.675	111
110.681	112
110.688	112
110.695	112
110.702	112
110.708	113
110.715	113
110.722	113
110.729	113
110.735	113
110.742	114
110.749	114
110.756	114
110.762	114
110.769	114
110.776	114
110.783	114
110.789	114
110.796	114
110.803	114
110.81	114
110.816	114
110.823	114
110.83	114
110.837	114
110.843	114
110.85	115
110.857	116
110.864	116
110.87	117
110.877	118
110.884	118
110.891	118
110.897	119
110.904	119
110.911	119
110.918	119
110.924	120
110.931	120
110.938	120
110.945	120
110.951	120
110.958	119
110.965	119
110.972	118
110.978	118
110.985	117
110.992	117
110.998	117
111.005	116
111.012	116
111.019	116
111.025	116
111.032	115
111.039	115
111.046	115
111.052	115
111.059	115
111.066	115
111.073	115
111.079	115
111.086	115
111.093	114
111.1	114
111.106	114
111.113	114
111.12	114
111.127	114
111.133	114
111.14	114
111.147	114
111.154	114
111.16	114
111.167	114
111.174	113
111.181	113
111.187	112
111.194	111
111.201	111
111.208	111
111.214	110
111.221	110
111.228	110
111.235	109
111.241	109
111.248	109
111.255	109
111.262	109
111.268	108
111.277	109
111.284	109
111.291	109
111.298	109
111.304	109
111.311	109
111.318	109
111.325	109
111.331	109
111.338	109
111.345	109
111.352	109
111.358	109
111.365	110
111.372	110
111.379	110
111.385	109
111.392	109
111.399	109
111.406	109
111.412	109
111.419	108
111.426	108
111.433	108
111.439	108
111.446	108
111.453	108
111.46	108
111.466	108
111.473	108
111.48	108
111.487	109
111.493	109
111.5	110
111.507	110
111.514	111
111.52	111
111.527	112
111.534	112
111.541	112
111.547	113
111.554	113
111.561	113
111.568	113
111.574	113
111.581	113
111.588	113
111.594	113
111.601	114
111.608	114
111.615	114
111.621	114
111.628	114
111.635	114
111.642	114
111.648	114
111.655	114
111.662	114
111.669	114
111.675	114
111.682	114
111.689	114
111.696	114
111.702	115
111.709	116
111.716	116
111.723	117
111.729	117
111.736	118
111.743	118
111.75	119
111.756	119
111.763	119
111.77	119
111.777	120
111.783	120
111.79	120
111.797	120
111.804	120
111.81	119
111.817	119
111.824	118
111.831	118
111.837	117
111.844	117
111.851	117
111.858	116
111.864	116
111.871	116
111.878	116
111.885	115
111.891	115
111.898	115
111.905	115
111.912	115
111.918	115
111.925	115
111.932	115
111.939	115
111.945	115
111.952	115
111.959	114
111.965	114
111.972	114
111.979	114
111.986	114
111.992	114
111.999	114
112.006	114
112.013	114
112.019	114
112.026	113
112.033	112
112.04	112
112.046	111
112.053	111
112.06	110
112.067	110
112.073	110
112.08	109
112.087	109
112.094	109
112.1	109
112.107	109
112.114	108
112.121	108
112.13	108
112.137	109
112.143	109
112.15	109
112.157	109
112.164	109
112.17	109
112.177	109
112.184	109
112.19	109
112.197	110
112.204	110
112.211	110
112.217	110
112.224	110
112.231	110
112.238	109
112.244	109
112.251	109
112.258	109
112.265	108
112.271	108
112.278	108
112.285	108
112.292	108
112.298	108
112.305	108
112.312	108
112.319	108
112.325	108
112.332	108
112.339	108
112.346	109
112.352	110
112.359	110
112.366	111
112.373	111
112.379	112
112.386	112
112.393	112
112.4	113
112.406	113
112.413	113
112.42	113
112.427	113
112.433	113
112.44	114
112.447	114
112.454	114
112.46	114
112.467	114
112.474	114
112.481	114
112.487	114
112.494	114
112.501	114
112.508	114
112.514	114
112.521	114
112.528	114
112.535	114
112.541	114
112.548	114
112.555	115
112.561	116
112.568	116
112.575	117
112.582	117
112.588	118
112.595	118
112.602	119
112.609	119
112.615	119
112.622	119
112.629	119
112.636	120
112.642	120
112.649	120
112.656	120
112.663	119
112.669	119
112.676	118
112.683	118
112.69	117
112.696	117
112.703	117
112.71	116
112.717	116
112.723	116
112.73	116
112.737	115
112.744	115
112.75	115
112.757	115
112.764	115
112.771	115
112.777	115
112.784	115
112.791	115
112.798	115
112.804	115
112.811	115
112.818	114
112.825	114
112.831	114
112.838	114
112.845	114
112.852	114
112.858	114
112.865	114
112.872	114
112.879	113
112.885	113
112.892	112
112.899	111
112.906	111
112.912	111
112.919	110
112.926	110
112.932	110
112.939	109
112.946	109
112.953	109
112.959	109
112.966	108
112.973	108
112.982	109
112.989	109
112.996	109
113.002	109
113.009	109
113.016	109
113.023	109
113.029	109
113.036	109
113.043	109
113.05	109
113.056	110
113.063	110
113.07	110
113.077	110
113.083	110
113.09	109
113.097	109
113.104	109
113.11	109
113.117	109
113.124	108
113.131	108
113.137	108
113.144	108
113.151	108
113.157	108
113.164	108
113.171	108
113.178	108
113.184	108
113.191	109
113.198	109
113.205	110
113.211	110
113.218	111
113.225	111
113.232	111
113.238	112
113.245	112
113.252	112
113.259	113
113.265	113
113.272	113
113.279	113
113.286	113
113.292	113
113.299	114
113.306	114
113.313	114
113.319	114
113.326	114
113.333	114
113.34	114
113.346	114
113.353	114
113.36	114
113.367	114
113.373	114
113.38	114
113.387	114
113.394	114
113.4	114
113.407	115
113.414	116
113.421	116
113.427	117
113.434	118
113.441	118
113.448	118
113.454	119
113.461	119
113.468	119
113.475	119
113.481	120
113.488	120
113.495	120
113.502	120
113.508	120
113.515	119
113.522	119
113.528	118
113.535	118
113.542	117
113.549	117
113.555	116
113.562	116
113.569	116
113.576	116
113.582	115
113.589	115
113.596	115
113.603	115
113.609	115
113.616	115
113.623	115
113.63	115
113.636	115
113.643	115
113.65	114
113.657	114
113.663	114
113.67	114
113.677	114
113.684	114
113.69	114
113.697	114
113.704	114
113.711	114
113.717	114
113.724	114
113.731	113
113.738	113
113.744	112
113.751	112
113.758	111
113.765	111
113.771	110
113.778	110
113.785	110
113.792	109
113.798	109
113.805	109
113.812	109
113.819	109
113.825	108
113.834	109
113.841	109
113.848	109
113.855	109
113.861	109
113.868	109
113.875	109
113.882	109
113.888	109
113.895	109
113.902	109
113.909	109
113.915	109
113.922	110
113.929	110
113.936	110
113.942	109
113.949	109
113.956	109
113.963	109
113.969	109
113.976	108
113.983	108
113.99	108
113.996	108
114.003	108
114.01	108
114.017	108
114.023	108
114.03	108
114.037	108
114.044	109
114.05	109
114.057	110
114.064	110
114.071	111
114.077	111
114.084	112
114.091	112
114.098	112
114.104	113
114.111	113
114.118	113
114.124	113
114.131	113
114.138	113
114.145	113
114.151	113
114.158	114
114.165	114
114.172	114
114.178	114
114.185	114
114.192	114
114.199	114
114.205	114
114.212	114
114.219	114
114.226	114
114.232	114
114.239	114
114.246	114
114.253	114
114.259	115
114.266	116
114.273	116
114.28	117
114.286	117
114.293	118
114.3	118
114.307	119
114.313	119
114.32	119
114.327	119
114.334	120
114.34	120
114.347	120
114.354	120
114.361	120
114.367	119
114.374	119
114.381	118
114.388	118
114.394	117
114.401	117
114.408	117
114.415	116
114.421	116
114.428	116
114.435	116
114.442	115
114.448	115
114.455	115
114.462	115
114.469	115
114.475	115
114.482	115
114.489	115
114.495	115
114.502	115
114.509	114
114.516	114
114.522	114
114.529	114
114.536	114
114.543	114
114.549	114
114.556	114
114.563	114
114.57	114
114.576	114
114.583	113
114.59	112
114.597	112
114.603	111
114.61	111
114.617	110
114.624	110
114.63	110
114.637	109
114.644	109
114.651	109
114.657	109
114.664	109
114.671	108
114.678	108
114.687	109
114.693	109
114.7	109
114.707	109
114.714	109
114.72	109
114.727	109
114.734	109
114.741	109
114.747	109
114.754	109
114.761	109
114.768	109
114.774	109
114.781	110
114.788	110
114.795	109
114.801	109
114.808	109
114.815	109
114.822	109
114.828	108
114.835	108
114.842	108
114.849	108
114.855	108
114.862	108
114.869	108
114.876	108
114.882	108
114.889	108
114.896	108
114.903	109
114.909	110
114.916	110
114.923	111
114.93	111
114.936	112
114.943	112
114.95	112
114.957	113
114.963	113
114.97	113
114.977	113
114.984	113
114.99	113
114.997	114
115.004	114
115.011	114
115.017	114
115.024	114
115.031	114
115.038	114
115.044	114
115.051	114
115.058	114
115.065	114
115.071	114
115.078	114
115.085	114
115.091	114
115.098	114
115.105	114
115.112	115
115.118	116
115.125	116
115.132	117
115.139	117
115.145	118
115.152	118
115.159	118
115.166	119
115.172	119
115.179	119
115.186	119
115.193	120
115.199	120
115.206	120
115.213	120
115.22	119
115.226	119
115.233	118
115.24	118
115.247	117
115.253	117
115.26	117
115.267	116
115.274	116
115.28	116
115.287	116
115.294	115
115.301	115
115.307	115
115.314	115
115.321	115
115.328	115
115.334	115
115.341	115
115.348	115
115.355	115
115.361	115
115.368	115
115.375	114
115.382	114
115.388	114
115.395	114
115.402	114
115.409	114
115.415	114
115.422	114
115.429	114
115.436	113
115.442	113
115.449	112
115.456	111
115.462	111
115.469	111
115.476	110
115.483	110
115.489	109
115.496	109
115.503	109
115.51	109
115.516	109
115.523	108
115.53	108
115.539	108
115.546	109
115.553	109
115.559	109
115.566	109
115.573	109
115.58	109
115.586	109
115.593	109
115.6	109
115.607	109
115.613	110
115.62	110
115.627	110
115.634	110
115.64	110
115.647	109
115.654	109
115.66	109
115.667	109
115.674	109
115.681	108
115.687	108
115.694	108
115.701	108
115.708	108
115.714	108
115.721	108
115.728	108
115.735	108
115.741	108
115.748	108
115.755	109
115.762	110
115.768	110
115.775	111
115.782	111
115.789	112
115.795	112
115.802	112
115.809	112
115.816	113
115.822	113
115.829	113
115.836	113
115.843	113
115.849	113
115.856	114
115.863	114
115.87	114
115.876	114
115.883	114
115.89	114
115.897	114
115.903	114
115.91	114
115.917	114
115.924	114
115.93	114
115.937	114
115.944	114
115.951	114
115.957	114
115.964	115
115.971	116
115.978	116
115.984	117
115.991	118
115.998	118
116.005	118
116.011	119
116.018	119
116.025	119
116.032	119
116.038	120
116.045	120
116.052	120
116.058	120
116.065	120
116.072	119
116.079	119
116.085	118
116.092	118
116.099	117
116.106	117
116.112	116
116.119	116
116.126	116
116.133	116
116.139	115
116.146	115
116.153	115
116.16	115
116.166	115
116.173	115
116.18	115
116.187	115
116.193	115
116.2	115
116.207	114
116.214	114
116.22	114
116.227	114
116.234	114
116.241	114
116.247	114
116.254	114
116.261	114
116.268	114
116.274	114
116.281	114
116.288	114
116.295	113
116.301	112
116.308	112
116.315	111
116.322	111
116.328	110
116.335	110
116.342	110
116.349	109
116.355	109
116.362	109
116.369	109
116.376	109
116.382	108
116.391	109
116.398	109
116.405	109
116.412	109
116.418	109
116.425	109
116.432	109
116.439	109
116.445	109
116.452	109
116.459	109
116.466	109
116.472	109
116.479	110
116.486	110
116.493	110
116.499	109
116.506	109
116.513	109
116.52	109
116.526	109
116.533	108
116.54	108
116.547	108
116.553	108
116.56	108
116.567	108
116.574	108
116.58	108
116.587	108
116.594	108
116.601	109
116.607	109
116.614	110
116.621	110
116.627	111
116.634	111
116.641	112
116.648	112
116.654	112
116.661	112
116.668	113
116.675	113
116.681	113
116.688	113
116.695	113
116.702	113
116.708	113
116.715	114
116.722	114
116.729	114
116.735	114
116.742	114
116.749	114
116.756	114
116.762	114
116.769	114
116.776	114
116.783	114
116.789	114
116.796	114
116.803	114
116.81	114
116.816	115
116.823	116
116.83	116
116.837	117
116.843	117
116.85	118
116.857	118
116.864	119
116.87	119
116.877	119
116.884	119
116.891	120
116.897	120
116.904	120
116.911	120
116.918	120
116.924	119
116.931	119
116.938	118
116.945	118
116.951	117
116.958	117
116.965	117
116.972	116
116.978	116
116.985	116
116.992	116
116.999	115
117.005	115
117.012	115
117.019	115
117.025	115
117.032	115
117.039	115
117.046	114
117.052	114
117.059	114
117.066	114
117.073	114
117.079	114
117.086	114
117.093	114
117.1	114
117.106	114
117.113	114
117.12	114
117.127	114
117.133	114
117.14	113
117.147	113
117.154	112
117.16	111
117.167	111
117.174	111
117.181	110
117.187	110
117.194	110
117.201	109
117.208	109
117.214	109
117.221	109
117.228	109
117.235	108
117.244	109
117.25	109
117.257	109
117.264	109
117.271	109
117.277	109
117.284	109
117.291	109
117.298	109
117.304	109
117.311	109
117.318	109
117.325	109
117.331	109
117.338	110
117.345	110
117.352	109
117.358	109
117.365	109
117.372	109
117.379	109
117.385	108
117.392	108
117.399	108
117.406	108
117.412	108
117.419	108
117.426	108
117.433	108
117.439	108
117.446	108
117.453	108
117.46	109
117.466	110
117.473	110
117.48	111
117.487	111
117.493	112
117.5	112
117.507	112
117.514	113
117.52	113
117.527	113
117.534	113
117.541	113
117.547	113
117.554	114
117.561	114
117.568	114
117.574	114
117.581	114
117.588	114
117.594	114
117.601	114
117.608	114
117.615	114
117.621	114
117.628	114
117.635	114
117.642	114
117.648	114
117.655	114
117.662	114
117.669	115
117.675	115
117.682	116
117.689	117
117.696	117
117.702	118
117.709	118
117.716	118
117.723	119
117.729	119
117.736	119
117.743	119
117.75	120
117.756	120
117.763	120
117.77	120
117.777	119
117.783	119
117.79	118
117.797	118
117.804	117
117.81	117
117.817	117
117.824	116
117.831	116
117.837	116
117.844	116
117.851	115
117.858	115
117.864	115
117.871	115
117.878	115
117.885	115
117.891	115
117.898	115
117.905	115
117.912	115
117.918	115
117.925	115
117.932	114
117.939	114
117.945	114
117.952	114
117.959	114
117.966	114
117.972	114
117.979	114
117.986	114
117.992	113
117.999	113
118.006	112
118.013	111
118.019	111
118.026	110
118.033	110
118.04	110
118.046	109
118.053	109
118.06	109
118.067	109
118.073	108
118.08	108
118.087	108
118.096	109
118.103	109
118.11	109
118.116	109
118.123	109
118.13	109
118.137	109
118.143	109
118.15	110
118.157	110
118.164	110
118.17	110
118.177	110
118.184	110
118.19	110
118.197	110
118.204	109
118.211	109
118.217	109
118.224	109
118.231	108
118.238	108
118.244	108
118.251	108
118.258	108
118.265	108
118.271	108
118.278	108
118.285	108
118.292	108
118.298	108
118.305	109
118.312	109
118.319	110
118.325	110
118.332	111
118.339	111
118.346	112
118.352	112
118.359	112
118.366	112
118.373	113
118.379	113
118.386	113
118.393	113
118.4	113
118.406	113
118.413	114
118.42	114
118.427	114
118.433	114
118.44	114
118.447	114
118.454	114
118.46	114
118.467	114
118.474	114
118.481	114
118.487	114
118.494	114
118.501	114
118.508	114
118.514	114
118.521	115
118.528	116
118.535	116
118.541	117
118.548	118
118.555	118
118.561	118
118.568	119
118.575	119
118.582	119
118.588	119
118.595	120
118.602	120
118.609	120
118.615	120
118.622	120
118.629	119
118.636	119
118.642	118
118.649	118
118.656	117
118.663	117
118.669	116
118.676	116
118.683	116
118.69	116
118.696	115
118.703	115
118.71	115
118.717	115
118.723	115
118.73	115
118.737	115
118.744	115
118.75	115
118.757	115
118.764	115
118.771	115
118.777	115
118.784	115
118.791	114
118.798	114
118.804	114
118.811	114
118.818	114
118.825	114
118.831	114
118.838	114
118.845	114
118.852	113
118.858	112
118.865	112
118.872	111
118.879	111
118.885	110
118.892	110
118.899	110
118.906	109
118.912	109
118.919	109
118.926	109
118.933	109
118.939	108
118.948	109
118.955	109
118.962	109
118.969	109
118.975	109
118.982	109
118.989	109
118.996	109
119.002	109
119.009	109
119.016	109
119.023	109
119.029	109
119.036	110
119.043	110
119.05	110
119.056	109
119.063	109
119.07	109
119.077	109
119.083	109
119.09	108
119.097	108
119.104	108
119.11	108
119.117	108
119.124	108
119.131	108
119.137	108
119.144	108
119.151	108
119.157	109
119.164	109
119.171	110
119.178	110
119.184	111
119.191	111
119.198	112
119.205	112
119.211	112
119.218	112
119.225	113
119.232	113
119.238	113
119.245	113
119.252	113
119.259	113
119.265	113
119.272	114
119.279	114
119.286	114
119.292	114
119.299	114
119.306	114
119.313	114
119.319	114
119.326	114
119.333	114
119.34	114
119.346	114
119.353	114
119.36	114
119.367	114
119.373	115
119.38	116
119.387	116
119.394	117
119.4	118
119.407	118
119.414	118
119.421	119
119.427	119
119.434	119
119.441	119
119.448	120
119.454	120
119.461	120
119.468	120
119.475	120
119.481	119
119.488	119
119.495	118
119.502	118
119.508	117
119.515	117
119.522	117
119.528	116
119.535	116
119.542	116
119.549	115
119.555	115
119.562	115
119.569	115
119.576	115
119.582	115
119.589	115
119.596	115
119.603	114
119.609	114
119.616	114
119.623	114
119.63	114
119.636	114
119.643	114
119.65	114
119.657	114
119.663	114
119.67	114
119.677	114
119.684	114
119.69	114
119.697	113
119.704	113
119.711	112
119.717	111
119.724	111
119.731	111
119.738	110
119.744	110
119.751	110
119.758	109
119.765	109
119.771	109
119.778	109
119.785	109
119.792	108
119.801	109
119.807	109
119.814	109
119.821	109
119.828	109
119.834	109
119.841	109
119.848	109
119.855	109
119.861	109
119.868	109
119.875	109
119.882	109
119.888	109
119.895	110
119.902	110
119.909	109
119.915	109
119.922	109
119.929	109
119.936	109
119.942	108
119.949	108
119.956	108
119.963	108
119.969	108
119.976	108
119.983	108
119.99	108
119.996	108
120.003	108
120.01	108
120.017	109
120.023	110
120.03	110
120.037	111
120.044	111
120.05	112
120.057	112
120.064	112
120.071	113
120.077	113
120.084	113
120.091	113
120.098	113
120.104	113
120.111	113
120.118	113
120.124	114
120.131	114
120.138	114
120.145	114
120.151	114
120.158	114
120.165	114
120.172	114
120.178	114
120.185	114
120.192	114
120.199	114
120.205	114
120.212	114
120.219	114
120.226	115
120.232	116
120.239	116
120.246	117
120.253	117
120.259	118
120.266	118
120.273	119
120.28	119
120.286	119
120.293	119
120.3	120
120.307	120
120.313	120
120.32	120
120.327	120
120.334	119
120.34	119
120.347	118
120.354	118
120.361	117
120.367	117
120.374	117
120.381	116
120.388	116
120.394	116
120.401	116
120.408	115
120.415	115
120.421	115
120.428	115
120.435	115
120.442	115
120.448	115
120.455	115
120.462	115
120.469	115
120.475	115
120.482	115
120.489	114
120.495	114
120.502	114
120.509	114
120.516	114
120.522	114
120.529	114
120.536	114
120.543	114
120.549	113
120.556	113
120.563	112
120.57	111
120.576	111
120.583	110
120.59	110
120.597	110
120.603	109
120.61	109
120.617	109
120.624	109
120.63	109
120.637	108
120.644	108
120.653	109
120.66	109
120.667	109
120.673	109
120.68	109
120.687	109
120.693	109
120.7	109
120.707	109
120.714	109
120.72	109
120.727	110
120.734	110
120.741	110
120.747	110
120.754	110
120.761	109
120.768	109
120.774	109
120.781	109
120.788	108
120.795	108
120.801	108
120.808	108
120.815	108
120.822	108
120.828	108
120.835	108
120.842	108
120.849	108
120.855	108
120.862	109
120.869	109
120.876	110
120.882	110
120.889	111
120.896	111
120.903	112
120.909	112
120.916	112
120.923	112
120.93	113
120.936	113
120.943	113
120.95	113
120.957	113
120.963	113
120.97	114
120.977	114
120.984	114
120.99	114
120.997	114
121.004	114
121.011	114
121.017	114
121.024	114
121.031	114
121.038	114
121.044	114
121.051	114
121.058	114
121.065	114
121.071	114
121.078	115
121.085	116
121.091	116
121.098	117
121.105	117
121.112	118
121.118	118
121.125	119
121.132	119
121.139	119
121.145	119
121.152	119
121.159	120
121.166	120
121.172	120
121.179	120
121.186	119
121.193	119
121.199	118
121.206	118
121.213	117
121.22	117
121.226	117
121.233	116
121.24	116
121.247	116
121.253	116
121.26	115
121.267	115
121.274	115
121.28	115
121.287	115
121.294	115
121.301	115
121.307	115
121.314	115
121.321	115
121.328	115
121.334	115
121.341	115
121.348	114
121.355	114
121.361	114
121.368	114
121.375	114
121.382	114
121.388	114
121.395	114
121.402	114
121.409	113
121.415	112
121.422	112
121.429	111
121.436	111
121.442	110
121.449	110
121.456	110
121.462	109
121.469	109
121.476	109
121.483	109
121.489	108
121.496	108
121.505	108
121.512	109
121.519	109
121.526	109
121.532	109
121.539	109
121.546	109
121.553	109
121.559	109
121.566	109
121.573	109
121.58	109
121.586	110
121.593	110
121.6	110
121.607	110
121.613	109
121.62	109
121.627	109
121.634	109
121.64	109
121.647	108
121.654	108
121.66	108
121.667	108
121.674	108
121.681	108
121.687	108
121.694	108
121.701	108
121.708	108
121.714	108
121.721	109
121.728	110
121.735	110
121.741	111
121.748	111
121.755	112
121.762	112
121.768	112
121.775	112
121.782	113
121.789	113
121.795	113
121.802	113
121.809	113
121.816	113
121.822	114
121.829	114
121.836	114
121.843	114
121.849	114
121.856	114
121.863	114
121.87	114
121.876	114
121.883	114
121.89	114
121.897	114
121.903	114
121.91	114
121.917	114
121.924	114
121.93	115
121.937	116
121.944	116
121.951	117
121.957	118
121.964	118
121.971	118
121.978	119
121.984	119
121.991	119
121.998	119
122.005	120
122.011	120
122.018	120
122.025	120
122.032	120
122.038	119
122.045	119
122.052	118
122.058	118
122.065	117
122.072	117
122.079	116
122.085	116
122.092	116
122.099	116
122.106	115
122.112	115
122.119	115
122.126	115
122.133	115
122.139	115
122.146	115
122.153	115
122.16	115
122.166	115
122.173	115
122.18	114
122.187	114
122.193	114
122.2	114
122.207	114
122.214	114
122.22	114
122.227	114
122.234	114
122.241	114
122.247	114
122.254	113
122.261	113
122.268	112
122.274	111
122.281	111
122.288	111
122.295	110
122.301	110
122.308	110
122.315	109
122.322	109
122.328	109
122.335	109
122.342	109
122.349	108
122.358	109
122.364	109
122.371	109
122.378	109
122.385	109
122.391	109
122.398	109
122.405	109
122.412	109
122.418	109
122.425	109
122.432	109
122.439	109
122.445	109
122.452	110
122.459	110
122.466	109
122.472	109
122.479	109
122.486	109
122.493	109
122.499	108
122.506	108
122.513	108
122.52	108
122.526	108
122.533	108
122.54	108
122.547	108
122.553	108
122.56	108
122.567	108
122.574	109
122.58	110
122.587	110
122.594	111
122.601	111
122.607	112
122.614	112
122.621	112
122.627	113
122.634	113
122.641	113
122.648	113
122.654	113
122.661	113
122.668	113
122.675	113
122.681	113
122.688	114
122.695	114
122.702	114
122.708	114
122.715	114
122.722	114
122.729	114
122.735	114
122.742	114
122.749	114
122.756	114
122.762	114
122.769	114
122.776	114
122.783	115
122.789	116
122.796	116
122.803	117
122.81	117
122.816	118
122.823	118
122.83	119
122.837	119
122.843	119
122.85	119
122.857	120
122.864	120
122.87	120
122.877	120
122.884	120
122.891	119
122.897	119
122.904	118
122.911	118
122.918	117
122.924	117
122.931	117
122.938	116
122.945	116
122.951	116
122.958	116
122.965	115
122.972	115
122.978	115
122.985	115
122.992	115
122.999	115
123.005	115
123.012	115
123.019	115
123.025	115
123.032	115
123.039	114
123.046	114
123.052	114
123.059	114
123.066	114
123.073	114
123.079	114
123.086	114
123.093	114
123.1	114
123.106	113
123.113	113
123.12	112
123.127	111
123.133	111
123.14	110
123.147	110
123.154	110
123.16	109
123.167	109
123.174	109
123.181	109
123.187	109
123.194	109
123.201	108
123.208	108
123.214	108
123.221	108
123.228	108
123.235	108
123.241	108
123.248	108
123.255	108
123.262	108
123.268	108
123.275	108
123.282	108
123.289	108
123.295	108
123.302	108
123.309	108
123.316	108
123.322	109
123.329	110
123.336	110
123.343	111
123.349	111
123.356	112
123.363	112
123.37	112
123.376	113
123.383	113
123.39	113
123.396	113
123.403	113
123.41	113
123.417	113
123.423	113
123.43	114
123.437	114
123.444	114
123.45	114
123.457	114
123.464	114
123.471	114
123.477	114
123.484	114
123.491	114
123.498	114
123.504	114
123.511	114
123.518	114
123.525	114
123.531	115
123.538	116
123.545	116
123.552	117
123.558	117
123.565	118
123.572	118
123.579	119
123.585	119
123.592	119
123.599	119
123.606	120
123.612	120
123.619	120
123.626	120
123.633	120
123.639	119
123.646	119
123.653	118
123.66	118
123.666	117
123.673	117
123.68	117
123.687	116
123.693	116
123.7	116
123.707	116
123.714	115
123.72	115
123.727	115
123.734	115
123.741	115
123.747	115
123.754	115
123.761	115
123.768	115
123.774	115
123.781	114
123.788	114
123.794	114
123.801	114
123.808	114
123.815	114
123.821	114
123.828	114
123.835	114
123.842	114
123.848	114
123.855	113
123.862	112
123.869	112
123.875	111
123.882	111
123.889	110
123.896	110
123.902	110
123.909	109
123.916	109
123.923	109
123.929	109
123.936	109
123.943	108
123.95	108
123.959	109
123.966	109
123.972	109
123.979	109
123.986	109
123.992	109
123.999	109
124.006	109
124.013	109
124.019	109
124.026	109
124.033	109
124.04	109
124.046	109
124.053	110
124.06	110
124.067	109
124.073	109
124.08	109
124.087	109
124.094	109
124.1	108
124.107	108
124.114	108
124.121	108
124.127	108
124.134	108
124.141	108
124.148	108
124.154	108
124.161	108
124.168	108
124.175	109
124.181	110
124.188	110
124.195	111
124.202	111
124.208	112
124.215	112
124.222	112
124.229	113
124.235	113
124.242	113
124.249	113
124.256	113
124.262	113
124.269	114
124.276	114
124.283	114
124.289	114
124.296	114
124.303	114
124.31	114
124.316	114
124.323	114
124.33	114
124.337	114
124.343	114
124.35	114
124.357	114
124.363	114
124.37	114
124.377	114
124.384	115
124.39	116
124.397	116
124.404	117
124.411	117
124.417	118
124.424	118
124.431	118
124.438	119
124.444	119
124.451	119
124.458	119
124.465	120
124.471	120
124.478	120
124.485	120
124.492	119
124.498	119
124.505	118
124.512	118
124.519	117
124.525	117
124.532	117
124.539	116
124.546	116
124.552	116
124.559	116
124.566	115
124.573	115
124.579	115
124.586	115
124.593	115
124.6	115
124.606	115
124.613	115
124.62	115
124.627	115
124.633	115
124.64	115
124.647	114
124.654	114
124.66	114
124.667	114
124.674	114
124.681	114
124.687	114
124.694	114
124.701	114
124.708	113
124.714	113
124.721	112
124.728	111
124.735	111
124.741	111
124.748	110
124.755	110
124.761	109
124.768	109
124.775	109
124.782	109
124.788	109
124.795	108
124.802	108
124.811	108
124.818	109
124.825	109
124.831	109
124.838	109
124.845	109
124.852	109
124.858	109
124.865	109
124.872	109
124.879	109
124.885	110
124.892	110
124.899	110
124.906	110
124.912	110
124.919	109
124.926	109
124.933	109
124.939	109
124.946	109
124.953	108
124.959	108
124.966	108
124.973	108
124.98	108
124.986	108
124.993	108
125	108
125.007	108
125.013	108
125.02	108
125.027	109
125.034	110
125.04	110
125.047	111
125.054	111
125.061	112
125.067	112
125.074	112
125.081	112
125.088	113
125.094	113
125.101	113
125.108	113
125.115	113
125.121	113
125.128	114
125.135	114
125.142	114
125.148	114
125.155	114
125.162	114
125.169	114
125.175	114
125.182	114
125.189	114
125.196	114
125.202	114
125.209	114
125.216	114
125.223	114
125.229	114
125.236	115
125.243	116
125.25	116
125.256	117
125.263	118
125.27	118
125.277	118
125.283	119
125.29	119
125.297	119
125.304	119
125.31	120
125.317	120
125.324	120
125.33	120
125.337	120
125.344	119
125.351	119
125.357	118
125.364	118
125.371	117
125.378	117
125.384	116
125.391	116
125.398	116
125.405	116
125.411	115
125.418	115
125.425	115
125.432	115
125.438	115
125.445	115
125.452	115
125.459	115
125.465	115
125.472	115
125.479	114
125.486	114
125.492	114
125.499	114
125.506	114
125.513	114
125.519	114
125.526	114
125.533	114
125.54	114
125.546	114
125.553	114
125.56	113
125.567	113
125.573	112
125.58	112
125.587	111
125.594	111
125.6	110
125.607	110
125.614	110
125.621	109
125.627	109
125.634	109
125.641	109
125.648	109
125.654	108
125.663	109
125.67	109
125.677	109
125.684	109
125.69	109
125.697	109
125.704	109
125.711	109
125.717	109
125.724	109
125.731	109
125.738	109
125.744	109
125.751	110
125.758	110
125.765	110
125.771	109
125.778	109
125.785	109
125.792	109
125.798	109
125.805	108
125.812	108
125.819	108
125.825	108
125.832	108
125.839	108
125.846	108
125.852	108
125.859	108
125.866	108
125.873	109
125.879	109
125.886	110
125.893	110
125.9	111
125.906	111
125.913	112
125.92	112
125.926	112
125.933	112
125.94	113
125.947	113
125.953	113
125.96	113
125.967	113
125.974	113
125.98	113
125.987	114
125.994	114
126.001	114
126.007	114
126.014	114
126.021	114
126.028	114
126.034	114
126.041	114
126.048	114
126.055	114
126.061	114
126.068	114
126.075	114
126.082	114
126.088	115
126.095	116
126.102	116
126.109	117
126.115	117
126.122	118
126.129	118
126.136	119
126.142	119
126.149	119
126.156	119
126.163	120
126.169	120
126.176	120
126.183	120
126.19	120
126.196	119
126.203	119
126.21	118
126.217	118
126.223	117
126.23	117
126.237	117
126.244	116
126.25	116
126.257	116
126.264	116
126.271	115
126.277	115
126.284	115
126.291	115
126.297	115
126.304	115
126.311	115
126.318	115
126.324	115
126.331	115
126.338	114
126.345	114
126.351	114
126.358	114
126.365	114
126.372	114
126.378	114
126.385	114
126.392	114
126.399	114
126.405	114
126.412	113
126.419	113
126.426	112
126.432	111
126.439	111
126.446	110
126.453	110
126.459	110
126.466	109
126.473	109
126.48	109
126.486	109
126.493	109
126.5	109
126.507	108
126.513	108
126.52	108
126.527	108
126.534	108
126.54	108
126.547	108
126.554	108
126.561	108
126.567	108
126.574	108
126.581	108
126.588	108
126.594	108
126.601	108
126.608	108
126.615	108
126.621	108
126.628	109
126.635	110
126.642	110
126.648	111
126.655	111
126.662	112
126.669	112
126.675	112
126.682	112
126.689	113
126.695	113
126.702	113
126.709	113
126.716	113
126.722	113
126.729	113
126.736	113
126.743	113
126.749	114
126.756	114
126.763	114
126.77	114
126.776	114
126.783	114
126.79	114
126.797	114
126.803	114
126.81	114
126.817	114
126.824	114
126.83	114
126.837	115
126.844	116
126.851	116
126.857	117
126.864	118
126.871	118
126.878	118
126.884	119
126.891	119
126.898	119
126.905	119
126.911	120
126.918	120
126.925	120
126.932	120
126.938	120
126.945	119
126.952	119
126.959	118
126.965	118
126.972	117
126.979	117
126.986	117
126.992	116
126.999	116
127.006	116
127.013	116
127.019	115
127.026	115
127.033	115
127.04	115
127.046	115
127.053	115
127.06	115
127.066	115
127.073	115
127.08	115
127.087	114
127.093	114
127.1	114
127.107	114
127.114	114
127.12	114
127.127	114
127.134	114
127.141	114
127.147	114
127.154	114
127.161	113
127.168	113
127.174	112
127.181	111
127.188	111
127.195	110
127.201	110
127.208	110
127.215	109
127.222	109
127.228	109
127.235	109
127.242	109
127.249	109
127.255	108
127.264	109
127.271	109
127.278	109
127.285	109
127.291	109
127.298	109
127.305	109
127.312	109
127.318	109
127.325	109
127.332	109
127.339	109
127.345	109
127.352	110
127.359	110
127.366	110
127.372	109
127.379	109
127.386	109
127.393	109
127.399	109
127.406	108
127.413	108
127.42	108
127.426	108
127.433	108
127.44	108
127.447	108
127.453	108
127.46	108
127.467	108
127.474	109
127.48	109
127.487	110
127.494	110
127.501	111
127.507	111
127.514	112
127.521	112
127.528	112
127.534	113
127.541	113
127.548	113
127.555	113
127.561	113
127.568	113
127.575	113
127.582	114
127.588	114
127.595	114
127.602	114
127.609	114
127.615	114
127.622	114
127.629	114
127.636	114
127.642	114
127.649	114
127.656	114
127.662	114
127.669	114
127.676	114
127.683	114
127.689	115
127.696	116
127.703	116
127.71	117
127.716	117
127.723	118
127.73	118
127.737	118
127.743	119
127.75	119
127.757	119
127.764	119
127.77	120
127.777	120
127.784	120
127.791	120
127.797	119
127.804	119
127.811	118
127.818	118
127.824	117
127.831	117
127.838	116
127.845	116
127.851	116
127.858	116
127.865	116
127.872	115
127.878	115
127.885	115
127.892	115
127.899	115
127.905	115
127.912	115
127.919	115
127.926	115
127.932	115
127.939	115
127.946	114
127.953	114
127.959	114
127.966	114
127.973	114
127.98	114
127.986	114
127.993	114
128	114
128.007	114
128.013	113
128.02	113
128.027	112
128.033	111
128.04	111
128.047	110
128.054	110
128.06	110
128.067	109
128.074	109
128.081	109
128.087	109
128.094	109
128.101	108
128.108	108
128.117	108
128.124	109
128.13	109
128.137	109
128.144	109
128.151	109
128.157	109
128.164	109
128.171	109
128.178	109
128.184	110
128.191	110
128.198	110
128.205	110
128.211	110
128.218	110
128.225	110
128.231	109
128.238	109
128.245	109
128.252	109
128.258	108
128.265	108
128.272	108
128.279	108
128.285	108
128.292	108
128.299	108
128.306	108
128.312	108
128.319	108
128.326	108
128.333	109
128.339	110
128.346	110
128.353	111
128.36	111
128.366	112
128.373	112
128.38	112
128.387	112
128.393	113
128.4	113
128.407	113
128.414	113
128.42	113
128.427	113
128.434	113
128.441	114
128.447	114
128.454	114
128.461	114
128.468	114
128.474	114
128.481	114
128.488	114
128.495	114
128.501	114
128.508	114
128.515	114
128.522	114
128.528	114
128.535	114
128.542	115
128.549	116
128.555	116
128.562	117
128.569	117
128.576	118
128.582	118
128.589	119
128.596	119
128.603	119
128.609	119
128.616	120
128.623	120
128.629	120
128.636	120
128.643	120
128.65	119
128.656	119
128.663	118
128.67	118
128.677	117
128.683	117
128.69	116
128.697	116
128.704	116
128.71	116
128.717	115
128.724	115
128.731	115
128.737	115
128.744	115
128.751	115
128.758	115
128.764	115
128.771	115
128.778	115
128.785	115
128.791	115
128.798	115
128.805	114
128.812	114
128.818	114
128.825	114
128.832	114
128.839	114
128.845	114
128.852	114
128.859	114
128.866	113
128.872	113
128.879	112
128.886	111
128.893	111
128.899	111
128.906	110
128.913	110
128.92	110
128.926	109
128.933	109
128.94	109
128.947	109
128.953	109
128.96	108
128.969	109
128.976	109
128.983	109
128.989	109
128.996	109
129.003	109
129.01	109
129.016	109
129.023	109
129.03	109
129.037	109
129.043	109
129.05	110
129.057	110
129.064	110
129.07	110
129.077	109
129.084	109
129.091	109
129.097	109
129.104	109
129.111	108
129.118	108
129.124	108
129.131	108
129.138	108
129.145	108
129.151	108
129.158	108
129.165	108
129.172	108
129.178	109
129.185	109
129.192	110
129.198	110
129.205	111
129.212	111
129.219	112
129.225	112
129.232	112
129.239	112
129.246	113
129.252	113
129.259	113
129.266	113
129.273	113
129.279	113
129.286	113
129.293	113
129.3	113
129.306	114
129.313	114
129.32	114
129.327	114
129.333	114
129.34	114
129.347	114
129.354	114
129.36	114
129.367	114
129.374	114
129.381	114
129.387	114
129.394	115
129.401	116
129.408	116
129.414	117
129.421	118
129.428	118
129.435	118
129.441	119
129.448	119
129.455	119
129.462	119
129.468	120
129.475	120
129.482	120
129.489	120
129.495	120
129.502	119
129.509	119
129.516	118
129.522	118
129.529	117
129.536	117
129.543	117
129.549	116
129.556	116
129.563	116
129.57	116
129.576	115
129.583	115
129.59	115
129.596	115
129.603	115
129.61	115
129.617	115
129.623	115
129.63	115
129.637	114
129.644	114
129.65	114
129.657	114
129.664	114
129.671	114
129.677	114
129.684	114
129.691	114
129.698	114
129.704	114
129.711	114
129.718	113
129.725	113
129.731	112
129.738	111
129.745	111
129.752	111
129.758	110
129.765	110
129.772	110
129.779	109
129.785	109
129.792	109
129.799	109
129.806	109
129.812	108
129.821	109
129.828	109
129.835	109
129.842	109
129.848	109
129.855	109
129.862	109
129.869	109
129.875	109
129.882	109
129.889	109
129.896	109
129.902	109
129.909	110
129.916	110
129.923	110
129.929	109
129.936	109
129.943	109
129.95	109
129.956	109
129.963	108
129.97	108
129.977	108
129.983	108
129.99	108
129.997	108
130.004	108
130.01	108
130.017	108
130.024	108
130.031	109
130.037	109
130.044	110
130.051	110
130.058	111
130.064	111
130.071	112
130.078	112
130.085	112
130.091	113
130.098	113
130.105	113
130.112	113
130.118	113
130.125	113
130.132	113
130.139	114
130.145	114
130.152	114
130.159	114
130.165	114
130.172	114
130.179	114
130.186	114
130.192	114
130.199	114
130.206	114
130.213	114
130.219	114
130.226	114
130.233	114
130.24	114
130.246	115
130.253	116
130.26	116
130.267	117
130.273	117
130.28	118
130.287	118
130.294	118
130.3	119
130.307	119
130.314	119
130.321	119
130.327	120
130.334	120
130.341	120
130.348	120
130.354	119
130.361	119
130.368	118
130.375	118
130.381	117
130.388	117
130.395	116
130.402	116
130.408	116
130.415	116
130.422	116
130.429	115
130.435	115
130.442	115
130.449	115
130.456	115
130.462	115
130.469	115
130.476	115
130.483	115
130.489	115
130.496	115
130.503	114
130.51	114
130.516	114
130.523	114
130.53	114
130.537	114
130.543	114
130.55	114
130.557	114
130.563	114
130.57	113
130.577	113
130.584	112
130.59	111
130.597	111
130.604	110
130.611	110
130.617	110
130.624	109
130.631	109
130.638	109
130.644	109
130.651	109
130.658	108
130.665	108
130.674	108
130.681	109
130.687	109
130.694	109
130.701	109
130.708	109
130.714	109
130.721	109
130.728	109
130.735	109
130.741	110
130.748	110
130.755	110
130.761	110
130.768	110
130.775	110
130.782	109
130.788	109
130.795	109
130.802	109
130.809	108
130.815	108
130.822	108
130.829	108
130.836	108
130.842	108
130.849	108
130.856	108
130.863	108
130.869	108
130.876	108
130.883	108
130.89	109
130.896	110
130.903	110
130.91	111
130.917	111
130.923	112
130.93	112
130.937	112
130.944	113
130.95	113
130.957	113
130.964	113
130.971	113
130.977	113
130.984	114
130.991	114
130.998	114
131.004	114
131.011	114
131.018	114
131.025	114
131.031	114
131.038	114
131.045	114
131.052	114
131.058	114
131.065	114
131.072	114
131.079	114
131.085	114
131.092	114
131.099	115
131.106	116
131.112	116
131.119	117
131.126	117
131.132	118
131.139	118
131.146	119
131.153	119
131.159	119
131.166	119
131.173	119
131.18	120
131.186	120
131.193	120
131.2	120
131.207	119
131.213	119
131.22	118
131.227	118
131.234	117
131.24	117
131.247	116
131.254	116
131.261	116
131.267	116
131.274	116
131.281	115
131.288	115
131.294	115
131.301	115
131.308	115
131.315	115
131.321	115
131.328	115
131.335	115
131.342	115
131.348	115
131.355	115
131.362	114
131.369	114
131.375	114
131.382	114
131.389	114
131.396	114
131.402	114
131.409	114
131.416	114
131.423	113
131.429	113
131.436	112
131.443	111
131.45	111
131.456	111
131.463	110
131.47	110
131.477	110
131.483	109
131.49	109
131.497	109
131.504	109
131.51	109
131.517	108
131.526	109
131.533	109
131.54	109
131.546	109
131.553	109
131.56	109
131.567	109
131.573	109
131.58	109
131.587	109
131.594	109
131.6	109
131.607	110
131.614	110
131.621	110
131.627	110
131.634	109
131.641	109
131.648	109
131.654	109
131.661	109
131.668	108
131.675	108
131.681	108
131.688	108
131.695	108
131.702	108
131.708	108
131.715	108
131.722	108
131.728	108
131.735	109
131.742	109
131.749	110
131.755	110
131.762	111
131.769	111
131.776	111
131.782	112
131.789	112
131.796	112
131.803	112
131.809	113
131.816	113
131.823	113
131.83	113
131.836	113
131.843	114
131.85	114
131.857	114
131.863	114
131.87	114
131.877	114
131.884	114
131.89	114
131.897	114
131.904	114
131.911	114
131.917	114
131.924	114
131.931	114
131.938	114
131.944	114
131.951	115
131.958	116
131.965	116
131.971	117
131.978	118
131.985	118
131.992	118
131.998	119
132.005	119
132.012	119
132.019	119
132.025	120
132.032	120
132.039	120
132.046	120
132.052	120
132.059	119
132.066	119
132.073	118
132.079	118
132.086	117
132.093	117
132.099	117
132.106	116
132.113	116
132.12	116
132.126	116
132.133	115
132.14	115
132.147	115
132.153	115
132.16	115
132.167	115
132.174	115
132.18	115
132.187	115
132.194	114
132.201	114
132.207	114
132.214	114
132.221	114
132.228	114
132.234	114
132.241	114
132.248	114
132.255	114
132.261	114
132.268	114
132.275	113
132.282	113
132.288	112
132.295	111
132.302	111
132.309	111
132.315	110
132.322	110
132.329	110
132.336	109
132.342	109
132.349	109
132.356	109
132.363	109
132.369	108
132.378	109
132.385	109
132.392	109
132.399	109
132.405	109
132.412	109
132.419	109
132.426	109
132.432	109
132.439	109
132.446	109
132.453	109
132.459	109
132.466	110
132.473	110
132.48	110
132.486	109
132.493	109
132.5	109
132.507	109
132.513	109
132.52	108
132.527	108
132.534	108
132.54	108
132.547	108
132.554	108
132.561	108
132.567	108
132.574	108
132.581	108
132.588	109
132.594	109
132.601	110
132.608	110
132.615	111
132.621	111
132.628	112
132.635	112
132.642	112
132.648	113
132.655	113
132.662	113
132.669	113
132.675	113
132.682	113
132.689	113
132.695	113
132.702	114
132.709	114
132.716	114
132.722	114
132.729	114
132.736	114
132.743	114
132.749	114
132.756	114
132.763	114
132.77	114
132.776	114
132.783	114
132.79	114
132.797	114
132.803	115
132.81	116
132.817	116
132.824	117
132.83	117
132.837	118
132.844	118
132.851	119
132.857	119
132.864	119
132.871	119
132.878	120
132.884	120
132.891	120
132.898	120
132.905	120
132.911	119
132.918	119
132.925	118
132.932	118
132.938	117
132.945	117
132.952	117
132.959	116
132.965	116
132.972	116
132.979	116
132.986	115
132.992	115
132.999	115
133.006	115
133.013	115
133.019	115
133.026	115
133.033	115
133.04	115
133.046	115
133.053	115
133.06	114
133.066	114
133.073	114
133.08	114
133.087	114
133.093	114
133.1	114
133.107	114
133.114	114
133.12	114
133.127	113
133.134	112
133.141	112
133.147	111
133.154	111
133.161	110
133.168	110
133.174	110
133.181	109
133.188	109
133.195	109
133.201	109
133.208	109
133.215	108
133.222	108
133.231	108
133.238	109
133.244	109
133.251	109
133.258	109
133.264	109
133.271	109
133.278	109
133.285	109
133.291	109
133.298	110
133.305	110
133.312	110
133.318	110
133.325	110
133.332	110
133.339	109
133.345	109
133.352	109
133.359	109
133.366	108
133.372	108
133.379	108
133.386	108
133.393	108
133.399	108
133.406	108
133.413	108
133.42	108
133.426	108
133.433	108
133.44	108
133.447	109
133.453	110
133.46	110
133.467	111
133.474	111
133.48	112
133.487	112
133.494	112
133.501	113
133.507	113
133.514	113
133.521	113
133.528	113
133.534	113
133.541	114
133.548	114
133.555	114
133.561	114
133.568	114
133.575	114
133.582	114
133.588	114
133.595	114
133.602	114
133.609	114
133.615	114
133.622	114
133.629	114
133.636	114
133.642	114
133.649	114
133.656	115
133.662	116
133.669	116
133.676	117
133.683	117
133.689	118
133.696	118
133.703	118
133.71	119
133.716	119
133.723	119
133.73	119
133.737	120
133.743	120
133.75	120
133.757	120
133.764	119
133.77	119
133.777	118
133.784	118
133.791	117
133.797	117
133.804	117
133.811	116
133.818	116
133.824	116
133.831	116
133.838	115
133.845	115
133.851	115
133.858	115
133.865	115
133.872	115
133.878	115
133.885	115
133.892	115
133.899	115
133.905	115
133.912	115
133.919	114
133.926	114
133.932	114
133.939	114
133.946	114
133.953	114
133.959	114
133.966	114
133.973	114
133.98	113
133.986	113
133.993	112
134	111
134.007	111
134.013	111
134.02	110
134.027	110
134.033	110
134.04	109
134.047	109
134.054	109
134.06	109
134.067	108
134.074	108
134.083	109
134.09	109
134.097	109
134.103	109
134.11	109
134.117	109
134.124	109
134.13	109
134.137	109
134.144	109
134.151	109
134.157	110
134.164	110
134.171	110
134.178	110
134.184	110
134.191	109
134.198	109
134.205	109
134.211	109
134.218	109
134.225	108
134.231	108
134.238	108
134.245	108
134.252	108
134.258	108
134.265	108
134.272	108
134.279	108
134.285	108
134.292	109
134.299	109
134.306	110
134.312	110
134.319	111
134.326	111
134.333	111
134.339	112
134.346	112
134.353	112
134.36	113
134.366	113
134.373	113
134.38	113
134.387	113
134.393	113
134.4	114
134.407	114
134.414	114
134.42	114
134.427	114
134.434	114
134.441	114
134.447	114
134.454	114
134.461	114
134.468	114
134.474	114
134.481	114
134.488	114
134.495	114
134.501	114
134.508	115
134.515	116
134.522	116
134.528	117
134.535	118
134.542	118
134.549	118
134.555	119
134.562	119
134.569	119
134.576	119
134.582	120
134.589	120
134.596	120
134.603	120
134.609	120
134.616	119
134.623	119
134.629	118
134.636	118
134.643	117
134.65	117
134.656	116
134.663	116
134.67	116
134.677	116
134.683	115
134.69	115
134.697	115
134.704	115
134.71	115
134.717	115
134.724	115
134.731	115
134.737	115
134.744	115
134.751	114
134.758	114
134.764	114
134.771	114
134.778	114
134.785	114
134.791	114
134.798	114
134.805	114
134.812	114
134.818	114
134.825	114
134.832	113
134.839	113
134.845	112
134.852	112
134.859	111
134.866	111
134.872	110
134.879	110
134.886	110
134.893	109
134.899	109
134.906	109
134.913	109
134.92	109
134.926	108
134.935	109
134.942	109
134.949	109
134.956	109
134.962	109
134.969	109
134.976	109
134.983	109
134.989	109
134.996	109
135.003	109
135.01	109
135.016	109
135.023	110
135.03	110
135.037	110
135.043	109
135.05	109
135.057	109
135.064	109
135.07	109
135.077	108
135.084	108
135.091	108
135.097	108
135.104	108
135.111	108
135.118	108
135.124	108
135.131	108
135.138	108
135.145	109
135.151	109
135.158	110
135.165	110
135.172	111
135.178	111
135.185	112
135.192	112
135.198	112
135.205	113
135.212	113
135.219	113
135.225	113
135.232	113
135.239	113
135.246	113
135.252	113
135.259	114
135.266	114
135.273	114
135.279	114
135.286	114
135.293	114
135.3	114
135.306	114
135.313	114
135.32	114
135.327	114
135.333	114
135.34	114
135.347	114
135.354	114
135.36	115
135.367	116
135.374	116
135.381	117
135.387	117
135.394	118
135.401	118
135.408	119
135.414	119
135.421	119
135.428	119
135.435	120
135.441	120
135.448	120
135.455	120
135.462	120
135.468	119
135.475	119
135.482	118
135.489	118
135.495	117
135.502	117
135.509	117
135.516	116
135.522	116
135.529	116
135.536	116
135.543	115
135.549	115
135.556	115
135.563	115
135.57	115
135.576	115
135.583	115
135.59	115
135.596	115
135.603	115
135.61	114
135.617	114
135.623	114
135.63	114
135.637	114
135.644	114
135.65	114
135.657	114
135.664	114
135.671	114
135.677	114
135.684	113
135.691	113
135.698	112
135.704	111
135.711	111
135.718	110
135.725	110
135.731	110
135.738	109
135.745	109
135.752	109
135.758	109
135.765	109
135.772	109
135.779	108
135.785	108
135.792	108
135.799	108
135.806	108
135.812	108
135.819	108
135.826	108
135.833	108
135.839	108
135.846	108
135.853	108
135.86	108
135.866	108
135.873	108
135.88	108
135.887	108
135.893	108
135.9	109
135.907	110
135.914	110
135.92	111
135.927	111
135.934	112
135.941	112
135.947	112
135.954	113
135.961	113
135.967	113
135.974	113
135.981	113
135.988	113
135.994	113
136.001	114
136.008	114
136.015	114
136.021	114
136.028	114
136.035	114
136.042	114
136.048	114
136.055	114
136.062	114
136.069	114
136.075	114
136.082	114
136.089	114
136.096	114
136.102	114
136.109	115
136.116	116
136.123	116
136.129	117
136.136	117
136.143	118
136.15	118
136.156	119
136.163	119
136.17	119
136.177	119
136.183	120
136.19	120
136.197	120
136.204	120
136.21	120
136.217	119
136.224	119
136.231	118
136.237	118
136.244	117
136.251	117
136.258	117
136.264	116
136.271	116
136.278	116
136.285	116
136.291	115
136.298	115
136.305	115
136.312	115
136.318	115
136.325	115
136.332	115
136.339	115
136.345	115
136.352	115
136.359	114
136.365	114
136.372	114
136.379	114
136.386	114
136.392	114
136.399	114
136.406	114
136.413	114
136.419	114
136.426	114
136.433	113
136.44	113
136.446	112
136.453	111
136.46	111
136.467	110
136.473	110
136.48	110
136.487	109
136.494	109
136.5	109
136.507	109
136.514	109
136.521	109
136.527	108
136.537	109
136.543	109
136.55	109
136.557	109
136.563	109
136.57	109
136.577	109
136.584	109
136.59	109
136.597	109
136.604	109
136.611	109
136.617	109
136.624	110
136.631	110
136.638	110
136.644	109
136.651	109
136.658	109
136.665	109
136.671	109
136.678	108
136.685	108
136.692	108
136.698	108
136.705	108
136.712	108
136.719	108
136.725	108
136.732	108
136.739	108
136.746	109
136.752	109
136.759	110
136.766	110
136.773	111
136.779	111
136.786	112
136.793	112
136.8	112
136.806	113
136.813	113
136.82	113
136.827	113
136.833	113
136.84	113
136.847	113
136.854	114
136.86	114
136.867	114
136.874	114
136.881	114
136.887	114
136.894	114
136.901	114
136.908	114
136.914	114
136.921	114
136.928	114
136.934	114
136.941	114
136.948	114
136.955	114
136.961	115
136.968	116
136.975	116
136.982	117
136.988	117
136.995	118
137.002	118
137.009	118
137.015	119
137.022	119
137.029	119
137.036	119
137.042	120
137.049	120
137.056	120
137.063	120
137.069	119
137.076	119
137.083	118
137.09	118
137.096	117
137.103	117
137.11	116
137.117	116
137.123	116
137.13	116
137.137	116
137.144	115
137.15	115
137.157	115
137.164	115
137.171	115
137.177	115
137.184	115
137.191	115
137.198	115
137.204	115
137.211	115
137.218	114
137.225	114
137.231	114
137.238	114
137.245	114
137.252	114
137.258	114
137.265	114
137.272	114
137.279	114
137.285	113
137.292	113
137.299	112
137.306	111
137.312	111
137.319	110
137.326	110
137.332	110
137.339	109
137.346	109
137.353	109
137.359	109
137.366	109
137.373	108
137.38	108
137.389	108
137.396	109
137.402	109
137.409	109
137.416	109
137.423	109
137.429	109
137.436	109
137.443	109
137.45	109
137.456	110
137.463	110
137.47	110
137.477	110
137.483	110
137.49	110
137.497	110
137.504	109
137.51	109
137.517	109
137.524	109
137.53	108
137.537	108
137.544	108
137.551	108
137.557	108
137.564	108
137.571	108
137.578	108
137.584	108
137.591	108
137.598	108
137.605	109
137.611	110
137.618	110
137.625	111
137.632	111
137.638	112
137.645	112
137.652	112
137.659	112
137.665	113
137.672	113
137.679	113
137.686	113
137.692	113
137.699	113
137.706	113
137.713	114
137.719	114
137.726	114
137.733	114
137.74	114
137.746	114
137.753	114
137.76	114
137.767	114
137.773	114
137.78	114
137.787	114
137.794	114
137.8	114
137.807	114
137.814	115
137.821	116
137.827	116
137.834	117
137.841	117
137.848	118
137.854	118
137.861	119
137.868	119
137.875	119
137.881	119
137.888	120
137.895	120
137.901	120
137.908	120
137.915	120
137.922	119
137.928	119
137.935	118
137.942	118
137.949	117
137.955	117
137.962	116
137.969	116
137.976	116
137.982	116
137.989	115
137.996	115
138.003	115
138.009	115
138.016	115
138.023	115
138.03	115
138.036	115
138.043	115
138.05	115
138.057	115
138.063	115
138.07	115
138.077	114
138.084	114
138.09	114
138.097	114
138.104	114
138.111	114
138.117	114
138.124	114
138.131	114
138.138	113
138.144	113
138.151	112
138.158	111
138.165	111
138.171	111
138.178	110
138.185	110
138.192	110
138.198	109
138.205	109
138.212	109
138.219	109
138.225	109
138.232	108
138.241	109
138.248	109
138.255	109
138.261	109
138.268	109
138.275	109
138.282	109
138.288	109
138.295	109
138.302	109
138.309	109
138.315	109
138.322	110
138.329	110
138.336	110
138.342	110
138.349	109
138.356	109
138.363	109
138.369	109
138.376	109
138.383	108
138.39	108
138.396	108
138.403	108
138.41	108
138.417	108
138.423	108
138.43	108
138.437	108
138.444	108
138.45	109
138.457	109
138.464	110
138.471	110
138.477	111
138.484	111
138.491	112
138.497	112
138.504	112
138.511	112
138.518	113
138.524	113
138.531	113
138.538	113
138.545	113
138.551	113
138.558	113
138.565	113
138.572	113
138.578	114
138.585	114
138.592	114
138.599	114
138.605	114
138.612	114
138.619	114
138.626	114
138.632	114
138.639	114
138.646	114
138.653	114
138.659	114
138.666	115
138.673	116
138.68	116
138.686	117
138.693	118
138.7	118
138.707	118
138.713	119
138.72	119
138.727	119
138.734	119
138.74	120
138.747	120
138.754	120
138.761	120
138.767	120
138.774	119
138.781	119
138.788	118
138.794	118
138.801	117
138.808	117
138.815	117
138.821	116
138.828	116
138.835	116
138.842	116
138.848	115
138.855	115
138.862	115
138.868	115
138.875	115
138.882	115
138.889	115
138.895	115
138.902	115
138.909	114
138.916	114
138.922	114
138.929	114
138.936	114
138.943	114
138.949	114
138.956	114
138.963	114
138.97	114
138.976	114
138.983	114
138.99	113
138.997	113
139.003	112
139.01	111
139.017	111
139.024	110
139.03	110
139.037	110
139.044	110
139.051	109
139.057	109
139.064	109
139.071	109
139.078	109
139.084	108
139.093	109
139.1	109
139.107	109
139.114	109
139.12	109
139.127	109
139.134	109
139.141	109
139.147	109
139.154	109
139.161	109
139.168	109
139.174	109
139.181	110
139.188	110
139.195	110
139.201	109
139.208	109
139.215	109
139.222	109
139.228	109
139.235	108
139.242	108
139.249	108
139.255	108
139.262	108
139.269	108
139.276	108
139.282	108
139.289	108
139.296	108
139.303	109
139.309	109
139.316	110
139.323	110
139.33	111
139.336	111
139.343	112
139.35	112
139.357	112
139.363	113
139.37	113
139.377	113
139.384	113
139.39	113
139.397	113
139.404	113
139.411	114
139.417	114
139.424	114
139.431	114
139.438	114
139.444	114
139.451	114
139.458	114
139.464	114
139.471	114
139.478	114
139.485	114
139.491	114
139.498	114
139.505	114
139.512	114
139.518	115
139.525	116
139.532	116
139.539	117
139.545	117
139.552	118
139.559	118
139.566	118
139.572	119
139.579	119
139.586	119
139.593	119
139.599	120
139.606	120
139.613	120
139.62	120
139.626	119
139.633	119
139.64	118
139.647	118
139.653	117
139.66	117
139.667	116
139.674	116
139.68	116
139.687	116
139.694	116
139.701	115
139.707	115
139.714	115
139.721	115
139.728	115
139.734	115
139.741	115
139.748	115
139.755	115
139.761	115
139.768	115
139.775	114
139.782	114
139.788	114
139.795	114
139.802	114
139.809	114
139.815	114
139.822	114
139.829	114
139.835	114
139.842	113
139.849	113
139.856	112
139.862	111
139.869	111
139.876	110
139.883	110
139.889	110
139.896	109
139.903	109
139.91	109
139.916	109
139.923	109
139.93	108
139.937	108
139.946	108
139.953	108
139.959	109
139.966	109
139.973	109
139.98	109
139.986	109
139.993	109
140	109
140.007	109
140.013	110
140.02	110
140.027	110
140.033	110
140.04	110
140.047	110
140.054	109
140.06	109
140.067	109
140.074	109
140.081	109
140.087	108
140.094	108
140.101	108
140.108	108
140.114	108
140.121	108
140.128	108
140.135	108
140.141	108
140.148	108
140.155	108
140.162	109
140.168	110
140.175	110
140.182	111
140.189	111
140.195	112
140.202	112
140.209	112
140.216	112
140.222	113
140.229	113
140.236	113
140.243	113
140.249	113
140.256	114
140.263	114
140.27	114
140.276	114
140.283	114
140.29	114
140.297	114
140.303	114
140.31	114
140.317	114
140.324	114
140.33	114
140.337	114
140.344	114
140.351	114
140.357	114
140.364	114
140.371	115
140.378	116
140.384	116
140.391	117
140.398	117
140.405	118
140.411	118
140.418	119
140.425	119
140.431	119
140.438	119
140.445	119
140.452	120
140.458	120
140.465	120
140.472	120
140.479	119
140.485	119
140.492	118
140.499	118
140.506	117
140.512	117
140.519	116
140.526	116
140.533	116
140.539	116
140.546	116
140.553	115
140.56	115
140.566	115
140.573	115
140.58	115
140.587	115
140.593	115
140.6	115
140.607	115
140.614	115
140.62	115
140.627	115
140.634	114
140.641	114
140.647	114
140.654	114
140.661	114
140.668	114
140.674	114
140.681	114
140.688	114
140.695	113
140.701	113
140.708	112
140.715	111
140.722	111
140.728	111
140.735	110
140.742	110
140.749	110
140.755	109
140.762	109
140.769	109
140.776	109
140.782	109
140.789	108
140.798	109
140.805	109
140.812	109
140.818	109
140.825	109
140.832	109
140.839	109
140.845	109
140.852	109
140.859	109
140.866	109
140.872	109
140.879	110
140.886	110
140.893	110
140.899	110
140.906	109
140.913	109
140.92	109
140.926	109
140.933	109
140.94	108
140.947	108
140.953	108
140.96	108
140.967	108
140.974	108
140.98	108
140.987	108
140.994	108
141	108
141.007	109
141.014	109
141.021	110
141.027	110
141.034	111
141.041	111
141.048	111
141.054	112
141.061	112
141.068	112
141.075	113
141.081	113
141.088	113
141.095	113
141.102	113
141.108	113
141.115	113
141.122	113
141.129	114
141.135	114
141.142	114
141.149	114
141.156	114
141.162	114
141.169	114
141.176	114
141.183	114
141.189	114
141.196	114
141.203	114
141.21	114
141.216	114
141.223	115
141.23	116
141.237	116
141.243	117
141.25	118
141.257	118
141.264	118
141.27	119
141.277	119
141.284	119
141.291	119
141.297	120
141.304	120
141.311	120
141.318	120
141.324	120
141.331	119
141.338	119
141.345	118
141.351	118
141.358	117
141.365	117
141.372	117
141.378	116
141.385	116
141.392	116
141.398	116
141.405	115
141.412	115
141.419	115
141.425	115
141.432	115
141.439	115
141.446	115
141.452	115
141.459	115
141.466	114
141.473	114
141.479	114
141.486	114
141.493	114
141.5	114
141.506	114
141.513	114
141.52	114
141.527	114
141.533	114
141.54	114
141.547	113
141.554	113
141.56	112
141.567	111
141.574	111
141.581	111
141.587	110
141.594	110
141.601	110
141.608	109
141.614	109
141.621	109
141.628	109
141.635	109
141.641	108
141.65	109
141.657	109
141.664	109
141.671	109
141.677	109
141.684	109
141.691	109
141.698	109
141.704	109
141.711	109
141.718	109
141.725	109
141.731	109
141.738	110
141.745	110
141.752	110
141.758	109
141.765	109
141.772	109
141.779	109
141.785	109
141.792	108
141.799	108
141.806	108
141.812	108
141.819	108
141.826	108
141.833	108
141.839	108
141.846	108
141.853	108
141.86	109
141.866	109
141.873	110
141.88	110
141.887	111
141.893	111
141.9	112
141.907	112
141.914	112
141.92	113
141.927	113
141.934	113
141.941	113
141.947	113
141.954	113
141.961	113
141.967	114
141.974	114
141.981	114
141.988	114
141.994	114
142.001	114
142.008	114
142.015	114
142.021	114
142.028	114
142.035	114
142.042	114
142.048	114
142.055	114
142.062	114
142.069	114
142.075	115
142.082	116
142.089	116
142.096	117
142.102	117
142.109	118
142.116	118
142.123	118
142.129	119
142.136	119
142.143	119
142.15	119
142.156	120
142.163	120
142.17	120
142.177	120
142.183	119
142.19	119
142.197	118
142.204	118
142.21	117
142.217	117
142.224	116
142.231	116
142.237	116
142.244	116
142.251	116
142.258	115
142.264	115
142.271	115
142.278	115
142.285	115
142.291	115
142.298	115
142.305	115
142.312	115
142.318	115
142.325	115
142.332	114
142.339	114
142.345	114
142.352	114
142.359	114
142.365	114
142.372	114
142.379	114
142.386	114
142.392	114
142.399	113
142.406	112
142.413	112
142.419	111
142.426	111
142.433	110
142.44	110
142.446	110
142.453	109
142.46	109
142.467	109
142.473	109
142.48	109
142.487	108
142.494	108
142.503	108
142.51	109
142.516	109
142.523	109
142.53	109
142.537	109
142.543	109
142.55	109
142.557	109
142.563	109
142.57	110
142.577	110
142.584	110
142.59	110
142.597	110
142.604	110
142.611	109
142.617	109
142.624	109
142.631	109
142.638	108
142.644	108
142.651	108
142.658	108
142.665	108
142.671	108
142.678	108
142.685	108
142.692	108
142.698	108
142.705	108
142.712	108
142.719	109
142.725	110
142.732	110
142.739	111
142.746	111
142.752	112
142.759	112
142.766	112
142.773	113
142.779	113
142.786	113
142.793	113
142.8	113
142.806	113
142.813	114
142.82	114
142.827	114
142.833	114
142.84	114
142.847	114
142.854	114
142.86	114
142.867	114
142.874	114
142.881	114
142.887	114
142.894	114
142.901	114
142.908	114
142.914	114
142.921	114
142.928	115
142.934	116
142.941	116
142.948	117
142.955	117
142.961	118
142.968	118
142.975	119
142.982	119
142.988	119
142.995	119
143.002	119
143.009	120
143.015	120
143.022	120
143.029	120
143.036	119
143.042	119
143.049	118
143.056	118
143.063	117
143.069	117
143.076	117
143.083	116
143.09	116
143.096	116
143.103	116
143.11	115
143.117	115
143.123	115
143.13	115
143.137	115
143.144	115
143.15	115
143.157	115
143.164	115
143.171	115
143.177	115
143.184	115
143.191	114
143.198	114
143.204	114
143.211	114
143.218	114
143.225	114
143.231	114
143.238	114
143.245	114
143.252	113
143.258	113
143.265	112
143.272	111
143.279	111
143.285	111
143.292	110
143.299	110
143.306	110
143.312	109
143.319	109
143.326	109
143.332	109
143.339	108
143.346	108
143.355	109
143.362	109
143.369	109
143.375	109
143.382	109
143.389	109
143.396	109
143.402	109
143.409	109
143.416	109
143.423	109
143.429	110
143.436	110
143.443	110
143.45	110
143.456	110
143.463	109
143.47	109
143.477	109
143.483	109
143.49	109
143.497	108
143.504	108
143.51	108
143.517	108
143.524	108
143.53	108
143.537	108
143.544	108
143.551	108
143.557	108
143.564	109
143.571	109
143.578	110
143.584	110
143.591	111
143.598	111
143.605	111
143.611	112
143.618	112
143.625	112
143.632	113
143.638	113
143.645	113
143.652	113
143.659	113
143.665	113
143.672	114
143.679	114
143.686	114
143.692	114
143.699	114
143.706	114
143.713	114
143.719	114
143.726	114
143.733	114
143.74	114
143.746	114
143.753	114
143.76	114
143.767	114
143.773	114
143.78	115
143.787	116
143.794	116
143.8	117
143.807	118
143.814	118
143.821	118
143.827	119
143.834	119
143.841	119
143.848	119
143.854	120
143.861	120
143.868	120
143.875	120
143.881	120
143.888	119
143.895	119
143.901	118
143.908	118
143.915	117
143.922	117
143.928	116
143.935	116
143.942	116
143.949	116
143.955	115
143.962	115
143.969	115
143.976	115
143.982	115
143.989	115
143.996	115
144.003	115
144.009	115
144.016	115
144.023	114
144.03	114
144.036	114
144.043	114
144.05	114
144.057	114
144.063	114
144.07	114
144.077	114
144.084	114
144.09	114
144.097	114
144.104	113
144.111	113
144.117	112
144.124	112
144.131	111
144.138	111
144.144	110
144.151	110
144.158	110
144.165	109
144.171	109
144.178	109
144.185	109
144.192	109
144.198	108
144.207	109
144.214	109
144.221	109
144.228	109
144.234	109
144.241	109
144.248	109
144.255	109
144.261	109
144.268	109
144.275	109
144.282	109
144.288	109
144.295	110
144.302	110
144.309	110
144.315	109
144.322	109
144.329	109
144.336	109
144.342	109
144.349	108
144.356	108
144.363	108
144.369	108
144.376	108
144.383	108
144.39	108
144.396	108
144.403	108
144.41	108
144.417	109
144.423	109
144.43	110
144.437	110
144.444	111
144.45	111
144.457	112
144.464	112
144.471	112
144.477	113
144.484	113
144.491	113
144.497	113
144.504	113
144.511	113
144.518	113
144.524	113
144.531	114
144.538	114
144.545	114
144.551	114
144.558	114
144.565	114
144.572	114
144.578	114
144.585	114
144.592	114
144.599	114
144.605	114
144.612	114
144.619	114
144.626	114
144.632	115
144.639	116
144.646	116
144.653	117
144.659	117
144.666	118
144.673	118
144.68	119
144.686	119
144.693	119
144.7	119
144.707	120
144.713	120
144.72	120
144.727	120
144.734	120
144.74	119
144.747	119
144.754	118
144.761	118
144.767	117
144.774	117
144.781	117
144.788	116
144.794	116
144.801	116
144.808	116
144.815	115
144.821	115
144.828	115
144.835	115
144.842	115
144.848	115
144.855	115
144.862	115
144.868	115
144.875	115
144.882	114
144.889	114
144.895	114
144.902	114
144.909	114
144.916	114
144.922	114
144.929	114
144.936	114
144.943	114
144.949	114
144.956	113
144.963	112
144.97	112
144.976	111
144.983	111
144.99	110
144.997	110
145.003	110
145.01	109
145.017	109
145.024	109
145.03	109
145.037	109
145.044	108
145.051	108
145.06	109
145.067	109
145.073	109
145.08	109
145.087	109
145.093	109
145.1	109
145.107	109
145.114	109
145.12	109
145.127	109
145.134	109
145.141	109
145.147	109
145.154	110
145.161	110
145.168	109
145.174	109
145.181	109
145.188	109
145.195	109
145.201	108
145.208	108
145.215	108
145.222	108
145.228	108
145.235	108
145.242	108
145.249	108
145.255	108
145.262	108
145.269	108
145.276	109
145.282	110
145.289	110
145.296	111
145.303	111
145.309	112
145.316	112
145.323	112
145.33	113
145.336	113
145.343	113
145.35	113
145.357	113
145.363	113
145.37	114
145.377	114
145.384	114
145.39	114
145.397	114
145.404	114
145.411	114
145.417	114
145.424	114
145.431	114
145.438	114
145.444	114
145.451	114
145.458	114
145.464	114
145.471	114
145.478	114
145.485	115
145.491	116
145.498	116
145.505	117
145.512	117
145.518	118
145.525	118
145.532	118
145.539	119
145.545	119
145.552	119
145.559	119
145.566	120
145.572	120
145.579	120
145.586	120
145.593	119
145.599	119
145.606	118
145.613	118
145.62	117
145.626	117
145.633	117
145.64	116
145.647	116
145.653	116
145.66	116
145.667	115
145.674	115
145.68	115
145.687	115
145.694	115
145.701	115
145.707	115
145.714	115
145.721	115
145.728	115
145.734	115
145.741	115
145.748	114
145.755	114
145.761	114
145.768	114
145.775	114
145.782	114
145.788	114
145.795	114
145.802	114
145.809	113
145.815	113
145.822	112
145.829	111
145.835	111
145.842	111
145.849	110
145.856	110
145.862	109
145.869	109
145.876	109
145.883	109
145.889	109
145.896	108
145.903	108
145.912	108
145.919	109
145.926	109
145.932	109
145.939	109
145.946	109
145.953	109
145.959	109
145.966	109
145.973	109
145.98	109
145.986	110
145.993	110
146	110
146.007	110
146.013	110
146.02	109
146.027	109
146.034	109
146.04	109
146.047	109
146.054	108
146.06	108
146.067	108
146.074	108
146.081	108
146.087	108
146.094	108
146.101	108
146.108	108
146.114	108
146.121	108
146.128	109
146.135	110
146.141	110
146.148	111
146.155	111
146.162	112
146.168	112
146.175	112
146.182	112
146.189	113
146.195	113
146.202	113
146.209	113
146.216	113
146.222	113
146.229	114
146.236	114
146.243	114
146.249	114
146.256	114
146.263	114
146.27	114
146.276	114
146.283	114
146.29	114
146.297	114
146.303	114
146.31	114
146.317	114
146.324	114
146.33	114
146.337	115
146.344	116
146.351	116
146.357	117
146.364	118
146.371	118
146.378	118
146.384	119
146.391	119
146.398	119
146.405	119
146.411	120
146.418	120
146.425	120
146.431	120
146.438	120
146.445	119
146.452	119
146.458	118
146.465	118
146.472	117
146.479	117
146.485	116
146.492	116
146.499	116
146.506	116
146.512	115
146.519	115
146.526	115
146.533	115
146.539	115
146.546	115
146.553	115
146.56	115
146.566	115
146.573	115
146.58	114
146.587	114
146.593	114
146.6	114
146.607	114
146.614	114
146.62	114
146.627	114
146.634	114
146.641	114
146.647	114
146.654	114
146.661	113
146.668	113
146.674	112
146.681	112
146.688	111
146.695	111
146.701	110
146.708	110
146.715	110
146.722	109
146.728	109
146.735	109
146.742	109
146.749	109
146.755	108
146.764	109
146.771	109
146.778	109
146.785	109
146.791	109
146.798	109
146.805	109
146.812	109
146.818	109
146.825	109
146.832	109
146.839	109
146.845	109
146.852	110
146.859	110
146.866	110
146.872	109
146.879	109
146.886	109
146.893	109
146.899	109
146.906	108
146.913	108
146.92	108
146.926	108
146.933	108
146.94	108
146.947	108
146.953	108
146.96	108
146.967	108
146.974	109
146.98	109
146.987	110
146.994	110
147.001	111
147.007	111
147.014	112
147.021	112
147.027	112
147.034	112
147.041	113
147.048	113
147.054	113
147.061	113
147.068	113
147.075	113
147.081	113
147.088	114
147.095	114
147.102	114
147.108	114
147.115	114
147.122	114
147.129	114
147.135	114
147.142	114
147.149	114
147.156	114
147.162	114
147.169	114
147.176	114
147.183	114
147.189	115
147.196	116
147.203	116
147.21	117
147.216	117
147.223	118
147.23	118
147.237	119
147.243	119
147.25	119
147.257	119
147.264	120
147.27	120
147.277	120
147.284	120
147.291	120
147.297	119
147.304	119
147.311	118
147.318	118
147.324	117
147.331	117
147.338	117
147.345	116
147.351	116
147.358	116
147.365	116
147.372	115
147.378	115
147.385	115
147.392	115
147.398	115
147.405	115
147.412	115
147.419	115
147.425	115
147.432	115
147.439	114
147.446	114
147.452	114
147.459	114
147.466	114
147.473	114
147.479	114
147.486	114
147.493	114
147.5	114
147.506	114
147.513	113
147.52	113
147.527	112
147.533	111
147.54	111
147.547	110
147.554	110
147.56	110
147.567	109
147.574	109
147.581	109
147.587	109
147.594	109
147.601	109
147.608	108
147.614	108
147.621	108
147.628	108
147.635	108
147.641	108
147.648	108
147.655	108
147.662	108
147.668	108
147.675	108
147.682	108
147.689	108
147.695	108
147.702	108
147.709	108
147.716	108
147.722	108
147.729	109
147.736	110
147.743	110
147.749	111
147.756	111
147.763	112
147.769	112
147.776	112
147.783	112
147.79	113
147.796	113
147.803	113
147.81	113
147.817	113
147.823	113
147.83	113
147.837	113
147.844	113
147.85	114
147.857	114
147.864	114
147.871	114
147.877	114
147.884	114
147.891	114
147.898	114
147.904	114
147.911	114
147.918	114
147.925	114
147.931	114
147.938	115
147.945	116
147.952	116
147.958	117
147.965	118
147.972	118
147.979	118
147.985	119
147.992	119
147.999	119
148.006	119
148.012	120
148.019	120
148.026	120
148.033	120
148.039	120
148.046	119
148.053	119
148.06	118
148.066	118
148.073	117
148.08	117
148.087	117
148.093	116
148.1	116
148.107	116
148.114	116
148.12	115
148.127	115
148.134	115
148.141	115
148.147	115
148.154	115
148.161	115
148.167	115
148.174	115
148.181	114
148.188	114
148.194	114
148.201	114
148.208	114
148.215	114
148.221	114
148.228	114
148.235	114
148.242	114
148.248	114
148.255	114
148.262	113
148.269	113
148.275	112
148.282	111
148.289	111
148.296	110
148.302	110
148.309	110
148.316	110
148.323	109
148.329	109
148.336	109
148.343	109
148.35	109
148.356	108
148.365	109
148.372	109
148.379	109
148.386	109
148.392	109
148.399	109
148.406	109
148.413	109
148.419	109
148.426	109
148.433	109
148.44	109
148.446	109
148.453	110
148.46	110
148.467	110
148.473	109
148.48	109
148.487	109
148.494	109
148.5	109
148.507	108
148.514	108
148.521	108
148.527	108
148.534	108
148.541	108
148.548	108
148.554	108
148.561	108
148.568	108
148.575	109
148.581	109
148.588	110
148.595	110
148.602	111
148.608	111
148.615	112
148.622	112
148.629	112
148.635	113
148.642	113
148.649	113
148.656	113
148.662	113
148.669	113
148.676	113
148.683	114
148.689	114
148.696	114
148.703	114
148.71	114
148.716	114
148.723	114
148.73	114
148.736	114
148.743	114
148.75	114
148.757	114
148.763	114
148.77	114
148.777	114
148.784	114
148.79	115
148.797	116
148.804	116
148.811	117
148.817	117
148.824	118
148.831	118
148.838	118
148.844	119
148.851	119
148.858	119
148.865	119
148.871	120
148.878	120
148.885	120
148.892	120
148.898	119
148.905	119
148.912	118
148.919	118
148.925	117
148.932	117
148.939	116
148.946	116
148.952	116
148.959	116
148.966	116
148.973	115
148.979	115
148.986	115
148.993	115
149	115
149.006	115
149.013	115
149.02	115
149.027	115
149.033	115
149.04	115
149.047	114
149.054	114
149.06	114
149.067	114
149.074	114
149.081	114
149.087	114
149.094	114
149.101	114
149.108	114
149.114	113
149.121	113
149.128	112
149.134	111
149.141	111
149.148	110
149.155	110
149.161	110
149.168	109
149.175	109
149.182	109
149.188	109
149.195	109
149.202	108
149.209	108
149.218	108
149.225	108
149.231	109
149.238	109
149.245	109
149.252	109
149.258	109
149.265	109
149.272	109
149.279	109
149.285	110
149.292	110
149.299	110
149.306	110
149.312	110
149.319	110
149.326	110
149.332	109
149.339	109
149.346	109
149.353	109
149.359	108
149.366	108
149.373	108
149.38	108
149.386	108
149.393	108
149.4	108
149.407	108
149.413	108
149.42	108
149.427	108
149.434	109
149.44	110
149.447	110
149.454	111
149.461	111
149.467	112
149.474	112
149.481	112
149.488	112
149.494	113
149.501	113
149.508	113
149.515	113
149.521	113
149.528	113
149.535	113
149.542	114
149.548	114
149.555	114
149.562	114
149.569	114
149.575	114
149.582	114
149.589	114
149.596	114
149.602	114
149.609	114
149.616	114
149.623	114
149.629	114
149.636	114
149.643	115
149.65	116
149.656	116
149.663	117
149.67	117
149.677	118
149.683	118
149.69	119
149.697	119
149.703	119
149.71	119
149.717	120
149.724	120
149.73	120
149.737	120
149.744	120
149.751	119
149.757	119
149.764	118
149.771	118
149.778	117
149.784	117
149.791	116
149.798	116
149.805	116
149.811	116
149.818	115
149.825	115
149.832	115
149.838	115
149.845	115
149.852	115
149.859	115
149.865	115
149.872	115
149.879	115
149.886	115
149.892	115
149.899	115
149.906	114
149.913	114
149.919	114
149.926	114
149.933	114
149.94	114
149.946	114
149.953	114
149.96	114
149.967	113
149.973	113
149.98	112
149.987	111
149.994	111
150	111
150.007	110
150.014	110
150.021	110
150.027	109
150.034	109
150.041	109
150.048	109
150.054	109
150.061	108
150.07	109
150.077	109
150.084	109
150.09	109
150.097	109
150.104	109
150.111	109
150.117	109
150.124	109
150.131	109
150.138	109
150.144	109
150.151	110
150.158	110
150.165	110
150.171	110
150.178	109
150.185	109
150.192	109
150.198	109
150.205	109
150.212	108
150.219	108
150.225	108
150.232	108
150.239	108
150.246	108
150.252	108
150.259	108
150.266	108
150.273	108
150.279	109
150.286	109
150.293	110
150.299	110
150.306	111
150.313	111
150.32	112
150.326	112
150.333	112
150.34	112
150.347	113
150.353	113
150.36	113
150.367	113
150.374	113
150.38	113
150.387	113
150.394	113
150.401	113
150.407	114
150.414	114
150.421	114
150.428	114
150.434	114
150.441	114
150.448	114
150.455	114
150.461	114
150.468	114
150.475	114
150.482	114
150.488	114
150.495	115
150.502	116
150.509	116
150.515	117
150.522	118
150.529	118
150.536	118
150.542	119
150.549	119
150.556	119
150.563	119
150.569	120
150.576	120
150.583	120
150.59	120
150.596	120
150.603	119
150.61	119
150.617	118
150.623	118
150.63	117
150.637	117
150.644	117
150.65	116
150.657	116
150.664	116
150.67	116
150.677	115
150.684	115
150.691	115
150.697	115
150.704	115
150.711	115
150.718	115
150.724	115
150.731	115
150.738	114
150.745	114
150.751	114
150.758	114
150.765	114
150.772	114
150.778	114
150.785	114
150.792	114
150.799	114
150.805	114
150.812	114
150.819	113
150.826	113
150.832	112
150.839	111
150.846	111
150.853	111
150.859	110
150.866	110
150.873	110
150.88	109
150.886	109
150.893	109
150.9	109
150.907	109
150.913	108
150.922	109
150.929	109
150.936	109
150.943	109
150.949	109
150.956	109
150.963	109
150.97	109
150.976	109
150.983	109
150.99	109
150.997	109
151.003	109
151.01	110
151.017	110
151.024	110
151.03	109
151.037	109
151.044	109
151.051	109
151.057	109
151.064	108
151.071	108
151.078	108
151.084	108
151.091	108
151.098	108
151.105	108
151.111	108
151.118	108
151.125	108
151.132	109
151.138	109
151.145	110
151.152	110
151.159	111
151.165	111
151.172	112
151.179	112
151.186	112
151.192	113
151.199	113
151.206	113
151.213	113
151.219	113
151.226	113
151.233	113
151.24	114
151.246	114
151.253	114
151.26	114
151.266	114
151.273	114
151.28	114
151.287	114
151.293	114
151.3	114
151.307	114
151.314	114
151.32	114
151.327	114
151.334	114
151.341	114
151.347	115
151.354	116
151.361	116
151.368	117
151.374	117
151.381	118
151.388	118
151.395	118
151.401	119
151.408	119
151.415	119
151.422	119
151.428	120
151.435	120
151.442	120
151.449	120
151.455	119
151.462	119
151.469	118
151.476	118
151.482	117
151.489	117
151.496	116
151.503	116
151.509	116
151.516	116
151.523	116
151.53	115
151.536	115
151.543	115
151.55	115
151.557	115
151.563	115
151.57	115
151.577	115
151.584	115
151.59	115
151.597	115
151.604	114
151.611	114
151.617	114
151.624	114
151.631	114
151.637	114
151.644	114
151.651	114
151.658	114
151.664	114
151.671	113
151.678	113
151.685	112
151.691	111
151.698	111
151.705	110
151.712	110
151.718	110
151.725	109
151.732	109
151.739	109
151.745	109
151.752	109
151.759	108
151.766	108
151.775	108
151.782	109
151.788	109
151.795	109
151.802	109
151.809	109
151.815	109
151.822	109
151.829	109
151.836	109
151.842	110
151.849	110
151.856	110
151.862	110
151.869	110
151.876	110
151.883	109
151.889	109
151.896	109
151.903	109
151.91	108
151.916	108
151.923	108
151.93	108
151.937	108
151.943	108
151.95	108
151.957	108
151.964	108
151.97	108
151.977	108
151.984	108
151.991	109
151.997	110
152.004	110
152.011	111
152.018	111
152.024	112
152.031	112
152.038	112
152.045	113
152.051	113
152.058	113
152.065	113
152.072	113
152.078	113
152.085	114
152.092	114
152.099	114
152.105	114
152.112	114
152.119	114
152.126	114
152.132	114
152.139	114
152.146	114
152.153	114
152.159	114
152.166	114
152.173	114
152.18	114
152.186	114
152.193	114
152.2	115
152.207	116
152.213	116
152.22	117
152.227	117
152.233	118
152.24	118
152.247	119
152.254	119
152.26	119
152.267	119
152.274	119
152.281	120
152.287	120
152.294	120
152.301	120
152.308	119
152.314	119
152.321	118
152.328	118
152.335	117
152.341	117
152.348	116
152.355	116
152.362	116
152.368	116
152.375	116
152.382	115
152.389	115
152.395	115
152.402	115
152.409	115
152.416	115
152.422	115
152.429	115
152.436	115
152.443	115
152.449	115
152.456	115
152.463	114
152.47	114
152.476	114
152.483	114
152.49	114
152.497	114
152.503	114
152.51	114
152.517	114
152.524	113
152.53	113
152.537	112
152.544	111
152.551	111
152.557	111
152.564	110
152.571	110
152.578	110
152.584	109
152.591	109
152.598	109
152.604	109
152.611	109
152.618	108
152.627	109
152.634	109
152.641	109
152.647	109
152.654	109
152.661	109
152.668	109
152.674	109
152.681	109
152.688	109
152.695	109
152.701	109
152.708	110
152.715	110
152.722	110
152.728	110
152.735	109
152.742	109
152.749	109
152.755	109
152.762	109
152.769	108
152.776	108
152.782	108
152.789	108
152.796	108
152.803	108
152.809	108
152.816	108
152.823	108
152.829	108
152.836	109
152.843	109
152.85	110
152.856	110
152.863	111
152.87	111
152.877	111
152.883	112
152.89	112
152.897	112
152.904	112
152.91	113
152.917	113
152.924	113
152.931	113
152.937	113
152.944	114
152.951	114
152.958	114
152.964	114
152.971	114
152.978	114
152.985	114
152.991	114
152.998	114
153.005	114
153.012	114
153.018	114
153.025	114
153.032	114
153.039	114
153.045	114
153.052	115
153.059	116
153.066	116
153.072	117
153.079	118
153.086	118
153.093	118
153.099	119
153.106	119
153.113	119
153.12	119
153.126	120
153.133	120
153.14	120
153.147	120
153.153	120
153.16	119
153.167	119
153.174	118
153.18	118
153.187	117
153.194	117
153.2	117
153.207	116
153.214	116
153.221	116
153.227	116
153.234	115
153.241	115
153.248	115
153.254	115
153.261	115
153.268	115
153.275	115
153.281	115
153.288	115
153.295	114
153.302	114
153.308	114
153.315	114
153.322	114
153.329	114
153.335	114
153.342	114
153.349	114
153.356	114
153.362	114
153.369	114
153.376	113
153.383	113
153.389	112
153.396	111
153.403	111
153.41	111
153.416	110
153.423	110
153.43	110
153.437	109
153.443	109
153.45	109
153.457	109
153.464	109
153.47	108
153.479	109
153.486	109
153.493	109
153.5	109
153.506	109
153.513	109
153.52	109
153.527	109
153.533	109
153.54	109
153.547	109
153.554	109
153.56	109
153.567	110
153.574	110
153.581	110
153.587	109
153.594	109
153.601	109
153.608	109
153.614	109
153.621	108
153.628	108
153.635	108
153.641	108
153.648	108
153.655	108
153.662	108
153.668	108
153.675	108
153.682	108
153.689	109
153.695	109
153.702	110
153.709	110
153.716	111
153.722	111
153.729	112
153.736	112
153.743	112
153.749	113
153.756	113
153.763	113
153.77	113
153.776	113
153.783	113
153.79	113
153.796	113
153.803	114
153.81	114
153.817	114
153.823	114
153.83	114
153.837	114
153.844	114
153.85	114
153.857	114
153.864	114
153.871	114
153.877	114
153.884	114
153.891	114
153.898	114
153.904	115
153.911	116
153.918	116
153.925	117
153.931	117
153.938	118
153.945	118
153.952	119
153.958	119
153.965	119
153.972	119
153.979	120
153.985	120
153.992	120
153.999	120
154.006	120
154.012	119
154.019	119
154.026	118
154.033	118
154.039	117
154.046	117
154.053	117
154.06	116
154.066	116
154.073	116
154.08	116
154.087	115
154.093	115
154.1	115
154.107	115
154.114	115
154.12	115
154.127	115
154.134	115
154.141	115
154.147	115
154.154	115
154.161	114
154.167	114
154.174	114
154.181	114
154.188	114
154.194	114
154.201	114
154.208	114
154.215	114
154.221	114
154.228	113
154.235	112
154.242	112
154.248	111
154.255	111
154.262	110
154.269	110
154.275	110
154.282	109
154.289	109
154.296	109
154.302	109
154.309	109
154.316	108
154.323	108
154.332	108
154.339	109
154.345	109
154.352	109
154.359	109
154.365	109
154.372	109
154.379	109
154.386	109
154.392	109
154.399	110
154.406	110
154.413	110
154.419	110
154.426	110
154.433	110
154.44	109
154.446	109
154.453	109
154.46	109
154.467	108
154.473	108
154.48	108
154.487	108
154.494	108
154.5	108
154.507	108
154.514	108
154.521	108
154.527	108
154.534	108
154.541	108
154.548	109
154.554	110
154.561	110
154.568	111
154.575	111
154.581	112
154.588	112
154.595	112
154.602	113
154.608	113
154.615	113
154.622	113
154.629	113
154.635	113
154.642	114
154.649	114
154.656	114
154.662	114
154.669	114
154.676	114
154.683	114
154.689	114
154.696	114
154.703	114
154.71	114
154.716	114
154.723	114
154.73	114
154.737	114
154.743	114
154.75	114
154.757	115
154.763	116
154.77	116
154.777	117
154.784	117
154.79	118
154.797	118
154.804	118
154.811	119
154.817	119
154.824	119
154.831	119
154.838	120
154.844	120
154.851	120
154.858	120
154.865	119
154.871	119
154.878	118
154.885	118
154.892	117
154.898	117
154.905	117
154.912	116
154.919	116
154.925	116
154.932	116
154.939	115
154.946	115
154.952	115
154.959	115
154.966	115
154.973	115
154.979	115
154.986	115
154.993	115
155	115
155.006	115
155.013	115
155.02	114
155.027	114
155.033	114
155.04	114
155.047	114
155.054	114
155.06	114
155.067	114
155.074	114
155.081	113
155.087	113
155.094	112
155.101	111
155.108	111
155.114	111
155.121	110
155.128	110
155.134	110
155.141	109
155.148	109
155.155	109
155.161	109
155.168	108
155.175	108
155.184	109
155.191	109
155.198	109
155.204	109
155.211	109
155.218	109
155.225	109
155.231	109
155.238	109
155.245	109
155.252	109
155.258	110
155.265	110
155.272	110
155.279	110
155.285	110
155.292	109
155.299	109
155.306	109
155.312	109
155.319	109
155.326	108
155.332	108
155.339	108
155.346	108
155.353	108
155.359	108
155.366	108
155.373	108
155.38	108
155.386	108
155.393	109
155.4	109
155.407	110
155.413	110
155.42	111
155.427	111
155.434	111
155.44	112
155.447	112
155.454	112
155.461	113
155.467	113
155.474	113
155.481	113
155.488	113
155.494	113
155.501	114
155.508	114
155.515	114
155.521	114
155.528	114
155.535	114
155.542	114
155.548	114
155.555	114
155.562	114
155.569	114
155.575	114
155.582	114
155.589	114
155.596	114
155.602	114
155.609	115
155.616	116
155.623	116
155.629	117
155.636	118
155.643	118
155.65	118
155.656	119
155.663	119
155.67	119
155.677	119
155.683	120
155.69	120
155.697	120
155.704	120
155.71	120
155.717	119
155.724	119
155.73	118
155.737	118
155.744	117
155.751	117
155.757	116
155.764	116
155.771	116
155.778	116
155.784	115
155.791	115
155.798	115
155.805	115
155.811	115
155.818	115
155.825	115
155.832	115
155.838	115
155.845	115
155.852	114
155.859	114
155.865	114
155.872	114
155.879	114
155.886	114
155.892	114
155.899	114
155.906	114
155.913	114
155.919	114
155.926	114
155.933	113
155.94	113
155.946	112
155.953	112
155.96	111
155.967	111
155.973	110
155.98	110
155.987	110
155.994	109
156	109
156.007	109
156.014	109
156.021	109
156.027	108
156.036	109
156.043	109
156.05	109
156.057	109
156.063	109
156.07	109
156.077	109
156.084	109
156.09	109
156.097	109
156.104	109
156.111	109
156.117	109
156.124	110
156.131	110
156.138	110
156.144	109
156.151	109
156.158	109
156.165	109
156.171	109
156.178	108
156.185	108
156.192	108
156.198	108
156.205	108
156.212	108
156.219	108
156.225	108
156.232	108
156.239	108
156.246	109
156.252	109
156.259	110
156.266	110
156.273	111
156.279	111
156.286	112
156.293	112
156.299	112
156.306	113
156.313	113
156.32	113
156.326	113
156.333	113
156.34	113
156.347	113
156.353	113
156.36	114
156.367	114
156.374	114
156.38	114
156.387	114
156.394	114
156.401	114
156.407	114
156.414	114
156.421	114
156.428	114
156.434	114
156.441	114
156.448	114
156.455	114
156.461	115
156.468	116
156.475	116
156.482	117
156.488	117
156.495	118
156.502	118
156.509	119
156.515	119
156.522	119
156.529	119
156.536	120
156.542	120
156.549	120
156.556	120
156.563	120
156.569	119
156.576	119
156.583	118
156.59	118
156.596	117
156.603	117
156.61	117
156.617	116
156.623	116
156.63	116
156.637	116
156.644	115
156.65	115
156.657	115
156.664	115
156.671	115
156.677	115
156.684	115
156.691	115
156.697	115
156.704	115
156.711	114
156.718	114
156.724	114
156.731	114
156.738	114
156.745	114
156.751	114
156.758	114
156.765	114
156.772	114
156.778	114
156.785	113
156.792	113
156.799	112
156.805	111
156.812	111
156.819	110
156.826	110
156.832	110
156.839	109
156.846	109
156.853	109
156.859	109
156.866	109
156.873	109
156.88	108
156.886	108
156.893	108
156.9	108
156.907	108
156.913	108
156.92	108
156.927	108
156.934	108
156.94	108
156.947	108
156.954	108
156.961	108
156.967	108
156.974	108
156.981	108
156.988	108
156.994	108
157.001	109
157.008	110
157.015	110
157.021	111
157.028	111
157.035	112
157.042	112
157.048	112
157.055	113
157.062	113
157.068	113
157.075	113
157.082	113
157.089	113
157.095	113
157.102	114
157.109	114
157.116	114
157.122	114
157.129	114
157.136	114
157.143	114
157.149	114
157.156	114
157.163	114
157.17	114
157.176	114
157.183	114
157.19	114
157.197	114
157.203	114
157.21	115
157.217	116
157.224	116
157.23	117
157.237	117
157.244	118
157.251	118
157.257	119
157.264	119
157.271	119
157.278	119
157.284	120
157.291	120
157.298	120
157.305	120
157.311	120
157.318	119
157.325	119
157.332	118
157.338	118
157.345	117
157.352	117
157.359	117
157.365	116
157.372	116
157.379	116
157.386	116
157.392	115
157.399	115
157.406	115
157.413	115
157.419	115
157.426	115
157.433	115
157.44	115
157.446	115
157.453	115
157.46	114
157.466	114
157.473	114
157.48	114
157.487	114
157.493	114
157.5	114
157.507	114
157.514	114
157.52	114
157.527	114
157.534	113
157.541	113
157.547	112
157.554	111
157.561	111
157.568	110
157.574	110
157.581	110
157.588	109
157.595	109
157.601	109
157.608	109
157.615	109
157.622	109
157.628	108
157.638	109
157.644	109
157.651	109
157.658	109
157.664	109
157.671	109
157.678	109
157.685	109
157.691	109
157.698	109
157.705	109
157.712	109
157.718	109
157.725	110
157.732	110
157.739	110
157.745	109
157.752	109
157.759	109
157.766	109
157.772	109
157.779	108
157.786	108
157.793	108
157.799	108
157.806	108
157.813	108
157.82	108
157.826	108
157.833	108
157.84	108
157.847	109
157.853	109
157.86	110
157.867	110
157.874	111
157.88	111
157.887	112
157.894	112
157.901	112
157.907	113
157.914	113
157.921	113
157.928	113
157.934	113
157.941	113
157.948	113
157.955	114
157.961	114
157.968	114
157.975	114
157.982	114
157.988	114
157.995	114
158.002	114
158.009	114
158.015	114
158.022	114
158.029	114
158.035	114
158.042	114
158.049	114
158.056	114
158.062	115
158.069	116
158.076	116
158.083	117
158.089	117
158.096	118
158.103	118
158.11	118
158.116	119
158.123	119
158.13	119
158.137	119
158.143	120
158.15	120
158.157	120
158.164	120
158.17	119
158.177	119
158.184	118
158.191	118
158.197	117
158.204	117
158.211	116
158.218	116
158.224	116
158.231	116
158.238	116
158.245	115
158.251	115
158.258	115
158.265	115
158.272	115
158.278	115
158.285	115
158.292	115
158.299	115
158.305	115
158.312	115
158.319	114
158.326	114
158.332	114
158.339	114
158.346	114
158.353	114
158.359	114
158.366	114
158.373	114
158.38	114
158.386	113
158.393	113
158.4	112
158.407	111
158.413	111
158.42	110
158.427	110
158.433	110
158.44	109
158.447	109
158.454	109
158.46	109
158.467	109
158.474	108
158.481	108
158.49	108
158.497	109
158.503	109
158.51	109
158.517	109
158.524	109
158.53	109
158.537	109
158.544	109
158.551	109
158.557	110
158.564	110
158.571	110
158.578	110
158.584	110
158.591	110
158.598	110
158.605	109
158.611	109
158.618	109
158.625	109
158.631	108
158.638	108
158.645	108
158.652	108
158.658	108
158.665	108
158.672	108
158.679	108
158.685	108
158.692	108
158.699	108
158.706	109
158.712	110
158.719	110
158.726	111
158.733	111
158.739	112
158.746	112
158.753	112
158.76	112
158.766	113
158.773	113
158.78	113
158.787	113
158.793	113
158.8	113
158.807	113
158.814	114
158.82	114
158.827	114
158.834	114
158.841	114
158.847	114
158.854	114
158.861	114
158.868	114
158.874	114
158.881	114
158.888	114
158.895	114
158.901	114
158.908	114
158.915	115
158.922	116
158.928	116
158.935	117
158.942	117
158.949	118
158.955	118
158.962	119
158.969	119
158.976	119
158.982	119
158.989	120
158.996	120
159.002	120
159.009	120
159.016	120
159.023	119
159.029	119
159.036	118
159.043	118
159.05	117
159.056	117
159.063	116
159.07	116
159.077	116
159.083	116
159.09	115
159.097	115
159.104	115
159.11	115
159.117	115
159.124	115
159.131	115
159.137	115
159.144	115
159.151	115
159.158	115
159.164	115
159.171	115
159.178	114
159.185	114
159.191	114
159.198	114
159.205	114
159.212	114
159.218	114
159.225	114
159.232	114
159.239	113
159.245	113
159.252	112
159.259	111
159.266	111
159.272	111
159.279	110
159.286	110
159.293	110
159.299	109
159.306	109
159.313	109
159.32	109
159.326	109
159.333	108
159.342	109
159.349	109
159.356	109
159.362	109
159.369	109
159.376	109
159.383	109
159.389	109
159.396	109
159.403	109
159.41	109
159.416	109
159.423	110
159.43	110
159.437	110
159.443	110
159.45	109
159.457	109
159.464	109
159.47	109
159.477	109
159.484	108
159.491	108
159.497	108
159.504	108
159.511	108
159.518	108
159.524	108
159.531	108
159.538	108
159.545	108
159.551	109
159.558	109
159.565	110
159.572	110
159.578	111
159.585	111
159.592	112
159.598	112
159.605	112
159.612	112
159.619	113
159.625	113
159.632	113
159.639	113
159.646	113
159.652	113
159.659	113
159.666	113
159.673	113
159.679	114
159.686	114
159.693	114
159.7	114
159.706	114
159.713	114
159.72	114
159.727	114
159.733	114
159.74	114
159.747	114
159.754	114
159.76	114
159.767	115
159.774	116
159.781	116
159.787	117
159.794	118
159.801	118
159.808	118
159.814	119
159.821	119
159.828	119
159.835	119
159.841	120
159.848	120
159.855	120
159.862	120
159.868	120
159.875	119
159.882	119
159.889	118
159.895	118
159.902	117
159.909	117
159.916	117
159.922	116
159.929	116
159.936	116
159.943	116
159.949	115
159.956	115
159.963	115
159.969	115
159.976	115
159.983	115
159.99	115
159.996	115
160.003	115
160.01	114
160.017	114
160.023	114
160.03	114
160.037	114
160.044	114
160.05	114
160.057	114
160.064	114
160.071	114
160.077	114
160.084	114
160.091	113
160.098	113
160.103	112
160.107	111
160.113	110
160.12	109
160.127	108
160.134	107
160.14	107
160.147	106
160.154	106
160.161	106
160.167	105
160.174	105
160.181	105
160.193	105
160.199	106
160.204	106
160.208	106
160.215	106
160.222	106
160.229	106
160.235	107
160.242	107
160.249	107
160.256	107
160.262	107
160.269	107
160.276	107
160.283	107
160.286	107
160.289	107
160.296	107
160.303	106
160.308	106
160.312	105
160.319	105
160.325	105
160.332	105
160.339	104
160.346	104
160.352	104
160.359	104
160.366	104
160.373	104
160.379	104
160.386	104
160.389	104
160.393	105
160.396	105
160.4	106
160.405	106
160.41	106
160.414	106
160.421	106
160.427	107
160.434	107
160.441	107
160.447	107
160.454	107
160.461	107
160.468	107
160.474	107
160.481	108
160.484	107
160.488	107
160.491	107
160.495	107
160.498	106
160.501	106
160.505	106
160.508	106
160.513	105
160.517	105
160.524	105
160.531	104
160.537	104
160.544	104
160.551	104
160.558	104
160.564	104
160.571	104
160.578	104
160.585	103
160.588	104
160.591	104
160.595	105
160.598	106
160.601	106
160.605	107
160.608	107
160.612	107
160.615	108
160.618	108
160.622	108
160.626	108
160.633	108
160.639	108
160.646	108
160.653	108
160.659	108
160.666	108
160.673	108
160.68	108
160.683	108
160.686	108
160.69	107
160.693	107
160.697	107
160.7	107
160.703	106
160.707	106
160.71	106
160.713	106
160.717	106
160.72	106
160.723	105
160.727	105
160.73	105
160.736	105
160.743	105
160.749	104
160.756	104
160.763	104
160.77	104
160.776	104
160.783	104
160.786	104
160.79	105
160.793	105
160.797	106
160.8	106
160.803	107
160.807	107
160.81	108
160.813	108
160.817	108
160.82	108
160.824	108
160.827	108
160.83	109
160.834	109
160.837	109
160.84	109
160.845	109
160.851	109
160.858	109
160.865	109
160.871	109
160.878	109
160.882	108
160.885	108
160.888	108
160.892	107
160.895	107
160.898	107
160.902	106
160.905	106
160.909	106
160.912	106
160.915	106
160.919	106
160.922	106
160.925	105
160.929	105
160.932	105
160.936	105
160.939	105
160.942	105
160.946	105
160.949	105
160.955	105
160.961	104
160.968	104
160.975	104
160.982	104
160.985	104
160.988	105
160.992	105
160.995	106
160.999	106
161.002	107
161.005	107
161.009	107
161.012	108
161.015	108
161.019	108
161.022	109
161.025	109
161.029	109
161.032	109
161.036	109
161.039	109
161.042	109
161.046	109
161.049	109
161.052	109
161.056	109
161.059	109
161.063	109
161.07	109
161.077	109
161.08	109
161.085	108
161.088	107
161.092	107
161.095	106
161.099	106
161.102	105
161.105	105
161.109	105
161.112	105
161.115	104
161.119	104
161.122	104
161.126	104
161.129	104
161.132	104
161.136	104
161.139	104
161.142	104
161.146	103
161.149	103
161.153	103
161.156	103
161.159	103
161.163	103
161.167	103
161.174	103
161.18	103
161.184	103
161.187	104
161.19	104
161.194	104
161.197	104
161.2	104
161.204	104
161.207	104
161.211	104
161.214	104
161.217	104
161.221	104
161.224	105
161.227	105
161.231	105
161.234	105
161.238	105
161.241	105
161.244	105
161.248	105
161.251	105
161.254	105
161.258	105
161.261	105
161.264	105
161.269	105
161.275	105
161.279	105
161.282	106
161.285	105
161.289	105
161.292	105
161.296	105
161.299	105
161.302	105
161.306	105
161.309	105
161.312	105
161.316	105
161.319	105
161.323	105
161.326	105
161.329	105
161.333	105
161.336	105
161.339	105
161.343	105
161.346	105
161.35	105
161.353	105
161.356	105
161.36	105
161.363	105
161.366	105
161.37	105
161.373	105
161.379	104
161.382	105
161.386	105
161.389	106
161.392	106
161.396	107
161.399	107
161.402	107
161.406	108
161.409	108
161.413	108
161.416	108
161.419	109
161.423	109
161.426	109
161.429	109
161.433	109
161.436	109
161.439	109
161.443	109
161.446	109
161.45	109
161.453	109
161.456	109
161.46	109
161.463	109
161.466	109
161.47	109
161.473	110
161.477	110
161.48	110
161.483	110
161.487	109
161.49	109
161.493	109
161.497	109
161.5	109
161.504	108
161.507	108
161.51	108
161.514	108
161.517	108
161.52	108
161.524	108
161.527	108
161.531	108
161.534	108
161.537	108
161.541	108
161.544	108
161.547	108
161.551	108
161.554	108
161.558	108
161.561	108
161.564	108
161.568	108
161.571	108
161.574	108
161.578	108
161.581	108
161.585	108
161.588	108
161.591	108
161.595	108
161.598	109
161.601	109
161.605	109
161.608	109
161.611	110
161.615	110
161.618	110
161.622	110
161.625	110
161.628	110
161.632	110
161.635	110
161.638	110
161.642	110
161.645	111
161.649	111
161.652	111
161.655	111
161.659	111
161.662	111
161.665	111
161.669	111
161.672	111
161.676	111
161.679	111
161.682	111
161.686	111
161.689	111
161.692	111
161.696	110
161.699	110
161.703	110
161.706	109
161.709	109
161.713	109
161.716	109
161.719	109
161.723	108
161.726	108
161.73	108
161.733	108
161.736	108
161.74	108
161.743	108
161.746	108
161.75	108
161.753	108
161.757	108
161.76	108
161.763	108
161.767	108
161.77	108
161.773	108
161.777	108
161.78	108
161.784	108
161.787	108
161.79	108
161.794	108
161.797	108
161.8	108
161.804	108
161.807	108
161.81	108
161.814	108
161.817	108
161.821	108
161.824	107
161.827	107
161.831	107
161.834	107
161.837	107
161.841	107
161.844	107
161.848	107
161.851	107
161.854	107
161.858	107
161.861	107
161.864	107
161.868	107
161.871	107
161.875	107
161.878	107
161.881	107
161.885	107
161.888	107
161.891	107
161.895	107
161.898	107
161.902	107
161.905	107
161.908	107
161.912	106
161.915	106
161.918	106
161.922	106
161.925	105
161.929	105
161.932	105
161.935	105
161.939	105
161.942	105
161.945	105
161.949	105
161.952	105
161.956	105
161.959	104
161.962	104
161.966	104
161.969	104
161.972	104
161.976	104
161.979	104
161.983	104
161.986	104
161.989	104
161.993	104
161.996	104
161.999	104
162.003	104
162.007	104
162.01	104
162.013	104
162.017	104
162.02	104
162.024	104
162.027	104
162.03	104
162.034	104
162.037	105
162.04	105
162.044	105
162.047	105
162.051	105
162.054	105
162.057	105
162.061	105
162.064	105
162.067	105
162.071	105
162.074	105
162.078	105
162.081	105
162.084	105
162.088	105
162.091	105
162.094	105
162.098	105
162.101	105
162.105	105
162.108	105
162.111	105
162.115	105
162.118	105
162.121	105
162.125	104
162.128	104
162.132	104
162.135	104
162.138	104
162.142	104
162.145	104
162.148	104
162.152	104
162.155	104
162.158	104
162.162	104
162.165	104
162.169	104
162.172	104
162.175	104
162.179	104
162.182	104
162.185	104
162.189	104
162.192	104
162.196	104
162.199	104
162.202	104
162.206	104
162.209	104
162.212	104
162.216	105
162.219	105
162.223	105
162.226	106
162.229	106
162.233	106
162.236	106
162.239	106
162.243	107
162.246	107
162.25	107
162.253	107
162.256	107
162.26	107
162.263	107
162.266	107
162.27	107
162.273	107
162.277	107
162.28	107
162.283	107
162.287	107
162.29	107
162.293	107
162.297	107
162.3	107
162.304	107
162.307	107
162.31	107
162.314	107
162.317	107
162.32	107
162.324	107
162.327	107
162.331	107
162.334	107
162.337	107
162.341	107
162.344	107
162.347	107
162.351	107
162.354	107
162.357	107
162.361	107
162.364	107
162.368	107
162.371	107
162.374	107
162.378	107
162.381	107
162.384	107
162.388	107
162.391	107
162.395	107
162.398	107
162.401	107
162.405	107
162.408	107
162.411	107
162.415	107
162.418	107
162.422	108
162.425	108
162.428	108
162.432	109
162.435	109
162.438	109
162.442	109
162.445	110
162.449	110
162.452	110
162.455	110
162.459	110
162.462	110
162.465	110
162.469	110
162.472	110
162.476	110
162.479	110
162.482	111
162.486	111
162.489	111
162.492	111
162.496	111
162.499	111
162.503	111
162.506	111
162.509	111
162.513	111
162.516	111
162.519	111
162.523	111
162.526	110
162.53	110
162.533	110
162.536	109
162.54	109
162.543	109
162.546	109
162.55	109
162.553	108
162.556	108
162.56	108
162.563	108
162.567	108
162.57	108
162.573	108
162.577	108
162.58	108
162.583	108
162.587	108
162.59	108
162.594	108
162.597	107
162.6	107
162.604	107
162.607	107
162.61	107
162.614	107
162.617	107
162.621	107
162.624	107
162.627	107
162.631	107
162.634	107
162.637	107
162.641	107
162.644	107
162.648	107
162.651	107
162.654	107
162.658	107
162.661	107
162.664	107
162.668	107
162.671	107
162.675	107
162.678	107
162.681	107
162.685	107
162.688	107
162.691	107
162.695	107
162.698	107
162.702	107
162.705	107
162.708	107
162.712	107
162.715	107
162.718	107
162.722	107
162.725	107
162.729	107
162.732	107
162.735	107
162.739	107
162.742	106
162.745	106
162.749	106
162.752	106
162.755	105
162.759	105
162.762	105
162.766	105
162.769	105
162.772	105
162.776	105
162.779	105
162.782	105
162.786	104
162.789	104
162.793	104
162.796	104
162.799	104
162.803	104
162.806	104
162.809	104
162.813	104
162.816	104
162.82	104
162.823	104
162.826	104
162.83	104
162.833	104
162.837	104
162.84	104
162.844	104
162.847	104
162.851	104
162.854	104
162.857	104
162.861	104
162.864	105
162.867	105
162.871	105
162.874	105
162.878	105
162.881	105
162.884	105
162.888	105
162.891	105
162.894	105
162.898	105
162.901	105
162.904	105
162.908	105
162.911	105
162.915	105
162.918	105
162.921	105
162.925	105
162.928	105
162.931	105
162.935	105
162.938	105
162.942	105
162.945	104
162.948	104
162.952	104
162.955	104
162.958	104
162.962	104
162.965	104
162.969	104
162.972	104
162.975	104
162.979	104
162.982	104
162.985	104
162.989	104
162.992	104
162.996	104
162.999	104
163.002	104
163.006	104
163.009	104
163.012	104
163.016	104
163.019	104
163.023	104
163.026	104
163.029	104
163.033	104
163.036	104
163.039	104
163.043	105
163.046	105
163.05	105
163.053	106
163.056	106
163.06	106
163.063	106
163.066	106
163.07	106
163.073	107
163.077	107
163.08	107
163.083	107
163.087	107
163.09	107
163.093	107
163.097	107
163.1	107
163.103	107
163.107	107
163.11	107
163.114	107
163.117	107
163.12	107
163.124	107
163.127	107
163.13	107
163.134	107
163.137	107
163.141	107
163.144	107
163.147	107
163.151	107
163.154	107
163.157	107
163.161	107
163.164	107
163.168	107
163.171	107
163.174	107
163.178	107
163.181	107
163.184	107
163.188	107
163.191	107
163.195	107
163.198	107
163.201	107
163.205	107
163.208	107
163.211	107
163.215	107
163.218	107
163.222	107
163.225	107
163.228	107
163.232	107
163.235	107
163.238	107
163.242	107
163.245	107
163.249	107
163.252	108
163.255	108
163.259	109
163.262	109
163.265	109
163.269	109
163.272	110
163.276	110
163.279	110
163.282	110
163.286	110
163.289	110
163.292	110
163.296	110
163.299	110
163.302	110
163.306	110
163.309	111
163.313	111
163.316	111
163.319	111
163.323	111
163.326	111
163.329	111
163.333	111
163.336	111
163.34	111
163.343	111
163.346	111
163.35	111
163.353	111
163.356	110
163.36	110
163.363	110
163.367	109
163.37	109
163.373	109
163.377	109
163.38	109
163.383	108
163.387	108
163.39	108
163.394	108
163.397	108
163.4	108
163.404	108
163.407	108
163.41	108
163.414	108
163.417	108
163.421	108
163.424	108
163.427	108
163.431	108
163.434	108
163.437	108
163.441	108
163.444	108
163.448	108
163.451	108
163.454	108
163.458	108
163.461	108
163.464	108
163.468	108
163.471	108
163.474	108
163.478	108
163.481	108
163.485	108
163.488	107
163.491	107
163.495	107
163.498	107
163.501	107
163.505	107
163.508	107
163.512	107
163.515	107
163.518	107
163.522	107
163.525	107
163.528	107
163.532	107
163.535	107
163.539	107
163.542	107
163.545	107
163.549	107
163.552	107
163.555	107
163.559	107
163.562	107
163.566	107
163.569	107
163.572	106
163.576	106
163.579	106
163.582	106
163.586	105
163.589	105
163.593	105
163.596	105
163.599	105
163.603	105
163.606	105
163.609	105
163.613	105
163.616	105
163.62	105
163.623	104
163.626	104
163.63	104
163.633	104
163.636	104
163.64	104
163.643	104
163.647	104
163.65	104
163.653	104
163.657	104
163.66	104
163.663	104
163.667	104
163.671	104
163.674	104
163.677	104
163.681	104
163.684	104
163.688	104
163.691	104
163.694	104
163.698	104
163.701	105
163.704	105
163.708	105
163.711	105
163.715	105
163.718	105
163.721	105
163.725	105
163.728	105
163.731	105
163.735	105
163.738	105
163.742	105
163.745	105
163.748	105
163.752	105
163.755	105
163.758	105
163.762	105
163.765	105
163.769	105
163.772	104
163.775	104
163.779	104
163.782	104
163.785	104
163.789	104
163.792	104
163.796	104
163.799	104
163.802	104
163.806	104
163.809	104
163.812	104
163.816	104
163.819	104
163.823	104
163.826	104
163.829	104
163.833	104
163.836	104
163.839	104
163.843	104
163.846	104
163.849	104
163.853	104
163.856	104
163.86	104
163.863	104
163.866	104
163.87	104
163.873	104
163.876	105
163.88	105
163.883	105
163.887	106
163.89	106
163.893	106
163.897	106
163.9	106
163.903	106
163.907	107
163.91	107
163.914	107
163.917	107
163.92	107
163.924	107
163.927	107
163.93	107
163.934	107
163.937	107
163.941	107
163.944	107
163.947	107
163.951	107
163.954	107
163.957	107
163.961	107
163.964	107
163.968	107
163.971	107
163.974	107
163.978	107
163.981	107
163.984	107
163.988	107
163.991	107
163.995	107
163.998	107
164.001	107
164.005	107
164.008	107
164.011	107
164.015	107
164.018	107
164.021	107
164.025	107
164.028	107
164.032	107
164.035	107
164.038	107
164.042	107
164.045	107
164.048	107
164.052	107
164.055	107
164.059	107
164.062	107
164.065	107
164.069	107
164.072	107
164.075	107
164.079	107
164.082	108
164.086	108
164.089	109
164.092	109
164.096	109
164.099	109
164.102	109
164.106	110
164.109	110
164.113	110
164.116	110
164.119	110
164.123	110
164.126	110
164.129	110
164.133	110
164.136	110
164.14	110
164.143	110
164.146	111
164.15	111
164.153	111
164.156	111
164.16	111
164.163	111
164.167	111
164.17	111
164.173	111
164.177	111
164.18	111
164.183	111
164.187	110
164.19	110
164.194	110
164.197	109
164.2	109
164.204	109
164.207	109
164.21	109
164.214	108
164.217	108
164.22	108
164.224	108
164.227	108
164.231	108
164.234	108
164.237	108
164.241	108
164.244	108
164.247	108
164.251	108
164.254	108
164.258	108
164.261	107
164.264	107
164.268	107
164.271	107
164.274	107
164.278	107
164.281	107
164.285	107
164.288	107
164.291	107
164.295	107
164.298	107
164.301	107
164.305	107
164.308	107
164.312	107
164.315	107
164.318	107
164.322	107
164.325	107
164.328	107
164.332	107
164.335	107
164.339	107
164.342	107
164.345	107
164.349	107
164.352	107
164.355	107
164.359	107
164.362	107
164.366	107
164.369	107
164.372	107
164.376	107
164.379	107
164.382	107
164.386	107
164.389	107
164.393	107
164.396	107
164.399	107
164.403	106
164.406	106
164.409	106
164.413	105
164.416	105
164.419	105
164.423	105
164.426	105
164.43	105
164.433	105
164.436	105
164.44	104
164.443	104
164.446	104
164.45	104
164.453	104
164.457	104
164.46	104
164.463	104
164.467	104
164.47	104
164.473	104
164.477	104
164.48	104
164.484	104
164.487	104
164.49	104
164.494	104
164.498	104
164.501	104
164.504	104
164.508	104
164.511	104
164.515	104
164.518	104
164.521	104
164.525	104
164.528	105
164.531	105
164.535	105
164.538	105
164.542	105
164.545	105
164.548	105
164.552	105
164.555	105
164.558	105
164.562	105
164.565	105
164.568	105
164.572	105
164.575	105
164.579	105
164.582	105
164.585	105
164.589	105
164.592	105
164.595	105
164.599	105
164.602	105
164.606	105
164.609	104
164.612	104
164.616	104
164.619	104
164.622	104
164.626	104
164.629	104
164.633	104
164.636	104
164.639	104
164.643	104
164.646	104
164.649	104
164.653	104
164.656	104
164.66	104
164.663	104
164.666	104
164.67	104
164.673	104
164.676	104
164.68	104
164.683	104
164.687	104
164.69	104
164.693	104
164.697	104
164.7	104
164.703	105
164.707	105
164.71	105
164.714	106
164.717	106
164.72	106
164.724	106
164.727	106
164.73	106
164.734	107
164.737	107
164.741	107
164.744	107
164.747	107
164.751	107
164.754	107
164.757	107
164.761	107
164.764	107
164.767	107
164.771	107
164.774	107
164.778	107
164.781	107
164.784	107
164.788	107
164.791	107
164.794	107
164.798	107
164.801	107
164.805	107
164.808	107
164.811	107
164.815	107
164.818	107
164.821	107
164.825	107
164.828	107
164.832	107
164.835	107
164.838	107
164.842	107
164.845	107
164.848	107
164.852	107
164.855	107
164.859	107
164.862	107
164.865	107
164.869	107
164.872	107
164.875	107
164.879	107
164.882	107
164.886	107
164.889	107
164.892	107
164.896	107
164.899	107
164.902	107
164.906	107
164.909	107
164.913	108
164.916	108
164.919	109
164.923	109
164.926	109
164.929	109
164.933	109
164.936	110
164.94	110
164.943	110
164.946	110
164.95	110
164.953	110
164.956	110
164.96	110
164.963	110
164.966	110
164.97	110
164.973	111
164.977	111
164.98	111
164.983	111
164.987	111
164.99	111
164.993	111
164.997	111
165	111
165.004	111
165.007	111
165.01	111
165.014	111
165.017	110
165.02	110
165.024	110
165.027	109
165.031	109
165.034	109
165.037	109
165.041	108
165.044	108
165.047	108
165.051	108
165.054	108
165.058	108
165.061	108
165.064	108
165.068	108
165.071	108
165.074	108
165.078	108
165.081	108
165.085	108
165.088	108
165.091	108
165.095	108
165.098	108
165.101	108
165.105	108
165.108	108
165.112	108
165.115	108
165.118	108
165.122	108
165.125	108
165.128	108
165.132	108
165.135	108
165.139	108
165.142	108
165.145	108
165.149	108
165.152	107
165.155	107
165.159	107
165.162	107
165.165	107
165.169	107
165.172	107
165.176	107
165.179	107
165.182	107
165.186	107
165.189	107
165.192	107
165.196	107
165.199	107
165.203	107
165.206	107
165.209	107
165.213	107
165.216	107
165.219	107
165.223	107
165.226	107
165.23	107
165.233	106
165.236	106
165.24	106
165.243	106
165.246	105
165.25	105
165.253	105
165.257	105
165.26	105
165.263	105
165.267	105
165.27	105
165.273	105
165.277	104
165.28	104
165.284	104
165.287	104
165.29	104
165.294	104
165.297	104
165.3	104
165.304	104
165.307	104
165.311	104
165.314	104
165.317	104
165.321	104
165.324	104
165.328	104
165.331	104
165.335	104
165.338	104
165.341	104
165.345	104
165.348	104
165.352	104
165.355	104
165.358	104
165.362	104
165.365	105
165.368	105
165.372	105
165.375	105
165.379	105
165.382	105
165.385	105
165.389	105
165.392	105
165.395	105
165.399	105
165.402	105
165.406	105
165.409	105
165.412	105
165.416	105
165.419	105
165.422	105
165.426	105
165.429	105
165.433	105
165.436	104
165.439	104
165.443	104
165.446	104
165.449	104
165.453	104
165.456	104
165.46	104
165.463	104
165.466	104
165.47	104
165.473	104
165.476	104
165.48	104
165.483	104
165.487	104
165.49	104
165.493	104
165.497	104
165.5	104
165.503	104
165.507	104
165.51	104
165.513	104
165.517	104
165.52	104
165.524	104
165.527	104
165.53	104
165.534	104
165.537	105
165.54	105
165.544	105
165.547	106
165.551	106
165.554	106
165.557	106
165.561	106
165.564	107
165.567	107
165.571	107
165.574	107
165.578	107
165.581	107
165.584	107
165.588	107
165.591	107
165.594	107
165.598	107
165.601	107
165.605	107
165.608	107
165.611	107
165.615	107
165.618	107
165.621	107
165.625	107
165.628	107
165.632	107
165.635	107
165.638	107
165.642	107
165.645	107
165.648	107
165.652	107
165.655	107
165.659	107
165.662	107
165.665	107
165.669	107
165.672	107
165.675	107
165.679	107
165.682	107
165.686	107
165.689	107
165.692	107
165.696	107
165.699	107
165.702	107
165.706	107
165.709	107
165.712	107
165.716	107
165.719	107
165.723	107
165.726	107
165.729	107
165.733	107
165.736	107
165.739	107
165.743	108
165.746	108
165.75	109
165.753	109
165.756	109
165.76	109
165.763	109
165.766	110
165.77	110
165.773	110
165.777	110
165.78	110
165.783	110
165.787	110
165.79	110
165.793	110
165.797	110
165.8	111
165.804	111
165.807	111
165.81	111
165.814	111
165.817	111
165.82	111
165.824	111
165.827	111
165.831	111
165.834	111
165.837	111
165.841	111
165.844	111
165.847	110
165.851	110
165.854	110
165.858	109
165.861	109
165.864	109
165.868	109
165.871	109
165.874	109
165.878	108
165.881	108
165.884	108
165.888	108
165.891	108
165.895	108
165.898	108
165.901	108
165.905	108
165.908	108
165.911	108
165.915	108
165.918	108
165.922	108
165.925	107
165.928	107
165.932	107
165.935	107
165.938	107
165.942	107
165.945	107
165.949	107
165.952	107
165.955	107
165.959	107
165.962	107
165.965	107
165.969	107
165.972	107
165.976	107
165.979	107
165.982	107
165.986	107
165.989	107
165.992	107
165.996	107
165.999	107
166.003	107
166.006	107
166.009	107
166.013	107
166.016	107
166.019	107
166.023	107
166.026	107
166.03	107
166.033	107
166.036	107
166.04	107
166.043	107
166.046	107
166.05	107
166.053	107
166.057	107
166.06	107
166.063	106
166.067	106
166.07	106
166.073	106
166.077	105
166.08	105
166.083	105
166.087	105
166.09	105
166.094	105
166.097	105
166.1	105
166.104	104
166.107	104
166.11	104
166.114	104
166.117	104
166.121	104
166.124	104
166.127	104
166.131	104
166.134	104
166.137	104
166.141	104
166.144	104
166.148	104
166.151	104
166.154	104
166.158	104
166.162	104
166.165	104
166.168	104
166.172	104
166.175	104
166.179	104
166.182	104
166.185	104
166.189	104
166.192	105
166.195	105
166.199	105
166.202	105
166.206	105
166.209	105
166.212	105
166.216	105
166.219	105
166.222	105
166.226	105
166.229	105
166.233	105
166.236	105
166.239	105
166.243	105
166.246	105
166.249	105
166.253	105
166.256	105
166.259	105
166.263	105
166.266	105
166.27	104
166.273	104
166.276	104
166.28	104
166.283	104
166.286	104
166.29	104
166.293	104
166.297	104
166.3	104
166.303	104
166.307	104
166.31	104
166.313	104
166.317	104
166.32	104
166.324	104
166.327	104
166.33	104
166.334	104
166.337	104
166.34	104
166.344	104
166.347	104
166.351	104
166.354	104
166.357	104
166.361	104
166.364	104
166.367	105
166.371	105
166.374	105
166.378	106
166.381	106
166.384	106
166.388	106
166.391	106
166.394	107
166.398	107
166.401	107
166.405	107
166.408	107
166.411	107
166.415	107
166.418	107
166.421	107
166.425	107
166.428	107
166.431	107
166.435	107
166.438	107
166.442	107
166.445	107
166.448	107
166.452	107
166.455	107
166.458	107
166.462	107
166.465	107
166.469	107
166.472	107
166.475	107
166.479	107
166.482	107
166.485	107
166.489	107
166.492	107
166.496	107
166.499	107
166.502	107
166.506	107
166.509	107
166.512	107
166.516	107
166.519	107
166.523	107
166.526	107
166.529	107
166.533	107
166.536	107
166.539	107
166.543	107
166.546	107
166.55	107
166.553	107
166.556	107
166.56	107
166.563	107
166.566	107
166.57	107
166.573	108
166.577	108
166.58	109
166.583	109
166.587	109
166.59	109
166.593	110
166.597	110
166.6	110
166.604	110
166.607	110
166.61	110
166.614	110
166.617	110
166.62	110
166.624	110
166.627	111
166.63	111
166.634	111
166.637	111
166.641	111
166.644	111
166.647	111
166.651	111
166.654	111
166.657	111
166.661	111
166.664	111
166.668	111
166.671	111
166.674	111
166.678	110
166.681	110
166.684	110
166.688	109
166.691	109
166.695	109
166.698	109
166.701	108
166.705	108
166.708	108
166.711	108
166.715	108
166.718	108
166.722	108
166.725	108
166.728	108
166.732	108
166.735	108
166.738	108
166.742	108
166.745	108
166.749	108
166.752	108
166.755	108
166.759	108
166.762	108
166.765	108
166.769	108
166.772	108
166.776	108
166.779	108
166.782	108
166.786	108
166.789	108
166.792	108
166.796	108
166.799	108
166.803	108
166.806	108
166.809	108
166.813	108
166.816	107
166.819	107
166.823	107
166.826	107
166.829	107
166.833	107
166.836	107
166.84	107
166.843	107
166.846	107
166.85	107
166.853	107
166.856	107
166.86	107
166.863	107
166.867	107
166.87	107
166.873	107
166.877	107
166.88	107
166.883	107
166.887	107
166.89	107
166.894	106
166.897	106
166.9	106
166.904	105
166.907	105
166.91	105
166.914	105
166.917	105
166.921	105
166.924	105
166.927	105
166.931	105
166.934	105
166.937	105
166.941	104
166.944	104
166.948	104
166.951	104
166.954	104
166.958	104
166.961	104
166.964	104
166.968	104
166.971	104
166.975	104
166.978	104
166.981	104
166.985	104
166.989	104
166.992	104
166.995	104
166.999	104
167.002	104
167.005	104
167.009	104
167.012	104
167.016	104
167.019	104
167.022	104
167.026	104
167.029	105
167.032	105
167.036	105
167.039	105
167.043	105
167.046	105
167.049	105
167.053	105
167.056	105
167.059	105
167.063	105
167.066	105
167.07	105
167.073	105
167.076	105
167.08	105
167.083	105
167.086	105
167.09	105
167.093	105
167.097	105
167.1	104
167.103	104
167.107	104
167.11	104
167.113	104
167.117	104
167.12	104
167.124	104
167.127	104
167.13	104
167.134	104
167.137	104
167.14	104
167.144	104
167.147	104
167.151	104
167.154	104
167.157	104
167.161	104
167.164	104
167.167	104
167.171	104
167.174	104
167.177	104
167.181	104
167.184	104
167.188	104
167.191	104
167.194	104
167.198	105
167.201	105
167.204	105
167.208	106
167.211	106
167.215	106
167.218	106
167.221	106
167.225	106
167.228	107
167.231	107
167.235	107
167.238	107
167.242	107
167.245	107
167.248	107
167.252	107
167.255	107
167.258	107
167.262	107
167.265	107
167.269	107
167.272	107
167.275	107
167.279	107
167.282	107
167.285	107
167.289	107
167.292	107
167.296	107
167.299	107
167.302	107
167.306	107
167.309	107
167.312	107
167.316	107
167.319	107
167.323	107
167.326	107
167.329	107
167.333	107
167.336	107
167.339	107
167.343	107
167.346	107
167.35	107
167.353	107
167.356	107
167.36	107
167.363	107
167.366	107
167.37	107
167.373	107
167.376	107
167.38	107
167.383	107
167.387	107
167.39	107
167.393	107
167.397	107
167.4	107
167.403	108
167.407	108
167.41	109
167.414	109
167.417	109
167.42	109
167.424	109
167.427	110
167.43	110
167.434	110
167.437	110
167.441	110
167.444	110
167.447	110
167.451	110
167.454	110
167.457	110
167.461	110
167.464	111
167.468	111
167.471	111
167.474	111
167.478	111
167.481	111
167.484	111
167.488	111
167.491	111
167.495	111
167.498	111
167.501	111
167.505	111
167.508	110
167.511	110
167.515	110
167.518	109
167.522	109
167.525	109
167.528	109
167.532	109
167.535	108
167.538	108
167.542	108
167.545	108
167.549	108
167.552	108
167.555	108
167.559	108
167.562	108
167.565	108
167.569	108
167.572	108
167.575	108
167.579	108
167.582	108
167.586	108
167.589	107
167.592	107
167.596	107
167.599	107
167.602	107
167.606	107
167.609	107
167.613	107
167.616	107
167.619	107
167.623	107
167.626	107
167.629	107
167.633	107
167.636	107
167.64	107
167.643	107
167.646	107
167.65	107
167.653	107
167.656	107
167.66	107
167.663	107
167.667	107
167.67	107
167.673	107
167.677	107
167.68	107
167.683	107
167.687	107
167.69	107
167.694	107
167.697	107
167.7	107
167.704	107
167.707	107
167.71	107
167.714	107
167.717	107
167.721	107
167.724	106
167.727	106
167.731	106
167.734	106
167.737	106
167.741	105
167.744	105
167.747	105
167.751	105
167.754	105
167.758	105
167.761	105
167.764	105
167.768	104
167.771	104
167.774	104
167.778	104
167.781	104
167.785	104
167.788	104
167.791	104
167.795	104
167.798	104
167.801	104
167.805	104
167.808	104
167.812	104
167.815	104
167.819	104
167.822	104
167.826	104
167.829	104
167.832	104
167.836	104
167.839	104
167.843	104
167.846	104
167.849	104
167.853	104
167.856	105
167.859	105
167.863	105
167.866	105
167.87	105
167.873	105
167.876	105
167.88	105
167.883	105
167.886	105
167.89	105
167.893	105
167.897	105
167.9	105
167.903	105
167.907	105
167.91	105
167.913	105
167.917	105
167.92	105
167.923	105
167.927	105
167.93	105
167.934	104
167.937	104
167.94	104
167.944	104
167.947	104
167.95	104
167.954	104
167.957	104
167.961	104
167.964	104
167.967	104
167.971	104
167.974	104
167.977	104
167.981	104
167.984	104
167.988	104
167.991	104
167.994	104
167.998	104
168.001	104
168.004	104
168.008	104
168.011	104
168.015	104
168.018	104
168.021	104
168.025	105
168.028	105
168.031	105
168.035	106
168.038	106
168.042	106
168.045	106
168.048	106
168.052	106
168.055	107
168.058	107
168.062	107
168.065	107
168.069	107
168.072	107
168.075	107
168.079	107
168.082	107
168.085	107
168.089	107
168.092	107
168.096	107
168.099	107
168.102	107
168.106	107
168.109	107
168.112	107
168.116	107
168.119	107
168.122	107
168.126	107
168.129	107
168.133	107
168.136	107
168.139	107
168.143	107
168.146	107
168.149	107
168.153	107
168.156	107
168.16	107
168.163	107
168.166	107
168.17	107
168.173	107
168.176	107
168.18	107
168.183	107
168.187	107
168.19	107
168.193	107
168.197	107
168.2	107
168.203	107
168.207	107
168.21	107
168.214	107
168.217	107
168.22	107
168.224	107
168.227	107
168.23	107
168.234	108
168.237	108
168.241	109
168.244	109
168.247	109
168.251	109
168.254	110
168.257	110
168.261	110
168.264	110
168.268	110
168.271	110
168.274	110
168.278	110
168.281	110
168.284	110
168.288	110
168.291	111
168.294	111
168.298	111
168.301	111
168.305	111
168.308	111
168.311	111
168.315	111
168.318	111
168.321	111
168.325	111
168.328	111
168.332	111
168.335	111
168.338	110
168.342	110
168.345	110
168.348	109
168.352	109
168.355	109
168.359	109
168.362	108
168.365	108
168.369	108
168.372	108
168.375	108
168.379	108
168.382	108
168.386	108
168.389	108
168.392	108
168.396	108
168.399	108
168.402	108
168.406	108
168.409	108
168.413	108
168.416	108
168.419	108
168.423	108
168.426	108
168.429	108
168.433	108
168.436	108
168.44	108
168.443	108
168.446	108
168.45	108
168.453	108
168.456	108
168.46	108
168.463	108
168.467	108
168.47	108
168.473	108
168.477	108
168.48	107
168.483	107
168.487	107
168.49	107
168.493	107
168.497	107
168.5	107
168.504	107
168.507	107
168.51	107
168.514	107
168.517	107
168.52	107
168.524	107
168.527	107
168.531	107
168.534	107
168.537	107
168.541	107
168.544	107
168.547	107
168.551	107
168.554	106
168.558	106
168.561	106
168.564	106
168.568	105
168.571	105
168.574	105
168.578	105
168.581	105
168.585	105
168.588	105
168.591	105
168.595	104
168.598	104
168.601	104
168.605	104
168.608	104
168.612	104
168.615	104
168.618	104
168.622	104
168.625	104
168.628	104
168.632	104
168.635	104
168.639	104
168.642	104
168.645	104
168.649	104
168.653	104
168.656	104
168.659	104
168.663	104
168.666	104
168.669	104
168.673	104
168.676	104
168.68	104
168.683	104
168.686	104
168.69	104
168.693	105
168.696	105
168.7	105
168.703	105
168.707	105
168.71	105
168.713	105
168.717	105
168.72	105
168.723	105
168.727	105
168.73	105
168.734	105
168.737	105
168.74	105
168.744	105
168.747	105
168.75	105
168.754	105
168.757	105
168.761	105
168.764	104
168.767	104
168.771	104
168.774	104
168.777	104
168.781	104
168.784	104
168.788	104
168.791	104
168.794	104
168.798	104
168.801	104
168.804	104
168.808	104
168.811	104
168.815	104
168.818	104
168.821	104
168.825	104
168.828	104
168.831	104
168.835	104
168.838	104
168.841	104
168.845	104
168.848	104
168.852	104
168.855	104
168.858	105
168.862	105
168.865	105
168.868	106
168.872	106
168.875	106
168.879	106
168.882	106
168.885	106
168.889	107
168.892	107
168.895	107
168.899	107
168.902	107
168.906	107
168.909	107
168.912	107
168.916	107
168.919	107
168.922	107
168.926	107
168.929	107
168.933	107
168.936	107
168.939	107
168.943	107
168.946	107
168.949	107
168.953	107
168.956	107
168.96	107
168.963	107
168.966	107
168.97	107
168.973	107
168.976	107
168.98	107
168.983	107
168.987	107
168.99	107
168.993	107
168.997	107
169	107
169.003	107
169.007	107
169.01	107
169.014	107
169.017	107
169.02	107
169.024	107
169.027	107
169.03	107
169.034	107
169.037	107
169.04	107
169.044	107
169.047	107
169.051	107
169.054	107
169.057	107
169.061	107
169.064	108
169.067	108
169.071	108
169.074	109
169.078	109
169.081	109
169.084	109
169.088	110
169.091	110
169.094	110
169.098	110
169.101	110
169.105	110
169.108	110
169.111	110
169.115	110
169.118	110
169.121	110
169.125	110
169.128	111
169.132	111
169.135	111
169.138	111
169.142	111
169.145	111
169.148	111
169.152	111
169.155	111
169.159	111
169.162	111
169.165	111
169.169	110
169.172	110
169.175	110
169.179	109
169.182	109
169.186	109
169.189	109
169.192	109
169.196	109
169.199	108
169.202	108
169.206	108
169.209	108
169.213	108
169.216	108
169.219	108
169.223	108
169.226	108
169.229	108
169.233	108
169.236	108
169.239	108
169.243	108
169.246	108
169.25	108
169.253	107
169.256	107
169.26	107
169.263	107
169.266	107
169.27	107
169.273	107
169.277	107
169.28	107
169.283	107
169.287	107
169.29	107
169.293	107
169.297	107
169.3	107
169.304	107
169.307	107
169.31	107
169.314	107
169.317	107
169.32	107
169.324	107
169.327	107
169.331	107
169.334	107
169.337	107
169.341	107
169.344	107
169.347	107
169.351	107
169.354	107
169.358	107
169.361	107
169.364	107
169.368	107
169.371	107
169.374	107
169.378	107
169.381	107
169.385	106
169.388	106
169.391	106
169.395	106
169.398	105
169.401	105
169.405	105
169.408	105
169.411	105
169.415	105
169.418	105
169.422	105
169.425	104
169.428	104
169.432	104
169.435	104
169.438	104
169.442	104
169.445	104
169.449	104
169.452	104
169.455	104
169.459	104
169.462	104
169.465	104
169.469	104
169.472	104
169.476	104
169.48	104
169.483	104
169.486	104
169.49	104
169.493	104
169.496	104
169.5	104
169.503	104
169.507	104
169.51	104
169.513	104
169.517	104
169.52	105
169.523	105
169.527	105
169.53	105
169.534	105
169.537	105
169.54	105
169.544	105
169.547	105
169.55	105
169.554	105
169.557	105
169.561	105
169.564	105
169.567	105
169.571	105
169.574	105
169.577	105
169.581	105
169.584	105
169.587	105
169.591	104
169.594	104
169.598	104
169.601	104
169.604	104
169.608	104
169.611	104
169.614	104
169.618	104
169.621	104
169.625	104
169.628	104
169.631	104
169.635	104
169.638	104
169.641	104
169.645	104
169.648	104
169.652	104
169.655	104
169.658	104
169.662	104
169.665	104
169.668	104
169.672	104
169.675	104
169.679	104
169.682	104
169.685	104
169.689	105
169.692	105
169.695	105
169.699	106
169.702	106
169.706	106
169.709	106
169.712	106
169.716	107
169.719	107
169.722	107
169.726	107
169.729	107
169.733	107
169.736	107
169.739	107
169.743	107
169.746	107
169.749	107
169.753	107
169.756	107
169.76	107
169.763	107
169.766	107
169.77	107
169.773	107
169.776	107
169.78	107
169.783	107
169.786	107
169.79	107
169.793	107
169.797	107
169.8	107
169.803	107
169.807	107
169.81	107
169.813	107
169.817	107
169.82	107
169.824	107
169.827	107
169.83	107
169.834	107
169.837	107
169.84	107
169.844	107
169.847	107
169.851	107
169.854	107
169.857	107
169.861	107
169.864	107
169.867	107
169.871	107
169.874	107
169.878	107
169.881	107
169.884	107
169.888	107
169.891	107
169.894	108
169.898	108
169.901	109
169.905	109
169.908	109
169.911	109
169.915	109
169.918	110
169.921	110
169.925	110
169.928	110
169.932	110
169.935	110
169.938	110
169.942	110
169.945	111
169.948	111
169.952	111
169.955	111
169.958	111
169.962	111
169.965	111
169.969	111
169.972	111
169.975	111
169.979	111
169.982	111
169.985	111
169.989	111
169.992	111
169.996	111
169.999	110
170.002	110
170.006	110
170.009	109
170.012	109
170.016	109
170.019	109
170.023	109
170.026	108
170.029	108
170.033	108
170.036	108
170.039	108
170.043	108
170.046	108
170.05	108
170.053	108
170.056	108
170.06	108
170.063	108
170.066	108
170.07	108
170.073	108
170.077	108
170.08	108
170.083	108
170.087	108
170.09	108
170.093	108
170.097	108
170.1	108
170.104	108
170.107	108
170.11	108
170.114	108
170.117	108
170.12	108
170.124	108
170.127	108
170.131	108
170.134	108
170.137	108
170.141	108
170.144	108
170.147	108
170.151	108
170.154	108
170.157	108
170.161	108
170.164	108
170.168	108
170.171	107
170.174	107
170.178	107
170.181	107
170.184	107
170.188	107
170.191	107
170.195	107
170.198	107
170.201	107
170.205	107
170.208	107
170.211	107
170.215	106
170.218	106
170.222	106
170.225	105
170.228	105
170.232	105
170.235	105
170.238	105
170.242	105
170.245	105
170.249	105
170.252	104
170.255	104
170.259	104
170.262	104
170.265	104
170.269	104
170.272	104
170.276	104
170.279	104
170.282	104
170.286	104
170.289	104
170.292	104
170.296	104
170.299	104
170.303	104
170.306	104
170.31	104
170.313	104
170.317	104
170.32	104
170.323	104
170.327	104
170.33	104
170.333	104
170.337	104
170.34	104
170.344	104
170.347	104
170.35	104
170.354	104
170.357	105
170.36	105
170.364	105
170.367	105
170.371	105
170.374	105
170.377	105
170.381	105
170.384	105
170.387	105
170.391	105
170.394	105
170.398	105
170.401	105
170.404	105
170.408	105
170.411	105
170.414	105
170.418	105
170.421	105
170.425	105
170.428	104
170.431	104
170.435	104
170.438	104
170.441	104
170.445	104
170.448	104
170.452	104
170.455	104
170.458	104
170.462	104
170.465	104
170.468	104
170.472	104
170.475	104
170.479	104
170.482	104
170.485	104
170.489	104
170.492	104
170.495	104
170.499	104
170.502	104
170.505	104
170.509	104
170.512	104
170.516	105
170.519	105
170.522	105
170.526	105
170.529	106
170.532	106
170.536	106
170.539	106
170.543	106
170.546	106
170.549	107
170.553	107
170.556	107
170.559	107
170.563	107
170.566	107
170.57	107
170.573	107
170.576	107
170.58	107
170.583	107
170.586	107
170.59	107
170.593	107
170.597	107
170.6	107
170.603	107
170.607	107
170.61	107
170.613	107
170.617	107
170.62	107
170.624	107
170.627	107
170.63	107
170.634	107
170.637	107
170.64	107
170.644	107
170.647	107
170.651	107
170.654	107
170.657	107
170.661	107
170.664	107
170.667	107
170.671	107
170.674	107
170.678	107
170.681	107
170.684	107
170.688	107
170.691	107
170.694	107
170.698	107
170.701	107
170.704	107
170.708	107
170.711	107
170.715	107
170.718	107
170.721	107
170.725	108
170.728	108
170.731	109
170.735	109
170.738	109
170.742	109
170.745	109
170.748	110
170.752	110
170.755	110
170.758	110
170.762	110
170.765	110
170.769	110
170.772	110
170.775	110
170.779	110
170.782	110
170.785	110
170.789	110
170.792	111
170.796	111
170.799	111
170.802	111
170.806	111
170.809	111
170.812	111
170.816	111
170.819	111
170.823	111
170.826	111
170.829	110
170.833	110
170.836	110
170.839	109
170.843	109
170.846	109
170.85	109
170.853	109
170.856	108
170.86	108
170.863	108
170.866	108
170.87	108
170.873	108
170.877	108
170.88	108
170.883	108
170.887	108
170.89	108
170.893	108
170.897	108
170.9	108
170.903	108
170.907	108
170.91	108
170.914	108
170.917	107
170.92	107
170.924	107
170.927	107
170.93	107
170.934	107
170.937	107
170.941	107
170.944	107
170.947	107
170.951	107
170.954	107
170.957	107
170.961	107
170.964	107
170.968	107
170.971	107
170.974	107
170.978	107
170.981	107
170.984	107
170.988	107
170.991	107
170.995	107
170.998	107
171.001	107
171.005	107
171.008	107
171.011	107
171.015	107
171.018	107
171.022	107
171.025	107
171.028	107
171.032	107
171.035	107
171.038	107
171.042	107
171.045	106
171.049	106
171.052	106
171.055	106
171.059	105
171.062	105
171.065	105
171.069	105
171.072	105
171.076	105
171.079	105
171.082	105
171.086	105
171.089	104
171.092	104
171.096	104
171.099	104
171.102	104
171.106	104
171.109	104
171.113	104
171.116	104
171.119	104
171.123	104
171.126	104
171.129	104
171.133	104
171.136	104
171.14	104
171.144	104
171.147	104
171.15	104
171.154	104
171.157	104
171.16	104
171.164	104
171.167	104
171.171	104
171.174	104
171.177	104
171.181	104
171.184	105
171.187	105
171.191	105
171.194	105
171.198	105
171.201	105
171.204	105
171.208	105
171.211	105
171.214	105
171.218	105
171.221	105
171.225	105
171.228	105
171.231	105
171.235	105
171.238	105
171.241	105
171.245	105
171.248	105
171.251	105
171.255	104
171.258	104
171.262	104
171.265	104
171.268	104
171.272	104
171.275	104
171.278	104
171.282	104
171.285	104
171.289	104
171.292	104
171.295	104
171.299	104
171.302	104
171.305	104
171.309	104
171.312	104
171.316	104
171.319	104
171.322	104
171.326	104
171.329	104
171.332	104
171.336	104
171.339	104
171.343	104
171.346	104
171.349	105
171.353	105
171.356	105
171.359	106
171.363	106
171.366	106
171.37	106
171.373	106
171.376	107
171.38	107
171.383	107
171.386	107
171.39	107
171.393	107
171.397	107
171.4	107
171.403	107
171.407	107
171.41	107
171.413	107
171.417	107
171.42	107
171.424	107
171.427	107
171.43	107
171.434	107
171.437	107
171.44	107
171.444	107
171.447	107
171.45	107
171.454	107
171.457	107
171.461	107
171.464	107
171.467	107
171.471	107
171.474	107
171.477	107
171.481	107
171.484	107
171.488	107
171.491	107
171.494	107
171.498	107
171.501	107
171.504	107
171.508	107
171.511	107
171.515	107
171.518	107
171.521	107
171.525	107
171.528	107
171.531	107
171.535	107
171.538	107
171.542	107
171.545	107
171.548	107
171.552	107
171.555	108
171.558	108
171.562	109
171.565	109
171.569	109
171.572	109
171.575	110
171.579	110
171.582	110
171.585	110
171.589	110
171.592	110
171.596	110
171.599	110
171.602	110
171.606	110
171.609	111
171.612	111
171.616	111
171.619	111
171.623	111
171.626	111
171.629	111
171.633	111
171.636	111
171.639	111
171.643	111
171.646	111
171.649	111
171.653	111
171.656	111
171.66	110
171.663	110
171.666	110
171.67	109
171.673	109
171.676	109
171.68	109
171.683	109
171.687	108
171.69	108
171.693	108
171.697	108
171.7	108
171.703	108
171.707	108
171.71	108
171.714	108
171.717	108
171.72	108
171.724	108
171.727	108
171.73	108
171.734	108
171.737	108
171.741	108
171.744	108
171.747	108
171.751	108
171.754	108
171.757	108
171.761	108
171.764	108
171.768	108
171.771	108
171.774	108
171.778	108
171.781	108
171.784	108
171.788	108
171.791	108
171.795	108
171.798	108
171.801	108
171.805	108
171.808	108
171.811	108
171.815	108
171.818	108
171.821	108
171.825	108
171.828	108
171.832	108
171.835	107
171.838	107
171.842	107
171.845	107
171.848	107
171.852	107
171.855	107
171.859	107
171.862	107
171.865	107
171.869	107
171.872	107
171.875	106
171.879	106
171.882	106
171.886	105
171.889	105
171.892	105
171.896	105
171.899	105
171.902	105
171.906	105
171.909	105
171.913	105
171.916	104
171.919	104
171.923	104
171.926	104
171.929	104
171.933	104
171.936	104
171.94	104
171.943	104
171.946	104
171.95	104
171.953	104
171.956	104
171.96	104
171.963	104
171.967	104
171.971	104
171.974	104
171.977	104
171.981	104
171.984	104
171.987	104
171.991	104
171.994	105
171.997	105
172.001	105
172.004	105
172.008	105
172.011	105
172.014	105
172.018	105
172.021	105
172.024	105
172.028	105
172.031	105
172.035	105
172.038	105
172.041	105
172.045	105
172.048	105
172.051	105
172.055	105
172.058	105
172.062	105
172.065	105
172.068	105
172.072	105
172.075	105
172.078	105
172.082	104
172.085	104
172.089	104
172.092	104
172.095	104
172.099	104
172.102	104
172.105	104
172.109	104
172.112	104
172.116	104
172.119	104
172.122	104
172.126	104
172.129	104
172.132	104
172.136	104
172.139	104
172.143	104
172.146	104
172.149	104
172.153	104
172.156	104
172.159	104
172.163	104
172.166	104
172.17	104
172.173	104
172.176	105
172.18	105
172.183	105
172.186	105
172.19	106
172.193	106
172.196	106
172.2	106
172.203	106
172.207	107
172.21	107
172.213	107
172.217	107
172.22	107
172.223	107
172.227	107
172.23	107
172.234	107
172.237	107
172.24	107
172.244	107
172.247	107
172.25	107
172.254	107
172.257	107
172.261	107
172.264	107
172.267	107
172.271	107
172.274	107
172.277	107
172.281	107
172.284	107
172.288	107
172.291	107
172.294	107
172.298	107
172.301	107
172.304	107
172.308	107
172.311	107
172.315	107
172.318	107
172.321	107
172.325	107
172.328	107
172.331	107
172.335	107
172.338	107
172.342	107
172.345	107
172.348	107
172.352	107
172.355	107
172.358	107
172.362	107
172.365	107
172.368	107
172.372	107
172.375	107
172.379	107
172.382	107
172.385	108
172.389	108
172.392	109
172.395	109
172.399	109
172.402	109
172.406	109
172.409	110
172.412	110
172.416	110
172.419	110
172.422	110
172.426	110
172.429	110
172.433	110
172.436	110
172.439	110
172.443	110
172.446	111
172.449	111
172.453	111
172.456	111
172.46	111
172.463	111
172.466	111
172.47	111
172.473	111
172.476	111
172.48	111
172.483	111
172.487	111
172.49	110
172.493	110
172.497	110
172.5	109
172.503	109
172.507	109
172.51	109
172.514	109
172.517	108
172.52	108
172.524	108
172.527	108
172.53	108
172.534	108
172.537	108
172.541	108
172.544	108
172.547	108
172.551	108
172.554	108
172.557	108
172.561	108
172.564	108
172.567	108
172.571	108
172.574	108
172.578	108
172.581	107
172.584	107
172.588	107
172.591	107
172.594	107
172.598	107
172.601	107
172.605	107
172.608	107
172.611	107
172.615	107
172.618	107
172.621	107
172.625	107
172.628	107
172.632	107
172.635	107
172.638	107
172.642	107
172.645	107
172.648	107
172.652	107
172.655	107
172.659	107
172.662	107
172.665	107
172.669	107
172.672	107
172.675	107
172.679	107
172.682	107
172.686	107
172.689	107
172.692	107
172.696	107
172.699	107
172.702	107
172.706	106
172.709	106
172.713	106
172.716	106
172.719	105
172.723	105
172.726	105
172.729	105
172.733	105
172.736	105
172.74	105
172.743	105
172.746	105
172.75	104
172.753	104
172.756	104
172.76	104
172.763	104
172.766	104
172.77	104
172.773	104
172.777	104
172.78	104
172.783	104
172.787	104
172.79	104
172.793	104
172.797	104
172.801	104
172.804	104
172.808	104
172.811	104
172.814	104
172.818	104
172.821	104
172.824	104
172.828	104
172.831	104
172.835	104
172.838	104
172.841	104
172.845	104
172.848	105
172.851	105
172.855	105
172.858	105
172.862	105
172.865	105
172.868	105
172.872	105
172.875	105
172.878	105
172.882	105
172.885	105
172.889	105
172.892	105
172.895	105
172.899	105
172.902	105
172.905	105
172.909	105
172.912	105
172.915	105
172.919	104
172.922	104
172.926	104
172.929	104
172.932	104
172.936	104
172.939	104
172.942	104
172.946	104
172.949	104
172.953	104
172.956	104
172.959	104
172.963	104
172.966	104
172.969	104
172.973	104
172.976	104
172.98	104
172.983	104
172.986	104
172.99	104
172.993	104
172.996	104
173	104
173.003	104
173.007	105
173.01	105
173.013	105
173.017	105
173.02	106
173.023	106
173.027	106
173.03	106
173.034	106
173.037	107
173.04	107
173.044	107
173.047	107
173.05	107
173.054	107
173.057	107
173.061	107
173.064	107
173.067	107
173.071	107
173.074	107
173.077	107
173.081	107
173.084	107
173.088	107
173.091	107
173.094	107
173.098	107
173.101	107
173.104	107
173.108	107
173.111	107
173.114	107
173.118	107
173.121	107
173.125	107
173.128	107
173.131	107
173.135	107
173.138	107
173.141	107
173.145	107
173.148	107
173.152	107
173.155	107
173.158	107
173.162	107
173.165	107
173.168	107
173.172	107
173.175	107
173.179	107
173.182	107
173.185	107
173.189	107
173.192	107
173.195	107
173.199	107
173.202	107
173.206	107
173.209	107
173.212	107
173.216	108
173.219	108
173.222	108
173.226	109
173.229	109
173.233	109
173.236	109
173.239	110
173.243	110
173.246	110
173.249	110
173.253	110
173.256	110
173.26	110
173.263	110
173.266	110
173.27	110
173.273	111
173.276	111
173.28	111
173.283	111
173.287	111
173.29	111
173.293	111
173.297	111
173.3	111
173.303	111
173.307	111
173.31	111
173.313	111
173.317	111
173.32	110
173.324	110
173.327	110
173.33	109
173.334	109
173.337	109
173.34	109
173.344	109
173.347	108
173.351	108
173.354	108
173.357	108
173.361	108
173.364	108
173.367	108
173.371	108
173.374	108
173.378	108
173.381	108
173.384	108
173.388	108
173.391	108
173.394	108
173.398	108
173.401	108
173.405	108
173.408	108
173.411	108
173.415	108
173.418	108
173.421	108
173.425	108
173.428	108
173.432	108
173.435	108
173.438	108
173.442	108
173.445	108
173.448	108
173.452	108
173.455	108
173.459	108
173.462	108
173.465	108
173.469	108
173.472	108
173.475	108
173.479	108
173.482	108
173.486	108
173.489	108
173.492	108
173.496	108
173.499	107
173.502	107
173.506	107
173.509	107
173.512	107
173.516	107
173.519	107
173.523	107
173.526	107
173.529	107
173.533	107
173.536	106
173.539	106
173.543	106
173.546	106
173.55	105
173.553	105
173.556	105
173.56	105
173.563	105
173.566	105
173.57	105
173.573	105
173.577	104
173.58	104
173.583	104
173.587	104
173.59	104
173.593	104
173.597	104
173.6	104
173.604	104
173.607	104
173.61	104
173.614	104
173.617	104
173.62	104
173.624	104
173.627	104
173.631	104
173.635	104
173.638	104
173.641	104
173.645	104
173.648	105
173.651	105
173.655	105
173.658	105
173.661	105
173.665	105
173.668	105
173.672	105
173.675	105
173.678	105
173.682	105
173.685	105
173.688	105
173.692	105
173.695	105
173.699	105
173.702	105
173.705	105
173.709	105
173.712	105
173.715	105
173.719	105
173.722	105
173.726	105
173.729	105
173.732	105
173.736	104
173.739	104
173.742	104
173.746	104
173.749	104
173.753	104
173.756	104
173.759	104
173.763	104
173.766	104
173.769	104
173.773	104
173.776	104
173.78	104
173.783	104
173.786	104
173.79	104
173.793	104
173.796	104
173.8	104
173.803	104
173.807	104
173.81	104
173.813	104
173.817	104
173.82	104
173.823	104
173.827	104
173.83	104
173.834	104
173.837	105
173.84	105
173.844	105
173.847	105
173.85	106
173.854	106
173.857	106
173.86	106
173.864	106
173.867	107
173.871	107
173.874	107
173.877	107
173.881	107
173.884	107
173.887	107
173.891	107
173.894	107
173.898	107
173.901	107
173.904	107
173.908	107
173.911	107
173.914	107
173.918	107
173.921	107
173.925	107
173.928	107
173.931	107
173.935	107
173.938	107
173.941	107
173.945	107
173.948	107
173.952	107
173.955	107
173.958	107
173.962	107
173.965	107
173.968	107
173.972	107
173.975	107
173.979	107
173.982	107
173.985	107
173.989	107
173.992	107
173.995	107
173.999	107
174.002	107
174.006	107
174.009	107
174.012	107
174.016	107
174.019	107
174.022	107
174.026	107
174.029	107
174.033	107
174.036	107
174.039	107
174.043	107
174.046	108
174.049	108
174.053	108
174.056	109
174.059	109
174.063	109
174.066	110
174.07	110
174.073	110
174.076	110
174.08	110
174.083	110
174.086	110
174.09	110
174.093	110
174.097	110
174.1	110
174.103	110
174.107	110
174.11	111
174.113	111
174.117	111
174.12	111
174.124	111
174.127	111
174.13	111
174.134	111
174.137	111
174.14	111
174.144	111
174.147	111
174.151	110
174.154	110
174.157	110
174.161	109
174.164	109
174.167	109
174.171	109
174.174	109
174.178	108
174.181	108
174.184	108
174.188	108
174.191	108
174.194	108
174.198	108
174.201	108
174.205	108
174.208	108
174.211	108
174.215	108
174.218	108
174.221	108
174.225	108
174.228	108
174.231	108
174.235	108
174.238	108
174.242	108
174.245	107
174.248	107
174.252	107
174.255	107
174.258	107
174.262	107
174.265	107
174.269	107
174.272	107
174.275	107
174.279	107
174.282	107
174.285	107
174.289	107
174.292	107
174.296	107
174.299	107
174.302	107
174.306	107
174.309	107
174.312	107
174.316	107
174.319	107
174.323	107
174.326	107
174.329	107
174.333	107
174.336	107
174.339	107
174.343	107
174.346	107
174.35	107
174.353	107
174.356	107
174.36	107
174.363	107
174.366	106
174.37	106
174.373	106
174.377	106
174.38	105
174.383	105
174.387	105
174.39	105
174.393	105
174.397	105
174.4	105
174.404	105
174.407	105
174.41	105
174.414	104
174.417	104
174.42	104
174.424	104
174.427	104
174.43	104
174.434	104
174.437	104
174.441	104
174.444	104
174.447	104
174.451	104
174.454	104
174.457	104
174.461	104
174.465	104
174.468	104
174.472	104
174.475	104
174.478	104
174.482	104
174.485	105
174.488	105
174.492	105
174.495	105
174.499	105
174.502	105
174.505	105
174.509	105
174.512	105
174.515	105
174.519	105
174.522	105
174.526	105
174.529	105
174.532	105
174.536	105
174.539	105
174.542	105
174.546	105
174.549	105
174.553	105
174.556	105
174.559	105
174.563	105
174.566	105
174.569	105
174.573	104
174.576	104
174.58	104
174.583	104
174.586	104
174.59	104
174.593	104
174.596	104
174.6	104
174.603	104
174.606	104
174.61	104
174.613	104
174.617	104
174.62	104
174.623	104
174.627	104
174.63	104
174.633	104
174.637	104
174.64	104
174.644	104
174.647	104
174.65	104
174.654	104
174.657	104
174.66	104
174.664	104
174.667	104
174.671	105
174.674	105
174.677	105
174.681	106
174.684	106
174.687	106
174.691	106
174.694	106
174.698	107
174.701	107
174.704	107
174.708	107
174.711	107
174.714	107
174.718	107
174.721	107
174.725	107
174.728	107
174.731	107
174.735	107
174.738	107
174.741	107
174.745	107
174.748	107
174.752	107
174.755	107
174.758	107
174.762	107
174.765	107
174.768	107
174.772	107
174.775	107
174.778	107
174.782	107
174.785	107
174.789	107
174.792	107
174.795	107
174.799	107
174.802	107
174.805	107
174.809	107
174.812	107
174.816	107
174.819	107
174.822	107
174.826	107
174.829	107
174.832	107
174.836	107
174.839	107
174.843	107
174.846	107
174.849	107
174.853	107
174.856	107
174.859	107
174.863	107
174.866	107
174.87	107
174.873	107
174.876	108
174.88	108
174.883	108
174.886	109
174.89	109
174.893	109
174.897	109
174.9	110
174.903	110
174.907	110
174.91	110
174.913	110
174.917	110
174.92	110
174.924	110
174.927	110
174.93	111
174.934	111
174.937	111
174.94	111
174.944	111
174.947	111
174.951	111
174.954	111
174.957	111
174.961	111
174.964	111
174.967	111
174.971	111
174.974	111
174.977	111
174.981	110
174.984	110
174.988	110
174.991	109
174.994	109
174.998	109
175.001	109
175.004	109
175.008	108
175.011	108
175.015	108
175.018	108
175.021	108
175.025	108
175.028	108
175.031	108
175.035	108
175.038	108
175.042	108
175.045	108
175.048	108
175.052	108
175.055	108
175.058	108
175.062	108
175.065	108
175.069	108
175.072	107
175.075	107
175.079	107
175.082	107
175.085	107
175.089	107
175.092	107
175.096	107
175.099	107
175.102	107
175.106	107
175.109	107
175.112	107
175.116	107
175.119	107
175.123	107
175.126	107
175.129	107
175.133	107
175.136	107
175.139	107
175.143	107
175.146	107
175.15	107
175.153	107
175.156	107
175.16	107
175.163	107
175.166	107
175.17	107
175.173	107
175.176	107
175.18	107
175.183	107
175.187	107
175.19	107
175.193	107
175.197	106
175.2	106
175.203	106
175.207	106
175.21	105
175.214	105
175.217	105
175.22	105
175.224	105
175.227	105
175.23	105
175.234	105
175.237	105
175.241	104
175.244	104
175.247	104
175.251	104
175.254	104
175.257	104
175.261	104
175.264	104
175.268	104
175.271	104
175.274	104
175.278	104
175.281	104
175.284	104
175.288	104
175.292	104
175.295	104
175.299	104
175.302	104
175.305	104
175.309	104
175.312	105
175.315	105
175.319	105
175.322	105
175.325	105
175.329	105
175.332	105
175.336	105
175.339	105
175.342	105
175.346	105
175.349	105
175.352	105
175.356	105
175.359	105
175.363	105
175.366	105
175.369	105
175.373	105
175.376	105
175.379	105
175.383	105
175.386	105
175.39	105
175.393	105
175.396	105
175.4	104
175.403	104
175.406	104
175.41	104
175.413	104
175.417	104
175.42	104
175.423	104
175.427	104
175.43	104
175.433	104
175.437	104
175.44	104
175.444	104
175.447	104
175.45	104
175.454	104
175.457	104
175.46	104
175.464	104
175.467	104
175.471	104
175.474	104
175.477	104
175.481	104
175.484	104
175.487	104
175.491	104
175.494	104
175.498	105
175.501	105
175.504	105
175.508	106
175.511	106
175.514	106
175.518	106
175.521	106
175.524	106
175.528	107
175.531	107
175.535	107
175.538	107
175.541	107
175.545	107
175.548	107
175.551	107
175.555	107
175.558	107
175.562	107
175.565	107
175.568	107
175.572	107
175.575	107
175.578	107
175.582	107
175.585	107
175.589	107
175.592	107
175.595	107
175.599	107
175.602	107
175.605	107
175.609	107
175.612	107
175.616	107
175.619	107
175.622	107
175.626	107
175.629	107
175.632	107
175.636	107
175.639	107
175.643	107
175.646	107
175.649	107
175.653	107
175.656	107
175.659	107
175.663	107
175.666	107
175.67	107
175.673	107
175.676	107
175.68	107
175.683	107
175.686	107
175.69	107
175.693	107
175.697	107
175.7	107
175.703	107
175.707	108
175.71	108
175.713	108
175.717	109
175.72	109
175.723	109
175.727	109
175.73	110
175.734	110
175.737	110
175.74	110
175.744	110
175.747	110
175.75	110
175.754	110
175.757	110
175.761	110
175.764	110
175.767	110
175.771	110
175.774	111
175.777	111
175.781	111
175.784	111
175.788	111
175.791	111
175.794	111
175.798	111
175.801	111
175.804	111
175.808	111
175.811	110
175.815	110
175.818	110
175.821	109
175.825	109
175.828	109
175.831	109
175.835	109
175.838	108
175.842	108
175.845	108
175.848	108
175.852	108
175.855	108
175.858	108
175.862	108
175.865	108
175.869	108
175.872	108
175.875	108
175.879	108
175.882	108
175.885	108
175.889	108
175.892	108
175.896	108
175.899	108
175.902	108
175.906	108
175.909	107
175.912	107
175.916	107
175.919	107
175.922	107
175.926	107
175.929	107
175.933	107
175.936	107
175.939	107
175.943	107
175.946	107
175.949	107
175.953	107
175.956	107
175.96	107
175.963	107
175.966	107
175.97	107
175.973	107
175.976	107
175.98	107
175.983	107
175.987	107
175.99	107
175.993	107
175.997	107
176	107
176.003	107
176.007	107
176.01	107
176.014	107
176.017	107
176.02	107
176.024	107
176.027	106
176.03	106
176.034	106
176.037	106
176.041	105
176.044	105
176.047	105
176.051	105
176.054	105
176.057	105
176.061	105
176.064	105
176.068	105
176.071	104
176.074	104
176.078	104
176.081	104
176.084	104
176.088	104
176.091	104
176.094	104
176.098	104
176.101	104
176.105	104
176.108	104
176.111	104
176.115	104
176.118	104
176.122	104
176.125	104
176.129	104
176.132	104
176.136	104
176.139	104
176.142	104
176.146	104
176.149	105
176.152	105
176.156	105
176.159	105
176.163	105
176.166	105
176.169	105
176.173	105
176.176	105
176.179	105
176.183	105
176.186	105
176.19	105
176.193	105
176.196	105
176.2	105
176.203	105
176.206	105
176.21	105
176.213	105
176.217	105
176.22	105
176.223	105
176.227	105
176.23	105
176.233	105
176.237	104
176.24	104
176.244	104
176.247	104
176.25	104
176.254	104
176.257	104
176.26	104
176.264	104
176.267	104
176.27	104
176.274	104
176.277	104
176.281	104
176.284	104
176.287	104
176.291	104
176.294	104
176.297	104
176.301	104
176.304	104
176.308	104
176.311	104
176.314	104
176.318	104
176.321	104
176.324	104
176.328	105
176.331	105
176.335	105
176.338	105
176.341	106
176.345	106
176.348	106
176.351	106
176.355	106
176.358	107
176.362	107
176.365	107
176.368	107
176.372	107
176.375	107
176.378	107
176.382	107
176.385	107
176.389	107
176.392	107
176.395	107
176.399	107
176.402	107
176.405	107
176.409	107
176.412	107
176.416	107
176.419	107
176.422	107
176.426	107
176.429	107
176.432	107
176.436	107
176.439	107
176.443	107
176.446	107
176.449	107
176.453	107
176.456	107
176.459	107
176.463	107
176.466	107
176.469	107
176.473	107
176.476	107
176.48	107
176.483	107
176.486	107
176.49	107
176.493	107
176.496	107
176.5	107
176.503	107
176.507	107
176.51	107
176.513	107
176.517	107
176.52	107
176.523	107
176.527	107
176.53	107
176.534	107
176.537	108
176.54	108
176.544	108
176.547	109
176.55	109
176.554	109
176.557	110
176.561	110
176.564	110
176.567	110
176.571	110
176.574	110
176.577	110
176.581	110
176.584	110
176.588	110
176.591	110
176.594	111
176.598	111
176.601	111
176.604	111
176.608	111
176.611	111
176.615	111
176.618	111
176.621	111
176.625	111
176.628	111
176.631	111
176.635	111
176.638	111
176.641	110
176.645	110
176.648	110
176.652	109
176.655	109
176.658	109
176.662	109
176.665	109
176.668	108
176.672	108
176.675	108
176.679	108
176.682	108
176.685	108
176.689	108
176.692	108
176.695	108
176.699	108
176.702	108
176.706	108
176.709	108
176.712	108
176.716	108
176.719	108
176.722	108
176.726	108
176.729	108
176.733	108
176.736	107
176.739	107
176.743	107
176.746	107
176.749	107
176.753	107
176.756	107
176.76	107
176.763	107
176.766	107
176.77	107
176.773	107
176.776	107
176.78	107
176.783	107
176.787	107
176.79	107
176.793	107
176.797	107
176.8	107
176.803	107
176.807	107
176.81	107
176.814	107
176.817	107
176.82	107
176.824	107
176.827	107
176.83	107
176.834	107
176.837	107
176.84	107
176.844	107
176.847	107
176.851	107
176.854	107
176.857	106
176.861	106
176.864	106
176.867	106
176.871	105
176.874	105
176.878	105
176.881	105
176.884	105
176.888	105
176.891	105
176.894	105
176.898	104
176.901	104
176.905	104
176.908	104
176.911	104
176.915	104
176.918	104
176.921	104
176.925	104
176.928	104
176.932	104
176.935	104
176.938	104
176.942	104
176.945	104
176.948	104
176.952	104
176.956	104
176.959	104
176.963	104
176.966	104
176.969	104
176.973	104
176.976	105
176.979	105
176.983	105
176.986	105
176.99	105
176.993	105
176.996	105
177	105
177.003	105
177.006	105
177.01	105
177.013	105
177.016	105
177.02	105
177.023	105
177.027	105
177.03	105
177.033	105
177.037	105
177.04	105
177.043	105
177.047	105
177.05	105
177.054	105
177.057	104
177.06	104
177.064	104
177.067	104
177.07	104
177.074	104
177.077	104
177.081	104
177.084	104
177.087	104
177.091	104
177.094	104
177.097	104
177.101	104
177.104	104
177.108	104
177.111	104
177.114	104
177.118	104
177.121	104
177.124	104
177.128	104
177.131	104
177.135	104
177.138	104
177.141	104
177.145	104
177.148	104
177.151	104
177.155	104
177.158	105
177.162	105
177.165	105
177.168	105
177.172	106
177.175	106
177.178	106
177.182	106
177.185	106
177.188	107
177.192	107
177.195	107
177.199	107
177.202	107
177.205	107
177.209	107
177.212	107
177.215	107
177.219	107
177.222	107
177.226	107
177.229	107
177.232	107
177.236	107
177.239	107
177.242	107
177.246	107
177.249	107
177.253	107
177.256	107
177.259	107
177.263	107
177.266	107
177.269	107
177.273	107
177.276	107
177.28	107
177.283	107
177.286	107
177.29	107
177.293	107
177.296	107
177.3	107
177.303	107
177.307	107
177.31	107
177.313	107
177.317	107
177.32	107
177.323	107
177.327	107
177.33	107
177.334	107
177.337	107
177.34	107
177.344	107
177.347	107
177.35	107
177.354	107
177.357	107
177.361	107
177.364	107
177.367	108
177.371	108
177.374	109
177.377	109
177.381	109
177.384	109
177.387	109
177.391	110
177.394	110
177.398	110
177.401	110
177.404	110
177.408	110
177.411	110
177.414	110
177.418	110
177.421	110
177.425	110
177.428	110
177.431	110
177.435	110
177.438	111
177.441	111
177.445	111
177.448	111
177.452	111
177.455	111
177.458	111
177.462	111
177.465	111
177.468	111
177.472	110
177.475	110
177.479	110
177.482	109
177.485	109
177.489	109
177.492	109
177.495	109
177.499	108
177.502	108
177.506	108
177.509	108
177.512	108
177.516	108
177.519	108
177.522	108
177.526	108
177.529	108
177.533	108
177.536	108
177.539	108
177.543	108
177.546	108
177.549	108
177.553	108
177.556	108
177.56	108
177.563	108
177.566	108
177.57	108
177.573	107
177.576	107
177.58	107
177.583	107
177.586	107
177.59	107
177.593	107
177.597	107
177.6	107
177.603	107
177.607	107
177.61	107
177.613	107
177.617	107
177.62	107
177.624	107
177.627	107
177.63	107
177.634	107
177.637	107
177.64	107
177.644	107
177.647	107
177.651	107
177.654	107
177.657	107
177.661	107
177.664	107
177.667	107
177.671	107
177.674	107
177.678	107
177.681	107
177.684	107
177.688	106
177.691	106
177.694	106
177.698	106
177.701	105
177.705	105
177.708	105
177.711	105
177.715	105
177.718	105
177.721	105
177.725	105
177.728	105
177.732	105
177.735	104
177.738	104
177.742	104
177.745	104
177.748	104
177.752	104
177.755	104
177.758	104
177.762	104
177.765	104
177.769	104
177.772	104
177.775	104
177.779	104
177.783	104
177.786	104
177.789	104
177.793	104
177.796	104
177.8	104
177.803	104
177.806	104
177.81	104
177.813	105
177.816	105
177.82	105
177.823	105
177.827	105
177.83	105
177.833	105
177.837	105
177.84	105
177.843	105
177.847	105
177.85	105
177.854	105
177.857	105
177.86	105
177.864	105
177.867	105
177.87	105
177.874	105
177.877	105
177.881	105
177.884	105
177.887	105
177.891	105
177.894	105
177.897	105
177.901	104
177.904	104
177.908	104
177.911	104
177.914	104
177.918	104
177.921	104
177.924	104
177.928	104
177.931	104
177.934	104
177.938	104
177.941	104
177.945	104
177.948	104
177.951	104
177.955	104
177.958	104
177.961	104
177.965	104
177.968	104
177.972	104
177.975	104
177.978	104
177.982	104
177.985	104
177.988	104
177.992	105
177.995	105
177.999	105
178.002	106
178.005	106
178.009	106
178.012	106
178.015	106
178.019	107
178.022	107
178.026	107
178.029	107
178.032	107
178.036	107
178.039	107
178.042	107
178.046	107
178.049	107
178.053	107
178.056	107
178.059	107
178.063	107
178.066	107
178.069	107
178.073	107
178.076	107
178.08	107
178.083	107
178.086	107
178.09	107
178.093	107
178.096	107
178.1	107
178.103	107
178.107	107
178.11	107
178.113	107
178.117	107
178.12	107
178.123	107
178.127	107
178.13	107
178.133	107
178.137	107
178.14	107
178.144	107
178.147	107
178.15	107
178.154	107
178.157	107
178.16	107
178.164	107
178.167	107
178.171	107
178.174	107
178.177	107
178.181	107
178.184	107
178.187	107
178.191	107
178.194	107
178.198	108
178.201	108
178.204	108
178.208	109
178.211	109
178.214	109
178.218	109
178.221	110
178.225	110
178.228	110
178.231	110
178.235	110
178.238	110
178.241	110
178.245	110
178.248	110
178.252	110
178.255	110
178.258	111
178.262	111
178.265	111
178.268	111
178.272	111
178.275	111
178.279	111
178.282	111
178.285	111
178.289	111
178.292	111
178.295	111
178.299	111
178.302	110
178.305	110
178.309	110
178.312	109
178.316	109
178.319	109
178.322	109
178.326	109
178.329	108
178.332	108
178.336	108
178.339	108
178.343	108
178.346	108
178.349	108
178.353	108
178.356	108
178.359	108
178.363	108
178.366	108
178.37	108
178.373	107
178.376	107
178.38	107
178.383	107
178.386	107
178.39	107
178.393	107
178.397	107
178.4	107
178.403	107
178.407	107
178.41	107
178.413	107
178.417	107
178.42	107
178.424	107
178.427	107
178.43	107
178.434	107
178.437	107
178.44	107
178.444	107
178.447	107
178.451	107
178.454	107
178.457	107
178.461	107
178.464	107
178.467	107
178.471	107
178.474	107
178.478	107
178.481	107
178.484	107
178.488	107
178.491	107
178.494	107
178.498	107
178.501	107
178.504	107
178.508	107
178.511	107
178.515	107
178.518	106
178.521	106
178.525	106
178.528	106
178.531	105
178.535	105
178.538	105
178.542	105
178.545	105
178.548	105
178.552	105
178.555	105
178.558	105
178.562	104
178.565	104
178.569	104
178.572	104
178.575	104
178.579	104
178.582	104
178.585	104
178.589	104
178.592	104
178.596	104
178.599	104
178.602	104
178.606	104
178.609	104
178.613	104
178.616	104
178.62	104
178.623	104
178.627	104
178.63	104
178.633	104
178.637	104
178.64	105
178.643	105
178.647	105
178.65	105
178.654	105
178.657	105
178.66	105
178.664	105
178.667	105
178.67	105
178.674	105
178.677	105
178.68	105
178.684	105
178.687	105
178.691	105
178.694	105
178.697	105
178.701	105
178.704	105
178.707	105
178.711	105
178.714	105
178.718	104
178.721	104
178.724	104
178.728	104
178.731	104
178.734	104
178.738	104
178.741	104
178.745	104
178.748	104
178.751	104
178.755	104
178.758	104
178.761	104
178.765	104
178.768	104
178.772	104
178.775	104
178.778	104
178.782	104
178.785	104
178.788	104
178.792	104
178.795	104
178.799	104
178.802	104
178.805	104
178.809	104
178.812	104
178.815	104
178.819	105
178.822	105
178.826	105
178.829	106
178.832	106
178.836	106
178.839	106
178.842	106
178.846	106
178.849	107
178.852	107
178.856	107
178.859	107
178.863	107
178.866	107
178.869	107
178.873	107
178.876	107
178.879	107
178.883	107
178.886	107
178.89	107
178.893	107
178.896	107
178.9	107
178.903	107
178.906	107
178.91	107
178.913	107
178.917	107
178.92	107
178.923	107
178.927	107
178.93	107
178.933	107
178.937	107
178.94	107
178.944	107
178.947	107
178.95	107
178.954	107
178.957	107
178.96	107
178.964	107
178.967	107
178.971	107
178.974	107
178.977	107
178.981	107
178.984	107
178.987	107
178.991	107
178.994	107
178.998	107
179.001	107
179.004	107
179.008	107
179.011	107
179.014	107
179.018	107
179.021	107
179.025	107
179.028	108
179.031	108
179.035	109
179.038	109
179.041	109
179.045	109
179.048	110
179.051	110
179.055	110
179.058	110
179.062	110
179.065	110
179.068	110
179.072	110
179.075	110
179.078	110
179.082	110
179.085	111
179.089	111
179.092	111
179.095	111
179.099	111
179.102	111
179.105	111
179.109	111
179.112	111
179.116	111
179.119	111
179.122	111
179.126	111
179.129	111
179.132	110
179.136	110
179.139	110
179.143	109
179.146	109
179.149	109
179.153	109
179.156	109
179.159	108
179.163	108
179.166	108
179.17	108
179.173	108
179.176	108
179.18	108
179.183	108
179.186	108
179.19	108
179.193	108
179.197	108
179.2	108
179.203	108
179.207	108
179.21	108
179.213	108
179.217	108
179.22	108
179.224	108
179.227	108
179.23	108
179.234	108
179.237	107
179.24	107
179.244	107
179.247	107
179.25	107
179.254	107
179.257	107
179.261	107
179.264	107
179.267	107
179.271	107
179.274	107
179.277	107
179.281	107
179.284	107
179.288	107
179.291	107
179.294	107
179.298	107
179.301	107
179.304	107
179.308	107
179.311	107
179.315	107
179.318	107
179.321	107
179.325	107
179.328	107
179.331	107
179.335	107
179.338	107
179.342	107
179.345	107
179.348	106
179.352	106
179.355	106
179.358	106
179.362	105
179.365	105
179.369	105
179.372	105
179.375	105
179.379	105
179.382	105
179.385	105
179.389	105
179.392	105
179.396	105
179.399	104
179.402	104
179.406	104
179.409	104
179.412	104
179.416	104
179.419	104
179.423	104
179.426	104
179.429	104
179.433	104
179.436	104
179.439	104
179.443	104
179.447	104
179.45	104
179.453	104
179.457	104
179.46	104
179.464	104
179.467	104
179.47	104
179.474	104
179.477	105
179.48	105
179.484	105
179.487	105
179.491	105
179.494	105
179.497	105
179.501	105
179.504	105
179.507	105
179.511	105
179.514	105
179.518	105
179.521	105
179.524	105
179.528	105
179.531	105
179.534	105
179.538	105
179.541	105
179.545	105
179.548	105
179.551	105
179.555	104
179.558	104
179.561	104
179.565	104
179.568	104
179.572	104
179.575	104
179.578	104
179.582	104
179.585	104
179.588	104
179.592	104
179.595	104
179.598	104
179.602	104
179.605	104
179.609	104
179.612	104
179.615	104
179.619	104
179.622	104
179.625	104
179.629	104
179.632	104
179.636	104
179.639	104
179.642	104
179.646	104
179.649	104
179.652	105
179.656	105
179.659	105
179.663	106
179.666	106
179.669	106
179.673	106
179.676	106
179.679	106
179.683	107
179.686	107
179.69	107
179.693	107
179.696	107
179.7	107
179.703	107
179.706	107
179.71	107
179.713	107
179.717	107
179.72	107
179.723	107
179.727	107
179.73	107
179.733	107
179.737	107
179.74	107
179.744	107
179.747	107
179.75	107
179.754	107
179.757	107
179.76	107
179.764	107
179.767	107
179.771	107
179.774	107
179.777	107
179.781	107
179.784	107
179.787	107
179.791	107
179.794	107
179.797	107
179.801	107
179.804	107
179.808	107
179.811	107
179.814	107
179.818	107
179.821	107
179.824	107
179.828	107
179.831	107
179.835	107
179.838	107
179.841	107
179.845	107
179.848	107
179.851	107
179.855	107
179.858	108
179.862	108
179.865	109
179.868	109
179.872	109
179.875	109
179.878	109
179.882	110
179.885	110
179.889	110
179.892	110
179.895	110
179.899	110
179.902	110
179.905	110
179.909	110
179.912	111
179.916	111
179.919	111
179.922	111
179.926	111
179.929	111
179.932	111
179.936	111
179.939	111
179.943	111
179.946	111
179.949	111
179.953	111
179.956	111
179.959	111
179.963	110
179.966	110
179.97	110
179.973	109
179.976	109
179.98	109
179.983	109
179.986	109
179.99	108
179.993	108
179.996	108
180	108
180.003	108
180.007	108
180.01	108
180.013	108
180.017	108
180.02	108
180.023	108
180.027	108
180.03	108
180.034	108
180.037	107
180.04	107
180.044	107
180.047	107
180.05	107
180.054	107
180.057	107
180.061	107
180.064	107
180.067	107
180.071	107
180.074	107
180.077	107
180.081	107
180.084	107
180.088	107
180.091	107
180.094	107
180.098	107
180.101	107
180.104	107
180.108	107
180.111	107
180.115	107
180.118	107
180.121	107
180.125	107
180.128	107
180.131	107
180.135	107
180.138	107
180.142	107
180.145	107
180.148	107
180.152	107
180.155	107
180.158	107
180.162	107
180.165	107
180.168	107
180.172	107
180.175	107
180.179	106
180.182	106
180.185	106
180.189	105
180.192	105
180.195	105
180.199	105
180.202	105
180.206	105
180.209	105
180.212	105
180.216	104
180.219	104
180.222	104
180.226	104
180.229	104
180.233	104
180.236	104
180.239	104
180.243	104
180.246	104
180.249	104
180.253	104
180.256	104
180.26	104
180.263	104
180.266	104
180.27	104
180.274	104
180.277	104
180.28	104
180.284	104
180.287	104
180.291	104
180.294	104
180.297	104
180.301	104
180.304	105
180.307	105
180.311	105
180.314	105
180.318	105
180.321	105
180.324	105
180.328	105
180.331	105
180.334	105
180.338	105
180.341	105
180.344	105
180.348	105
180.351	105
180.355	105
180.358	105
180.361	105
180.365	105
180.368	105
180.371	105
180.375	105
180.378	105
180.382	104
180.385	104
180.388	104
180.392	104
180.395	104
180.398	104
180.402	104
180.405	104
180.409	104
180.412	104
180.415	104
180.419	104
180.422	104
180.425	104
180.429	104
180.432	104
180.436	104
180.439	104
180.442	104
180.446	104
180.449	104
180.452	104
180.456	104
180.459	104
180.463	104
180.466	104
180.469	104
180.473	104
180.476	104
180.479	105
180.483	105
180.486	105
180.49	106
180.493	106
180.496	106
180.5	106
180.503	106
180.506	106
180.51	107
180.513	107
180.517	107
180.52	107
180.523	107
180.527	107
180.53	107
180.533	107
180.537	107
180.54	107
180.543	107
180.547	107
180.55	107
180.554	107
180.557	107
180.56	107
180.564	107
180.567	107
180.57	107
180.574	107
180.577	107
180.581	107
180.584	107
180.587	107
180.591	107
180.594	107
180.597	107
180.601	107
180.604	107
180.608	107
180.611	107
180.614	107
180.618	107
180.621	107
180.624	107
180.628	107
180.631	107
180.635	107
180.638	107
180.641	107
180.645	107
180.648	107
180.651	107
180.655	107
180.658	107
180.662	107
180.665	107
180.668	107
180.672	107
180.675	107
180.678	107
180.682	107
180.685	107
180.689	108
180.692	108
180.695	109
180.699	109
180.702	109
180.705	109
180.709	109
180.712	110
180.715	110
180.719	110
180.722	110
180.726	110
180.729	110
180.732	110
180.736	110
180.739	110
180.742	110
180.746	110
180.749	111
180.753	111
180.756	111
180.759	111
180.763	111
180.766	111
180.769	111
180.773	111
180.776	111
180.78	111
180.783	111
180.786	111
180.79	111
180.793	110
180.796	110
180.8	110
180.803	109
180.807	109
180.81	109
180.813	109
180.817	108
180.82	108
180.823	108
180.827	108
180.83	108
180.834	108
180.837	108
180.84	108
180.844	108
180.847	108
180.85	108
180.854	108
180.857	108
180.861	108
180.864	108
180.867	108
180.871	108
180.874	108
180.877	108
180.881	108
180.884	108
180.888	108
180.891	108
180.894	108
180.898	108
180.901	108
180.904	108
180.908	108
180.911	108
180.914	108
180.918	108
180.921	108
180.925	108
180.928	107
180.931	107
180.935	107
180.938	107
180.941	107
180.945	107
180.948	107
180.952	107
180.955	107
180.958	107
180.962	107
180.965	107
180.968	107
180.972	107
180.975	107
180.979	107
180.982	107
180.985	107
180.989	107
180.992	107
180.995	107
180.999	107
181.002	107
181.006	107
181.009	106
181.012	106
181.016	106
181.019	106
181.022	105
181.026	105
181.029	105
181.033	105
181.036	105
181.039	105
181.043	105
181.046	105
181.049	105
181.053	104
181.056	104
181.06	104
181.063	104
181.066	104
181.07	104
181.073	104
181.076	104
181.08	104
181.083	104
181.087	104
181.09	104
181.093	104
181.097	104
181.1	104
181.104	104
181.107	104
181.111	104
181.114	104
181.117	104
181.121	104
181.124	104
181.128	104
181.131	104
181.134	104
181.138	104
181.141	105
181.144	105
181.148	105
181.151	105
181.155	105
181.158	105
181.161	105
181.165	105
181.168	105
181.171	105
181.175	105
181.178	105
181.182	105
181.185	105
181.188	105
181.192	105
181.195	105
181.198	105
181.202	105
181.205	105
181.209	105
181.212	105
181.215	105
181.219	104
181.222	104
181.225	104
181.229	104
181.232	104
181.236	104
181.239	104
181.242	104
181.246	104
181.249	104
181.252	104
181.256	104
181.259	104
181.262	104
181.266	104
181.269	104
181.273	104
181.276	104
181.279	104
181.283	104
181.286	104
181.289	104
181.293	104
181.296	104
181.3	104
181.303	104
181.306	104
181.31	104
181.313	105
181.316	105
181.32	105
181.323	106
181.327	106
181.33	106
181.333	106
181.337	106
181.34	107
181.343	107
181.347	107
181.35	107
181.354	107
181.357	107
181.36	107
181.364	107
181.367	107
181.37	107
181.374	107
181.377	107
181.381	107
181.384	107
181.387	107
181.391	107
181.394	107
181.397	107
181.401	107
181.404	107
181.408	107
181.411	107
181.414	107
181.418	107
181.421	107
181.424	107
181.428	107
181.431	107
181.435	107
181.438	107
181.441	107
181.445	107
181.448	107
181.451	107
181.455	107
181.458	107
181.461	107
181.465	107
181.468	107
181.472	107
181.475	107
181.478	107
181.482	107
181.485	107
181.488	107
181.492	107
181.495	107
181.499	107
181.502	107
181.505	107
181.509	107
181.512	107
181.515	107
181.519	108
181.522	108
181.526	109
181.529	109
181.532	109
181.536	109
181.539	109
181.542	110
181.546	110
181.549	110
181.553	110
181.556	110
181.559	110
181.563	110
181.566	110
181.569	110
181.573	110
181.576	111
181.58	111
181.583	111
181.586	111
181.59	111
181.593	111
181.596	111
181.6	111
181.603	111
181.607	111
181.61	111
181.613	111
181.617	111
181.62	111
181.623	110
181.627	110
181.63	110
181.634	109
181.637	109
181.64	109
181.644	109
181.647	109
181.65	108
181.654	108
181.657	108
181.66	108
181.664	108
181.667	108
181.671	108
181.674	108
181.677	108
181.681	108
181.684	108
181.687	108
181.691	108
181.694	108
181.698	108
181.701	107
181.704	107
181.708	107
181.711	107
181.714	107
181.718	107
181.721	107
181.725	107
181.728	107
181.731	107
181.735	107
181.738	107
181.741	107
181.745	107
181.748	107
181.752	107
181.755	107
181.758	107
181.762	107
181.765	107
181.768	107
181.772	107
181.775	107
181.779	107
181.782	107
181.785	107
181.789	107
181.792	107
181.795	107
181.799	107
181.802	107
181.806	107
181.809	107
181.812	107
181.816	107
181.819	107
181.822	107
181.826	107
181.829	107
181.833	107
181.836	107
181.839	106
181.843	106
181.846	106
181.849	106
181.853	105
181.856	105
181.859	105
181.863	105
181.866	105
181.87	105
181.873	105
181.876	105
181.88	104
181.883	104
181.886	104
181.89	104
181.893	104
181.897	104
181.9	104
181.903	104
181.907	104
181.91	104
181.913	104
181.917	104
181.92	104
181.924	104
181.927	104
181.93	104
181.934	104
181.938	104
181.941	104
181.944	104
181.948	104
181.951	105
181.955	105
181.958	105
181.961	105
181.965	105
181.968	105
181.971	105
181.975	105
181.978	105
181.982	105
181.985	105
181.988	105
181.992	105
181.995	105
181.998	105
182.002	105
182.005	105
182.008	105
182.012	105
182.015	105
182.019	105
182.022	105
182.025	105
182.029	105
182.032	105
182.035	105
182.039	105
182.042	105
182.046	104
182.049	104
182.052	104
182.056	104
182.059	104
182.062	104
182.066	104
182.069	104
182.073	104
182.076	104
182.079	104
182.083	104
182.086	104
182.089	104
182.093	104
182.096	104
182.1	104
182.103	104
182.106	104
182.11	104
182.113	104
182.116	104
182.12	104
182.123	104
182.127	104
182.13	104
182.133	104
182.137	104
182.14	104
182.143	105
182.147	105
182.15	105
182.154	106
182.157	106
182.16	106
182.164	106
182.167	106
182.17	107
182.174	107
182.177	107
182.181	107
182.184	107
182.187	107
182.191	107
182.194	107
182.197	107
182.201	107
182.204	107
182.207	107
182.211	107
182.214	107
182.218	107
182.221	107
182.224	107
182.228	107
182.231	107
182.234	107
182.238	107
182.241	107
182.245	107
182.248	107
182.251	107
182.255	107
182.258	107
182.261	107
182.265	107
182.268	107
182.272	107
182.275	107
182.278	107
182.282	107
182.285	107
182.288	107
182.292	107
182.295	107
182.299	107
182.302	107
182.305	107
182.309	107
182.312	107
182.315	107
182.319	107
182.322	107
182.326	107
182.329	107
182.332	107
182.336	107
182.339	107
182.342	107
182.346	107
182.349	108
182.353	108
182.356	109
182.359	109
182.363	109
182.366	109
182.369	110
182.373	110
182.376	110
182.38	110
182.383	110
182.386	110
182.39	110
182.393	110
182.396	110
182.4	110
182.403	110
182.406	110
182.41	110
182.413	111
182.417	111
182.42	111
182.423	111
182.427	111
182.43	111
182.433	111
182.437	111
182.44	111
182.444	111
182.447	111
182.45	111
182.454	110
182.457	110
182.46	110
182.464	109
182.467	109
182.471	109
182.474	109
182.477	108
182.481	108
182.484	108
182.487	108
182.491	108
182.494	108
182.498	108
182.501	108
182.504	108
182.508	108
182.511	108
182.514	108
182.518	108
182.521	108
182.525	108
182.528	108
182.531	108
182.535	108
182.538	108
182.541	108
182.545	108
182.548	108
182.552	108
182.555	108
182.558	108
182.562	108
182.565	108
182.568	108
182.572	108
182.575	108
182.578	108
182.582	108
182.585	108
182.589	108
182.592	107
182.595	107
182.599	107
182.602	107
182.605	107
182.609	107
182.612	107
182.616	107
182.619	107
182.622	107
182.626	107
182.629	107
182.632	107
182.636	107
182.639	107
182.643	107
182.646	107
182.649	107
182.653	107
182.656	107
182.659	107
182.663	107
182.666	107
182.67	106
182.673	106
182.676	106
182.68	105
182.683	105
182.686	105
182.69	105
182.693	105
182.697	105
182.7	105
182.703	105
182.707	105
182.71	105
182.713	105
182.717	104
182.72	104
182.724	104
182.727	104
182.73	104
182.734	104
182.737	104
182.74	104
182.744	104
182.747	104
182.751	104
182.754	104
182.757	104
182.761	104
182.765	104
182.768	104
182.771	104
182.775	104
182.778	104
182.781	104
182.785	104
182.788	104
182.792	104
182.795	104
182.798	104
182.802	104
182.805	105
182.808	105
182.812	105
182.815	105
182.819	105
182.822	105
182.825	105
182.829	105
182.832	105
182.835	105
182.839	105
182.842	105
182.846	105
182.849	105
182.852	105
182.856	105
182.859	105
182.862	105
182.866	105
182.869	105
182.873	105
182.876	104
182.879	104
182.883	104
182.886	104
182.889	104
182.893	104
182.896	104
182.9	104
182.903	104
182.906	104
182.91	104
182.913	104
182.916	104
182.92	104
182.923	104
182.927	104
182.93	104
182.933	104
182.937	104
182.94	104
182.943	104
182.947	104
182.95	104
182.953	104
182.957	104
182.96	104
182.964	104
182.967	104
182.97	104
182.974	105
182.977	105
182.98	105
182.984	106
182.987	106
182.991	106
182.994	106
182.997	106
183.001	106
183.004	107
183.007	107
183.011	107
183.014	107
183.018	107
183.021	107
183.024	107
183.028	107
183.031	107
183.034	107
183.038	107
183.041	107
183.045	107
183.048	107
183.051	107
183.055	107
183.058	107
183.061	107
183.065	107
183.068	107
183.072	107
183.075	107
183.078	107
183.082	107
183.085	107
183.088	107
183.092	107
183.095	107
183.099	107
183.102	107
183.105	107
183.109	107
183.112	107
183.115	107
183.119	107
183.122	107
183.125	107
183.129	107
183.132	107
183.136	107
183.139	107
183.142	107
183.146	107
183.149	107
183.152	107
183.156	107
183.159	107
183.163	107
183.166	107
183.169	107
183.173	107
183.176	107
183.179	108
183.183	108
183.186	109
183.19	109
183.193	109
183.196	109
183.2	109
183.203	110
183.206	110
183.21	110
183.213	110
183.217	110
183.22	110
183.223	110
183.227	110
183.23	110
183.233	110
183.237	110
183.24	111
183.244	111
183.247	111
183.25	111
183.254	111
183.257	111
183.26	111
183.264	111
183.267	111
183.271	111
183.274	111
183.277	111
183.281	111
183.284	110
183.287	110
183.291	110
183.294	109
183.298	109
183.301	109
183.304	109
183.308	109
183.311	108
183.314	108
183.318	108
183.321	108
183.324	108
183.328	108
183.331	108
183.335	108
183.338	108
183.341	108
183.345	108
183.348	108
183.351	108
183.355	108
183.358	108
183.362	108
183.365	107
183.368	107
183.372	107
183.375	107
183.378	107
183.382	107
183.385	107
183.389	107
183.392	107
183.395	107
183.399	107
183.402	107
183.405	107
183.409	107
183.412	107
183.416	107
183.419	107
183.422	107
183.426	107
183.429	107
183.432	107
183.436	107
183.439	107
183.443	107
183.446	107
183.449	107
183.453	107
183.456	107
183.459	107
183.463	107
183.466	107
183.47	107
183.473	107
183.476	107
183.48	107
183.483	107
183.486	107
183.49	107
183.493	107
183.497	107
183.5	106
183.503	106
183.507	106
183.51	106
183.513	105
183.517	105
183.52	105
183.523	105
183.527	105
183.53	105
183.534	105
183.537	104
183.54	104
183.544	104
183.547	104
183.55	104
183.554	104
183.557	104
183.561	104
183.564	104
183.567	104
183.571	104
183.574	104
183.577	104
183.581	104
183.584	104
183.588	104
183.591	104
183.595	104
183.598	104
183.602	104
183.605	104
183.608	104
183.612	104
183.615	105
183.619	105
183.622	105
183.625	105
183.629	105
183.632	105
183.635	105
183.639	105
183.642	105
183.646	105
183.649	105
183.652	105
183.656	105
183.659	105
183.662	105
183.666	105
183.669	105
183.672	105
183.676	105
183.679	105
183.683	105
183.686	105
183.689	105
183.693	105
183.696	105
183.699	105
183.703	105
183.706	105
183.71	104
183.713	104
183.716	104
183.72	104
183.723	104
183.726	104
183.73	104
183.733	104
183.737	104
183.74	104
183.743	104
183.747	104
183.75	104
183.753	104
183.757	104
183.76	104
183.764	104
183.767	104
183.77	104
183.774	104
183.777	104
183.78	104
183.784	104
183.787	104
183.791	104
183.794	104
183.797	104
183.801	105
183.804	105
183.807	105
183.811	106
183.814	106
183.818	106
183.821	106
183.824	106
183.828	106
183.831	107
183.834	107
183.838	107
183.841	107
183.845	107
183.848	107
183.851	107
183.855	107
183.858	107
183.861	107
183.865	107
183.868	107
183.871	107
183.875	107
183.878	107
183.882	107
183.885	107
183.888	107
183.892	107
183.895	107
183.898	107
183.902	107
183.905	107
183.909	107
183.912	107
183.915	107
183.919	107
183.922	107
183.925	107
183.929	107
183.932	107
183.936	107
183.939	107
183.942	107
183.946	107
183.949	107
183.952	107
183.956	107
183.959	107
183.963	107
183.966	107
183.969	107
183.973	107
183.976	107
183.979	107
183.983	107
183.986	107
183.99	107
183.993	107
183.996	107
184	107
184.003	107
184.006	107
184.01	108
184.013	108
184.017	109
184.02	109
184.023	109
184.027	109
184.03	110
184.033	110
184.037	110
184.04	110
184.044	110
184.047	110
184.05	110
184.054	110
184.057	110
184.06	110
184.064	110
184.067	111
184.07	111
184.074	111
184.077	111
184.081	111
184.084	111
184.087	111
184.091	111
184.094	111
184.097	111
184.101	111
184.104	111
184.108	111
184.111	111
184.114	110
184.118	110
184.121	110
184.124	109
184.128	109
184.131	109
184.135	109
184.138	108
184.141	108
184.145	108
184.148	108
184.151	108
184.155	108
184.158	108
184.162	108
184.165	108
184.168	108
184.172	108
184.175	108
184.178	108
184.182	108
184.185	108
184.189	108
184.192	108
184.195	108
184.199	108
184.202	108
184.205	108
184.209	108
184.212	108
184.216	108
184.219	108
184.222	108
184.226	108
184.229	108
184.232	108
184.236	108
184.239	108
184.242	108
184.246	108
184.249	108
184.253	108
184.256	107
184.259	107
184.263	107
184.266	107
184.269	107
184.273	107
184.276	107
184.28	107
184.283	107
184.286	107
184.29	107
184.293	107
184.296	107
184.3	107
184.303	107
184.307	107
184.31	107
184.313	107
184.317	107
184.32	107
184.323	107
184.327	107
184.33	106
184.334	106
184.337	106
184.34	106
184.344	105
184.347	105
184.35	105
184.354	105
184.357	105
184.361	105
184.364	105
184.367	105
184.371	104
184.374	104
184.377	104
184.381	104
184.384	104
184.388	104
184.391	104
184.394	104
184.398	104
184.401	104
184.404	104
184.408	104
184.411	104
184.415	104
184.418	104
184.421	104
184.425	104
184.429	104
184.432	104
184.435	104
184.439	104
184.442	104
184.445	104
184.449	104
184.452	104
184.456	104
184.459	104
184.462	104
184.466	104
184.469	105
184.472	105
184.476	105
184.479	105
184.483	105
184.486	105
184.489	105
184.493	105
184.496	105
184.499	105
184.503	105
184.506	105
184.51	105
184.513	105
184.516	105
184.52	105
184.523	105
184.526	105
184.53	105
184.533	105
184.537	105
184.54	104
184.543	104
184.547	104
184.55	104
184.553	104
184.557	104
184.56	104
184.564	104
184.567	104
184.57	104
184.574	104
184.577	104
184.58	104
184.584	104
184.587	104
184.591	104
184.594	104
184.597	104
184.601	104
184.604	104
184.607	104
184.611	104
184.614	104
184.617	104
184.621	104
184.624	104
184.628	104
184.631	104
184.634	105
184.638	105
184.641	105
184.644	106
184.648	106
184.651	106
184.655	106
184.658	106
184.661	106
184.665	107
184.668	107
184.671	107
184.675	107
184.678	107
184.682	107
184.685	107
184.688	107
184.692	107
184.695	107
184.698	107
184.702	107
184.705	107
184.709	107
184.712	107
184.715	107
184.719	107
184.722	107
184.725	107
184.729	107
184.732	107
184.736	107
184.739	107
184.742	107
184.746	107
184.749	107
184.752	107
184.756	107
184.759	107
184.763	107
184.766	107
184.769	107
184.773	107
184.776	107
184.779	107
184.783	107
184.786	107
184.789	107
184.793	107
184.796	107
184.8	107
184.803	107
184.806	107
184.81	107
184.813	107
184.816	107
184.82	107
184.823	107
184.827	107
184.83	107
184.833	107
184.837	107
184.84	108
184.843	108
184.847	108
184.85	109
184.854	109
184.857	109
184.86	109
184.864	110
184.867	110
184.87	110
184.874	110
184.877	110
184.881	110
184.884	110
184.887	110
184.891	110
184.894	110
184.897	110
184.901	110
184.904	111
184.908	111
184.911	111
184.914	111
184.918	111
184.921	111
184.924	111
184.928	111
184.931	111
184.935	111
184.938	111
184.941	111
184.945	110
184.948	110
184.951	110
184.955	109
184.958	109
184.962	109
184.965	109
184.968	109
184.972	109
184.975	108
184.978	108
184.982	108
184.985	108
184.988	108
184.992	108
184.995	108
184.999	108
185.002	108
185.005	108
185.009	108
185.012	108
185.015	108
185.019	108
185.022	108
185.026	108
185.029	107
185.032	107
185.036	107
185.039	107
185.042	107
185.046	107
185.049	107
185.053	107
185.056	107
185.059	107
185.063	107
185.066	107
185.069	107
185.073	107
185.076	107
185.08	107
185.083	107
185.086	107
185.09	107
185.093	107
185.096	107
185.1	107
185.103	107
185.107	107
185.11	107
185.113	107
185.117	107
185.12	107
185.123	107
185.127	107
185.13	107
185.134	107
185.137	107
185.14	107
185.144	107
185.147	107
185.15	107
185.154	107
185.157	107
185.161	106
185.164	106
185.167	106
185.171	106
185.174	105
185.177	105
185.181	105
185.184	105
185.187	105
185.191	105
185.194	105
185.198	105
185.201	104
185.204	104
185.208	104
185.211	104
185.214	104
185.218	104
185.221	104
185.225	104
185.228	104
185.231	104
185.235	104
185.238	104
185.241	104
185.245	104
185.248	104
185.252	104
185.256	104
185.259	104
185.262	104
185.266	104
185.269	104
185.272	104
185.276	104
185.279	105
185.283	105
185.286	105
185.289	105
185.293	105
185.296	105
185.299	105
185.303	105
185.306	105
185.31	105
185.313	105
185.316	105
185.32	105
185.323	105
185.326	105
185.33	105
185.333	105
185.336	105
185.34	105
185.343	105
185.347	105
185.35	105
185.353	105
185.357	105
185.36	105
185.363	105
185.367	104
185.37	104
185.374	104
185.377	104
185.38	104
185.384	104
185.387	104
185.39	104
185.394	104
185.397	104
185.401	104
185.404	104
185.407	104
185.411	104
185.414	104
185.417	104
185.421	104
185.424	104
185.428	104
185.431	104
185.434	104
185.438	104
185.441	104
185.444	104
185.448	104
185.451	104
185.455	104
185.458	104
185.461	104
185.465	105
185.468	105
185.471	105
185.475	106
185.478	106
185.482	106
185.485	106
185.488	106
185.492	107
185.495	107
185.498	107
185.502	107
185.505	107
185.509	107
185.512	107
185.515	107
185.519	107
185.522	107
185.525	107
185.529	107
185.532	107
185.535	107
185.539	107
185.542	107
185.546	107
185.549	107
185.552	107
185.556	107
185.559	107
185.562	107
185.566	107
185.569	107
185.573	107
185.576	107
185.579	107
185.583	107
185.586	107
185.589	107
185.593	107
185.596	107
185.6	107
185.603	107
185.606	107
185.61	107
185.613	107
185.616	107
185.62	107
185.623	107
185.627	107
185.63	107
185.633	107
185.637	107
185.64	107
185.643	107
185.647	107
185.65	107
185.654	107
185.657	107
185.66	107
185.664	107
185.667	107
185.67	108
185.674	108
185.677	109
185.681	109
185.684	109
185.687	109
185.691	109
185.694	110
185.697	110
185.701	110
185.704	110
185.708	110
185.711	110
185.714	110
185.718	110
185.721	110
185.724	110
185.728	110
185.731	111
185.734	111
185.738	111
185.741	111
185.745	111
185.748	111
185.751	111
185.755	111
185.758	111
185.761	111
185.765	111
185.768	111
185.772	111
185.775	110
185.778	110
185.782	110
185.785	109
185.788	109
185.792	109
185.795	109
185.799	109
185.802	108
185.805	108
185.809	108
185.812	108
185.815	108
185.819	108
185.822	108
185.826	108
185.829	108
185.832	108
185.836	108
185.839	108
185.842	108
185.846	108
185.849	108
185.853	108
185.856	108
185.859	108
185.863	108
185.866	108
185.869	108
185.873	108
185.876	108
185.88	108
185.883	108
185.886	108
185.89	108
185.893	108
185.896	108
185.9	108
185.903	108
185.907	108
185.91	108
185.913	108
185.917	108
185.92	107
185.923	107
185.927	107
185.93	107
185.933	107
185.937	107
185.94	107
185.944	107
185.947	107
185.95	107
185.954	107
185.957	107
185.96	107
185.964	107
185.967	107
185.971	107
185.974	107
185.977	107
185.981	107
185.984	107
185.987	107
185.991	106
185.994	106
185.998	106
186.001	105
186.004	105
186.008	105
186.011	105
186.014	105
186.018	105
186.021	105
186.025	105
186.028	105
186.031	105
186.035	104
186.038	104
186.041	104
186.045	104
186.048	104
186.052	104
186.055	104
186.058	104
186.062	104
186.065	104
186.068	104
186.072	104
186.075	104
186.079	104
186.082	104
186.086	104
186.089	104
186.093	104
186.096	104
186.099	104
186.103	104
186.106	104
186.109	104
186.113	104
186.116	104
186.12	104
186.123	104
186.126	104
186.13	104
186.133	105
186.136	105
186.14	105
186.143	105
186.147	105
186.15	105
186.153	105
186.157	105
186.16	105
186.163	105
186.167	105
186.17	105
186.174	105
186.177	105
186.18	105
186.184	105
186.187	105
186.19	105
186.194	105
186.197	105
186.201	105
186.204	104
186.207	104
186.211	104
186.214	104
186.217	104
186.221	104
186.224	104
186.228	104
186.231	104
186.234	104
186.238	104
186.241	104
186.244	104
186.248	104
186.251	104
186.255	104
186.258	104
186.261	104
186.265	104
186.268	104
186.271	104
186.275	104
186.278	104
186.281	104
186.285	104
186.288	104
186.292	105
186.295	105
186.298	105
186.302	105
186.305	106
186.308	106
186.312	106
186.315	106
186.319	106
186.322	106
186.325	107
186.329	107
186.332	107
186.335	107
186.339	107
186.342	107
186.346	107
186.349	107
186.352	107
186.356	107
186.359	107
186.362	107
186.366	107
186.369	107
186.373	107
186.376	107
186.379	107
186.383	107
186.386	107
186.389	107
186.393	107
186.396	107
186.4	107
186.403	107
186.406	107
186.41	107
186.413	107
186.416	107
186.42	107
186.423	107
186.427	107
186.43	107
186.433	107
186.437	107
186.44	107
186.443	107
186.447	107
186.45	107
186.454	107
186.457	107
186.46	107
186.464	107
186.467	107
186.47	107
186.474	107
186.477	107
186.48	107
186.484	107
186.487	107
186.491	107
186.494	107
186.497	107
186.501	108
186.504	108
186.507	109
186.511	109
186.514	109
186.518	109
186.521	109
186.524	110
186.528	110
186.531	110
186.534	110
186.538	110
186.541	110
186.545	110
186.548	110
186.551	110
186.555	110
186.558	110
186.561	110
186.565	110
186.568	111
186.572	111
186.575	111
186.578	111
186.582	111
186.585	111
186.588	111
186.592	111
186.595	111
186.599	111
186.602	111
186.605	110
186.609	110
186.612	110
186.615	109
186.619	109
186.622	109
186.626	109
186.629	109
186.632	108
186.636	108
186.639	108
186.642	108
186.646	108
186.649	108
186.652	108
186.656	108
186.659	108
186.663	108
186.666	108
186.669	108
186.673	108
186.676	108
186.679	108
186.683	108
186.686	108
186.69	108
186.693	107
186.696	107
186.7	107
186.703	107
186.706	107
186.71	107
186.713	107
186.717	107
186.72	107
186.723	107
186.727	107
186.73	107
186.733	107
186.737	107
186.74	107
186.744	107
186.747	107
186.75	107
186.754	107
186.757	107
186.76	107
186.764	107
186.767	107
186.771	107
186.774	107
186.777	107
186.781	107
186.784	107
186.787	107
186.791	107
186.794	107
186.798	107
186.801	107
186.804	107
186.808	107
186.811	107
186.814	107
186.818	107
186.821	106
186.825	106
186.828	106
186.831	106
186.835	105
186.838	105
186.841	105
186.845	105
186.848	105
186.851	105
186.855	105
186.858	105
186.862	105
186.865	104
186.868	104
186.872	104
186.875	104
186.878	104
186.882	104
186.885	104
186.889	104
186.892	104
186.895	104
186.899	104
186.902	104
186.905	104
186.909	104
186.912	104
186.916	104
186.92	104
186.923	104
186.926	104
186.93	104
186.933	104
186.936	104
186.94	104
186.943	104
186.947	104
186.95	104
186.953	104
186.957	104
186.96	105
186.963	105
186.967	105
186.97	105
186.974	105
186.977	105
186.98	105
186.984	105
186.987	105
186.99	105
186.994	105
186.997	105
187.001	105
187.004	105
187.007	105
187.011	105
187.014	105
187.017	105
187.021	104
187.024	104
187.027	104
187.031	104
187.034	104
187.038	104
187.041	104
187.044	104
187.048	104
187.051	104
187.054	104
187.058	104
187.061	104
187.065	104
187.068	104
187.071	104
187.075	104
187.078	104
187.081	104
187.085	104
187.088	104
187.092	104
187.095	104
187.098	104
187.102	104
187.105	104
187.108	104
187.112	104
187.115	104
187.119	104
187.122	105
187.125	105
187.129	105
187.132	106
187.135	106
187.139	106
187.142	106
187.146	106
187.149	106
187.152	107
187.156	107
187.159	107
187.162	107
187.166	107
187.169	107
187.173	107
187.176	107
187.179	107
187.183	107
187.186	107
187.189	107
187.193	107
187.196	107
187.199	107
187.203	107
187.206	107
187.21	107
187.213	107
187.216	107
187.22	107
187.223	107
187.226	107
187.23	107
187.233	107
187.237	107
187.24	107
187.243	107
187.247	107
187.25	107
187.253	107
187.257	107
187.26	107
187.264	107
187.267	107
187.27	107
187.274	107
187.277	107
187.28	107
187.284	107
187.287	107
187.291	107
187.294	107
187.297	107
187.301	107
187.304	107
187.307	107
187.311	107
187.314	107
187.318	107
187.321	107
187.324	107
187.328	107
187.331	108
187.334	108
187.338	109
187.341	109
187.345	109
187.348	109
187.351	110
187.355	110
187.358	110
187.361	110
187.365	110
187.368	110
187.372	110
187.375	110
187.378	110
187.382	110
187.385	111
187.388	111
187.392	111
187.395	111
187.398	111
187.402	111
187.405	111
187.409	111
187.412	111
187.415	111
187.419	111
187.422	111
187.425	111
187.429	111
187.432	111
187.436	110
187.439	110
187.442	110
187.446	109
187.449	109
187.452	109
187.456	109
187.459	109
187.463	108
187.466	108
187.469	108
187.473	108
187.476	108
187.479	108
187.483	108
187.486	108
187.49	108
187.493	108
187.496	108
187.5	108
187.503	108
187.506	108
187.51	108
187.513	108
187.517	108
187.52	108
187.523	108
187.527	108
187.53	108
187.533	108
187.537	108
187.54	108
187.544	108
187.547	108
187.55	108
187.554	108
187.557	108
187.56	108
187.564	108
187.567	108
187.571	108
187.574	108
187.577	108
187.581	108
187.584	107
187.587	107
187.591	107
187.594	107
187.597	107
187.601	107
187.604	107
187.608	107
187.611	107
187.614	107
187.618	107
187.621	107
187.624	107
187.628	107
187.631	107
187.635	107
187.638	107
187.641	107
187.645	107
187.648	107
187.651	106
187.655	106
187.658	106
187.662	105
187.665	105
187.668	105
187.672	105
187.675	105
187.678	105
187.682	105
187.685	105
187.689	105
187.692	104
187.695	104
187.699	104
187.702	104
187.705	104
187.709	104
187.712	104
187.716	104
187.719	104
187.722	104
187.726	104
187.729	104
187.732	104
187.736	104
187.739	104
187.743	104
187.746	104
187.75	104
187.753	104
187.757	104
187.76	104
187.763	104
187.767	104
187.77	105
187.773	105
187.777	105
187.78	105
187.784	105
187.787	105
187.79	105
187.794	105
187.797	105
187.8	105
187.804	105
187.807	105
187.811	105
187.814	105
187.817	105
187.821	105
187.824	105
187.827	105
187.831	105
187.834	105
187.838	105
187.841	105
187.844	105
187.848	105
187.851	105
187.854	105
187.858	104
187.861	104
187.865	104
187.868	104
187.871	104
187.875	104
187.878	104
187.881	104
187.885	104
187.888	104
187.892	104
187.895	104
187.898	104
187.902	104
187.905	104
187.908	104
187.912	104
187.915	104
187.919	104
187.922	104
187.925	104
187.929	104
187.932	104
187.935	104
187.939	104
187.942	104
187.945	104
187.949	104
187.952	105
187.956	105
187.959	105
187.962	105
187.966	106
187.969	106
187.972	106
187.976	106
187.979	106
187.983	107
187.986	107
187.989	107
187.993	107
187.996	107
187.999	107
188.003	107
188.006	107
188.01	107
188.013	107
188.016	107
188.02	107
188.023	107
188.026	107
188.03	107
188.033	107
188.037	107
188.04	107
188.043	107
188.047	107
188.05	107
188.053	107
188.057	107
188.06	107
188.064	107
188.067	107
188.07	107
188.074	107
188.077	107
188.08	107
188.084	107
188.087	107
188.091	107
188.094	107
188.097	107
188.101	107
188.104	107
188.107	107
188.111	107
188.114	107
188.118	107
188.121	107
188.124	107
188.128	107
188.131	107
188.134	107
188.138	107
188.141	107
188.144	107
188.148	107
188.151	107
188.155	107
188.158	107
188.161	108
188.165	108
188.168	109
188.171	109
188.175	109
188.178	109
188.182	109
188.185	110
188.188	110
188.192	110
188.195	110
188.198	110
188.202	110
188.205	110
188.209	110
188.212	110
188.215	110
188.219	110
188.222	111
188.225	111
188.229	111
188.232	111
188.236	111
188.239	111
188.242	111
188.246	111
188.249	111
188.252	111
188.256	111
188.259	111
188.263	111
188.266	110
188.269	110
188.273	110
188.276	109
188.279	109
188.283	109
188.286	109
188.29	109
188.293	108
188.296	108
188.3	108
188.303	108
188.306	108
188.31	108
188.313	108
188.317	108
188.32	108
188.323	108
188.327	108
188.33	108
188.333	108
188.337	108
188.34	108
188.343	108
188.347	108
188.35	108
188.354	108
188.357	107
188.36	107
188.364	107
188.367	107
188.37	107
188.374	107
188.377	107
188.381	107
188.384	107
188.387	107
188.391	107
188.394	107
188.397	107
188.401	107
188.404	107
188.408	107
188.411	107
188.414	107
188.418	107
188.421	107
188.424	107
188.428	107
188.431	107
188.435	107
188.438	107
188.441	107
188.445	107
188.448	107
188.451	107
188.455	107
188.458	107
188.462	107
188.465	107
188.468	107
188.472	107
188.475	107
188.478	107
188.482	106
188.485	106
188.489	106
188.492	106
188.495	105
188.499	105
188.502	105
188.505	105
188.509	105
188.512	105
188.515	105
188.519	105
188.522	105
188.526	104
188.529	104
188.532	104
188.536	104
188.539	104
188.542	104
188.546	104
188.549	104
188.553	104
188.556	104
188.559	104
188.563	104
188.566	104
188.569	104
188.573	104
188.577	104
188.58	104
188.584	104
188.587	104
188.59	104
188.594	104
188.597	104
188.6	104
188.604	104
188.607	104
188.611	104
188.614	104
188.617	104
188.621	104
188.624	105
188.627	105
188.631	105
188.634	105
188.638	105
188.641	105
188.644	105
188.648	105
188.651	105
188.654	105
188.658	105
188.661	105
188.665	105
188.668	105
188.671	105
188.675	105
188.678	105
188.681	105
188.685	104
188.688	104
188.691	104
188.695	104
188.698	104
188.702	104
188.705	104
188.708	104
188.712	104
188.715	104
188.718	104
188.722	104
188.725	104
188.729	104
188.732	104
188.735	104
188.739	104
188.742	104
188.745	104
188.749	104
188.752	104
188.756	104
188.759	104
188.762	104
188.766	104
188.769	104
188.772	104
188.776	104
188.779	104
188.783	105
188.786	105
188.789	105
188.793	105
188.796	106
188.799	106
188.803	106
188.806	106
188.81	106
188.813	107
188.816	107
188.82	107
188.823	107
188.826	107
188.83	107
188.833	107
188.837	107
188.84	107
188.843	107
188.847	107
188.85	107
188.853	107
188.857	107
188.86	107
188.864	107
188.867	107
188.87	107
188.874	107
188.877	107
188.88	107
188.884	107
188.887	107
188.89	107
188.894	107
188.897	107
188.901	107
188.904	107
188.907	107
188.911	107
188.914	107
188.917	107
188.921	107
188.924	107
188.928	107
188.931	107
188.934	107
188.938	107
188.941	107
188.944	107
188.948	107
188.951	107
188.955	107
188.958	107
188.961	107
188.965	107
188.968	107
188.971	107
188.975	107
188.978	107
188.982	107
188.985	107
188.988	107
188.992	108
188.995	108
188.998	109
189.002	109
189.005	109
189.009	109
189.012	109
189.015	110
189.019	110
189.022	110
189.025	110
189.029	110
189.032	110
189.036	110
189.039	110
189.042	110
189.046	110
189.049	111
189.052	111
189.056	111
189.059	111
189.062	111
189.066	111
189.069	111
189.073	111
189.076	111
189.079	111
189.083	111
189.086	111
189.089	111
189.093	111
189.096	110
189.1	110
189.103	110
189.106	109
189.11	109
189.113	109
189.116	109
189.12	109
189.123	108
189.127	108
189.13	108
189.133	108
189.137	108
189.14	108
189.143	108
189.147	108
189.15	108
189.154	108
189.157	108
189.16	108
189.164	108
189.167	108
189.17	108
189.174	108
189.177	108
189.181	108
189.184	108
189.187	108
189.191	108
189.194	108
189.197	108
189.201	108
189.204	108
189.208	108
189.211	108
189.214	108
189.218	108
189.221	108
189.224	108
189.228	108
189.231	108
189.235	108
189.238	108
189.241	108
189.245	108
189.248	108
189.251	108
189.255	108
189.258	108
189.261	108
189.265	108
189.268	108
189.272	108
189.275	107
189.278	107
189.282	107
189.285	107
189.288	107
189.292	107
189.295	107
189.299	107
189.302	107
189.305	107
189.309	107
189.312	106
189.315	106
189.319	106
189.322	106
189.326	105
189.329	105
189.332	105
189.336	105
189.339	105
189.342	105
189.346	105
189.349	105
189.353	104
189.356	104
189.359	104
189.363	104
189.366	104
189.369	104
189.373	104
189.376	104
189.38	104
189.383	104
189.386	104
189.39	104
189.393	104
189.396	104
189.4	104
189.403	104
189.407	104
189.411	104
189.414	104
189.417	104
189.421	104
189.424	104
189.427	104
189.431	104
189.434	105
189.437	105
189.441	105
189.444	105
189.448	105
189.451	105
189.454	105
189.458	105
189.461	105
189.464	105
189.468	105
189.471	105
189.475	105
189.478	105
189.481	105
189.485	105
189.488	105
189.491	105
189.495	105
189.498	105
189.502	105
189.505	105
189.508	105
189.512	104
189.515	104
189.518	104
189.522	104
189.525	104
189.529	104
189.532	104
189.535	104
189.539	104
189.542	104
189.545	104
189.549	104
189.552	104
189.556	104
189.559	104
189.562	104
189.566	104
189.569	104
189.572	104
189.576	104
189.579	104
189.583	104
189.586	104
189.589	104
189.593	104
189.596	104
189.599	104
189.603	104
189.606	104
189.609	104
189.613	105
189.616	105
189.62	105
189.623	105
189.626	106
189.63	106
189.633	106
189.636	106
189.64	106
189.643	107
189.647	107
189.65	107
189.653	107
189.657	107
189.66	107
189.663	107
189.667	107
189.67	107
189.674	107
189.677	107
189.68	107
189.684	107
189.687	107
189.69	107
189.694	107
189.697	107
189.701	107
189.704	107
189.707	107
189.711	107
189.714	107
189.717	107
189.721	107
189.724	107
189.728	107
189.731	107
189.734	107
189.738	107
189.741	107
189.744	107
189.748	107
189.751	107
189.755	107
189.758	107
189.761	107
189.765	107
189.768	107
189.771	107
189.775	107
189.778	107
189.782	107
189.785	107
189.788	107
189.792	107
189.795	107
189.798	107
189.802	107
189.805	107
189.808	107
189.812	107
189.815	107
189.819	107
189.822	108
189.825	108
189.829	108
189.832	109
189.835	109
189.839	109
189.842	110
189.846	110
189.849	110
189.852	110
189.856	110
189.859	110
189.862	110
189.866	110
189.869	110
189.873	110
189.876	110
189.879	110
189.883	110
189.886	111
189.889	111
189.893	111
189.896	111
189.9	111
189.903	111
189.906	111
189.91	111
189.913	111
189.916	111
189.92	111
189.923	111
189.927	110
189.93	110
189.933	110
189.937	109
189.94	109
189.943	109
189.947	109
189.95	109
189.954	108
189.957	108
189.96	108
189.964	108
189.967	108
189.97	108
189.974	108
189.977	108
189.981	108
189.984	108
189.987	108
189.991	108
189.994	108
189.997	108
190.001	108
190.004	108
190.007	108
190.011	108
190.014	108
190.018	108
190.021	107
190.024	107
190.028	107
190.031	107
190.034	107
190.038	107
190.041	107
190.045	107
190.048	107
190.051	107
190.055	107
190.058	107
190.061	107
190.065	107
190.068	107
190.072	107
190.075	107
190.078	107
190.082	107
190.085	107
190.088	107
190.092	107
190.095	107
190.099	107
190.102	107
190.105	107
190.109	107
190.112	107
190.115	107
190.119	107
190.122	107
190.126	107
190.129	107
190.132	107
190.136	107
190.139	107
190.142	106
190.146	106
190.149	106
190.153	106
190.156	105
190.159	105
190.163	105
190.166	105
190.169	105
190.173	105
190.176	105
190.18	105
190.183	105
190.186	105
190.19	104
190.193	104
190.196	104
190.2	104
190.203	104
190.206	104
190.21	104
190.213	104
190.217	104
190.22	104
190.223	104
190.227	104
190.23	104
190.233	104
190.237	104
190.241	104
190.244	104
190.248	104
190.251	104
190.254	104
190.258	104
190.261	105
190.264	105
190.268	105
190.271	105
190.275	105
190.278	105
190.281	105
190.285	105
190.288	105
190.291	105
190.295	105
190.298	105
190.302	105
190.305	105
190.308	105
190.312	105
190.315	105
190.318	105
190.322	105
190.325	105
190.329	105
190.332	105
190.335	105
190.339	105
190.342	105
190.345	105
190.349	104
190.352	104
190.355	104
190.359	104
190.362	104
190.366	104
190.369	104
190.372	104
190.376	104
190.379	104
190.382	104
190.386	104
190.389	104
190.393	104
190.396	104
190.399	104
190.403	104
190.406	104
190.409	104
190.413	104
190.416	104
190.42	104
190.423	104
190.426	104
190.43	104
190.433	104
190.436	104
190.44	104
190.443	104
190.447	105
190.45	105
190.453	105
190.457	106
190.46	106
190.463	106
190.467	106
190.47	106
190.474	107
190.477	107
190.48	107
190.484	107
190.487	107
190.49	107
190.494	107
190.497	107
190.501	107
190.504	107
190.507	107
190.511	107
190.514	107
190.517	107
190.521	107
190.524	107
190.528	107
190.531	107
190.534	107
190.538	107
190.541	107
190.544	107
190.548	107
190.551	107
190.554	107
190.558	107
190.561	107
190.565	107
190.568	107
190.571	107
190.575	107
190.578	107
190.581	107
190.585	107
190.588	107
190.592	107
190.595	107
190.598	107
190.602	107
190.605	107
190.608	107
190.612	107
190.615	107
190.619	107
190.622	107
190.625	107
190.629	107
190.632	107
190.635	107
190.639	107
190.642	107
190.646	107
190.649	107
190.652	108
190.656	108
190.659	109
190.662	109
190.666	109
190.669	109
190.673	110
190.676	110
190.679	110
190.683	110
190.686	110
190.689	110
190.693	110
190.696	110
190.7	110
190.703	110
190.706	111
190.71	111
190.713	111
190.716	111
190.72	111
190.723	111
190.727	111
190.73	111
190.733	111
190.737	111
190.74	111
190.743	111
190.747	111
190.75	111
190.753	111
190.757	110
190.76	110
190.764	110
190.767	109
190.77	109
190.774	109
190.777	109
190.78	109
190.784	108
190.787	108
190.791	108
190.794	108
190.797	108
190.801	108
190.804	108
190.807	108
190.811	108
190.814	108
190.818	108
190.821	108
190.824	108
190.828	108
190.831	108
190.834	108
190.838	108
190.841	108
190.845	108
190.848	108
190.851	108
190.855	108
190.858	108
190.861	108
190.865	108
190.868	108
190.872	108
190.875	108
190.878	108
190.882	108
190.885	108
190.888	108
190.892	108
190.895	108
190.899	108
190.902	108
190.905	108
190.909	108
190.912	108
190.915	108
190.919	108
190.922	108
190.925	108
190.929	108
190.932	108
190.936	108
190.939	107
190.942	107
190.946	107
190.949	107
190.952	107
190.956	107
190.959	107
190.963	107
190.966	107
190.969	107
190.973	106
190.976	106
190.979	106
190.983	106
190.986	105
190.99	105
190.993	105
190.996	105
191	105
191.003	105
191.006	105
191.01	105
191.013	105
191.017	104
191.02	104
191.023	104
191.027	104
191.03	104
191.033	104
191.037	104
191.04	104
191.044	104
191.047	104
191.05	104
191.054	104
191.057	104
191.06	104
191.064	104
191.068	104
191.071	104
191.075	104
191.078	104
191.081	104
191.085	104
191.088	104
191.091	104
191.095	104
191.098	105
191.101	105
191.105	105
191.108	105
191.112	105
191.115	105
191.118	105
191.122	105
191.125	105
191.128	105
191.132	105
191.135	105
191.139	105
191.142	105
191.145	105
191.149	105
191.152	105
191.155	105
191.159	105
191.162	105
191.166	105
191.169	105
191.172	105
191.176	104
191.179	104
191.182	104
191.186	104
191.189	104
191.193	104
191.196	104
191.199	104
191.203	104
191.206	104
191.209	104
191.213	104
191.216	104
191.22	104
191.223	104
191.226	104
191.23	104
191.233	104
191.236	104
191.24	104
191.243	104
191.247	104
191.25	104
191.253	104
191.257	104
191.26	104
191.263	104
191.267	104
191.27	104
191.274	105
191.277	105
191.28	105
191.284	106
191.287	106
191.29	106
191.294	106
191.297	106
191.3	106
191.304	107
191.307	107
191.311	107
191.314	107
191.317	107
191.321	107
191.324	107
191.327	107
191.331	107
191.334	107
191.338	107
191.341	107
191.344	107
191.348	107
191.351	107
191.354	107
191.358	107
191.361	107
191.365	107
191.368	107
191.371	107
191.375	107
191.378	107
191.381	107
191.385	107
191.388	107
191.392	107
191.395	107
191.398	107
191.402	107
191.405	107
191.408	107
191.412	107
191.415	107
191.419	107
191.422	107
191.425	107
191.429	107
191.432	107
191.435	107
191.439	107
191.442	107
191.446	107
191.449	107
191.452	107
191.456	107
191.459	107
191.462	107
191.466	107
191.469	107
191.472	107
191.476	107
191.479	107
191.483	108
191.486	108
191.489	108
191.493	109
191.496	109
191.499	109
191.503	109
191.506	110
191.51	110
191.513	110
191.516	110
191.52	110
191.523	110
191.526	110
191.53	110
191.533	110
191.537	110
191.54	110
191.543	110
191.547	110
191.55	111
191.553	111
191.557	111
191.56	111
191.564	111
191.567	111
191.57	111
191.574	111
191.577	111
191.58	111
191.584	111
191.587	110
191.591	110
191.594	110
191.597	109
191.601	109
191.604	109
191.607	109
191.611	109
191.614	108
191.618	108
191.621	108
191.624	108
191.628	108
191.631	108
191.634	108
191.638	108
191.641	108
191.645	108
191.648	108
191.651	108
191.655	108
191.658	108
191.661	108
191.665	108
191.668	108
191.671	108
191.675	108
191.678	108
191.682	108
191.685	107
191.688	107
191.692	107
191.695	107
191.698	107
191.702	107
191.705	107
191.709	107
191.712	107
191.715	107
191.719	107
191.722	107
191.725	107
191.729	107
191.732	107
191.736	107
191.739	107
191.742	107
191.746	107
191.749	107
191.752	107
191.756	107
191.759	107
191.763	107
191.766	107
191.769	107
191.773	107
191.776	107
191.779	107
191.783	107
191.786	107
191.79	107
191.793	107
191.796	107
191.8	107
191.803	106
191.806	106
191.81	106
191.813	106
191.817	105
191.82	105
191.823	105
191.827	105
191.83	105
191.833	105
191.837	105
191.84	105
191.844	105
191.847	104
191.85	104
191.854	104
191.857	104
191.86	104
191.864	104
191.867	104
191.87	104
191.874	104
191.877	104
191.881	104
191.884	104
191.887	104
191.891	104
191.894	104
191.898	104
191.901	104
191.905	104
191.908	104
191.912	104
191.915	104
191.918	104
191.922	104
191.925	105
191.928	105
191.932	105
191.935	105
191.939	105
191.942	105
191.945	105
191.949	105
191.952	105
191.955	105
191.959	105
191.962	105
191.966	105
191.969	105
191.972	105
191.976	105
191.979	105
191.982	105
191.986	105
191.989	105
191.993	105
191.996	105
191.999	105
192.003	105
192.006	105
192.009	105
192.013	104
192.016	104
192.019	104
192.023	104
192.026	104
192.03	104
192.033	104
192.036	104
192.04	104
192.043	104
192.046	104
192.05	104
192.053	104
192.057	104
192.06	104
192.063	104
192.067	104
192.07	104
192.073	104
192.077	104
192.08	104
192.084	104
192.087	104
192.09	104
192.094	104
192.097	104
192.1	104
192.104	105
192.107	105
192.111	105
192.114	105
192.117	106
192.121	106
192.124	106
192.127	106
192.131	106
192.134	107
192.138	107
192.141	107
192.144	107
192.148	107
192.151	107
192.154	107
192.158	107
192.161	107
192.165	107
192.168	107
192.171	107
192.175	107
192.178	107
192.181	107
192.185	107
192.188	107
192.192	107
192.195	107
192.198	107
192.202	107
192.205	107
192.208	107
192.212	107
192.215	107
192.218	107
192.222	107
192.225	107
192.229	107
192.232	107
192.235	107
192.239	107
192.242	107
192.245	107
192.249	107
192.252	107
192.256	107
192.259	107
192.262	107
192.266	107
192.269	107
192.272	107
192.276	107
192.279	107
192.283	107
192.286	107
192.289	107
192.293	107
192.296	107
192.299	107
192.303	107
192.306	107
192.31	107
192.313	108
192.316	108
192.32	108
192.323	109
192.326	109
192.33	109
192.333	110
192.337	110
192.34	110
192.343	110
192.347	110
192.35	110
192.353	110
192.357	110
192.36	110
192.364	110
192.367	110
192.37	111
192.374	111
192.377	111
192.38	111
192.384	111
192.387	111
192.391	111
192.394	111
192.397	111
192.401	111
192.404	111
192.407	111
192.411	111
192.414	111
192.417	110
192.421	110
192.424	110
192.428	109
192.431	109
192.434	109
192.438	109
192.441	109
192.444	108
192.448	108
192.451	108
192.455	108
192.458	108
192.461	108
192.465	108
192.468	108
192.471	108
192.475	108
192.478	108
192.482	108
192.485	108
192.488	108
192.492	108
192.495	108
192.498	108
192.502	108
192.505	108
192.509	108
192.512	108
192.515	108
192.519	108
192.522	108
192.525	108
192.529	108
192.532	108
192.536	108
192.539	108
192.542	108
192.546	108
192.549	108
192.552	108
192.556	108
192.559	108
192.563	108
192.566	108
192.569	108
192.573	108
192.576	108
192.579	108
192.583	108
192.586	108
192.589	108
192.593	108
192.596	108
192.6	108
192.603	107
192.606	107
192.61	107
192.613	107
192.616	107
192.62	107
192.623	107
192.627	107
192.63	107
192.633	106
192.637	106
192.64	106
192.643	106
192.647	105
192.65	105
192.654	105
192.657	105
192.66	105
192.664	105
192.667	105
192.67	105
192.674	104
192.677	104
192.681	104
192.684	104
192.687	104
192.691	104
192.694	104
192.697	104
192.701	104
192.704	104
192.708	104
192.711	104
192.714	104
192.718	104
192.721	104
192.724	104
192.728	104
192.732	104
192.735	104
192.739	104
192.742	104
192.745	104
192.749	104
192.752	105
192.755	105
192.759	105
192.762	105
192.765	105
192.769	105
192.772	105
192.776	105
192.779	105
192.782	105
192.786	105
192.789	105
192.792	105
192.796	105
192.799	105
192.803	105
192.806	105
192.809	105
192.813	105
192.816	105
192.819	105
192.823	105
192.826	105
192.83	105
192.833	104
192.836	104
192.84	104
192.843	104
192.846	104
192.85	104
192.853	104
192.857	104
192.86	104
192.863	104
192.867	104
192.87	104
192.873	104
192.877	104
192.88	104
192.884	104
192.887	104
192.89	104
192.894	104
192.897	104
192.9	104
192.904	104
192.907	104
192.911	104
192.914	104
192.917	104
192.921	104
192.924	104
192.927	104
192.931	104
192.934	105
192.938	105
192.941	105
192.944	105
192.948	106
192.951	106
192.954	106
192.958	106
192.961	106
192.964	107
192.968	107
192.971	107
192.975	107
192.978	107
192.981	107
192.985	107
192.988	107
192.991	107
192.995	107
192.998	107
193.002	107
193.005	107
193.008	107
193.012	107
193.015	107
193.018	107
193.022	107
193.025	107
193.029	107
193.032	107
193.035	107
193.039	107
193.042	107
193.045	107
193.049	107
193.052	107
193.056	107
193.059	107
193.062	107
193.066	107
193.069	107
193.072	107
193.076	107
193.079	107
193.083	107
193.086	107
193.089	107
193.093	107
193.096	107
193.099	107
193.103	107
193.106	107
193.11	107
193.113	107
193.116	107
193.12	107
193.123	107
193.126	107
193.13	107
193.133	107
193.136	107
193.14	107
193.143	108
193.147	108
193.15	109
193.153	109
193.157	109
193.16	109
193.163	109
193.167	110
193.17	110
193.174	110
193.177	110
193.18	110
193.184	110
193.187	110
193.19	110
193.194	110
193.197	110
193.201	110
193.204	110
193.207	110
193.211	110
193.214	111
193.217	111
193.221	111
193.224	111
193.228	111
193.231	111
193.234	111
193.238	111
193.241	111
193.244	111
193.248	110
193.251	110
193.255	110
193.258	109
193.261	109
193.265	109
193.268	109
193.271	109
193.275	108
193.278	108
193.282	108
193.285	108
193.288	108
193.292	108
193.295	108
193.298	108
193.302	108
193.305	108
193.309	108
193.312	108
193.315	108
193.319	108
193.322	108
193.325	108
193.329	108
193.332	108
193.335	108
193.339	108
193.342	108
193.346	108
193.349	107
193.352	107
193.356	107
193.359	107
193.362	107
193.366	107
193.369	107
193.373	107
193.376	107
193.379	107
193.383	107
193.386	107
193.389	107
193.393	107
193.396	107
193.4	107
193.403	107
193.406	107
193.41	107
193.413	107
193.416	107
193.42	107
193.423	107
193.427	107
193.43	107
193.433	107
193.437	107
193.44	107
193.443	107
193.447	107
193.45	107
193.454	107
193.457	107
193.46	107
193.464	106
193.467	106
193.47	106
193.474	106
193.477	105
193.481	105
193.484	105
193.487	105
193.491	105
193.494	105
193.497	105
193.501	105
193.504	105
193.508	105
193.511	104
193.514	104
193.518	104
193.521	104
193.524	104
193.528	104
193.531	104
193.534	104
193.538	104
193.541	104
193.545	104
193.548	104
193.551	104
193.555	104
193.559	104
193.562	104
193.565	104
193.569	104
193.572	104
193.576	104
193.579	104
193.582	104
193.586	104
193.589	105
193.592	105
193.596	105
193.599	105
193.603	105
193.606	105
193.609	105
193.613	105
193.616	105
193.619	105
193.623	105
193.626	105
193.63	105
193.633	105
193.636	105
193.64	105
193.643	105
193.646	105
193.65	105
193.653	105
193.657	105
193.66	105
193.663	105
193.667	105
193.67	105
193.673	105
193.677	104
193.68	104
193.683	104
193.687	104
193.69	104
193.694	104
193.697	104
193.7	104
193.704	104
193.707	104
193.71	104
193.714	104
193.717	104
193.721	104
193.724	104
193.727	104
193.731	104
193.734	104
193.737	104
193.741	104
193.744	104
193.748	104
193.751	104
193.754	104
193.758	104
193.761	104
193.764	104
193.768	105
193.771	105
193.775	105
193.778	106
193.781	106
193.785	106
193.788	106
193.791	106
193.795	107
193.798	107
193.802	107
193.805	107
193.808	107
193.812	107
193.815	107
193.818	107
193.822	107
193.825	107
193.829	107
193.832	107
193.835	107
193.839	107
193.842	107
193.845	107
193.849	107
193.852	107
193.856	107
193.859	107
193.862	107
193.866	107
193.869	107
193.872	107
193.876	107
193.879	107
193.882	107
193.886	107
193.889	107
193.893	107
193.896	107
193.899	107
193.903	107
193.906	107
193.909	107
193.913	107
193.916	107
193.92	107
193.923	107
193.926	107
193.93	107
193.933	107
193.936	107
193.94	107
193.943	107
193.947	107
193.95	107
193.953	107
193.957	107
193.96	107
193.963	107
193.967	107
193.97	107
193.974	108
193.977	108
193.98	108
193.984	109
193.987	109
193.99	109
193.994	109
193.997	110
194.001	110
194.004	110
194.007	110
194.011	110
194.014	110
194.017	110
194.021	110
194.024	110
194.028	110
194.031	110
194.034	111
194.038	111
194.041	111
194.044	111
194.048	111
194.051	111
194.055	111
194.058	111
194.061	111
194.065	111
194.068	111
194.071	111
194.075	111
194.078	110
194.081	110
194.085	110
194.088	109
194.092	109
194.095	109
194.098	109
194.102	108
194.105	108
194.108	108
194.112	108
194.115	108
194.119	108
194.122	108
194.125	108
194.129	108
194.132	108
194.135	108
194.139	108
194.142	108
194.146	108
194.149	107
194.152	107
194.156	107
194.159	107
194.162	107
194.166	107
194.169	107
194.173	107
194.176	107
194.179	107
194.183	107
194.186	107
194.189	107
194.193	107
194.196	107
194.2	107
194.203	107
194.206	107
194.21	107
194.213	107
194.216	107
194.22	107
194.223	107
194.227	107
194.23	107
194.233	107
194.237	107
194.24	107
194.243	107
194.247	107
194.25	107
194.254	107
194.257	107
194.26	107
194.264	107
194.267	107
194.27	107
194.274	107
194.277	107
194.28	107
194.284	107
194.287	107
194.291	107
194.294	106
194.297	106
194.301	106
194.304	106
194.307	105
194.311	105
194.314	105
194.318	105
194.321	105
194.324	105
194.328	105
194.331	105
194.334	105
194.338	104
194.341	104
194.345	104
194.348	104
194.351	104
194.355	104
194.358	104
194.361	104
194.365	104
194.368	104
194.372	104
194.375	104
194.378	104
194.382	104
194.385	104
194.389	104
194.392	104
194.396	104
194.399	105
194.403	105
194.406	105
194.409	105
194.413	105
194.416	105
194.419	105
194.423	105
194.426	105
194.429	105
194.433	105
194.436	105
194.44	105
194.443	105
194.446	105
194.45	105
194.453	105
194.456	105
194.46	105
194.463	105
194.467	105
194.47	105
194.473	105
194.477	105
194.48	105
194.483	105
194.487	105
194.49	105
194.494	104
194.497	104
194.5	104
194.504	104
194.507	104
194.51	104
194.514	104
194.517	104
194.521	104
194.524	104
194.527	104
194.531	104
194.534	104
194.537	104
194.541	104
194.544	104
194.548	104
194.551	104
194.554	104
194.558	104
194.561	104
194.564	104
194.568	104
194.571	104
194.575	104
194.578	104
194.581	104
194.585	104
194.588	104
194.591	104
194.595	105
194.598	105
194.602	105
194.605	106
194.608	106
194.612	106
194.615	106
194.618	106
194.622	106
194.625	107
194.628	107
194.632	107
194.635	107
194.639	107
194.642	107
194.645	107
194.649	107
194.652	107
194.655	107
194.659	107
194.662	107
194.666	107
194.669	107
194.672	107
194.676	107
194.679	107
194.682	107
194.686	107
194.689	107
194.693	107
194.696	107
194.699	107
194.703	107
194.706	107
194.709	107
194.713	107
194.716	107
194.72	107
194.723	107
194.726	107
194.73	107
194.733	107
194.736	107
194.74	107
194.743	107
194.747	107
194.75	107
194.753	107
194.757	107
194.76	107
194.763	107
194.767	107
194.77	107
194.774	107
194.777	107
194.78	107
194.784	107
194.787	107
194.79	107
194.794	107
194.797	107
194.801	107
194.804	108
194.807	108
194.811	109
194.814	109
194.817	109
194.821	109
194.824	110
194.827	110
194.831	110
194.834	110
194.838	110
194.841	110
194.844	110
194.848	110
194.851	110
194.854	110
194.858	110
194.861	111
194.865	111
194.868	111
194.871	111
194.875	111
194.878	111
194.881	111
194.885	111
194.888	111
194.892	111
194.895	111
194.898	111
194.902	111
194.905	111
194.908	110
194.912	110
194.915	110
194.919	109
194.922	109
194.925	109
194.929	109
194.932	109
194.935	108
194.939	108
194.942	108
194.946	108
194.949	108
194.952	108
194.956	108
194.959	108
194.962	108
194.966	108
194.969	108
194.973	108
194.976	108
194.979	108
194.983	108
194.986	108
194.989	108
194.993	108
194.996	108
194.999	108
195.003	108
195.006	108
195.01	108
195.013	107
195.016	107
195.02	107
195.023	107
195.026	107
195.03	107
195.033	107
195.037	107
195.04	107
195.043	107
195.047	107
195.05	107
195.053	107
195.057	107
195.06	107
195.064	107
195.067	107
195.07	107
195.074	107
195.077	107
195.08	107
195.084	107
195.087	107
195.091	107
195.094	107
195.097	107
195.101	107
195.104	107
195.107	107
195.111	107
195.114	107
195.118	107
195.121	107
195.124	106
195.128	106
195.131	106
195.134	106
195.138	105
195.141	105
195.145	105
195.148	105
195.151	105
195.155	105
195.158	105
195.161	105
195.165	105
195.168	105
195.172	105
195.175	104
195.178	104
195.182	104
195.185	104
195.188	104
195.192	104
195.195	104
195.198	104
195.202	104
195.205	104
195.209	104
195.212	104
195.215	104
195.219	104
195.223	104
195.226	104
195.229	104
195.233	104
195.236	104
195.24	104
195.243	104
195.246	104
195.25	104
195.253	105
195.256	105
195.26	105
195.263	105
195.267	105
195.27	105
195.273	105
195.277	105
195.28	105
195.283	105
195.287	105
195.29	105
195.294	105
195.297	105
195.3	105
195.304	105
195.307	105
195.31	105
195.314	105
195.317	105
195.321	105
195.324	105
195.327	105
195.331	104
195.334	104
195.337	104
195.341	104
195.344	104
195.348	104
195.351	104
195.354	104
195.358	104
195.361	104
195.364	104
195.368	104
195.371	104
195.374	104
195.378	104
195.381	104
195.385	104
195.388	104
195.391	104
195.395	104
195.398	104
195.401	104
195.405	104
195.408	104
195.412	104
195.415	104
195.418	104
195.422	104
195.425	104
195.428	105
195.432	105
195.435	105
195.439	106
195.442	106
195.445	106
195.449	106
195.452	106
195.455	106
195.459	107
195.462	107
195.466	107
195.469	107
195.472	107
195.476	107
195.479	107
195.482	107
195.486	107
195.489	107
195.493	107
195.496	107
195.499	107
195.503	107
195.506	107
195.509	107
195.513	107
195.516	107
195.52	107
195.523	107
195.526	107
195.53	107
195.533	107
195.536	107
195.54	107
195.543	107
195.546	107
195.55	107
195.553	107
195.557	107
195.56	107
195.563	107
195.567	107
195.57	107
195.573	107
195.577	107
195.58	107
195.584	107
195.587	107
195.59	107
195.594	107
195.597	107
195.6	107
195.604	107
195.607	107
195.611	107
195.614	107
195.617	107
195.621	107
195.624	107
195.627	107
195.631	107
195.634	108
195.638	108
195.641	109
195.644	109
195.648	109
195.651	109
195.654	109
195.658	110
195.661	110
195.665	110
195.668	110
195.671	110
195.675	110
195.678	110
195.681	110
195.685	110
195.688	111
195.692	111
195.695	111
195.698	111
195.702	111
195.705	111
195.708	111
195.712	111
195.715	111
195.719	111
195.722	111
195.725	111
195.729	111
195.732	111
195.735	111
195.739	110
195.742	110
195.745	110
195.749	109
195.752	109
195.756	109
195.759	109
195.762	109
195.766	108
195.769	108
195.772	108
195.776	108
195.779	108
195.783	108
195.786	108
195.789	108
195.793	108
195.796	108
195.799	108
195.803	108
195.806	108
195.81	108
195.813	107
195.816	107
195.82	107
195.823	107
195.826	107
195.83	107
195.833	107
195.837	107
195.84	107
195.843	107
195.847	107
195.85	107
195.853	107
195.857	107
195.86	107
195.864	107
195.867	107
195.87	107
195.874	107
195.877	107
195.88	107
195.884	107
195.887	107
195.891	107
195.894	107
195.897	107
195.901	107
195.904	107
195.907	107
195.911	107
195.914	107
195.918	107
195.921	107
195.924	107
195.928	107
195.931	107
195.934	107
195.938	107
195.941	107
195.944	107
195.948	107
195.951	107
195.955	106
195.958	106
195.961	106
195.965	105
195.968	105
195.971	105
195.975	105
195.978	105
195.982	105
195.985	105
195.988	105
195.992	104
195.995	104
195.998	104
196.002	104
196.005	104
196.009	104
196.012	104
196.015	104
196.019	104
196.022	104
196.025	104
196.029	104
196.032	104
196.036	104
196.039	104
196.042	104
196.046	104
196.05	104
196.053	104
196.056	104
196.06	104
196.063	104
196.067	104
196.07	104
196.073	104
196.077	104
196.08	105
196.083	105
196.087	105
196.09	105
196.093	105
196.097	105
196.1	105
196.104	105
196.107	105
196.11	105
196.114	105
196.117	105
196.12	105
196.124	105
196.127	105
196.131	105
196.134	105
196.137	105
196.141	105
196.144	105
196.147	105
196.151	105
196.154	105
196.158	104
196.161	104
196.164	104
196.168	104
196.171	104
196.174	104
196.178	104
196.181	104
196.185	104
196.188	104
196.191	104
196.195	104
196.198	104
196.201	104
196.205	104
196.208	104
196.212	104
196.215	104
196.218	104
196.222	104
196.225	104
196.228	104
196.232	104
196.235	104
196.239	104
196.242	104
196.245	104
196.249	104
196.252	104
196.255	105
196.259	105
196.262	105
196.266	106
196.269	106
196.272	106
196.276	106
196.279	106
196.282	106
196.286	107
196.289	107
196.292	107
196.296	107
196.299	107
196.303	107
196.306	107
196.309	107
196.313	107
196.316	107
196.319	107
196.323	107
196.326	107
196.33	107
196.333	107
196.336	107
196.34	107
196.343	107
196.346	107
196.35	107
196.353	107
196.357	107
196.36	107
196.363	107
196.367	107
196.37	107
196.373	107
196.377	107
196.38	107
196.384	107
196.387	107
196.39	107
196.394	107
196.397	107
196.4	107
196.404	107
196.407	107
196.411	107
196.414	107
196.417	107
196.421	107
196.424	107
196.427	107
196.431	107
196.434	107
196.438	107
196.441	107
196.444	107
196.448	107
196.451	107
196.454	107
196.458	107
196.461	107
196.465	108
196.468	108
196.471	109
196.475	109
196.478	109
196.481	109
196.485	109
196.488	110
196.491	110
196.495	110
196.498	110
196.502	110
196.505	110
196.508	110
196.512	110
196.515	110
196.518	110
196.522	110
196.525	111
196.529	111
196.532	111
196.535	111
196.539	111
196.542	111
196.545	111
196.549	111
196.552	111
196.556	111
196.559	111
196.562	111
196.566	111
196.569	110
196.572	110
196.576	110
196.579	109
196.583	109
196.586	109
196.589	109
196.593	109
196.596	108
196.599	108
196.603	108
196.606	108
196.61	108
196.613	108
196.616	108
196.62	108
196.623	108
196.626	108
196.63	108
196.633	108
196.637	108
196.64	108
196.643	108
196.647	108
196.65	108
196.653	108
196.657	108
196.66	108
196.664	108
196.667	108
196.67	108
196.674	108
196.677	107
196.68	107
196.684	107
196.687	107
196.69	107
196.694	107
196.697	107
196.701	107
196.704	107
196.707	107
196.711	107
196.714	107
196.717	107
196.721	107
196.724	107
196.728	107
196.731	107
196.734	107
196.738	107
196.741	107
196.744	107
196.748	107
196.751	107
196.755	107
196.758	107
196.761	107
196.765	107
196.768	107
196.771	107
196.775	107
196.778	107
196.782	107
196.785	106
196.788	106
196.792	106
196.795	106
196.798	105
196.802	105
196.805	105
196.809	105
196.812	105
196.815	105
196.819	105
196.822	105
196.825	105
196.829	104
196.832	104
196.836	104
196.839	104
196.842	104
196.846	104
196.849	104
196.852	104
196.856	104
196.859	104
196.862	104
196.866	104
196.869	104
196.873	104
196.876	104
196.88	104
196.883	104
196.887	104
196.89	104
196.893	104
196.897	104
196.9	104
196.904	104
196.907	104
196.91	104
196.914	104
196.917	105
196.92	105
196.924	105
196.927	105
196.931	105
196.934	105
196.937	105
196.941	105
196.944	105
196.947	105
196.951	105
196.954	105
196.958	105
196.961	105
196.964	105
196.968	105
196.971	105
196.974	105
196.978	105
196.981	105
196.985	105
196.988	105
196.991	105
196.995	104
196.998	104
197.001	104
197.005	104
197.008	104
197.012	104
197.015	104
197.018	104
197.022	104
197.025	104
197.028	104
197.032	104
197.035	104
197.038	104
197.042	104
197.045	104
197.049	104
197.052	104
197.055	104
197.059	104
197.062	104
197.065	104
197.069	104
197.072	104
197.076	104
197.079	104
197.082	104
197.086	104
197.089	105
197.092	105
197.096	105
197.099	106
197.103	106
197.106	106
197.109	106
197.113	106
197.116	107
197.119	107
197.123	107
197.126	107
197.13	107
197.133	107
197.136	107
197.14	107
197.143	107
197.146	107
197.15	107
197.153	107
197.157	107
197.16	107
197.163	107
197.167	107
197.17	107
197.173	107
197.177	107
197.18	107
197.184	107
197.187	107
197.19	107
197.194	107
197.197	107
197.2	107
197.204	107
197.207	107
197.211	107
197.214	107
197.217	107
197.221	107
197.224	107
197.227	107
197.231	107
197.234	107
197.237	107
197.241	107
197.244	107
197.248	107
197.251	107
197.254	107
197.258	107
197.261	107
197.264	107
197.268	107
197.271	107
197.275	107
197.278	107
197.281	107
197.285	107
197.288	107
197.291	107
197.295	108
197.298	108
197.302	109
197.305	109
197.308	109
197.312	109
197.315	109
197.318	110
197.322	110
197.325	110
197.329	110
197.332	110
197.335	110
197.339	110
197.342	110
197.345	110
197.349	110
197.352	111
197.356	111
197.359	111
197.362	111
197.366	111
197.369	111
197.372	111
197.376	111
197.379	111
197.383	111
197.386	111
197.389	111
197.393	111
197.396	111
197.399	110
197.403	110
197.406	110
197.409	109
197.413	109
197.416	109
197.42	109
197.423	109
197.426	108
197.43	108
197.433	108
197.436	108
197.44	108
197.443	108
197.447	108
197.45	108
197.453	108
197.457	108
197.46	108
197.463	108
197.467	108
197.47	108
197.474	108
197.477	107
197.48	107
197.484	107
197.487	107
197.49	107
197.494	107
197.497	107
197.501	107
197.504	107
197.507	107
197.511	107
197.514	107
197.517	107
197.521	107
197.524	107
197.528	107
197.531	107
197.534	107
197.538	107
197.541	107
197.544	107
197.548	107
197.551	107
197.555	107
197.558	107
197.561	107
197.565	107
197.568	107
197.571	107
197.575	107
197.578	107
197.582	107
197.585	107
197.588	107
197.592	107
197.595	107
197.598	107
197.602	107
197.605	107
197.608	107
197.612	107
197.615	106
197.619	106
197.622	106
197.625	106
197.629	105
197.632	105
197.635	105
197.639	105
197.642	105
197.646	105
197.649	105
197.652	105
197.656	104
197.659	104
197.662	104
197.666	104
197.669	104
197.673	104
197.676	104
197.679	104
197.683	104
197.686	104
197.689	104
197.693	104
197.696	104
197.7	104
197.703	104
197.706	104
197.71	104
197.714	104
197.717	104
197.72	104
197.724	104
197.727	105
197.731	105
197.734	105
197.737	105
197.741	105
197.744	105
197.747	105
197.751	105
197.754	105
197.758	105
197.761	105
197.764	105
197.768	105
197.771	105
197.774	105
197.778	105
197.781	105
197.784	105
197.788	105
197.791	105
197.795	105
197.798	105
197.801	105
197.805	105
197.808	105
197.811	105
197.815	105
197.818	105
197.822	104
197.825	104
197.828	104
197.832	104
197.835	104
197.838	104
197.842	104
197.845	104
197.849	104
197.852	104
197.855	104
197.859	104
197.862	104
197.865	104
197.869	104
197.872	104
197.876	104
197.879	104
197.882	104
197.886	104
197.889	104
197.892	104
197.896	104
197.899	104
197.903	104
197.906	104
197.909	104
197.913	104
197.916	104
197.919	105
197.923	105
197.926	105
197.93	106
197.933	106
197.936	106
197.94	106
197.943	106
197.946	107
197.95	107
197.953	107
197.956	107
197.96	107
197.963	107
197.967	107
197.97	107
197.973	107
197.977	107
197.98	107
197.983	107
197.987	107
197.99	107
197.994	107
197.997	107
198	107
198.004	107
198.007	107
198.01	107
198.014	107
198.017	107
198.021	107
198.024	107
198.027	107
198.031	107
198.034	107
198.037	107
198.041	107
198.044	107
198.048	107
198.051	107
198.054	107
198.058	107
198.061	107
198.064	107
198.068	107
198.071	107
198.075	107
198.078	107
198.081	107
198.085	107
198.088	107
198.091	107
198.095	107
198.098	107
198.102	107
198.105	107
198.108	107
198.112	107
198.115	107
198.118	107
198.122	107
198.125	108
198.129	108
198.132	109
198.135	109
198.139	109
198.142	109
198.145	110
198.149	110
198.152	110
198.155	110
198.159	110
198.162	110
198.166	110
198.169	110
198.172	110
198.176	110
198.179	110
198.182	110
198.186	110
198.189	111
198.193	111
198.196	111
198.199	111
198.203	111
198.206	111
198.209	111
198.213	111
198.216	111
198.22	111
198.223	111
198.226	111
198.23	110
198.233	110
198.236	110
198.24	109
198.243	109
198.247	109
198.25	109
198.253	108
198.257	108
198.26	108
198.263	108
198.267	108
198.27	108
198.274	108
198.277	108
198.28	108
198.284	108
198.287	108
198.29	108
198.294	108
198.297	108
198.301	108
198.304	108
198.307	108
198.311	108
198.314	108
198.317	108
198.321	108
198.324	108
198.328	108
198.331	108
198.334	108
198.338	108
198.341	107
198.344	107
198.348	107
198.351	107
198.354	107
198.358	107
198.361	107
198.365	107
198.368	107
198.371	107
198.375	107
198.378	107
198.381	107
198.385	107
198.388	107
198.392	107
198.395	107
198.398	107
198.402	107
198.405	107
198.408	107
198.412	107
198.415	107
198.419	107
198.422	107
198.425	107
198.429	107
198.432	107
198.435	107
198.439	107
198.442	107
198.446	106
198.449	106
198.452	106
198.456	106
198.459	105
198.462	105
198.466	105
198.469	105
198.473	105
198.476	105
198.479	105
198.483	105
198.486	105
198.489	105
198.493	104
198.496	104
198.5	104
198.503	104
198.506	104
198.51	104
198.513	104
198.516	104
198.52	104
198.523	104
198.527	104
198.53	104
198.533	104
198.537	104
198.541	104
198.544	104
198.547	104
198.551	104
198.554	104
198.557	104
198.561	104
198.564	104
198.568	104
198.571	104
198.574	104
198.578	104
198.581	105
198.584	105
198.588	105
198.591	105
198.595	105
198.598	105
198.601	105
198.605	105
198.608	105
198.611	105
198.615	105
198.618	105
198.622	105
198.625	105
198.628	105
198.632	105
198.635	105
198.638	105
198.642	105
198.645	105
198.649	105
198.652	104
198.655	104
198.659	104
198.662	104
198.665	104
198.669	104
198.672	104
198.676	104
198.679	104
198.682	104
198.686	104
198.689	104
198.692	104
198.696	104
198.699	104
198.702	104
198.706	104
198.709	104
198.713	104
198.716	104
198.719	104
198.723	104
198.726	104
198.729	104
198.733	104
198.736	104
198.74	104
198.743	104
198.746	104
198.75	105
198.753	105
198.756	105
198.76	106
198.763	106
198.767	106
198.77	106
198.773	106
198.777	106
198.78	107
198.783	107
198.787	107
198.79	107
198.794	107
198.797	107
198.8	107
198.804	107
198.807	107
198.81	107
198.814	107
198.817	107
198.821	107
198.824	107
198.827	107
198.831	107
198.834	107
198.837	107
198.841	107
198.844	107
198.848	107
198.851	107
198.854	107
198.858	107
198.861	107
198.864	107
198.868	107
198.871	107
198.875	107
198.878	107
198.881	107
198.885	107
198.888	107
198.891	107
198.895	107
198.898	107
198.901	107
198.905	107
198.908	107
198.912	107
198.915	107
198.918	107
198.922	107
198.925	107
198.928	107
198.932	107
198.935	107
198.939	107
198.942	107
198.945	107
198.949	107
198.952	107
198.955	108
198.959	108
198.962	109
198.966	109
198.969	109
198.972	109
198.976	109
198.979	110
198.982	110
198.986	110
198.989	110
198.993	110
198.996	110
198.999	110
199.003	110
199.006	110
199.009	110
199.013	110
199.016	111
199.02	111
199.023	111
199.026	111
199.03	111
199.033	111
199.036	111
199.04	111
199.043	111
199.047	111
199.05	111
199.053	111
199.057	111
199.06	110
199.063	110
199.067	110
199.07	109
199.074	109
199.077	109
199.08	109
199.084	109
199.087	108
199.09	108
199.094	108
199.097	108
199.1	108
199.104	108
199.107	108
199.111	108
199.114	108
199.117	108
199.121	108
199.124	108
199.127	108
199.131	108
199.134	108
199.138	108
199.141	107
199.144	107
199.148	107
199.151	107
199.154	107
199.158	107
199.161	107
199.165	107
199.168	107
199.171	107
199.175	107
199.178	107
199.181	107
199.185	107
199.188	107
199.192	107
199.195	107
199.198	107
199.202	107
199.205	107
199.208	107
199.212	107
199.215	107
199.219	107
199.222	107
199.225	107
199.229	107
199.232	107
199.235	107
199.239	107
199.242	107
199.246	107
199.249	107
199.252	107
199.256	107
199.259	107
199.262	107
199.266	107
199.269	107
199.272	107
199.276	106
199.279	106
199.283	106
199.286	106
199.289	105
199.293	105
199.296	105
199.299	105
199.303	105
199.306	105
199.31	105
199.313	104
199.316	104
199.32	104
199.323	104
199.326	104
199.33	104
199.333	104
199.337	104
199.34	104
199.343	104
199.347	104
199.35	104
199.353	104
199.357	104
199.36	104
199.364	104
199.367	104
199.371	104
199.374	104
199.378	104
199.381	104
199.384	104
199.388	104
199.391	105
199.395	105
199.398	105
199.401	105
199.405	105
199.408	105
199.411	105
199.415	105
199.418	105
199.422	105
199.425	105
199.428	105
199.432	105
199.435	105
199.438	105
199.442	105
199.445	105
199.448	105
199.452	105
199.455	105
199.459	105
199.462	105
199.465	105
199.469	105
199.472	105
199.475	105
199.479	105
199.482	105
199.486	104
199.489	104
199.492	104
199.496	104
199.499	104
199.502	104
199.506	104
199.509	104
199.513	104
199.516	104
199.519	104
199.523	104
199.526	104
199.529	104
199.533	104
199.536	104
199.54	104
199.543	104
199.546	104
199.55	104
199.553	104
199.556	104
199.56	104
199.563	104
199.567	104
199.57	104
199.573	104
199.577	105
199.58	105
199.583	105
199.587	106
199.59	106
199.594	106
199.597	106
199.6	106
199.604	106
199.607	107
199.61	107
199.614	107
199.617	107
199.621	107
199.624	107
199.627	107
199.631	107
199.634	107
199.637	107
199.641	107
199.644	107
199.647	107
199.651	107
199.654	107
199.658	107
199.661	107
199.664	107
199.668	107
199.671	107
199.674	107
199.678	107
199.681	107
199.685	107
199.688	107
199.691	107
199.695	107
199.698	107
199.701	107
199.705	107
199.708	107
199.712	107
199.715	107
199.718	107
199.722	107
199.725	107
199.728	107
199.732	107
199.735	107
199.739	107
199.742	107
199.745	107
199.749	107
199.752	107
199.755	107
199.759	107
199.762	107
199.766	107
199.769	107
199.772	107
199.776	107
199.779	107
199.782	107
199.786	108
199.789	108
199.793	109
199.796	109
199.799	109
199.803	109
199.806	110
199.809	110
199.813	110
199.816	110
199.819	110
199.823	110
199.826	110
199.83	110
199.833	110
199.836	110
199.84	110
199.843	111
199.846	111
199.85	111
199.853	111
199.857	111
199.86	111
199.863	111
199.867	111
199.87	111
199.873	111
199.877	111
199.88	111
199.884	111
199.887	111
199.89	110
199.894	110
199.897	110
199.9	109
199.904	109
199.907	109
199.911	109
199.914	108
199.917	108
199.921	108
199.924	108
199.927	108
199.931	108
199.934	108
199.938	108
199.941	108
199.944	108
199.948	108
199.951	108
199.954	108
199.958	108
199.961	108
199.965	108
199.968	108
199.971	108
199.975	108
199.978	108
199.981	108
199.985	108
199.988	108
199.992	108
199.995	108
199.998	108
200.002	108
200.005	107
200.008	107
200.012	107
200.015	107
200.018	107
200.022	107
200.025	107
200.029	107
200.032	107
200.035	107
200.039	107
200.042	107
200.045	107
200.049	107
200.052	107
200.056	107
200.059	107
200.062	107
200.066	107
200.069	107
200.072	107
200.076	107
200.079	107
200.083	107
200.086	107
200.089	107
200.093	107
200.096	107
200.099	107
200.103	107
200.106	106
200.11	106
200.113	106
200.116	106
200.12	105
200.123	105
200.126	105
200.13	105
200.133	105
200.137	105
200.14	105
200.143	105
200.147	105
200.15	105
200.153	105
200.157	104
200.16	104
200.164	104
200.167	104
200.17	104
200.174	104
200.177	104
200.18	104
200.184	104
200.187	104
200.191	104
200.194	104
200.197	104
200.201	104
200.205	104
200.208	104
200.211	104
200.215	104
200.218	104
200.221	104
200.225	104
200.228	104
200.232	104
200.235	104
200.238	104
200.242	104
200.245	105
200.248	105
200.252	105
200.255	105
200.259	105
200.262	105
200.265	105
200.269	105
200.272	105
200.275	105
200.279	105
200.282	105
200.286	105
200.289	105
200.292	105
200.296	105
200.299	105
200.302	105
200.306	105
200.309	105
200.313	105
200.316	104
200.319	104
200.323	104
200.326	104
200.329	104
200.333	104
200.336	104
200.34	104
200.343	104
200.346	104
200.35	104
200.353	104
200.356	104
200.36	104
200.363	104
200.366	104
200.37	104
200.373	104
200.377	104
200.38	104
200.383	104
200.387	104
200.39	104
200.393	104
200.397	104
200.4	104
200.404	104
200.407	104
200.41	105
200.414	105
200.417	105
200.42	106
200.424	106
200.427	106
200.431	106
200.434	106
200.437	106
200.441	107
200.444	107
200.447	107
200.451	107
200.454	107
200.458	107
200.461	107
200.464	107
200.468	107
200.471	107
200.474	107
200.478	107
200.481	107
200.485	107
200.488	107
200.491	107
200.495	107
200.498	107
200.501	107
200.505	107
200.508	107
200.512	107
200.515	107
200.518	107
200.522	107
200.525	107
200.528	107
200.532	107
200.535	107
200.539	107
200.542	107
200.545	107
200.549	107
200.552	107
200.555	107
200.559	107
200.562	107
200.565	107
200.569	107
200.572	107
200.576	107
200.579	107
200.582	107
200.586	107
200.589	107
200.592	107
200.596	107
200.599	107
200.603	107
200.606	107
200.609	107
200.613	107
200.616	108
200.619	108
200.623	108
200.626	109
200.63	109
200.633	109
200.636	109
200.64	110
200.643	110
200.646	110
200.65	110
200.653	110
200.657	110
200.66	110
200.663	110
200.667	110
200.67	111
200.673	111
200.677	111
200.68	111
200.684	111
200.687	111
200.69	111
200.694	111
200.697	111
200.7	111
200.704	111
200.707	111
200.711	111
200.714	111
200.717	111
200.721	110
200.724	110
200.727	110
200.731	109
200.734	109
200.738	109
200.741	109
200.744	109
200.748	109
200.751	108
200.754	108
200.758	108
200.761	108
200.764	108
200.768	108
200.771	108
200.775	108
200.778	108
200.781	108
200.785	108
200.788	108
200.791	108
200.795	108
200.798	108
200.802	108
200.805	107
200.808	107
200.812	107
200.815	107
200.818	107
200.822	107
200.825	107
200.829	107
200.832	107
200.835	107
200.839	107
200.842	107
200.845	107
200.849	107
200.852	107
200.856	107
200.859	107
200.862	107
200.866	107
200.869	107
200.872	107
200.876	107
200.879	107
200.883	107
200.886	107
200.889	107
200.893	107
200.896	107
200.899	107
200.903	107
200.906	107
200.91	107
200.913	107
200.916	107
200.92	107
200.923	107
200.926	107
200.93	107
200.933	107
200.936	106
200.94	106
200.943	106
200.947	106
200.95	105
200.953	105
200.957	105
200.96	105
200.963	105
200.967	105
200.97	105
200.974	105
200.977	104
200.98	104
200.984	104
200.987	104
200.99	104
200.994	104
200.997	104
201.001	104
201.004	104
201.007	104
201.011	104
201.014	104
201.017	104
201.021	104
201.024	104
201.028	104
201.032	104
201.035	104
201.038	104
201.042	104
201.045	104
201.048	104
201.052	104
201.055	105
201.059	105
201.062	105
201.065	105
201.069	105
201.072	105
201.075	105
201.079	105
201.082	105
201.086	105
201.089	105
201.092	105
201.096	105
201.099	105
201.102	105
201.106	105
201.109	105
201.112	105
201.116	105
201.119	105
201.123	105
201.126	105
201.129	105
201.133	105
201.136	105
201.139	105
201.143	104
201.146	104
201.15	104
201.153	104
201.156	104
201.16	104
201.163	104
201.166	104
201.17	104
201.173	104
201.177	104
201.18	104
201.183	104
201.187	104
201.19	104
201.193	104
201.197	104
201.2	104
201.204	104
201.207	104
201.21	104
201.214	104
201.217	104
201.22	104
201.224	104
201.227	104
201.231	104
201.234	104
201.237	104
201.241	105
201.244	105
201.247	105
201.251	106
201.254	106
201.258	106
201.261	106
201.264	106
201.268	107
201.271	107
201.274	107
201.278	107
201.281	107
201.285	107
201.288	107
201.291	107
201.295	107
201.298	107
201.301	107
201.305	107
201.308	107
201.311	107
201.315	107
201.318	107
201.322	107
201.325	107
201.328	107
201.332	107
201.335	107
201.338	107
201.342	107
201.345	107
201.349	107
201.352	107
201.355	107
201.359	107
201.362	107
201.365	107
201.369	107
201.372	107
201.376	107
201.379	107
201.382	107
201.386	107
201.389	107
201.392	107
201.396	107
201.399	107
201.403	107
201.406	107
201.409	107
201.413	107
201.416	107
201.419	107
201.423	107
201.426	107
201.43	107
201.433	107
201.436	107
201.44	107
201.443	107
201.446	108
201.45	108
201.453	109
201.457	109
201.46	109
201.463	109
201.467	109
201.47	110
201.473	110
201.477	110
201.48	110
201.483	110
201.487	110
201.49	110
201.494	110
201.497	110
201.5	110
201.504	110
201.507	111
201.51	111
201.514	111
201.517	111
201.521	111
201.524	111
201.527	111
201.531	111
201.534	111
201.537	111
201.541	111
201.544	111
201.548	111
201.551	110
201.554	110
201.558	110
201.561	109
201.564	109
201.568	109
201.571	109
201.575	109
201.578	108
201.581	108
201.585	108
201.588	108
201.591	108
201.595	108
201.598	108
201.602	108
201.605	108
201.608	108
201.612	108
201.615	108
201.618	108
201.622	108
201.625	108
201.629	108
201.632	108
201.635	108
201.639	108
201.642	108
201.645	108
201.649	108
201.652	108
201.656	108
201.659	108
201.662	108
201.666	108
201.669	108
201.672	108
201.676	108
201.679	108
201.682	108
201.686	108
201.689	108
201.693	108
201.696	107
201.699	107
201.703	107
201.706	107
201.709	107
201.713	107
201.716	107
201.72	107
201.723	107
201.726	107
201.73	107
201.733	107
201.736	107
201.74	107
201.743	107
201.747	107
201.75	107
201.753	107
201.757	107
201.76	107
201.763	107
201.767	106
201.77	106
201.774	106
201.777	105
201.78	105
201.784	105
201.787	105
201.79	105
201.794	105
201.797	105
201.801	105
201.804	105
201.807	105
201.811	104
201.814	104
201.817	104
201.821	104
201.824	104
201.828	104
201.831	104
201.834	104
201.838	104
201.841	104
201.844	104
201.848	104
201.851	104
201.855	104
201.858	104
201.862	104
201.865	104
201.869	104
201.872	104
201.875	104
201.879	104
201.882	104
201.885	104
201.889	104
201.892	104
201.896	104
201.899	104
201.902	104
201.906	104
201.909	105
201.912	105
201.916	105
201.919	105
201.923	105
201.926	105
201.929	105
201.933	105
201.936	105
201.939	105
201.943	105
201.946	105
201.95	105
201.953	105
201.956	105
201.96	105
201.963	105
201.966	105
201.97	105
201.973	105
201.977	105
201.98	104
201.983	104
201.987	104
201.99	104
201.993	104
201.997	104
202	104
202.004	104
202.007	104
202.01	104
202.014	104
202.017	104
202.02	104
202.024	104
202.027	104
202.03	104
202.034	104
202.037	104
202.041	104
202.044	104
202.047	104
202.051	104
202.054	104
202.057	104
202.061	104
202.064	104
202.068	105
202.071	105
202.074	105
202.078	105
202.081	106
202.084	106
202.088	106
202.091	106
202.095	106
202.098	106
202.101	107
202.105	107
202.108	107
202.111	107
202.115	107
202.118	107
202.122	107
202.125	107
202.128	107
202.132	107
202.135	107
202.138	107
202.142	107
202.145	107
202.149	107
202.152	107
202.155	107
202.159	107
202.162	107
202.165	107
202.169	107
202.172	107
202.176	107
202.179	107
202.182	107
202.186	107
202.189	107
202.192	107
202.196	107
202.199	107
202.203	107
202.206	107
202.209	107
202.213	107
202.216	107
202.219	107
202.223	107
202.226	107
202.229	107
202.233	107
202.236	107
202.24	107
202.243	107
202.246	107
202.25	107
202.253	107
202.256	107
202.26	107
202.263	107
202.267	107
202.27	107
202.273	107
202.277	108
202.28	108
202.283	109
202.287	109
202.29	109
202.294	109
202.297	109
202.3	110
202.304	110
202.307	110
202.31	110
202.314	110
202.317	110
202.321	110
202.324	110
202.327	110
202.331	110
202.334	110
202.337	110
202.341	110
202.344	111
202.348	111
202.351	111
202.354	111
202.358	111
202.361	111
202.364	111
202.368	111
202.371	111
202.375	111
202.378	111
202.381	110
202.385	110
202.388	110
202.391	109
202.395	109
202.398	109
202.402	109
202.405	109
202.408	108
202.412	108
202.415	108
202.418	108
202.422	108
202.425	108
202.428	108
202.432	108
202.435	108
202.439	108
202.442	108
202.445	108
202.449	108
202.452	108
202.455	108
202.459	108
202.462	108
202.466	108
202.469	107
202.472	107
202.476	107
202.479	107
202.482	107
202.486	107
202.489	107
202.493	107
202.496	107
202.499	107
202.503	107
202.506	107
202.509	107
202.513	107
202.516	107
202.52	107
202.523	107
202.526	107
202.53	107
202.533	107
202.536	107
202.54	107
202.543	107
202.547	107
202.55	107
202.553	107
202.557	107
202.56	107
202.563	107
202.567	107
202.57	107
202.574	107
202.577	107
202.58	107
202.584	107
202.587	107
202.59	107
202.594	107
202.597	106
202.601	106
202.604	106
202.607	106
202.611	105
202.614	105
202.617	105
202.621	105
202.624	105
202.627	105
202.631	105
202.634	105
202.638	104
202.641	104
202.644	104
202.648	104
202.651	104
202.654	104
202.658	104
202.661	104
202.665	104
202.668	104
202.671	104
202.675	104
202.678	104
202.681	104
202.685	104
202.688	104
202.692	104
202.696	104
202.699	104
202.702	104
202.706	104
202.709	104
202.712	104
202.716	104
202.719	105
202.723	105
202.726	105
202.729	105
202.733	105
202.736	105
202.739	105
202.743	105
202.746	105
202.75	105
202.753	105
202.756	105
202.76	105
202.763	105
202.766	105
202.77	105
202.773	105
202.776	105
202.78	105
202.783	105
202.787	105
202.79	105
202.793	105
202.797	104
202.8	104
202.803	104
202.807	104
202.81	104
202.814	104
202.817	104
202.82	104
202.824	104
202.827	104
202.83	104
202.834	104
202.837	104
202.841	104
202.844	104
202.847	104
202.851	104
202.854	104
202.857	104
202.861	104
202.864	104
202.868	104
202.871	104
202.874	104
202.878	104
202.881	104
202.884	104
202.888	104
202.891	104
202.895	104
202.898	105
202.901	105
202.905	105
202.908	106
202.911	106
202.915	106
202.918	106
202.922	106
202.925	106
202.928	107
202.932	107
202.935	107
202.938	107
202.942	107
202.945	107
202.949	107
202.952	107
202.955	107
202.959	107
202.962	107
202.965	107
202.969	107
202.972	107
202.975	107
202.979	107
202.982	107
202.986	107
202.989	107
202.992	107
202.996	107
202.999	107
203.002	107
203.006	107
203.009	107
203.013	107
203.016	107
203.019	107
203.023	107
203.026	107
203.029	107
203.033	107
203.036	107
203.04	107
203.043	107
203.046	107
203.05	107
203.053	107
203.056	107
203.06	107
203.063	107
203.067	107
203.07	107
203.073	107
203.077	107
203.08	107
203.083	107
203.087	107
203.09	107
203.094	107
203.097	107
203.1	107
203.104	107
203.107	108
203.11	108
203.114	109
203.117	109
203.121	109
203.124	109
203.127	110
203.131	110
203.134	110
203.137	110
203.141	110
203.144	110
203.148	110
203.151	110
203.154	110
203.158	110
203.161	110
203.164	110
203.168	110
203.171	111
203.174	111
203.178	111
203.181	111
203.185	111
203.188	111
203.191	111
203.195	111
203.198	111
203.201	111
203.205	111
203.208	111
203.212	110
203.215	110
203.218	110
203.222	109
203.225	109
203.228	109
203.232	109
203.235	109
203.239	108
203.242	108
203.245	108
203.249	108
203.252	108
203.255	108
203.259	108
203.262	108
203.266	108
203.269	108
203.272	108
203.276	108
203.279	108
203.282	108
203.286	108
203.289	108
203.293	108
203.296	108
203.299	108
203.303	108
203.306	108
203.309	108
203.313	108
203.316	108
203.32	108
203.323	108
203.326	108
203.33	108
203.333	108
203.336	108
203.34	108
203.343	108
203.346	108
203.35	108
203.353	108
203.357	108
203.36	107
203.363	107
203.367	107
203.37	107
203.373	107
203.377	107
203.38	107
203.384	107
203.387	107
203.39	107
203.394	107
203.397	107
203.4	107
203.404	107
203.407	107
203.411	107
203.414	107
203.417	107
203.421	107
203.424	107
203.427	106
203.431	106
203.434	106
203.438	105
203.441	105
203.444	105
203.448	105
203.451	105
203.454	105
203.458	105
203.461	105
203.465	105
203.468	104
203.471	104
203.475	104
203.478	104
203.481	104
203.485	104
203.488	104
203.492	104
203.495	104
203.498	104
203.502	104
203.505	104
203.508	104
203.512	104
203.515	104
203.519	104
203.522	104
203.526	104
203.529	104
203.533	104
203.536	104
203.539	104
203.543	104
203.546	105
203.549	105
203.553	105
203.556	105
203.56	105
203.563	105
203.566	105
203.57	105
203.573	105
203.576	105
203.58	105
203.583	105
203.587	105
203.59	105
203.593	105
203.597	105
203.6	105
203.603	105
203.607	105
203.61	105
203.614	105
203.617	105
203.62	105
203.624	105
203.627	105
203.63	105
203.634	104
203.637	104
203.641	104
203.644	104
203.647	104
203.651	104
203.654	104
203.657	104
203.661	104
203.664	104
203.668	104
203.671	104
203.674	104
203.678	104
203.681	104
203.684	104
203.688	104
203.691	104
203.695	104
203.698	104
203.701	104
203.705	104
203.708	104
203.711	104
203.715	104
203.718	104
203.721	104
203.725	104
203.728	104
203.732	105
203.735	105
203.738	105
203.742	106
203.745	106
203.748	106
203.752	106
203.755	106
203.759	107
203.762	107
203.765	107
203.769	107
203.772	107
203.775	107
203.779	107
203.782	107
203.786	107
203.789	107
203.792	107
203.796	107
203.799	107
203.802	107
203.806	107
203.809	107
203.813	107
203.816	107
203.819	107
203.823	107
203.826	107
203.829	107
203.833	107
203.836	107
203.84	107
203.843	107
203.846	107
203.85	107
203.853	107
203.856	107
203.86	107
203.863	107
203.867	107
203.87	107
203.873	107
203.877	107
203.88	107
203.883	107
203.887	107
203.89	107
203.893	107
203.897	107
203.9	107
203.904	107
203.907	107
203.91	107
203.914	107
203.917	107
203.92	107
203.924	107
203.927	107
203.931	107
203.934	107
203.937	108
203.941	108
203.944	109
203.947	109
203.951	109
203.954	109
203.958	109
203.961	110
203.964	110
203.968	110
203.971	110
203.974	110
203.978	110
203.981	110
203.985	110
203.988	110
203.991	110
203.995	110
203.998	111
204.001	111
204.005	111
204.008	111
204.012	111
204.015	111
204.018	111
204.022	111
204.025	111
204.028	111
204.032	111
204.035	111
204.039	111
204.042	110
204.045	110
204.049	110
204.052	109
204.055	109
204.059	109
204.062	109
204.066	109
204.069	108
204.072	108
204.076	108
204.079	108
204.082	108
204.086	108
204.089	108
204.092	108
204.096	108
204.099	108
204.103	108
204.106	108
204.109	108
204.113	108
204.116	108
204.119	108
204.123	108
204.126	108
204.13	108
204.133	107
204.136	107
204.14	107
204.143	107
204.146	107
204.15	107
204.153	107
204.157	107
204.16	107
204.163	107
204.167	107
204.17	107
204.173	107
204.177	107
204.18	107
204.184	107
204.187	107
204.19	107
204.194	107
204.197	107
204.2	107
204.204	107
204.207	107
204.211	107
204.214	107
204.217	107
204.221	107
204.224	107
204.227	107
204.231	107
204.234	107
204.238	107
204.241	107
204.244	107
204.248	107
204.251	107
204.254	107
204.258	106
204.261	106
204.265	106
204.268	106
204.271	105
204.275	105
204.278	105
204.281	105
204.285	105
204.288	105
204.291	105
204.295	105
204.298	105
204.302	104
204.305	104
204.308	104
204.312	104
204.315	104
204.318	104
204.322	104
204.325	104
204.329	104
204.332	104
204.335	104
204.339	104
204.342	104
204.345	104
204.349	104
204.353	104
204.356	104
204.36	104
204.363	104
204.366	104
204.37	104
204.373	104
204.376	104
204.38	104
204.383	105
204.387	105
204.39	105
204.393	105
204.397	105
204.4	105
204.403	105
204.407	105
204.41	105
204.414	105
204.417	105
204.42	105
204.424	105
204.427	105
204.43	105
204.434	105
204.437	105
204.44	105
204.444	105
204.447	105
204.451	105
204.454	105
204.457	105
204.461	104
204.464	104
204.467	104
204.471	104
204.474	104
204.478	104
204.481	104
204.484	104
204.488	104
204.491	104
204.494	104
204.498	104
204.501	104
204.505	104
204.508	104
204.511	104
204.515	104
204.518	104
204.521	104
204.525	104
204.528	104
204.532	104
204.535	104
204.538	104
204.542	104
204.545	104
204.548	104
204.552	104
204.555	104
204.559	105
204.562	105
204.565	105
204.569	105
204.572	106
204.575	106
204.579	106
204.582	106
204.586	106
204.589	107
204.592	107
204.596	107
204.599	107
204.602	107
204.606	107
204.609	107
204.613	107
204.616	107
204.619	107
204.623	107
204.626	107
204.629	107
204.633	107
204.636	107
204.639	107
204.643	107
204.646	107
204.65	107
204.653	107
204.656	107
204.66	107
204.663	107
204.666	107
204.67	107
204.673	107
204.677	107
204.68	107
204.683	107
204.687	107
204.69	107
204.693	107
204.697	107
204.7	107
204.704	107
204.707	107
204.71	107
204.714	107
204.717	107
204.72	107
204.724	107
204.727	107
204.731	107
204.734	107
204.737	107
204.741	107
204.744	107
204.747	107
204.751	107
204.754	107
204.758	107
204.761	107
204.764	107
204.768	108
204.771	108
204.774	109
204.778	109
204.781	109
204.785	109
204.788	109
204.791	110
204.795	110
204.798	110
204.801	110
204.805	110
204.808	110
204.812	110
204.815	110
204.818	110
204.822	110
204.825	110
204.828	110
204.832	110
204.835	111
204.838	111
204.842	111
204.845	111
204.849	111
204.852	111
204.855	111
204.859	111
204.862	111
204.865	111
204.869	111
204.872	110
204.876	110
204.879	110
204.882	109
204.886	109
204.889	109
204.892	109
204.896	109
204.899	108
204.903	108
204.906	108
204.909	108
204.913	108
204.916	108
204.919	108
204.923	108
204.926	108
204.93	108
204.933	108
204.936	108
204.94	108
204.943	108
204.946	108
204.95	108
204.953	108
204.957	108
204.96	108
204.963	108
204.967	108
204.97	108
204.973	108
204.977	108
204.98	108
204.984	108
204.987	108
204.99	108
204.994	108
204.997	108
205	108
205.004	108
205.007	108
205.011	108
205.014	108
205.017	108
205.021	108
205.024	107
205.027	107
205.031	107
205.034	107
205.037	107
205.041	107
205.044	107
205.048	107
205.051	107
205.054	107
205.058	107
205.061	107
205.064	107
205.068	107
205.071	107
205.075	107
205.078	107
205.081	107
205.085	107
205.088	106
205.091	106
205.095	106
205.098	106
205.102	105
205.105	105
205.108	105
205.112	105
205.115	105
205.118	105
205.122	105
205.125	105
205.129	105
205.132	104
205.135	104
205.139	104
205.142	104
205.145	104
205.149	104
205.152	104
205.156	104
205.159	104
205.162	104
205.166	104
205.169	104
205.172	104
205.176	104
205.179	104
205.183	104
205.186	104
205.19	104
205.193	104
205.197	104
205.2	104
205.203	104
205.207	104
205.21	105
205.213	105
205.217	105
205.22	105
205.224	105
205.227	105
205.23	105
205.234	105
205.237	105
205.24	105
205.244	105
205.247	105
205.251	105
205.254	105
205.257	105
205.261	105
205.264	105
205.267	105
205.271	105
205.274	105
205.278	105
205.281	105
205.284	105
205.288	104
205.291	104
205.294	104
205.298	104
205.301	104
205.305	104
205.308	104
205.311	104
205.315	104
205.318	104
205.321	104
205.325	104
205.328	104
205.332	104
205.335	104
205.338	104
205.342	104
205.345	104
205.348	104
205.352	104
205.355	104
205.359	104
205.362	104
205.365	104
205.369	104
205.372	104
205.375	104
205.379	104
205.382	104
205.385	104
205.389	105
205.392	105
205.396	105
205.399	105
205.402	106
205.406	106
205.409	106
205.412	106
205.416	106
205.419	107
205.423	107
205.426	107
205.429	107
205.433	107
205.436	107
205.439	107
205.443	107
205.446	107
205.45	107
205.453	107
205.456	107
205.46	107
205.463	107
205.466	107
205.47	107
205.473	107
205.477	107
205.48	107
205.483	107
205.487	107
205.49	107
205.493	107
205.497	107
205.5	107
205.504	107
205.507	107
205.51	107
205.514	107
205.517	107
205.52	107
205.524	107
205.527	107
205.531	107
205.534	107
205.537	107
205.541	107
205.544	107
205.547	107
205.551	107
205.554	107
205.558	107
205.561	107
205.564	107
205.568	107
205.571	107
205.574	107
205.578	107
205.581	107
205.584	107
205.588	107
205.591	107
205.595	107
205.598	108
205.601	108
205.605	108
205.608	109
205.611	109
205.615	109
205.618	110
205.622	110
205.625	110
205.628	110
205.632	110
205.635	110
205.638	110
205.642	110
205.645	110
205.649	110
205.652	110
205.655	110
205.659	110
205.662	111
205.665	111
205.669	111
205.672	111
205.676	111
205.679	111
205.682	111
205.686	111
205.689	111
205.692	111
205.696	111
205.699	111
205.703	110
205.706	110
205.709	110
205.713	109
205.716	109
205.719	109
205.723	109
205.726	109
205.73	109
205.733	108
205.736	108
205.74	108
205.743	108
205.746	108
205.75	108
205.753	108
205.756	108
205.76	108
205.763	108
205.767	108
205.77	108
205.773	108
205.777	108
205.78	108
205.783	108
205.787	108
205.79	108
205.794	108
205.797	107
205.8	107
205.804	107
205.807	107
205.81	107
205.814	107
205.817	107
205.821	107
205.824	107
205.827	107
205.831	107
205.834	107
205.837	107
205.841	107
205.844	107
205.848	107
205.851	107
205.854	107
205.858	107
205.861	107
205.864	107
205.868	107
205.871	107
205.875	107
205.878	107
205.881	107
205.885	107
205.888	107
205.891	107
205.895	107
205.898	107
205.902	107
205.905	107
205.908	107
205.912	107
205.915	107
205.918	106
205.922	106
205.925	106
205.929	106
205.932	105
205.935	105
205.939	105
205.942	105
205.945	105
205.949	105
205.952	105
205.955	105
205.959	105
205.962	105
205.966	104
205.969	104
205.972	104
205.976	104
205.979	104
205.982	104
205.986	104
205.989	104
205.993	104
205.996	104
205.999	104
206.003	104
206.006	104
206.009	104
206.013	104
206.017	104
206.02	104
206.024	104
206.027	104
206.03	104
206.034	104
206.037	105
206.04	105
206.044	105
206.047	105
206.051	105
206.054	105
206.057	105
206.061	105
206.064	105
206.067	105
206.071	105
206.074	105
206.078	105
206.081	105
206.084	105
206.088	105
206.091	105
206.094	105
206.098	105
206.101	105
206.105	105
206.108	105
206.111	105
206.115	105
206.118	105
206.121	105
206.125	104
206.128	104
206.131	104
206.135	104
206.138	104
206.142	104
206.145	104
206.148	104
206.152	104
206.155	104
206.158	104
206.162	104
206.165	104
206.169	104
206.172	104
206.175	104
206.179	104
206.182	104
206.185	104
206.189	104
206.192	104
206.196	104
206.199	104
206.202	104
206.206	104
206.209	104
206.212	104
206.216	104
206.219	104
206.223	105
206.226	105
206.229	105
206.233	106
206.236	106
206.239	106
206.243	106
206.246	106
206.25	107
206.253	107
206.256	107
206.26	107
206.263	107
206.266	107
206.27	107
206.273	107
206.277	107
206.28	107
206.283	107
206.287	107
206.29	107
206.293	107
206.297	107
206.3	107
206.303	107
206.307	107
206.31	107
206.314	107
206.317	107
206.32	107
206.324	107
206.327	107
206.33	107
206.334	107
206.337	107
206.341	107
206.344	107
206.347	107
206.351	107
206.354	107
206.357	107
206.361	107
206.364	107
206.368	107
206.371	107
206.374	107
206.378	107
206.381	107
206.384	107
206.388	107
206.391	107
206.395	107
206.398	107
206.401	107
206.405	107
206.408	107
206.411	107
206.415	107
206.418	107
206.422	107
206.425	107
206.428	108
206.432	108
206.435	109
206.438	109
206.442	109
206.445	109
206.449	110
206.452	110
206.455	110
206.459	110
206.462	110
206.465	110
206.469	110
206.472	110
206.476	110
206.479	110
206.482	111
206.486	111
206.489	111
206.492	111
206.496	111
206.499	111
206.502	111
206.506	111
206.509	111
206.513	111
206.516	111
206.519	111
206.523	111
206.526	111
206.529	111
206.533	110
206.536	110
206.54	110
206.543	109
206.546	109
206.55	109
206.553	109
206.556	109
206.56	108
206.563	108
206.567	108
206.57	108
206.573	108
206.577	108
206.58	108
206.583	108
206.587	108
206.59	108
206.594	108
206.597	108
206.6	108
206.604	108
206.607	108
206.61	108
206.614	108
206.617	108
206.621	108
206.624	108
206.627	108
206.631	108
206.634	108
206.637	108
206.641	108
206.644	108
206.648	108
206.651	108
206.654	108
206.658	108
206.661	108
206.664	108
206.668	108
206.671	108
206.675	108
206.678	108
206.681	108
206.685	108
206.688	107
206.691	107
206.695	107
206.698	107
206.701	107
206.705	107
206.708	107
206.712	107
206.715	107
206.718	107
206.722	107
206.725	107
206.728	107
206.732	107
206.735	107
206.739	107
206.742	107
206.745	107
206.749	106
206.752	106
206.755	106
206.759	106
206.762	105
206.766	105
206.769	105
206.772	105
206.776	105
206.779	105
206.782	105
206.786	105
206.789	105
206.793	105
206.796	104
206.799	104
206.803	104
206.806	104
206.809	104
206.813	104
206.816	104
206.82	104
206.823	104
206.826	104
206.83	104
206.833	104
206.836	104
206.84	104
206.844	104
206.847	104
206.85	104
206.854	104
206.857	104
206.861	104
206.864	104
206.867	104
206.871	104
206.874	105
206.877	105
206.881	105
206.884	105
206.888	105
206.891	105
206.894	105
206.898	105
206.901	105
206.904	105
206.908	105
206.911	105
206.915	105
206.918	105
206.921	105
206.925	105
206.928	105
206.931	105
206.935	105
206.938	105
206.942	105
206.945	105
206.948	105
206.952	104
206.955	104
206.958	104
206.962	104
206.965	104
206.969	104
206.972	104
206.975	104
206.979	104
206.982	104
206.985	104
206.989	104
206.992	104
206.996	104
206.999	104
207.002	104
207.006	104
207.009	104
207.012	104
207.016	104
207.019	104
207.023	104
207.026	104
207.029	104
207.033	104
207.036	104
207.039	104
207.043	104
207.046	104
207.049	105
207.053	105
207.056	105
207.06	106
207.063	106
207.066	106
207.07	106
207.073	106
207.076	106
207.08	107
207.083	107
207.087	107
207.09	107
207.093	107
207.097	107
207.1	107
207.103	107
207.107	107
207.11	107
207.114	107
207.117	107
207.12	107
207.124	107
207.127	107
207.13	107
207.134	107
207.137	107
207.141	107
207.144	107
207.147	107
207.151	107
207.154	107
207.157	107
207.161	107
207.164	107
207.168	107
207.171	107
207.174	107
207.178	107
207.181	107
207.184	107
207.188	107
207.191	107
207.195	107
207.198	107
207.201	107
207.205	107
207.208	107
207.211	107
207.215	107
207.218	107
207.222	107
207.225	107
207.228	107
207.232	107
207.235	107
207.238	107
207.242	107
207.245	107
207.248	107
207.252	107
207.255	107
207.259	108
207.262	108
207.265	108
207.269	109
207.272	109
207.275	109
207.279	109
207.282	110
207.286	110
207.289	110
207.292	110
207.296	110
207.299	110
207.302	110
207.306	110
207.309	110
207.313	110
207.316	110
207.319	110
207.323	110
207.326	111
207.329	111
207.333	111
207.336	111
207.34	111
207.343	111
207.346	111
207.35	111
207.353	111
207.356	111
207.36	111
207.363	110
207.367	110
207.37	110
207.373	109
207.377	109
207.38	109
207.383	109
207.387	109
207.39	108
207.394	108
207.397	108
207.4	108
207.404	108
207.407	108
207.41	108
207.414	108
207.417	108
207.421	108
207.424	108
207.427	108
207.431	108
207.434	108
207.437	108
207.441	108
207.444	108
207.447	108
207.451	108
207.454	108
207.458	108
207.461	107
207.464	107
207.468	107
207.471	107
207.474	107
207.478	107
207.481	107
207.485	107
207.488	107
207.491	107
207.495	107
207.498	107
207.501	107
207.505	107
207.508	107
207.512	107
207.515	107
207.518	107
207.522	107
207.525	107
207.528	107
207.532	107
207.535	107
207.539	107
207.542	107
207.545	107
207.549	107
207.552	107
207.555	107
207.559	107
207.562	107
207.566	107
207.569	107
207.572	107
207.576	107
207.579	106
207.582	106
207.586	106
207.589	106
207.593	106
207.596	105
207.599	105
207.603	105
207.606	105
207.609	105
207.613	105
207.616	105
207.619	105
207.623	104
207.626	104
207.63	104
207.633	104
207.636	104
207.64	104
207.643	104
207.646	104
207.65	104
207.653	104
207.657	104
207.66	104
207.663	104
207.667	104
207.67	104
207.674	104
207.677	104
207.681	104
207.684	104
207.688	104
207.691	104
207.694	104
207.698	104
207.701	105
207.704	105
207.708	105
207.711	105
207.715	105
207.718	105
207.721	105
207.725	105
207.728	105
207.731	105
207.735	105
207.738	105
207.742	105
207.745	105
207.748	105
207.752	105
207.755	105
207.758	105
207.762	105
207.765	105
207.769	105
207.772	105
207.775	105
207.779	105
207.782	104
207.785	104
207.789	104
207.792	104
207.795	104
207.799	104
207.802	104
207.806	104
207.809	104
207.812	104
207.816	104
207.819	104
207.822	104
207.826	104
207.829	104
207.833	104
207.836	104
207.839	104
207.843	104
207.846	104
207.849	104
207.853	104
207.856	104
207.86	104
207.863	104
207.866	104
207.87	104
207.873	104
207.876	104
207.88	105
207.883	105
207.887	105
207.89	105
207.893	106
207.897	106
207.9	106
207.903	106
207.907	106
207.91	107
207.914	107
207.917	107
207.92	107
207.924	107
207.927	107
207.93	107
207.934	107
207.937	107
207.941	107
207.944	107
207.947	107
207.951	107
207.954	107
207.957	107
207.961	107
207.964	107
207.968	107
207.971	107
207.974	107
207.978	107
207.981	107
207.984	107
207.988	107
207.991	107
207.994	107
207.998	107
208.001	107
208.005	107
208.008	107
208.011	107
208.015	107
208.018	107
208.021	107
208.025	107
208.028	107
208.032	107
208.035	107
208.038	107
208.042	107
208.045	107
208.048	107
208.052	107
208.055	107
208.059	107
208.062	107
208.065	107
208.069	107
208.072	107
208.075	107
208.079	107
208.082	107
208.086	107
208.089	108
208.092	108
208.096	109
208.099	109
208.102	109
208.106	109
208.109	110
208.113	110
208.116	110
208.119	110
208.123	110
208.126	110
208.129	110
208.133	110
208.136	110
208.14	110
208.143	110
208.146	111
208.15	111
208.153	111
208.156	111
208.16	111
208.163	111
208.166	111
208.17	111
208.173	111
208.177	111
208.18	111
208.183	111
208.187	111
208.19	111
208.193	110
208.197	110
208.2	110
208.204	109
208.207	109
208.21	109
208.214	109
208.217	109
208.22	108
208.224	108
208.227	108
208.231	108
208.234	108
208.237	108
208.241	108
208.244	108
208.247	108
208.251	108
208.254	108
208.258	108
208.261	108
208.264	108
208.268	108
208.271	108
208.274	108
208.278	108
208.281	108
208.285	108
208.288	108
208.291	108
208.295	108
208.298	108
208.301	108
208.305	108
208.308	108
208.312	108
208.315	108
208.318	108
208.322	108
208.325	108
208.328	108
208.332	108
208.335	108
208.339	108
208.342	108
208.345	108
208.349	108
208.352	107
208.355	107
208.359	107
208.362	107
208.365	107
208.369	107
208.372	107
208.376	107
208.379	107
208.382	107
208.386	107
208.389	107
208.392	107
208.396	107
208.399	107
208.403	107
208.406	107
208.409	106
208.413	106
208.416	106
208.419	106
208.423	105
208.426	105
208.43	105
208.433	105
208.436	105
208.44	105
208.443	105
208.446	105
208.45	104
208.453	104
208.457	104
208.46	104
208.463	104
208.467	104
208.47	104
208.473	104
208.477	104
208.48	104
208.484	104
208.487	104
208.49	104
208.494	104
208.497	104
208.5	104
208.504	104
208.508	104
208.511	104
208.515	104
208.518	104
208.521	104
208.525	104
208.528	104
208.531	104
208.535	104
208.538	105
208.541	105
208.545	105
208.548	105
208.552	105
208.555	105
208.558	105
208.562	105
208.565	105
208.568	105
208.572	105
208.575	105
208.579	105
208.582	105
208.585	105
208.589	105
208.592	105
208.595	105
208.599	105
208.602	105
208.606	105
208.609	104
208.612	104
208.616	104
208.619	104
208.622	104
208.626	104
208.629	104
208.633	104
208.636	104
208.639	104
208.643	104
208.646	104
208.649	104
208.653	104
208.656	104
208.66	104
208.663	104
208.666	104
208.67	104
208.673	104
208.676	104
208.68	104
208.683	104
208.687	104
208.69	104
208.693	104
208.697	104
208.7	104
208.703	104
208.707	104
208.71	105
208.713	105
208.717	105
208.72	106
208.724	106
208.727	106
208.73	106
208.734	106
208.737	106
208.74	107
208.744	107
208.747	107
208.751	107
208.754	107
208.757	107
208.761	107
208.764	107
208.767	107
208.771	107
208.774	107
208.778	107
208.781	107
208.784	107
208.788	107
208.791	107
208.794	107
208.798	107
208.801	107
208.805	107
208.808	107
208.811	107
208.815	107
208.818	107
208.821	107
208.825	107
208.828	107
208.832	107
208.835	107
208.838	107
208.842	107
208.845	107
208.848	107
208.852	107
208.855	107
208.859	107
208.862	107
208.865	107
208.869	107
208.872	107
208.875	107
208.879	107
208.882	107
208.886	107
208.889	107
208.892	107
208.896	107
208.899	107
208.902	107
208.906	107
208.909	107
208.912	107
208.916	107
208.919	108
208.923	108
208.926	109
208.929	109
208.933	109
208.936	109
208.939	109
208.943	110
208.946	110
208.95	110
208.953	110
208.956	110
208.96	110
208.963	110
208.966	110
208.97	110
208.973	110
208.977	110
208.98	110
208.983	110
208.987	110
208.99	111
208.993	111
208.997	111
209	111
209.004	111
209.007	111
209.01	111
209.014	111
209.017	111
209.02	111
209.024	110
209.027	110
209.031	110
209.034	109
209.037	109
209.041	109
209.044	109
209.047	109
209.051	108
209.054	108
209.058	108
209.061	108
209.064	108
209.068	108
209.071	108
209.074	108
209.078	108
209.081	108
209.085	108
209.088	108
209.091	108
209.095	108
209.098	108
209.101	108
209.105	108
209.108	108
209.111	108
209.115	108
209.118	108
209.122	108
209.125	107
209.128	107
209.132	107
209.135	107
209.138	107
209.142	107
209.145	107
209.149	107
209.152	107
209.155	107
209.159	107
209.162	107
209.165	107
209.169	107
209.172	107
209.176	107
209.179	107
209.182	107
209.186	107
209.189	107
209.192	107
209.196	107
209.199	107
209.203	107
209.206	107
209.209	107
209.213	107
209.216	107
209.219	107
209.223	107
209.226	107
209.23	107
209.233	107
209.236	107
209.24	106
209.243	106
209.246	106
209.25	106
209.253	105
209.257	105
209.26	105
209.263	105
209.267	105
209.27	105
209.273	105
209.277	105
209.28	105
209.283	105
209.287	104
209.29	104
209.294	104
209.297	104
209.3	104
209.304	104
209.307	104
209.31	104
209.314	104
209.317	104
209.321	104
209.324	104
209.327	104
209.331	104
209.335	104
209.338	104
209.341	104
209.345	104
209.348	104
209.352	104
209.355	104
209.358	104
209.362	104
209.365	105
209.368	105
209.372	105
209.375	105
209.379	105
209.382	105
209.385	105
209.389	105
209.392	105
209.395	105
209.399	105
209.402	105
209.406	105
209.409	105
209.412	105
209.416	105
209.419	105
209.422	105
209.426	105
209.429	105
209.433	105
209.436	105
209.439	105
209.443	105
209.446	104
209.449	104
209.453	104
209.456	104
209.459	104
209.463	104
209.466	104
209.47	104
209.473	104
209.476	104
209.48	104
209.483	104
209.486	104
209.49	104
209.493	104
209.497	104
209.5	104
209.503	104
209.507	104
209.51	104
209.513	104
209.517	104
209.52	104
209.524	104
209.527	104
209.53	104
209.534	104
209.537	104
209.54	104
209.544	105
209.547	105
209.551	105
209.554	106
209.557	106
209.561	106
209.564	106
209.567	106
209.571	107
209.574	107
209.578	107
209.581	107
209.584	107
209.588	107
209.591	107
209.594	107
209.598	107
209.601	107
209.605	107
209.608	107
209.611	107
209.615	107
209.618	107
209.621	107
209.625	107
209.628	107
209.632	107
209.635	107
209.638	107
209.642	107
209.645	107
209.648	107
209.652	107
209.655	107
209.658	107
209.662	107
209.665	107
209.669	107
209.672	107
209.675	107
209.679	107
209.682	107
209.685	107
209.689	107
209.692	107
209.696	107
209.699	107
209.702	107
209.706	107
209.709	107
209.712	107
209.716	107
209.719	107
209.723	107
209.726	107
209.729	107
209.733	107
209.736	107
209.739	107
209.743	107
209.746	107
209.75	108
209.753	108
209.756	109
209.76	109
209.763	109
209.766	109
209.77	109
209.773	110
209.777	110
209.78	110
209.783	110
209.787	110
209.79	110
209.793	110
209.797	110
209.8	111
209.804	111
209.807	111
209.81	111
209.814	111
209.817	111
209.82	111
209.824	111
209.827	111
209.83	111
209.834	111
209.837	111
209.841	111
209.844	111
209.847	111
209.851	111
209.854	110
209.857	110
209.861	110
209.864	109
209.868	109
209.871	109
209.874	109
209.878	108
209.881	108
209.884	108
209.888	108
209.891	108
209.895	108
209.898	108
209.901	108
209.905	108
209.908	108
209.911	108
209.915	108
209.918	108
209.922	108
209.925	107
209.928	107
209.932	107
209.935	107
209.938	107
209.942	107
209.945	107
209.949	107
209.952	107
209.955	107
209.959	107
209.962	107
209.965	107
209.969	107
209.972	107
209.976	107
209.979	107
209.982	107
209.986	107
209.989	107
209.992	107
209.996	107
209.999	107
210.003	107
210.006	107
210.009	107
210.013	107
210.016	107
210.019	107
210.023	107
210.026	107
210.029	107
210.033	107
210.036	107
210.04	107
210.043	107
210.046	107
210.05	107
210.053	107
210.056	107
210.06	107
210.063	107
210.067	107
210.07	106
210.073	106
210.077	106
210.08	106
210.083	105
210.087	105
210.09	105
210.094	105
210.097	105
210.1	105
210.104	105
210.107	105
210.11	105
210.114	104
210.117	104
210.121	104
210.124	104
210.127	104
210.131	104
210.134	104
210.137	104
210.141	104
210.144	104
210.148	104
210.151	104
210.154	104
210.158	104
210.161	104
210.165	104
210.168	104
210.172	104
210.175	105
210.179	105
210.182	105
210.185	105
210.189	105
210.192	105
210.195	105
210.199	105
210.202	105
210.205	105
210.209	105
210.212	105
210.216	105
210.219	105
210.222	105
210.226	105
210.229	105
210.232	105
210.236	105
210.239	105
210.243	105
210.246	105
210.249	105
210.253	105
210.256	105
210.259	105
210.263	105
210.266	105
210.27	104
210.273	104
210.276	104
210.28	104
210.283	104
210.286	104
210.29	104
210.293	104
210.297	104
210.3	104
210.303	104
210.307	104
210.31	104
210.313	104
210.317	104
210.32	104
210.324	104
210.327	104
210.33	104
210.334	104
210.337	104
210.34	104
210.344	104
210.347	104
210.351	104
210.354	104
210.357	104
210.361	104
210.364	104
210.367	104
210.371	105
210.374	105
210.377	105
210.381	106
210.384	106
210.388	106
210.391	106
210.394	106
210.398	106
210.401	107
210.404	107
210.408	107
210.411	107
210.415	107
210.418	107
210.421	107
210.425	107
210.428	107
210.431	107
210.435	107
210.438	107
210.442	107
210.445	107
210.448	107
210.452	107
210.455	107
210.458	107
210.462	107
210.465	107
210.469	107
210.472	107
210.475	107
210.479	107
210.482	107
210.485	107
210.489	107
210.492	107
210.496	107
210.499	107
210.502	107
210.506	107
210.509	107
210.512	107
210.516	107
210.519	107
210.523	107
210.526	107
210.529	107
210.533	107
210.536	107
210.539	107
210.543	107
210.546	107
210.55	107
210.553	107
210.556	107
210.56	107
210.563	107
210.566	107
210.57	107
210.573	107
210.576	107
210.58	108
210.583	108
210.587	109
210.59	109
210.593	109
210.597	109
210.6	110
210.603	110
210.607	110
210.61	110
210.614	110
210.617	110
210.62	110
210.624	110
210.627	110
210.63	110
210.634	110
210.637	111
210.641	111
210.644	111
210.647	111
210.651	111
210.654	111
210.657	111
210.661	111
210.664	111
210.668	111
210.671	111
210.674	111
210.678	111
210.681	111
210.684	110
210.688	110
210.691	110
210.695	109
210.698	109
210.701	109
210.705	109
210.708	109
210.711	108
210.715	108
210.718	108
210.722	108
210.725	108
210.728	108
210.732	108
210.735	108
210.738	108
210.742	108
210.745	108
210.749	108
210.752	108
210.755	108
210.759	108
210.762	108
210.765	108
210.769	108
210.772	108
210.775	108
210.779	108
210.782	108
210.786	108
210.789	107
210.792	107
210.796	107
210.799	107
210.802	107
210.806	107
210.809	107
210.813	107
210.816	107
210.819	107
210.823	107
210.826	107
210.829	107
210.833	107
210.836	107
210.84	107
210.843	107
210.846	107
210.85	107
210.853	107
210.856	107
210.86	107
210.863	107
210.867	107
210.87	107
210.873	107
210.877	107
210.88	107
210.883	107
210.887	107
210.89	107
210.894	107
210.897	107
210.9	106
210.904	106
210.907	106
210.91	106
210.914	105
210.917	105
210.921	105
210.924	105
210.927	105
210.931	105
210.934	105
210.937	105
210.941	105
210.944	105
210.948	105
210.951	104
210.954	104
210.958	104
210.961	104
210.964	104
210.968	104
210.971	104
210.974	104
210.978	104
210.981	104
210.985	104
210.988	104
210.991	104
210.995	104
210.999	104
211.002	104
211.005	104
211.009	104
211.012	104
211.016	104
211.019	104
211.022	104
211.026	104
211.029	105
211.032	105
211.036	105
211.039	105
211.043	105
211.046	105
211.049	105
211.053	105
211.056	105
211.059	105
211.063	105
211.066	105
211.07	105
211.073	105
211.076	105
211.08	105
211.083	105
211.086	105
211.09	105
211.093	105
211.097	105
211.1	105
211.103	105
211.107	104
211.11	104
211.113	104
211.117	104
211.12	104
211.123	104
211.127	104
211.13	104
211.134	104
211.137	104
211.14	104
211.144	104
211.147	104
211.15	104
211.154	104
211.157	104
211.161	104
211.164	104
211.167	104
211.171	104
211.174	104
211.177	104
211.181	104
211.184	104
211.188	104
211.191	104
211.194	104
211.198	104
211.201	104
211.204	105
211.208	105
211.211	105
211.215	106
211.218	106
211.221	106
211.225	106
211.228	106
211.231	106
211.235	107
211.238	107
211.242	107
211.245	107
211.248	107
211.252	107
211.255	107
211.258	107
211.262	107
211.265	107
211.269	107
211.272	107
211.275	107
211.279	107
211.282	107
211.285	107
211.289	107
211.292	107
211.296	107
211.299	107
211.302	107
211.306	107
211.309	107
211.312	107
211.316	107
211.319	107
211.322	107
211.326	107
211.329	107
211.333	107
211.336	107
211.339	107
211.343	107
211.346	107
211.349	107
211.353	107
211.356	107
211.36	107
211.363	107
211.366	107
211.37	107
211.373	107
211.376	107
211.38	107
211.383	107
211.387	107
211.39	107
211.393	107
211.397	107
211.4	107
211.403	107
211.407	107
211.41	108
211.414	108
211.417	109
211.42	109
211.424	109
211.427	109
211.43	110
211.434	110
211.437	110
211.441	110
211.444	110
211.447	110
211.451	110
211.454	110
211.457	110
211.461	110
211.464	111
211.468	111
211.471	111
211.474	111
211.478	111
211.481	111
211.484	111
211.488	111
211.491	111
211.495	111
211.498	111
211.501	111
211.505	111
211.508	111
211.511	111
211.515	110
211.518	110
211.521	110
211.525	109
211.528	109
211.532	109
211.535	109
211.538	108
211.542	108
211.545	108
211.548	108
211.552	108
211.555	108
211.559	108
211.562	108
211.565	108
211.569	108
211.572	108
211.575	108
211.579	108
211.582	108
211.586	108
211.589	107
211.592	107
211.596	107
211.599	107
211.602	107
211.606	107
211.609	107
211.613	107
211.616	107
211.619	107
211.623	107
211.626	107
211.629	107
211.633	107
211.636	107
211.64	107
211.643	107
211.646	107
211.65	107
211.653	107
211.656	107
211.66	107
211.663	107
211.667	107
211.67	107
211.673	107
211.677	107
211.68	107
211.683	107
211.687	107
211.69	107
211.693	107
211.697	107
211.7	107
211.704	107
211.707	107
211.71	107
211.714	107
211.717	107
211.72	107
211.724	107
211.727	107
211.731	106
211.734	106
211.737	106
211.741	105
211.744	105
211.747	105
211.751	105
211.754	105
211.758	105
211.761	105
211.764	105
211.768	104
211.771	104
211.774	104
211.778	104
211.781	104
211.785	104
211.788	104
211.791	104
211.795	104
211.798	104
211.801	104
211.805	104
211.808	104
211.812	104
211.815	104
211.818	104
211.822	104
211.826	104
211.829	104
211.832	104
211.836	104
211.839	104
211.843	104
211.846	104
211.849	104
211.853	104
211.856	104
211.859	104
211.863	104
211.866	105
211.869	105
211.873	105
211.876	105
211.88	105
211.883	105
211.886	105
211.89	105
211.893	105
211.896	105
211.9	105
211.903	105
211.907	105
211.91	105
211.913	105
211.917	105
211.92	105
211.923	105
211.927	105
211.93	105
211.934	104
211.937	104
211.94	104
211.944	104
211.947	104
211.95	104
211.954	104
211.957	104
211.961	104
211.964	104
211.967	104
211.971	104
211.974	104
211.977	104
211.981	104
211.984	104
211.988	104
211.991	104
211.994	104
211.998	104
212.001	104
212.004	104
212.008	104
212.011	104
212.015	104
212.018	104
212.021	104
212.025	104
212.028	104
212.031	105
212.035	105
212.038	105
212.042	106
212.045	106
212.048	106
212.052	106
212.055	106
212.058	106
212.062	107
212.065	107
212.068	107
212.072	107
212.075	107
212.079	107
212.082	107
212.085	107
212.089	107
212.092	107
212.095	107
212.099	107
212.102	107
212.106	107
212.109	107
212.112	107
212.116	107
212.119	107
212.122	107
212.126	107
212.129	107
212.133	107
212.136	107
212.139	107
212.143	107
212.146	107
212.149	107
212.153	107
212.156	107
212.16	107
212.163	107
212.166	107
212.17	107
212.173	107
212.176	107
212.18	107
212.183	107
212.187	107
212.19	107
212.193	107
212.197	107
212.2	107
212.203	107
212.207	107
212.21	107
212.214	107
212.217	107
212.22	107
212.224	107
212.227	107
212.23	107
212.234	107
212.237	107
212.24	108
212.244	108
212.247	109
212.251	109
212.254	109
212.257	109
212.261	109
212.264	110
212.267	110
212.271	110
212.274	110
212.278	110
212.281	110
212.284	110
212.288	110
212.291	110
212.294	110
212.298	110
212.301	111
212.305	111
212.308	111
212.311	111
212.315	111
212.318	111
212.321	111
212.325	111
212.328	111
212.332	111
212.335	111
212.338	111
212.342	111
212.345	110
212.348	110
212.352	110
212.355	109
212.359	109
212.362	109
212.365	109
212.369	109
212.372	108
212.375	108
212.379	108
212.382	108
212.386	108
212.389	108
212.392	108
212.396	108
212.399	108
212.402	108
212.406	108
212.409	108
212.413	108
212.416	108
212.419	108
212.423	108
212.426	108
212.429	108
212.433	108
212.436	108
212.439	108
212.443	108
212.446	108
212.45	108
212.453	107
212.456	107
212.46	107
212.463	107
212.466	107
212.47	107
212.473	107
212.477	107
212.48	107
212.483	107
212.487	107
212.49	107
212.493	107
212.497	107
212.5	107
212.504	107
212.507	107
212.51	107
212.514	107
212.517	107
212.52	107
212.524	107
212.527	107
212.531	107
212.534	107
212.537	107
212.541	107
212.544	107
212.547	107
212.551	107
212.554	107
212.558	107
212.561	106
212.564	106
212.568	106
212.571	106
212.574	105
212.578	105
212.581	105
212.585	105
212.588	105
212.591	105
212.595	105
212.598	105
212.601	105
212.605	104
212.608	104
212.612	104
212.615	104
212.618	104
212.622	104
212.625	104
212.628	104
212.632	104
212.635	104
212.638	104
212.642	104
212.645	104
212.649	104
212.652	104
212.656	104
212.659	104
212.663	104
212.666	104
212.669	104
212.673	104
212.676	104
212.68	104
212.683	104
212.686	104
212.69	104
212.693	105
212.696	105
212.7	105
212.703	105
212.707	105
212.71	105
212.713	105
212.717	105
212.72	105
212.723	105
212.727	105
212.73	105
212.734	105
212.737	105
212.74	105
212.744	105
212.747	105
212.75	105
212.754	105
212.757	105
212.761	105
212.764	105
212.767	105
212.771	104
212.774	104
212.777	104
212.781	104
212.784	104
212.787	104
212.791	104
212.794	104
212.798	104
212.801	104
212.804	104
212.808	104
212.811	104
212.814	104
212.818	104
212.821	104
212.825	104
212.828	104
212.831	104
212.835	104
212.838	104
212.841	104
212.845	104
212.848	104
212.852	104
212.855	104
212.858	104
212.862	104
212.865	105
212.868	105
212.872	105
212.875	106
212.879	106
212.882	106
212.885	106
212.889	106
212.892	107
212.895	107
212.899	107
212.902	107
212.906	107
212.909	107
212.912	107
212.916	107
212.919	107
212.922	107
212.926	107
212.929	107
212.933	107
212.936	107
212.939	107
212.943	107
212.946	107
212.949	107
212.953	107
212.956	107
212.96	107
212.963	107
212.966	107
212.97	107
212.973	107
212.976	107
212.98	107
212.983	107
212.986	107
212.99	107
212.993	107
212.997	107
213	107
213.003	107
213.007	107
213.01	107
213.013	107
213.017	107
213.02	107
213.024	107
213.027	107
213.03	107
213.034	107
213.037	107
213.04	107
213.044	107
213.047	107
213.051	107
213.054	107
213.057	107
213.061	107
213.064	107
213.067	107
213.071	108
213.074	108
213.078	109
213.081	109
213.084	109
213.088	109
213.091	109
213.094	110
213.098	110
213.101	110
213.105	110
213.108	110
213.111	110
213.115	110
213.118	110
213.121	110
213.125	110
213.128	111
213.132	111
213.135	111
213.138	111
213.142	111
213.145	111
213.148	111
213.152	111
213.155	111
213.159	111
213.162	111
213.165	111
213.169	111
213.172	111
213.175	110
213.179	110
213.182	110
213.185	109
213.189	109
213.192	109
213.196	109
213.199	108
213.202	108
213.206	108
213.209	108
213.212	108
213.216	108
213.219	108
213.223	108
213.226	108
213.229	108
213.233	108
213.236	108
213.239	108
213.243	108
213.246	108
213.25	108
213.253	107
213.256	107
213.26	107
213.263	107
213.266	107
213.27	107
213.273	107
213.277	107
213.28	107
213.283	107
213.287	107
213.29	107
213.293	107
213.297	107
213.3	107
213.304	107
213.307	107
213.31	107
213.314	107
213.317	107
213.32	107
213.324	107
213.327	107
213.331	107
213.334	107
213.337	107
213.341	107
213.344	107
213.347	107
213.351	107
213.354	107
213.358	107
213.361	107
213.364	107
213.368	107
213.371	107
213.374	107
213.378	107
213.381	107
213.384	107
213.388	107
213.391	106
213.395	106
213.398	106
213.401	106
213.405	105
213.408	105
213.411	105
213.415	105
213.418	105
213.422	105
213.425	105
213.428	105
213.432	104
213.435	104
213.438	104
213.442	104
213.445	104
213.449	104
213.452	104
213.455	104
213.459	104
213.462	104
213.465	104
213.469	104
213.472	104
213.476	104
213.479	104
213.482	104
213.486	104
213.49	104
213.493	104
213.496	104
213.5	104
213.503	105
213.507	105
213.51	105
213.513	105
213.517	105
213.52	105
213.523	105
213.527	105
213.53	105
213.533	105
213.537	105
213.54	105
213.544	105
213.547	105
213.55	105
213.554	105
213.557	105
213.56	105
213.564	105
213.567	105
213.571	105
213.574	105
213.577	105
213.581	105
213.584	105
213.587	105
213.591	105
213.594	105
213.598	104
213.601	104
213.604	104
213.608	104
213.611	104
213.614	104
213.618	104
213.621	104
213.625	104
213.628	104
213.631	104
213.635	104
213.638	104
213.641	104
213.645	104
213.648	104
213.652	104
213.655	104
213.658	104
213.662	104
213.665	104
213.668	104
213.672	104
213.675	104
213.679	104
213.682	104
213.685	104
213.689	104
213.692	104
213.695	105
213.699	105
213.702	105
213.706	106
213.709	106
213.712	106
213.716	106
213.719	106
213.722	106
213.726	107
213.729	107
213.732	107
213.736	107
213.739	107
213.743	107
213.746	107
213.749	107
213.753	107
213.756	107
213.759	107
213.763	107
213.766	107
213.77	107
213.773	107
213.776	107
213.78	107
213.783	107
213.786	107
213.79	107
213.793	107
213.797	107
213.8	107
213.803	107
213.807	107
213.81	107
213.813	107
213.817	107
213.82	107
213.824	107
213.827	107
213.83	107
213.834	107
213.837	107
213.84	107
213.844	107
213.847	107
213.851	107
213.854	107
213.857	107
213.861	107
213.864	107
213.867	107
213.871	107
213.874	107
213.878	107
213.881	107
213.884	107
213.888	107
213.891	107
213.894	107
213.898	107
213.901	108
213.905	108
213.908	109
213.911	109
213.915	109
213.918	109
213.921	109
213.925	110
213.928	110
213.931	110
213.935	110
213.938	110
213.942	110
213.945	110
213.948	110
213.952	110
213.955	110
213.958	110
213.962	110
213.965	111
213.969	111
213.972	111
213.975	111
213.979	111
213.982	111
213.985	111
213.989	111
213.992	111
213.996	111
213.999	111
214.002	111
214.006	110
214.009	110
214.012	110
214.016	109
214.019	109
214.023	109
214.026	109
214.029	109
214.033	108
214.036	108
214.039	108
214.043	108
214.046	108
214.05	108
214.053	108
214.056	108
214.06	108
214.063	108
214.066	108
214.07	108
214.073	108
214.077	108
214.08	108
214.083	108
214.087	108
214.09	108
214.093	108
214.097	108
214.1	108
214.103	108
214.107	108
214.11	108
214.114	108
214.117	107
214.12	107
214.124	107
214.127	107
214.13	107
214.134	107
214.137	107
214.141	107
214.144	107
214.147	107
214.151	107
214.154	107
214.157	107
214.161	107
214.164	107
214.168	107
214.171	107
214.174	107
214.178	107
214.181	107
214.184	107
214.188	107
214.191	107
214.195	107
214.198	107
214.201	107
214.205	107
214.208	107
214.211	107
214.215	107
214.218	107
214.222	106
214.225	106
214.228	106
214.232	106
214.235	105
214.238	105
214.242	105
214.245	105
214.249	105
214.252	105
214.255	105
214.259	105
214.262	105
214.265	105
214.269	104
214.272	104
214.276	104
214.279	104
214.282	104
214.286	104
214.289	104
214.292	104
214.296	104
214.299	104
214.302	104
214.306	104
214.309	104
214.313	104
214.317	104
214.32	104
214.323	104
214.327	104
214.33	104
214.333	104
214.337	104
214.34	104
214.344	104
214.347	104
214.35	104
214.354	104
214.357	105
214.36	105
214.364	105
214.367	105
214.371	105
214.374	105
214.377	105
214.381	105
214.384	105
214.387	105
214.391	105
214.394	105
214.398	105
214.401	105
214.404	105
214.408	105
214.411	105
214.414	105
214.418	105
214.421	105
214.425	105
214.428	104
214.431	104
214.435	104
214.438	104
214.441	104
214.445	104
214.448	104
214.452	104
214.455	104
214.458	104
214.462	104
214.465	104
214.468	104
214.472	104
214.475	104
214.478	104
214.482	104
214.485	104
214.489	104
214.492	104
214.495	104
214.499	104
214.502	104
214.505	104
214.509	104
214.512	104
214.516	104
214.519	104
214.522	104
214.526	105
214.529	105
214.532	105
214.536	106
214.539	106
214.543	106
214.546	106
214.549	106
214.553	106
214.556	107
214.559	107
214.563	107
214.566	107
214.57	107
214.573	107
214.576	107
214.58	107
214.583	107
214.586	107
214.59	107
214.593	107
214.597	107
214.6	107
214.603	107
214.607	107
214.61	107
214.613	107
214.617	107
214.62	107
214.624	107
214.627	107
214.63	107
214.634	107
214.637	107
214.64	107
214.644	107
214.647	107
214.65	107
214.654	107
214.657	107
214.661	107
214.664	107
214.667	107
214.671	107
214.674	107
214.677	107
214.681	107
214.684	107
214.688	107
214.691	107
214.694	107
214.698	107
214.701	107
214.704	107
214.708	107
214.711	107
214.715	107
214.718	107
214.721	107
214.725	107
214.728	107
214.731	108
214.735	108
214.738	109
214.742	109
214.745	109
214.748	109
214.752	109
214.755	110
214.758	110
214.762	110
214.765	110
214.769	110
214.772	110
214.775	110
214.779	110
214.782	110
214.785	110
214.789	110
214.792	111
214.796	111
214.799	111
214.802	111
214.806	111
214.809	111
214.812	111
214.816	111
214.819	111
214.823	111
214.826	111
214.829	111
214.833	111
214.836	110
214.839	110
214.843	110
214.846	109
214.849	109
214.853	109
214.856	109
214.86	109
214.863	108
214.866	108
214.87	108
214.873	108
214.876	108
214.88	108
214.883	108
214.887	108
214.89	108
214.893	108
214.897	108
214.9	108
214.903	108
214.907	108
214.91	108
214.914	108
214.917	107
214.92	107
214.924	107
214.927	107
214.93	107
214.934	107
214.937	107
214.941	107
214.944	107
214.947	107
214.951	107
214.954	107
214.957	107
214.961	107
214.964	107
214.968	107
214.971	107
214.974	107
214.978	107
214.981	107
214.984	107
214.988	107
214.991	107
214.995	107
214.998	107
215.001	107
215.005	107
215.008	107
215.011	107
215.015	107
215.018	107
215.022	107
215.025	107
215.028	107
215.032	107
215.035	107
215.038	107
215.042	107
215.045	107
215.048	107
215.052	106
215.055	106
215.059	106
215.062	105
215.065	105
215.069	105
215.072	105
215.075	105
215.079	105
215.082	105
215.086	105
215.089	104
215.092	104
215.096	104
215.099	104
215.102	104
215.106	104
215.109	104
215.113	104
215.116	104
215.119	104
215.123	104
215.126	104
215.129	104
215.133	104
215.136	104
215.14	104
215.143	104
215.147	104
215.15	104
215.154	104
215.157	104
215.16	104
215.164	104
215.167	105
215.171	105
215.174	105
215.177	105
215.181	105
215.184	105
215.187	105
215.191	105
215.194	105
215.197	105
215.201	105
215.204	105
215.208	105
215.211	105
215.214	105
215.218	105
215.221	105
215.224	105
215.228	105
215.231	105
215.235	105
215.238	105
215.241	105
215.245	105
215.248	105
215.251	105
215.255	105
215.258	105
215.262	104
215.265	104
215.268	104
215.272	104
215.275	104
215.278	104
215.282	104
215.285	104
215.289	104
215.292	104
215.295	104
215.299	104
215.302	104
215.305	104
215.309	104
215.312	104
215.316	104
215.319	104
215.322	104
215.326	104
215.329	104
215.332	104
215.336	104
215.339	104
215.343	104
215.346	104
215.349	104
215.353	105
215.356	105
215.359	105
215.363	106
215.366	106
215.37	106
215.373	106
215.376	106
215.38	106
215.383	107
215.386	107
215.39	107
215.393	107
215.396	107
215.4	107
215.403	107
215.407	107
215.41	107
215.413	107
215.417	107
215.42	107
215.423	107
215.427	107
215.43	107
215.434	107
215.437	107
215.44	107
215.444	107
215.447	107
215.45	107
215.454	107
215.457	107
215.461	107
215.464	107
215.467	107
215.471	107
215.474	107
215.477	107
215.481	107
215.484	107
215.488	107
215.491	107
215.494	107
215.498	107
215.501	107
215.504	107
215.508	107
215.511	107
215.515	107
215.518	107
215.521	107
215.525	107
215.528	107
215.531	107
215.535	107
215.538	107
215.542	107
215.545	107
215.548	107
215.552	107
215.555	107
215.558	107
215.562	108
215.565	108
215.569	109
215.572	109
215.575	109
215.579	109
215.582	109
215.585	110
215.589	110
215.592	110
215.595	110
215.599	110
215.602	110
215.606	110
215.609	110
215.612	110
215.616	110
215.619	110
215.622	110
215.626	110
215.629	111
215.633	111
215.636	111
215.639	111
215.643	111
215.646	111
215.649	111
215.653	111
215.656	111
215.66	111
215.663	111
215.666	110
215.67	110
215.673	110
215.676	109
215.68	109
215.683	109
215.687	109
215.69	109
215.693	108
215.697	108
215.7	108
215.703	108
215.707	108
215.71	108
215.714	108
215.717	108
215.72	108
215.724	108
215.727	108
215.73	108
215.734	108
215.737	108
215.741	108
215.744	108
215.747	108
215.751	108
215.754	108
215.757	108
215.761	108
215.764	108
215.767	108
215.771	108
215.774	108
215.778	108
215.781	107
215.784	107
215.788	107
215.791	107
215.794	107
215.798	107
215.801	107
215.805	107
215.808	107
215.811	107
215.815	107
215.818	107
215.821	107
215.825	107
215.828	107
215.832	107
215.835	107
215.838	107
215.842	107
215.845	107
215.848	107
215.852	107
215.855	107
215.859	107
215.862	107
215.865	107
215.869	107
215.872	107
215.875	107
215.879	107
215.882	106
215.886	106
215.889	106
215.892	106
215.896	105
215.899	105
215.902	105
215.906	105
215.909	105
215.913	105
215.916	105
215.919	105
215.923	105
215.926	105
215.929	105
215.933	104
215.936	104
215.94	104
215.943	104
215.946	104
215.95	104
215.953	104
215.956	104
215.96	104
215.963	104
215.966	104
215.97	104
215.973	104
215.977	104
215.981	104
215.984	104
215.987	104
215.991	104
215.994	104
215.997	104
216.001	104
216.004	104
216.008	104
216.011	104
216.014	104
216.018	104
216.021	105
216.024	105
216.028	105
216.031	105
216.035	105
216.038	105
216.041	105
216.045	105
216.048	105
216.051	105
216.055	105
216.058	105
216.062	105
216.065	105
216.068	105
216.072	105
216.075	105
216.078	105
216.082	105
216.085	105
216.089	105
216.092	104
216.095	104
216.099	104
216.102	104
216.105	104
216.109	104
216.112	104
216.116	104
216.119	104
216.122	104
216.126	104
216.129	104
216.132	104
216.136	104
216.139	104
216.142	104
216.146	104
216.149	104
216.153	104
216.156	104
216.159	104
216.163	104
216.166	104
216.169	104
216.173	104
216.176	104
216.18	104
216.183	104
216.186	105
216.19	105
216.193	105
216.196	106
216.2	106
216.203	106
216.207	106
216.21	106
216.213	106
216.217	107
216.22	107
216.223	107
216.227	107
216.23	107
216.234	107
216.237	107
216.24	107
216.244	107
216.247	107
216.25	107
216.254	107
216.257	107
216.261	107
216.264	107
216.267	107
216.271	107
216.274	107
216.277	107
216.281	107
216.284	107
216.288	107
216.291	107
216.294	107
216.298	107
216.301	107
216.304	107
216.308	107
216.311	107
216.314	107
216.318	107
216.321	107
216.325	107
216.328	107
216.331	107
216.335	107
216.338	107
216.341	107
216.345	107
216.348	107
216.352	107
216.355	107
216.358	107
216.362	107
216.365	107
216.368	107
216.372	107
216.375	107
216.379	107
216.382	107
216.385	107
216.389	107
216.392	108
216.395	108
216.399	108
216.402	109
216.406	109
216.409	109
216.412	109
216.416	110
216.419	110
216.422	110
216.426	110
216.429	110
216.433	110
216.436	110
216.439	110
216.443	110
216.446	111
216.449	111
216.453	111
216.456	111
216.46	111
216.463	111
216.466	111
216.47	111
216.473	111
216.476	111
216.48	111
216.483	111
216.487	111
216.49	111
216.493	111
216.497	110
216.5	110
216.503	110
216.507	109
216.51	109
216.513	109
216.517	109
216.52	109
216.524	109
216.527	108
216.53	108
216.534	108
216.537	108
216.54	108
216.544	108
216.547	108
216.551	108
216.554	108
216.557	108
216.561	108
216.564	108
216.567	108
216.571	108
216.574	108
216.578	108
216.581	107
216.584	107
216.588	107
216.591	107
216.594	107
216.598	107
216.601	107
216.605	107
216.608	107
216.611	107
216.615	107
216.618	107
216.621	107
216.625	107
216.628	107
216.632	107
216.635	107
216.638	107
216.642	107
216.645	107
216.648	107
216.652	107
216.655	107
216.659	107
216.662	107
216.665	107
216.669	107
216.672	107
216.675	107
216.679	107
216.682	107
216.686	107
216.689	107
216.692	107
216.696	107
216.699	107
216.702	107
216.706	107
216.709	107
216.712	106
216.716	106
216.719	106
216.723	106
216.726	105
216.729	105
216.733	105
216.736	105
216.739	105
216.743	105
216.746	105
216.75	105
216.753	104
216.756	104
216.76	104
216.763	104
216.766	104
216.77	104
216.773	104
216.777	104
216.78	104
216.783	104
216.787	104
216.79	104
216.793	104
216.797	104
216.8	104
216.804	104
216.808	104
216.811	104
216.814	104
216.818	104
216.821	104
216.824	104
216.828	104
216.831	105
216.835	105
216.838	105
216.841	105
216.845	105
216.848	105
216.851	105
216.855	105
216.858	105
216.862	105
216.865	105
216.868	105
216.872	105
216.875	105
216.878	105
216.882	105
216.885	105
216.888	105
216.892	105
216.895	105
216.899	105
216.902	105
216.905	105
216.909	105
216.912	105
216.915	105
216.919	104
216.922	104
216.926	104
216.929	104
216.932	104
216.936	104
216.939	104
216.942	104
216.946	104
216.949	104
216.953	104
216.956	104
216.959	104
216.963	104
216.966	104
216.969	104
216.973	104
216.976	104
216.98	104
216.983	104
216.986	104
216.99	104
216.993	104
216.996	104
217	104
217.003	104
217.007	104
217.01	104
217.013	105
217.017	105
217.02	105
217.023	106
217.027	106
217.03	106
217.034	106
217.037	106
217.04	106
217.044	107
217.047	107
217.05	107
217.054	107
217.057	107
217.06	107
217.064	107
217.067	107
217.071	107
217.074	107
217.077	107
217.081	107
217.084	107
217.087	107
217.091	107
217.094	107
217.098	107
217.101	107
217.104	107
217.108	107
217.111	107
217.114	107
217.118	107
217.121	107
217.125	107
217.128	107
217.131	107
217.135	107
217.138	107
217.141	107
217.145	107
217.148	107
217.152	107
217.155	107
217.158	107
217.162	107
217.165	107
217.168	107
217.172	107
217.175	107
217.179	107
217.182	107
217.185	107
217.189	107
217.192	107
217.195	107
217.199	107
217.202	107
217.206	107
217.209	107
217.212	107
217.216	107
217.219	107
217.222	108
217.226	108
217.229	109
217.233	109
217.236	109
217.239	109
217.243	109
217.246	110
217.249	110
217.253	110
217.256	110
217.259	110
217.263	110
217.266	110
217.27	110
217.273	110
217.276	110
217.28	110
217.283	111
217.286	111
217.29	111
217.293	111
217.297	111
217.3	111
217.303	111
217.307	111
217.31	111
217.313	111
217.317	111
217.32	111
217.324	111
217.327	110
217.33	110
217.334	110
217.337	109
217.34	109
217.344	109
217.347	109
217.351	109
217.354	108
217.357	108
217.361	108
217.364	108
217.367	108
217.371	108
217.374	108
217.378	108
217.381	108
217.384	108
217.388	108
217.391	108
217.394	108
217.398	108
217.401	108
217.405	108
217.408	108
217.411	108
217.415	108
217.418	108
217.421	108
217.425	108
217.428	108
217.432	108
217.435	108
217.438	108
217.442	108
217.445	107
217.448	107
217.452	107
217.455	107
217.458	107
217.462	107
217.465	107
217.469	107
217.472	107
217.475	107
217.479	107
217.482	107
217.485	107
217.489	107
217.492	107
217.496	107
217.499	107
217.502	107
217.506	107
217.509	107
217.512	107
217.516	107
217.519	107
217.523	107
217.526	107
217.529	107
217.533	107
217.536	107
217.539	107
217.543	106
217.546	106
217.55	106
217.553	106
217.556	105
217.56	105
217.563	105
217.566	105
217.57	105
217.573	105
217.577	105
217.58	105
217.583	105
217.587	104
217.59	104
217.593	104
217.597	104
217.6	104
217.604	104
217.607	104
217.61	104
217.614	104
217.617	104
217.62	104
217.624	104
217.627	104
217.63	104
217.634	104
217.638	104
217.641	104
217.645	104
217.648	104
217.651	104
217.655	104
217.658	104
217.661	104
217.665	104
217.668	104
217.672	104
217.675	104
217.678	104
217.682	104
217.685	105
217.688	105
217.692	105
217.695	105
217.699	105
217.702	105
217.705	105
217.709	105
217.712	105
217.715	105
217.719	105
217.722	105
217.726	105
217.729	105
217.732	105
217.736	105
217.739	105
217.742	105
217.746	105
217.749	105
217.753	105
217.756	104
217.759	104
217.763	104
217.766	104
217.769	104
217.773	104
217.776	104
217.78	104
217.783	104
217.786	104
217.79	104
217.793	104
217.796	104
217.8	104
217.803	104
217.806	104
217.81	104
217.813	104
217.817	104
217.82	104
217.823	104
217.827	104
217.83	104
217.833	104
217.837	104
217.84	104
217.844	105
217.847	105
217.85	105
217.854	105
217.857	106
217.86	106
217.864	106
217.867	106
217.871	106
217.874	106
217.877	107
217.881	107
217.884	107
217.887	107
217.891	107
217.894	107
217.898	107
217.901	107
217.904	107
217.908	107
217.911	107
217.914	107
217.918	107
217.921	107
217.925	107
217.928	107
217.931	107
217.935	107
217.938	107
217.941	107
217.945	107
217.948	107
217.952	107
217.955	107
217.958	107
217.962	107
217.965	107
217.968	107
217.972	107
217.975	107
217.979	107
217.982	107
217.985	107
217.989	107
217.992	107
217.995	107
217.999	107
218.002	107
218.005	107
218.009	107
218.012	107
218.016	107
218.019	107
218.022	107
218.026	107
218.029	107
218.032	107
218.036	107
218.039	107
218.043	107
218.046	107
218.049	107
218.053	108
218.056	108
218.059	108
218.063	109
218.066	109
218.07	109
218.073	109
218.076	110
218.08	110
218.083	110
218.086	110
218.09	110
218.093	110
218.097	110
218.1	110
218.103	110
218.107	110
218.11	111
218.113	111
218.117	111
218.12	111
218.124	111
218.127	111
218.13	111
218.134	111
218.137	111
218.14	111
218.144	111
218.147	111
218.151	111
218.154	111
218.157	110
218.161	110
218.164	110
218.167	109
218.171	109
218.174	109
218.177	109
218.181	109
218.184	108
218.188	108
218.191	108
218.194	108
218.198	108
218.201	108
218.204	108
218.208	108
218.211	108
218.215	108
218.218	108
218.221	108
218.225	108
218.228	108
218.231	108
218.235	108
218.238	108
218.242	108
218.245	107
218.248	107
218.252	107
218.255	107
218.258	107
218.262	107
218.265	107
218.269	107
218.272	107
218.275	107
218.279	107
218.282	107
218.285	107
218.289	107
218.292	107
218.296	107
218.299	107
218.302	107
218.306	107
218.309	107
218.312	107
218.316	107
218.319	107
218.323	107
218.326	107
218.329	107
218.333	107
218.336	107
218.339	107
218.343	107
218.346	107
218.35	107
218.353	107
218.356	107
218.36	107
218.363	107
218.366	107
218.37	107
218.373	106
218.376	106
218.38	106
218.383	106
218.387	105
218.39	105
218.393	105
218.397	105
218.4	105
218.403	105
218.407	105
218.41	105
218.414	104
218.417	104
218.42	104
218.424	104
218.427	104
218.43	104
218.434	104
218.437	104
218.441	104
218.444	104
218.447	104
218.451	104
218.454	104
218.457	104
218.461	104
218.464	104
218.468	104
218.472	104
218.475	104
218.478	104
218.482	104
218.485	104
218.488	104
218.492	104
218.495	105
218.499	105
218.502	105
218.505	105
218.509	105
218.512	105
218.515	105
218.519	105
218.522	105
218.526	105
218.529	105
218.532	105
218.536	105
218.539	105
218.542	105
218.546	105
218.549	105
218.552	105
218.556	105
218.559	105
218.563	105
218.566	105
218.569	105
218.573	104
218.576	104
218.579	104
218.583	104
218.586	104
218.59	104
218.593	104
218.596	104
218.6	104
218.603	104
218.606	104
218.61	104
218.613	104
218.617	104
218.62	104
218.623	104
218.627	104
218.63	104
218.633	104
218.637	104
218.64	104
218.644	104
218.647	104
218.65	104
218.654	104
218.657	104
218.66	104
218.664	104
218.667	104
218.671	104
218.674	105
218.677	105
218.681	105
218.684	106
218.687	106
218.691	106
218.694	106
218.698	106
218.701	106
218.704	107
218.708	107
218.711	107
218.714	107
218.718	107
218.721	107
218.724	107
218.728	107
218.731	107
218.735	107
218.738	107
218.741	107
218.745	107
218.748	107
218.751	107
218.755	107
218.758	107
218.762	107
218.765	107
218.768	107
218.772	107
218.775	107
218.778	107
218.782	107
218.785	107
218.789	107
218.792	107
218.795	107
218.799	107
218.802	107
218.805	107
218.809	107
218.812	107
218.816	107
218.819	107
218.822	107
218.826	107
218.829	107
218.832	107
218.836	107
218.839	107
218.843	107
218.846	107
218.849	107
218.853	107
218.856	107
218.859	107
218.863	107
218.866	107
218.87	107
218.873	107
218.876	107
218.88	107
218.883	108
218.886	108
218.89	109
218.893	109
218.897	109
218.9	109
218.903	110
218.907	110
218.91	110
218.913	110
218.917	110
218.92	110
218.923	110
218.927	110
218.93	110
218.934	110
218.937	110
218.94	110
218.944	110
218.947	111
218.95	111
218.954	111
218.957	111
218.961	111
218.964	111
218.967	111
218.971	111
218.974	111
218.977	111
218.981	111
218.984	111
218.988	110
218.991	110
218.994	110
218.998	109
219.001	109
219.004	109
219.008	109
219.011	109
219.015	108
219.018	108
219.021	108
219.025	108
219.028	108
219.031	108
219.035	108
219.038	108
219.042	108
219.045	108
219.048	108
219.052	108
219.055	108
219.058	108
219.062	108
219.065	108
219.069	108
219.072	108
219.075	108
219.079	108
219.082	108
219.085	108
219.089	108
219.092	108
219.096	108
219.099	108
219.102	108
219.106	108
219.109	107
219.112	107
219.116	107
219.119	107
219.122	107
219.126	107
219.129	107
219.133	107
219.136	107
219.139	107
219.143	107
219.146	107
219.149	107
219.153	107
219.156	107
219.16	107
219.163	107
219.166	107
219.17	107
219.173	107
219.176	107
219.18	107
219.183	107
219.187	107
219.19	107
219.193	107
219.197	107
219.2	107
219.203	106
219.207	106
219.21	106
219.214	106
219.217	105
219.22	105
219.224	105
219.227	105
219.23	105
219.234	105
219.237	105
219.241	105
219.244	105
219.247	105
219.251	104
219.254	104
219.257	104
219.261	104
219.264	104
219.268	104
219.271	104
219.274	104
219.278	104
219.281	104
219.284	104
219.288	104
219.291	104
219.295	104
219.298	104
219.302	104
219.305	104
219.309	104
219.312	104
219.315	104
219.319	104
219.322	105
219.325	105
219.329	105
219.332	105
219.336	105
219.339	105
219.342	105
219.346	105
219.349	105
219.352	105
219.356	105
219.359	105
219.363	105
219.366	105
219.369	105
219.373	105
219.376	105
219.379	105
219.383	105
219.386	105
219.39	105
219.393	105
219.396	105
219.4	105
219.403	105
219.406	105
219.41	104
219.413	104
219.417	104
219.42	104
219.423	104
219.427	104
219.43	104
219.433	104
219.437	104
219.44	104
219.444	104
219.447	104
219.45	104
219.454	104
219.457	104
219.46	104
219.464	104
219.467	104
219.47	104
219.474	104
219.477	104
219.481	104
219.484	104
219.487	104
219.491	104
219.494	104
219.497	104
219.501	104
219.504	104
219.508	105
219.511	105
219.514	105
219.518	106
219.521	106
219.524	106
219.528	106
219.531	106
219.535	107
219.538	107
219.541	107
219.545	107
219.548	107
219.551	107
219.555	107
219.558	107
219.562	107
219.565	107
219.568	107
219.572	107
219.575	107
219.578	107
219.582	107
219.585	107
219.589	107
219.592	107
219.595	107
219.599	107
219.602	107
219.605	107
219.609	107
219.612	107
219.616	107
219.619	107
219.622	107
219.626	107
219.629	107
219.632	107
219.636	107
219.639	107
219.643	107
219.646	107
219.649	107
219.653	107
219.656	107
219.659	107
219.663	107
219.666	107
219.669	107
219.673	107
219.676	107
219.68	107
219.683	107
219.686	107
219.69	107
219.693	107
219.696	107
219.7	107
219.703	107
219.707	107
219.71	107
219.713	108
219.717	108
219.72	108
219.723	109
219.727	109
219.73	109
219.734	109
219.737	110
219.74	110
219.744	110
219.747	110
219.75	110
219.754	110
219.757	110
219.761	110
219.764	110
219.767	110
219.771	110
219.774	111
219.777	111
219.781	111
219.784	111
219.788	111
219.791	111
219.794	111
219.798	111
219.801	111
219.804	111
219.808	111
219.811	111
219.815	111
219.818	110
219.821	110
219.825	110
219.828	109
219.831	109
219.835	109
219.838	109
219.842	109
219.845	108
219.848	108
219.852	108
219.855	108
219.858	108
219.862	108
219.865	108
219.868	108
219.872	108
219.875	108
219.879	108
219.882	108
219.885	108
219.889	108
219.892	108
219.895	108
219.899	108
219.902	108
219.906	108
219.909	107
219.912	107
219.916	107
219.919	107
219.922	107
219.926	107
219.929	107
219.933	107
219.936	107
219.939	107
219.943	107
219.946	107
219.949	107
219.953	107
219.956	107
219.96	107
219.963	107
219.966	107
219.97	107
219.973	107
219.976	107
219.98	107
219.983	107
219.987	107
219.99	107
219.993	107
219.997	107
220	107
220.003	107
220.007	107
220.01	107
220.014	107
220.017	107
220.02	107
220.024	107
220.027	107
220.03	107
220.034	106
220.037	106
220.04	106
220.044	106
220.047	105
220.051	105
220.054	105
220.057	105
220.061	105
220.064	105
220.067	105
220.071	105
220.074	105
220.078	104
220.081	104
220.084	104
220.088	104
220.091	104
220.094	104
220.098	104
220.101	104
220.105	104
220.108	104
220.111	104
220.115	104
220.118	104
220.121	104
220.125	104
220.129	104
220.132	104
220.136	104
220.139	104
220.142	104
220.146	104
220.149	104
220.152	104
220.156	104
220.159	105
220.163	105
220.166	105
220.169	105
220.173	105
220.176	105
220.179	105
220.183	105
220.186	105
220.19	105
220.193	105
220.196	105
220.2	105
220.203	105
220.206	105
220.21	105
220.213	105
220.216	105
220.22	105
220.223	105
220.227	105
220.23	105
220.233	105
220.237	104
220.24	104
220.243	104
220.247	104
220.25	104
220.254	104
220.257	104
220.26	104
220.264	104
220.267	104
220.27	104
220.274	104
220.277	104
220.281	104
220.284	104
220.287	104
220.291	104
220.294	104
220.297	104
220.301	104
220.304	104
220.308	104
220.311	104
220.314	104
220.318	104
220.321	104
220.324	104
220.328	104
220.331	104
220.335	105
220.338	105
220.341	105
220.345	106
220.348	106
220.351	106
220.355	106
220.358	106
220.362	106
220.365	107
220.368	107
220.372	107
220.375	107
220.378	107
220.382	107
220.385	107
220.389	107
220.392	107
220.395	107
220.399	107
220.402	107
220.405	107
220.409	107
220.412	107
220.415	107
220.419	107
220.422	107
220.426	107
220.429	107
220.432	107
220.436	107
220.439	107
220.442	107
220.446	107
220.449	107
220.453	107
220.456	107
220.459	107
220.463	107
220.466	107
220.469	107
220.473	107
220.476	107
220.48	107
220.483	107
220.486	107
220.49	107
220.493	107
220.496	107
220.5	107
220.503	107
220.507	107
220.51	107
220.513	107
220.517	107
220.52	107
220.523	107
220.527	107
220.53	107
220.534	107
220.537	107
220.54	107
220.544	108
220.547	108
220.55	109
220.554	109
220.557	109
220.561	109
220.564	109
220.567	110
220.571	110
220.574	110
220.577	110
220.581	110
220.584	110
220.587	110
220.591	110
220.594	110
220.598	110
220.601	110
220.604	110
220.608	110
220.611	111
220.614	111
220.618	111
220.621	111
220.625	111
220.628	111
220.631	111
220.635	111
220.638	111
220.641	111
220.645	111
220.648	110
220.652	110
220.655	110
220.658	109
220.662	109
220.665	109
220.668	109
220.672	109
220.675	108
220.679	108
220.682	108
220.685	108
220.689	108
220.692	108
220.695	108
220.699	108
220.702	108
220.706	108
220.709	108
220.712	108
220.716	108
220.719	108
220.722	108
220.726	108
220.729	108
220.733	108
220.736	108
220.739	108
220.743	108
220.746	108
220.749	108
220.753	108
220.756	108
220.76	108
220.763	108
220.766	108
220.77	108
220.773	108
220.776	108
220.78	108
220.783	108
220.786	108
220.79	108
220.793	108
220.797	108
220.8	107
220.803	107
220.807	107
220.81	107
220.813	107
220.817	107
220.82	107
220.824	107
220.827	107
220.83	107
220.834	107
220.837	107
220.84	107
220.844	107
220.847	107
220.851	107
220.854	107
220.857	107
220.861	107
220.864	106
220.867	106
220.871	106
220.874	106
220.878	105
220.881	105
220.884	105
220.888	105
220.891	105
220.894	105
220.898	105
220.901	105
220.905	105
220.908	104
220.911	104
220.915	104
220.918	104
220.921	104
220.925	104
220.928	104
220.932	104
220.935	104
220.938	104
220.942	104
220.945	104
220.948	104
220.952	104
220.955	104
220.959	104
220.962	104
220.966	104
220.969	104
220.973	104
220.976	104
220.979	104
220.983	104
220.986	105
220.989	105
220.993	105
220.996	105
221	105
221.003	105
221.006	105
221.01	105
221.013	105
221.016	105
221.02	105
221.023	105
221.027	105
221.03	105
221.033	105
221.037	105
221.04	105
221.043	105
221.047	105
221.05	105
221.054	105
221.057	105
221.06	105
221.064	104
221.067	104
221.07	104
221.074	104
221.077	104
221.081	104
221.084	104
221.087	104
221.091	104
221.094	104
221.097	104
221.101	104
221.104	104
221.108	104
221.111	104
221.114	104
221.118	104
221.121	104
221.124	104
221.128	104
221.131	104
221.134	104
221.138	104
221.141	104
221.145	104
221.148	104
221.151	104
221.155	104
221.158	104
221.161	104
221.165	105
221.168	105
221.172	105
221.175	105
221.178	106
221.182	106
221.185	106
221.188	106
221.192	106
221.195	107
221.199	107
221.202	107
221.205	107
221.209	107
221.212	107
221.215	107
221.219	107
221.222	107
221.226	107
221.229	107
221.232	107
221.236	107
221.239	107
221.242	107
221.246	107
221.249	107
221.253	107
221.256	107
221.259	107
221.263	107
221.266	107
221.269	107
221.273	107
221.276	107
221.28	107
221.283	107
221.286	107
221.29	107
221.293	107
221.296	107
221.3	107
221.303	107
221.307	107
221.31	107
221.313	107
221.317	107
221.32	107
221.323	107
221.327	107
221.33	107
221.333	107
221.337	107
221.34	107
221.344	107
221.347	107
221.35	107
221.354	107
221.357	107
221.36	107
221.364	107
221.367	107
221.371	107
221.374	108
221.377	108
221.381	108
221.384	109
221.387	109
221.391	109
221.394	110
221.398	110
221.401	110
221.404	110
221.408	110
221.411	110
221.414	110
221.418	110
221.421	110
221.425	110
221.428	110
221.431	110
221.435	110
221.438	111
221.441	111
221.445	111
221.448	111
221.452	111
221.455	111
221.458	111
221.462	111
221.465	111
221.468	111
221.472	111
221.475	111
221.479	110
221.482	110
221.485	110
221.489	109
221.492	109
221.495	109
221.499	109
221.502	109
221.506	109
221.509	108
221.512	108
221.516	108
221.519	108
221.522	108
221.526	108
221.529	108
221.532	108
221.536	108
221.539	108
221.543	108
221.546	108
221.549	108
221.553	108
221.556	108
221.559	108
221.563	108
221.566	108
221.57	108
221.573	107
221.576	107
221.58	107
221.583	107
221.586	107
221.59	107
221.593	107
221.597	107
221.6	107
221.603	107
221.607	107
221.61	107
221.613	107
221.617	107
221.62	107
221.624	107
221.627	107
221.63	107
221.634	107
221.637	107
221.64	107
221.644	107
221.647	107
221.651	107
221.654	107
221.657	107
221.661	107
221.664	107
221.667	107
221.671	107
221.674	107
221.678	107
221.681	107
221.684	107
221.688	107
221.691	107
221.694	106
221.698	106
221.701	106
221.705	106
221.708	105
221.711	105
221.715	105
221.718	105
221.721	105
221.725	105
221.728	105
221.731	105
221.735	104
221.738	104
221.742	104
221.745	104
221.748	104
221.752	104
221.755	104
221.758	104
221.762	104
221.765	104
221.769	104
221.772	104
221.775	104
221.779	104
221.782	104
221.785	104
221.789	104
221.793	104
221.796	104
221.8	104
221.803	104
221.806	104
221.81	104
221.813	104
221.816	104
221.82	104
221.823	105
221.827	105
221.83	105
221.833	105
221.837	105
221.84	105
221.843	105
221.847	105
221.85	105
221.854	105
221.857	105
221.86	105
221.864	105
221.867	105
221.87	105
221.874	105
221.877	105
221.88	105
221.884	105
221.887	105
221.891	105
221.894	105
221.897	105
221.901	104
221.904	104
221.907	104
221.911	104
221.914	104
221.918	104
221.921	104
221.924	104
221.928	104
221.931	104
221.934	104
221.938	104
221.941	104
221.945	104
221.948	104
221.951	104
221.955	104
221.958	104
221.961	104
221.965	104
221.968	104
221.972	104
221.975	104
221.978	104
221.982	104
221.985	104
221.988	104
221.992	104
221.995	104
221.999	105
222.002	105
222.005	105
222.009	106
222.012	106
222.015	106
222.019	106
222.022	106
222.026	107
222.029	107
222.032	107
222.036	107
222.039	107
222.042	107
222.046	107
222.049	107
222.053	107
222.056	107
222.059	107
222.063	107
222.066	107
222.069	107
222.073	107
222.076	107
222.079	107
222.083	107
222.086	107
222.09	107
222.093	107
222.096	107
222.1	107
222.103	107
222.106	107
222.11	107
222.113	107
222.117	107
222.12	107
222.123	107
222.127	107
222.13	107
222.133	107
222.137	107
222.14	107
222.144	107
222.147	107
222.15	107
222.154	107
222.157	107
222.16	107
222.164	107
222.167	107
222.171	107
222.174	107
222.177	107
222.181	107
222.184	107
222.187	107
222.191	107
222.194	107
222.198	107
222.201	107
222.204	108
222.208	108
222.211	109
222.214	109
222.218	109
222.221	109
222.225	110
222.228	110
222.231	110
222.235	110
222.238	110
222.241	110
222.245	110
222.248	110
222.252	110
222.255	110
222.258	111
222.262	111
222.265	111
222.268	111
222.272	111
222.275	111
222.278	111
222.282	111
222.285	111
222.289	111
222.292	111
222.295	111
222.299	111
222.302	111
222.305	111
222.309	110
222.312	110
222.316	110
222.319	109
222.322	109
222.326	109
222.329	109
222.332	109
222.336	108
222.339	108
222.343	108
222.346	108
222.349	108
222.353	108
222.356	108
222.359	108
222.363	108
222.366	108
222.37	108
222.373	108
222.376	108
222.38	108
222.383	108
222.386	108
222.39	108
222.393	108
222.397	108
222.4	108
222.403	108
222.407	108
222.41	108
222.413	108
222.417	108
222.42	108
222.424	108
222.427	108
222.43	108
222.434	108
222.437	108
222.44	108
222.444	108
222.447	108
222.45	108
222.454	108
222.457	108
222.461	108
222.464	107
222.467	107
222.471	107
222.474	107
222.477	107
222.481	107
222.484	107
222.488	107
222.491	107
222.494	107
222.498	107
222.501	107
222.504	107
222.508	107
222.511	107
222.515	107
222.518	107
222.521	107
222.525	106
222.528	106
222.531	106
222.535	106
222.538	105
222.542	105
222.545	105
222.548	105
222.552	105
222.555	105
222.558	105
222.562	105
222.565	105
222.569	105
222.572	104
222.575	104
222.579	104
222.582	104
222.585	104
222.589	104
222.592	104
222.596	104
222.599	104
222.602	104
222.606	104
222.609	104
222.612	104
222.616	104
222.62	104
222.623	104
222.626	104
222.63	104
222.633	104
222.637	104
222.64	104
222.643	104
222.647	104
222.65	105
222.653	105
222.657	105
222.66	105
222.664	105
222.667	105
222.67	105
222.674	105
222.677	105
222.68	105
222.684	105
222.687	105
222.691	105
222.694	105
222.697	105
222.701	105
222.704	105
222.707	105
222.711	105
222.714	105
222.718	105
222.721	105
222.724	105
222.728	104
222.731	104
222.734	104
222.738	104
222.741	104
222.745	104
222.748	104
222.751	104
222.755	104
222.758	104
222.761	104
222.765	104
222.768	104
222.772	104
222.775	104
222.778	104
222.782	104
222.785	104
222.788	104
222.792	104
222.795	104
222.799	104
222.802	104
222.805	104
222.809	104
222.812	104
222.815	104
222.819	104
222.822	104
222.825	104
222.829	105
222.832	105
222.836	105
222.839	106
222.842	106
222.846	106
222.849	106
222.852	106
222.856	107
222.859	107
222.863	107
222.866	107
222.869	107
222.873	107
222.876	107
222.879	107
222.883	107
222.886	107
222.89	107
222.893	107
222.896	107
222.9	107
222.903	107
222.906	107
222.91	107
222.913	107
222.917	107
222.92	107
222.923	107
222.927	107
222.93	107
222.933	107
222.937	107
222.94	107
222.944	107
222.947	107
222.95	107
222.954	107
222.957	107
222.96	107
222.964	107
222.967	107
222.971	107
222.974	107
222.977	107
222.981	107
222.984	107
222.987	107
222.991	107
222.994	107
222.997	107
223.001	107
223.004	107
223.008	107
223.011	107
223.014	107
223.018	107
223.021	107
223.024	107
223.028	107
223.031	107
223.035	108
223.038	108
223.041	108
223.045	109
223.048	109
223.051	109
223.055	109
223.058	110
223.062	110
223.065	110
223.068	110
223.072	110
223.075	110
223.078	110
223.082	110
223.085	110
223.089	110
223.092	110
223.095	110
223.099	110
223.102	111
223.105	111
223.109	111
223.112	111
223.116	111
223.119	111
223.122	111
223.126	111
223.129	111
223.132	111
223.136	111
223.139	110
223.143	110
223.146	110
223.149	109
223.153	109
223.156	109
223.159	109
223.163	109
223.166	108
223.17	108
223.173	108
223.176	108
223.18	108
223.183	108
223.186	108
223.19	108
223.193	108
223.196	108
223.2	108
223.203	108
223.207	108
223.21	108
223.213	108
223.217	108
223.22	108
223.223	108
223.227	108
223.23	108
223.234	108
223.237	107
223.24	107
223.244	107
223.247	107
223.25	107
223.254	107
223.257	107
223.261	107
223.264	107
223.267	107
223.271	107
223.274	107
223.277	107
223.281	107
223.284	107
223.288	107
223.291	107
223.294	107
223.298	107
223.301	107
223.304	107
223.308	107
223.311	107
223.315	107
223.318	107
223.321	107
223.325	107
223.328	107
223.331	107
223.335	107
223.338	107
223.342	107
223.345	107
223.348	107
223.352	107
223.355	106
223.358	106
223.362	106
223.365	106
223.369	106
223.372	105
223.375	105
223.379	105
223.382	105
223.385	105
223.389	105
223.392	105
223.395	105
223.399	104
223.402	104
223.406	104
223.409	104
223.412	104
223.416	104
223.419	104
223.422	104
223.426	104
223.429	104
223.433	104
223.436	104
223.439	104
223.443	104
223.446	104
223.45	104
223.453	104
223.457	104
223.46	104
223.464	104
223.467	104
223.47	104
223.474	104
223.477	105
223.48	105
223.484	105
223.487	105
223.491	105
223.494	105
223.497	105
223.501	105
223.504	105
223.507	105
223.511	105
223.514	105
223.518	105
223.521	105
223.524	105
223.528	105
223.531	105
223.534	105
223.538	105
223.541	105
223.544	105
223.548	105
223.551	105
223.555	105
223.558	104
223.561	104
223.565	104
223.568	104
223.571	104
223.575	104
223.578	104
223.582	104
223.585	104
223.588	104
223.592	104
223.595	104
223.598	104
223.602	104
223.605	104
223.609	104
223.612	104
223.615	104
223.619	104
223.622	104
223.625	104
223.629	104
223.632	104
223.636	104
223.639	104
223.642	104
223.646	104
223.649	104
223.652	104
223.656	105
223.659	105
223.663	105
223.666	105
223.669	106
223.673	106
223.676	106
223.679	106
223.683	106
223.686	107
223.69	107
223.693	107
223.696	107
223.7	107
223.703	107
223.706	107
223.71	107
223.713	107
223.717	107
223.72	107
223.723	107
223.727	107
223.73	107
223.733	107
223.737	107
223.74	107
223.743	107
223.747	107
223.75	107
223.754	107
223.757	107
223.76	107
223.764	107
223.767	107
223.77	107
223.774	107
223.777	107
223.781	107
223.784	107
223.787	107
223.791	107
223.794	107
223.797	107
223.801	107
223.804	107
223.808	107
223.811	107
223.814	107
223.818	107
223.821	107
223.824	107
223.828	107
223.831	107
223.835	107
223.838	107
223.841	107
223.845	107
223.848	107
223.851	107
223.855	107
223.858	107
223.862	107
223.865	108
223.868	108
223.872	109
223.875	109
223.878	109
223.882	109
223.885	110
223.889	110
223.892	110
223.895	110
223.899	110
223.902	110
223.905	110
223.909	110
223.912	110
223.916	110
223.919	110
223.922	111
223.926	111
223.929	111
223.932	111
223.936	111
223.939	111
223.942	111
223.946	111
223.949	111
223.953	111
223.956	111
223.959	111
223.963	111
223.966	111
223.969	110
223.973	110
223.976	110
223.98	109
223.983	109
223.986	109
223.99	109
223.993	109
223.996	108
224	108
224.003	108
224.007	108
224.01	108
224.013	108
224.017	108
224.02	108
224.023	108
224.027	108
224.03	108
224.034	108
224.037	108
224.04	108
224.044	108
224.047	108
224.05	108
224.054	108
224.057	108
224.061	108
224.064	108
224.067	108
224.071	108
224.074	108
224.077	108
224.081	108
224.084	108
224.088	108
224.091	108
224.094	108
224.098	108
224.101	108
224.104	108
224.108	108
224.111	108
224.114	108
224.118	108
224.121	108
224.125	108
224.128	107
224.131	107
224.135	107
224.138	107
224.141	107
224.145	107
224.148	107
224.152	107
224.155	107
224.158	107
224.162	107
224.165	107
224.168	107
224.172	107
224.175	107
224.179	107
224.182	107
224.185	106
224.189	106
224.192	106
224.195	106
224.199	105
224.202	105
224.206	105
224.209	105
224.212	105
224.216	105
224.219	105
224.222	105
224.226	104
224.229	104
224.233	104
224.236	104
224.239	104
224.243	104
224.246	104
224.249	104
224.253	104
224.256	104
224.26	104
224.263	104
224.266	104
224.27	104
224.273	104
224.276	104
224.28	104
224.284	104
224.287	104
224.29	104
224.294	104
224.297	104
224.301	104
224.304	104
224.307	104
224.311	104
224.314	105
224.317	105
224.321	105
224.324	105
224.328	105
224.331	105
224.334	105
224.338	105
224.341	105
224.344	105
224.348	105
224.351	105
224.355	105
224.358	105
224.361	105
224.365	105
224.368	105
224.371	105
224.375	105
224.378	105
224.382	105
224.385	104
224.388	104
224.392	104
224.395	104
224.398	104
224.402	104
224.405	104
224.409	104
224.412	104
224.415	104
224.419	104
224.422	104
224.425	104
224.429	104
224.432	104
224.436	104
224.439	104
224.442	104
224.446	104
224.449	104
224.452	104
224.456	104
224.459	104
224.463	104
224.466	104
224.469	104
224.473	104
224.476	104
224.479	104
224.483	104
224.486	104
224.489	105
224.493	105
224.496	105
224.5	106
224.503	106
224.506	106
224.51	106
224.513	106
224.516	107
224.52	107
224.523	107
224.527	107
224.53	107
224.533	107
224.537	107
224.54	107
224.543	107
224.547	107
224.55	107
224.554	107
224.557	107
224.56	107
224.564	107
224.567	107
224.57	107
224.574	107
224.577	107
224.581	107
224.584	107
224.587	107
224.591	107
224.594	107
224.597	107
224.601	107
224.604	107
224.608	107
224.611	107
224.614	107
224.618	107
224.621	107
224.624	107
224.628	107
224.631	107
224.635	107
224.638	107
224.641	107
224.645	107
224.648	107
224.651	107
224.655	107
224.658	107
224.661	107
224.665	107
224.668	107
224.672	107
224.675	107
224.678	107
224.682	107
224.685	107
224.688	107
224.692	107
224.695	108
224.699	108
224.702	109
224.705	109
224.709	109
224.712	109
224.715	109
224.719	110
224.722	110
224.726	110
224.729	110
224.732	110
224.736	110
224.739	110
224.742	110
224.746	110
224.749	110
224.753	110
224.756	110
224.759	110
224.763	110
224.766	111
224.769	111
224.773	111
224.776	111
224.78	111
224.783	111
224.786	111
224.79	111
224.793	111
224.796	111
224.8	110
224.803	110
224.807	110
224.81	109
224.813	109
224.817	109
224.82	109
224.823	109
224.827	108
224.83	108
224.834	108
224.837	108
224.84	108
224.844	108
224.847	108
224.85	108
224.854	108
224.857	108
224.86	108
224.864	108
224.867	108
224.871	108
224.874	108
224.877	108
224.881	108
224.884	108
224.887	108
224.891	108
224.894	108
224.898	108
224.901	107
224.904	107
224.908	107
224.911	107
224.914	107
224.918	107
224.921	107
224.925	107
224.928	107
224.931	107
224.935	107
224.938	107
224.941	107
224.945	107
224.948	107
224.952	107
224.955	107
224.958	107
224.962	107
224.965	107
224.968	107
224.972	107
224.975	107
224.979	107
224.982	107
224.985	107
224.989	107
224.992	107
224.995	107
224.999	107
225.002	107
225.006	107
225.009	107
225.012	107
225.016	106
225.019	106
225.022	106
225.026	106
225.029	105
225.033	105
225.036	105
225.039	105
225.043	105
225.046	105
225.049	105
225.053	104
225.056	104
225.059	104
225.063	104
225.066	104
225.07	104
225.073	104
225.076	104
225.08	104
225.083	104
225.086	104
225.09	104
225.093	104
225.097	104
225.1	104
225.103	104
225.107	104
225.111	104
225.114	104
225.117	104
225.121	104
225.124	104
225.128	104
225.131	104
225.134	104
225.138	104
225.141	105
225.144	105
225.148	105
225.151	105
225.155	105
225.158	105
225.161	105
225.165	105
225.168	105
225.171	105
225.175	105
225.178	105
225.182	105
225.185	105
225.188	105
225.192	105
225.195	105
225.198	105
225.202	105
225.205	105
225.208	105
225.212	105
225.215	105
225.219	105
225.222	104
225.225	104
225.229	104
225.232	104
225.235	104
225.239	104
225.242	104
225.246	104
225.249	104
225.252	104
225.256	104
225.259	104
225.262	104
225.266	104
225.269	104
225.273	104
225.276	104
225.279	104
225.283	104
225.286	104
225.289	104
225.293	104
225.296	104
225.3	104
225.303	104
225.306	104
225.31	104
225.313	104
225.316	104
225.32	105
225.323	105
225.327	105
225.33	106
225.333	106
225.337	106
225.34	106
225.343	106
225.347	107
225.35	107
225.354	107
225.357	107
225.36	107
225.364	107
225.367	107
225.37	107
225.374	107
225.377	107
225.381	107
225.384	107
225.387	107
225.391	107
225.394	107
225.397	107
225.401	107
225.404	107
225.407	107
225.411	107
225.414	107
225.418	107
225.421	107
225.424	107
225.428	107
225.431	107
225.434	107
225.438	107
225.441	107
225.445	107
225.448	107
225.451	107
225.455	107
225.458	107
225.461	107
225.465	107
225.468	107
225.472	107
225.475	107
225.478	107
225.482	107
225.485	107
225.488	107
225.492	107
225.495	107
225.499	107
225.502	107
225.505	107
225.509	107
225.512	107
225.515	107
225.519	107
225.522	107
225.526	108
225.529	108
225.532	109
225.536	109
225.539	109
225.542	109
225.546	109
225.549	110
225.553	110
225.556	110
225.559	110
225.563	110
225.566	110
225.569	110
225.573	110
225.576	111
225.58	111
225.583	111
225.586	111
225.59	111
225.593	111
225.596	111
225.6	111
225.603	111
225.606	111
225.61	111
225.613	111
225.617	111
225.62	111
225.623	111
225.627	111
225.63	110
225.633	110
225.637	110
225.64	109
225.644	109
225.647	109
225.65	109
225.654	108
225.657	108
225.66	108
225.664	108
225.667	108
225.671	108
225.674	108
225.677	108
225.681	108
225.684	108
225.687	108
225.691	108
225.694	108
225.698	108
225.701	108
225.704	108
225.708	108
225.711	108
225.714	108
225.718	108
225.721	108
225.725	108
225.728	108
225.731	108
225.735	108
225.738	108
225.741	108
225.745	108
225.748	108
225.752	108
225.755	108
225.758	108
225.762	108
225.765	108
225.768	108
225.772	108
225.775	108
225.779	108
225.782	108
225.785	108
225.789	108
225.792	107
225.795	107
225.799	107
225.802	107
225.805	107
225.809	107
225.812	107
225.816	107
225.819	107
225.822	107
225.826	107
225.829	107
225.832	107
225.836	107
225.839	107
225.843	107
225.846	106
225.849	106
225.853	106
225.856	106
225.859	105
225.863	105
225.866	105
225.87	105
225.873	105
225.876	105
225.88	105
225.883	105
225.886	105
225.89	104
225.893	104
225.897	104
225.9	104
225.903	104
225.907	104
225.91	104
225.913	104
225.917	104
225.92	104
225.924	104
225.927	104
225.93	104
225.934	104
225.937	104
225.941	104
225.944	104
225.948	104
225.951	105
225.954	105
225.958	105
225.961	105
225.965	105
225.968	105
225.971	105
225.975	105
225.978	105
225.981	105
225.985	105
225.988	105
225.992	105
225.995	105
225.998	105
226.002	105
226.005	105
226.008	105
226.012	105
226.015	105
226.019	105
226.022	105
226.025	105
226.029	105
226.032	105
226.035	105
226.039	105
226.042	105
226.046	104
226.049	104
226.052	104
226.056	104
226.059	104
226.062	104
226.066	104
226.069	104
226.073	104
226.076	104
226.079	104
226.083	104
226.086	104
226.089	104
226.093	104
226.096	104
226.1	104
226.103	104
226.106	104
226.11	104
226.113	104
226.116	104
226.12	104
226.123	104
226.127	104
226.13	104
226.133	104
226.137	104
226.14	104
226.143	104
226.147	104
226.15	105
226.153	105
226.157	105
226.16	106
226.164	106
226.167	106
226.17	106
226.174	106
226.177	107
226.18	107
226.184	107
226.187	107
226.191	107
226.194	107
226.197	107
226.201	107
226.204	107
226.207	107
226.211	107
226.214	107
226.218	107
226.221	107
226.224	107
226.228	107
226.231	107
226.234	107
226.238	107
226.241	107
226.245	107
226.248	107
226.251	107
226.255	107
226.258	107
226.261	107
226.265	107
226.268	107
226.272	107
226.275	107
226.278	107
226.282	107
226.285	107
226.288	107
226.292	107
226.295	107
226.299	107
226.302	107
226.305	107
226.309	107
226.312	107
226.315	107
226.319	107
226.322	107
226.326	107
226.329	107
226.332	107
226.336	107
226.339	107
226.342	107
226.346	107
226.349	107
226.352	107
226.356	108
226.359	108
226.363	109
226.366	109
226.369	109
226.373	109
226.376	109
226.379	110
226.383	110
226.386	110
226.39	110
226.393	110
226.396	110
226.4	110
226.403	110
226.406	110
226.41	110
226.413	111
226.417	111
226.42	111
226.423	111
226.427	111
226.43	111
226.433	111
226.437	111
226.44	111
226.444	111
226.447	111
226.45	111
226.454	111
226.457	111
226.46	110
226.464	110
226.467	110
226.471	109
226.474	109
226.477	109
226.481	109
226.484	109
226.487	109
226.491	108
226.494	108
226.498	108
226.501	108
226.504	108
226.508	108
226.511	108
226.514	108
226.518	108
226.521	108
226.524	108
226.528	108
226.531	108
226.535	108
226.538	108
226.541	108
226.545	108
226.548	108
226.551	108
226.555	108
226.558	108
226.562	108
226.565	107
226.568	107
226.572	107
226.575	107
226.578	107
226.582	107
226.585	107
226.589	107
226.592	107
226.595	107
226.599	107
226.602	107
226.605	107
226.609	107
226.612	107
226.616	107
226.619	107
226.622	107
226.626	107
226.629	107
226.632	107
226.636	107
226.639	107
226.643	107
226.646	107
226.649	107
226.653	107
226.656	107
226.659	107
226.663	107
226.666	107
226.67	107
226.673	107
226.676	106
226.68	106
226.683	106
226.686	106
226.69	105
226.693	105
226.697	105
226.7	105
226.703	105
226.707	105
226.71	105
226.713	105
226.717	105
226.72	105
226.723	105
226.727	104
226.73	104
226.734	104
226.737	104
226.74	104
226.744	104
226.747	104
226.75	104
226.754	104
226.757	104
226.761	104
226.764	104
226.767	104
226.771	104
226.775	104
226.778	104
226.781	104
226.785	104
226.788	104
226.792	104
226.795	104
226.798	104
226.802	104
226.805	105
226.808	105
226.812	105
226.815	105
226.819	105
226.822	105
226.825	105
226.829	105
226.832	105
226.835	105
226.839	105
226.842	105
226.846	105
226.849	105
226.852	105
226.856	105
226.859	105
226.862	105
226.866	105
226.869	105
226.873	105
226.876	105
226.879	105
226.883	104
226.886	104
226.889	104
226.893	104
226.896	104
226.899	104
226.903	104
226.906	104
226.91	104
226.913	104
226.916	104
226.92	104
226.923	104
226.926	104
226.93	104
226.933	104
226.937	104
226.94	104
226.943	104
226.947	104
226.95	104
226.953	104
226.957	104
226.96	104
226.964	104
226.967	104
226.97	104
226.974	104
226.977	104
226.98	105
226.984	105
226.987	105
226.991	106
226.994	106
226.997	106
227.001	106
227.004	106
227.007	107
227.011	107
227.014	107
227.018	107
227.021	107
227.024	107
227.028	107
227.031	107
227.034	107
227.038	107
227.041	107
227.045	107
227.048	107
227.051	107
227.055	107
227.058	107
227.061	107
227.065	107
227.068	107
227.071	107
227.075	107
227.078	107
227.082	107
227.085	107
227.088	107
227.092	107
227.095	107
227.098	107
227.102	107
227.105	107
227.109	107
227.112	107
227.115	107
227.119	107
227.122	107
227.125	107
227.129	107
227.132	107
227.136	107
227.139	107
227.142	107
227.146	107
227.149	107
227.152	107
227.156	107
227.159	107
227.163	107
227.166	107
227.169	107
227.173	107
227.176	107
227.179	107
227.183	107
227.186	108
227.19	108
227.193	109
227.196	109
227.2	109
227.203	109
227.206	110
227.21	110
227.213	110
227.217	110
227.22	110
227.223	110
227.227	110
227.23	110
227.233	110
227.237	110
227.24	111
227.244	111
227.247	111
227.25	111
227.254	111
227.257	111
227.26	111
227.264	111
227.267	111
227.27	111
227.274	111
227.277	111
227.281	111
227.284	111
227.287	111
227.291	110
227.294	110
227.297	110
227.301	109
227.304	109
227.308	109
227.311	109
227.314	108
227.318	108
227.321	108
227.324	108
227.328	108
227.331	108
227.335	108
227.338	108
227.341	108
227.345	108
227.348	108
227.351	108
227.355	108
227.358	108
227.362	108
227.365	107
227.368	107
227.372	107
227.375	107
227.378	107
227.382	107
227.385	107
227.389	107
227.392	107
227.395	107
227.399	107
227.402	107
227.405	107
227.409	107
227.412	107
227.416	107
227.419	107
227.422	107
227.426	107
227.429	107
227.432	107
227.436	107
227.439	107
227.443	107
227.446	107
227.449	107
227.453	107
227.456	107
227.459	107
227.463	107
227.466	107
227.469	107
227.473	107
227.476	107
227.48	107
227.483	107
227.486	107
227.49	107
227.493	107
227.496	107
227.5	107
227.503	107
227.507	106
227.51	106
227.513	106
227.517	105
227.52	105
227.523	105
227.527	105
227.53	105
227.534	105
227.537	105
227.54	105
227.544	104
227.547	104
227.55	104
227.554	104
227.557	104
227.561	104
227.564	104
227.567	104
227.571	104
227.574	104
227.577	104
227.581	104
227.584	104
227.588	104
227.591	104
227.594	104
227.598	104
227.602	104
227.605	104
227.608	104
227.612	104
227.615	105
227.618	105
227.622	105
227.625	105
227.629	105
227.632	105
227.635	105
227.639	105
227.642	105
227.645	105
227.649	105
227.652	105
227.656	105
227.659	105
227.662	105
227.666	105
227.669	105
227.672	105
227.676	105
227.679	105
227.683	105
227.686	105
227.689	105
227.693	105
227.696	105
227.699	105
227.703	105
227.706	105
227.71	104
227.713	104
227.716	104
227.72	104
227.723	104
227.726	104
227.73	104
227.733	104
227.737	104
227.74	104
227.743	104
227.747	104
227.75	104
227.753	104
227.757	104
227.76	104
227.764	104
227.767	104
227.77	104
227.774	104
227.777	104
227.78	104
227.784	104
227.787	104
227.791	104
227.794	104
227.797	104
227.801	104
227.804	104
227.807	105
227.811	105
227.814	105
227.817	106
227.821	106
227.824	106
227.828	106
227.831	106
227.834	106
227.838	107
227.841	107
227.844	107
227.848	107
227.851	107
227.855	107
227.858	107
227.861	107
227.865	107
227.868	107
227.871	107
227.875	107
227.878	107
227.882	107
227.885	107
227.888	107
227.892	107
227.895	107
227.898	107
227.902	107
227.905	107
227.909	107
227.912	107
227.915	107
227.919	107
227.922	107
227.925	107
227.929	107
227.932	107
227.936	107
227.939	107
227.942	107
227.946	107
227.949	107
227.952	107
227.956	107
227.959	107
227.963	107
227.966	107
227.969	107
227.973	107
227.976	107
227.979	107
227.983	107
227.986	107
227.99	107
227.993	107
227.996	107
228	107
228.003	107
228.006	107
228.01	107
228.013	107
228.016	108
228.02	108
228.023	109
228.027	109
228.03	109
228.033	109
228.037	109
228.04	110
228.043	110
228.047	110
228.05	110
228.054	110
228.057	110
228.06	110
228.064	110
228.067	110
228.07	110
228.074	110
228.077	111
228.081	111
228.084	111
228.087	111
228.091	111
228.094	111
228.097	111
228.101	111
228.104	111
228.108	111
228.111	111
228.114	111
228.118	111
228.121	110
228.124	110
228.128	110
228.131	109
228.135	109
228.138	109
228.141	109
228.145	109
228.148	108
228.151	108
228.155	108
228.158	108
228.162	108
228.165	108
228.168	108
228.172	108
228.175	108
228.178	108
228.182	108
228.185	108
228.189	108
228.192	108
228.195	108
228.199	108
228.202	107
228.205	107
228.209	107
228.212	107
228.215	107
228.219	107
228.222	107
228.226	107
228.229	107
228.232	107
228.236	107
228.239	107
228.242	107
228.246	107
228.249	107
228.253	107
228.256	107
228.259	107
228.263	107
228.266	107
228.269	107
228.273	107
228.276	107
228.28	107
228.283	107
228.286	107
228.29	107
228.293	107
228.296	107
228.3	107
228.303	107
228.307	107
228.31	107
228.313	107
228.317	107
228.32	107
228.323	107
228.327	107
228.33	107
228.334	107
228.337	106
228.34	106
228.344	106
228.347	106
228.35	105
228.354	105
228.357	105
228.361	105
228.364	105
228.367	105
228.371	105
228.374	105
228.377	105
228.381	104
228.384	104
228.387	104
228.391	104
228.394	104
228.398	104
228.401	104
228.404	104
228.408	104
228.411	104
228.414	104
228.418	104
228.421	104
228.425	104
228.428	104
228.432	104
228.435	104
228.439	104
228.442	104
228.445	104
228.449	104
228.452	104
228.456	104
228.459	104
228.462	104
228.466	104
228.469	105
228.472	105
228.476	105
228.479	105
228.483	105
228.486	105
228.489	105
228.493	105
228.496	105
228.499	105
228.503	105
228.506	105
228.51	105
228.513	105
228.516	105
228.52	105
228.523	105
228.526	105
228.53	105
228.533	105
228.537	105
228.54	105
228.543	105
228.547	104
228.55	104
228.553	104
228.557	104
228.56	104
228.563	104
228.567	104
228.57	104
228.574	104
228.577	104
228.58	104
228.584	104
228.587	104
228.59	104
228.594	104
228.597	104
228.601	104
228.604	104
228.607	104
228.611	104
228.614	104
228.617	104
228.621	104
228.624	104
228.628	104
228.631	104
228.634	104
228.638	104
228.641	105
228.644	105
228.648	105
228.651	106
228.655	106
228.658	106
228.661	106
228.665	106
228.668	107
228.671	107
228.675	107
228.678	107
228.682	107
228.685	107
228.688	107
228.692	107
228.695	107
228.698	107
228.702	107
228.705	107
228.709	107
228.712	107
228.715	107
228.719	107
228.722	107
228.725	107
228.729	107
228.732	107
228.736	107
228.739	107
228.742	107
228.746	107
228.749	107
228.752	107
228.756	107
228.759	107
228.762	107
228.766	107
228.769	107
228.773	107
228.776	107
228.779	107
228.783	107
228.786	107
228.789	107
228.793	107
228.796	107
228.8	107
228.803	107
228.806	107
228.81	107
228.813	107
228.816	107
228.82	107
228.823	107
228.827	107
228.83	107
228.833	107
228.837	107
228.84	107
228.843	107
228.847	108
228.85	108
228.854	109
228.857	109
228.86	109
228.864	109
228.867	110
228.87	110
228.874	110
228.877	110
228.881	110
228.884	110
228.887	110
228.891	110
228.894	110
228.897	110
228.901	110
228.904	111
228.908	111
228.911	111
228.914	111
228.918	111
228.921	111
228.924	111
228.928	111
228.931	111
228.934	111
228.938	111
228.941	111
228.945	111
228.948	111
228.951	110
228.955	110
228.958	110
228.961	109
228.965	109
228.968	109
228.972	109
228.975	108
228.978	108
228.982	108
228.985	108
228.988	108
228.992	108
228.995	108
228.999	108
229.002	108
229.005	108
229.009	108
229.012	108
229.015	108
229.019	108
229.022	108
229.026	108
229.029	107
229.032	107
229.036	107
229.039	107
229.042	107
229.046	107
229.049	107
229.053	107
229.056	107
229.059	107
229.063	107
229.066	107
229.069	107
229.073	107
229.076	107
229.08	107
229.083	107
229.086	107
229.09	107
229.093	107
229.096	107
229.1	107
229.103	107
229.107	107
229.11	107
229.113	107
229.117	107
229.12	107
229.123	107
229.127	107
229.13	107
229.133	107
229.137	107
229.14	107
229.144	107
229.147	107
229.15	107
229.154	107
229.157	107
229.16	107
229.164	107
229.167	106
229.171	106
229.174	106
229.177	106
229.181	105
229.184	105
229.187	105
229.191	105
229.194	105
229.198	105
229.201	105
229.204	105
229.208	104
229.211	104
229.214	104
229.218	104
229.221	104
229.225	104
229.228	104
229.231	104
229.235	104
229.238	104
229.241	104
229.245	104
229.248	104
229.252	104
229.255	104
229.258	104
229.262	104
229.266	104
229.269	104
229.272	104
229.276	104
229.279	105
229.283	105
229.286	105
229.289	105
229.293	105
229.296	105
229.299	105
229.303	105
229.306	105
229.309	105
229.313	105
229.316	105
229.32	105
229.323	105
229.326	105
229.33	105
229.333	105
229.336	105
229.34	105
229.343	105
229.347	105
229.35	105
229.353	105
229.357	105
229.36	105
229.363	105
229.367	105
229.37	105
229.374	104
229.377	104
229.38	104
229.384	104
229.387	104
229.39	104
229.394	104
229.397	104
229.401	104
229.404	104
229.407	104
229.411	104
229.414	104
229.417	104
229.421	104
229.424	104
229.428	104
229.431	104
229.434	104
229.438	104
229.441	104
229.444	104
229.448	104
229.451	104
229.455	104
229.458	104
229.461	104
229.465	104
229.468	105
229.471	105
229.475	105
229.478	105
229.481	106
229.485	106
229.488	106
229.492	106
229.495	106
229.498	106
229.502	107
229.505	107
229.508	107
229.512	107
229.515	107
229.519	107
229.522	107
229.525	107
229.529	107
229.532	107
229.535	107
229.539	107
229.542	107
229.546	107
229.549	107
229.552	107
229.556	107
229.559	107
229.562	107
229.566	107
229.569	107
229.573	107
229.576	107
229.579	107
229.583	107
229.586	107
229.589	107
229.593	107
229.596	107
229.6	107
229.603	107
229.606	107
229.61	107
229.613	107
229.616	107
229.62	107
229.623	107
229.627	107
229.63	107
229.633	107
229.637	107
229.64	107
229.643	107
229.647	107
229.65	107
229.654	107
229.657	107
229.66	107
229.664	107
229.667	107
229.67	107
229.674	107
229.677	108
229.68	108
229.684	109
229.687	109
229.691	109
229.694	109
229.697	109
229.701	110
229.704	110
229.707	110
229.711	110
229.714	110
229.718	110
229.721	110
229.724	110
229.728	110
229.731	110
229.734	110
229.738	110
229.741	111
229.745	111
229.748	111
229.751	111
229.755	111
229.758	111
229.761	111
229.765	111
229.768	111
229.772	111
229.775	111
229.778	111
229.782	110
229.785	110
229.788	110
229.792	109
229.795	109
229.799	109
229.802	109
229.805	109
229.809	108
229.812	108
229.815	108
229.819	108
229.822	108
229.826	108
229.829	108
229.832	108
229.836	108
229.839	108
229.842	108
229.846	108
229.849	108
229.853	108
229.856	108
229.859	108
229.863	108
229.866	107
229.869	107
229.873	107
229.876	107
229.879	107
229.883	107
229.886	107
229.89	107
229.893	107
229.896	107
229.9	107
229.903	107
229.906	107
229.91	107
229.913	107
229.917	107
229.92	107
229.923	107
229.927	107
229.93	107
229.933	107
229.937	107
229.94	107
229.944	107
229.947	107
229.95	107
229.954	107
229.957	107
229.96	107
229.964	107
229.967	107
229.971	107
229.974	107
229.977	107
229.981	107
229.984	107
229.987	107
229.991	107
229.994	107
229.998	106
230.001	106
230.004	106
230.008	106
230.011	105
230.014	105
230.018	105
230.021	105
230.025	105
230.028	105
230.031	105
230.035	105
230.038	105
230.041	105
230.045	104
230.048	104
230.052	104
230.055	104
230.058	104
230.062	104
230.065	104
230.068	104
230.072	104
230.075	104
230.078	104
230.082	104
230.085	104
230.089	104
230.093	104
230.096	104
230.099	104
230.103	104
230.106	104
230.109	104
230.113	104
230.116	104
230.12	104
230.123	104
230.126	104
230.13	104
230.133	105
230.136	105
230.14	105
230.143	105
230.147	105
230.15	105
230.153	105
230.157	105
230.16	105
230.163	105
230.167	105
230.17	105
230.174	105
230.177	105
230.18	105
230.184	105
230.187	105
230.19	105
230.194	105
230.197	105
230.201	105
230.204	104
230.207	104
230.211	104
230.214	104
230.217	104
230.221	104
230.224	104
230.227	104
230.231	104
230.234	104
230.238	104
230.241	104
230.244	104
230.248	104
230.251	104
230.254	104
230.258	104
230.261	104
230.265	104
230.268	104
230.271	104
230.275	104
230.278	104
230.281	104
230.285	104
230.288	104
230.292	104
230.295	104
230.298	104
230.302	105
230.305	105
230.308	105
230.312	106
230.315	106
230.319	106
230.322	106
230.325	106
230.329	106
230.332	107
230.335	107
230.339	107
230.342	107
230.346	107
230.349	107
230.352	107
230.356	107
230.359	107
230.362	107
230.366	107
230.369	107
230.373	107
230.376	107
230.379	107
230.383	107
230.386	107
230.389	107
230.393	107
230.396	107
230.4	107
230.403	107
230.406	107
230.41	107
230.413	107
230.416	107
230.42	107
230.423	107
230.426	107
230.43	107
230.433	107
230.437	107
230.44	107
230.443	107
230.447	107
230.45	107
230.453	107
230.457	107
230.46	107
230.464	107
230.467	107
230.47	107
230.474	107
230.477	107
230.48	107
230.484	107
230.487	107
230.491	107
230.494	107
230.497	107
230.501	107
230.504	107
230.507	108
230.511	108
230.514	109
230.518	109
230.521	109
230.524	109
230.528	109
230.531	110
230.534	110
230.538	110
230.541	110
230.545	110
230.548	110
230.551	110
230.555	110
230.558	111
230.561	111
230.565	111
230.568	111
230.572	111
230.575	111
230.578	111
230.582	111
230.585	111
230.588	111
230.592	111
230.595	111
230.599	111
230.602	111
230.605	111
230.609	111
230.612	110
230.615	110
230.619	110
230.622	109
230.625	109
230.629	109
230.632	109
230.636	109
230.639	108
230.642	108
230.646	108
230.649	108
230.652	108
230.656	108
230.659	108
230.663	108
230.666	108
230.669	108
230.673	108
230.676	108
230.679	108
230.683	108
230.686	108
230.69	108
230.693	107
230.696	107
230.7	107
230.703	107
230.706	107
230.71	107
230.713	107
230.717	107
230.72	107
230.723	107
230.727	107
230.73	107
230.733	107
230.737	107
230.74	107
230.744	107
230.747	107
230.75	107
230.754	107
230.757	107
230.76	107
230.764	107
230.767	107
230.771	107
230.774	107
230.777	107
230.781	107
230.784	107
230.787	107
230.791	107
230.794	107
230.797	107
230.801	107
230.804	107
230.808	107
230.811	107
230.814	107
230.818	107
230.821	107
230.824	107
230.828	106
230.831	106
230.835	106
230.838	105
230.841	105
230.845	105
230.848	105
230.851	105
230.855	105
230.858	105
230.862	105
230.865	104
230.868	104
230.872	104
230.875	104
230.878	104
230.882	104
230.885	104
230.889	104
230.892	104
230.895	104
230.899	104
230.902	104
230.905	104
230.909	104
230.912	104
230.916	104
230.919	104
230.923	104
230.926	104
230.93	104
230.933	104
230.936	104
230.94	104
230.943	105
230.947	105
230.95	105
230.953	105
230.957	105
230.96	105
230.963	105
230.967	105
230.97	105
230.973	105
230.977	105
230.98	105
230.984	105
230.987	105
230.99	105
230.994	105
230.997	105
231	105
231.004	105
231.007	105
231.011	105
231.014	105
231.017	105
231.021	105
231.024	105
231.027	105
231.031	105
231.034	105
231.038	104
231.041	104
231.044	104
231.048	104
231.051	104
231.054	104
231.058	104
231.061	104
231.065	104
231.068	104
231.071	104
231.075	104
231.078	104
231.081	104
231.085	104
231.088	104
231.092	104
231.095	104
231.098	104
231.102	104
231.105	104
231.108	104
231.112	104
231.115	104
231.119	104
231.122	104
231.125	104
231.129	105
231.132	105
231.135	105
231.139	106
231.142	106
231.146	106
231.149	106
231.152	106
231.156	106
231.159	106
231.162	107
231.166	107
231.169	107
231.172	107
231.176	107
231.179	107
231.183	107
231.186	107
231.189	107
231.193	107
231.196	107
231.199	107
231.203	107
231.206	107
231.21	107
231.213	107
231.216	107
231.22	107
231.223	107
231.226	107
231.23	107
231.233	107
231.237	107
231.24	107
231.243	107
231.247	107
231.25	107
231.253	107
231.257	107
231.26	107
231.264	107
231.267	107
231.27	107
231.274	107
231.277	107
231.28	107
231.284	107
231.287	107
231.291	107
231.294	107
231.297	107
231.301	107
231.304	107
231.307	107
231.311	107
231.314	107
231.318	107
231.321	107
231.324	107
231.328	107
231.331	107
231.334	107
231.338	108
231.341	108
231.344	109
231.348	109
231.351	109
231.355	109
231.358	109
231.361	110
231.365	110
231.368	110
231.371	110
231.375	110
231.378	110
231.382	110
231.385	110
231.388	110
231.392	110
231.395	110
231.398	110
231.402	110
231.405	111
231.409	111
231.412	111
231.415	111
231.419	111
231.422	111
231.425	111
231.429	111
231.432	111
231.436	111
231.439	111
231.442	110
231.446	110
231.449	110
231.452	109
231.456	109
231.459	109
231.463	109
231.466	109
231.469	108
231.473	108
231.476	108
231.479	108
231.483	108
231.486	108
231.49	108
231.493	108
231.496	108
231.5	108
231.503	108
231.506	108
231.51	108
231.513	108
231.517	108
231.52	108
231.523	108
231.527	108
231.53	107
231.533	107
231.537	107
231.54	107
231.543	107
231.547	107
231.55	107
231.554	107
231.557	107
231.56	107
231.564	107
231.567	107
231.57	107
231.574	107
231.577	107
231.581	107
231.584	107
231.587	107
231.591	107
231.594	107
231.597	107
231.601	107
231.604	107
231.608	107
231.611	107
231.614	107
231.618	107
231.621	107
231.624	107
231.628	107
231.631	107
231.635	107
231.638	107
231.641	107
231.645	107
231.648	107
231.651	107
231.655	107
231.658	106
231.662	106
231.665	106
231.668	106
231.672	105
231.675	105
231.678	105
231.682	105
231.685	105
231.689	105
231.692	105
231.695	105
231.699	105
231.702	105
231.705	105
231.709	104
231.712	104
231.716	104
231.719	104
231.722	104
231.726	104
231.729	104
231.732	104
231.736	104
231.739	104
231.742	104
231.746	104
231.749	104
231.753	104
231.757	104
231.76	104
231.763	104
231.767	104
231.77	104
231.773	104
231.777	104
231.78	104
231.784	104
231.787	104
231.79	104
231.794	104
231.797	105
231.8	105
231.804	105
231.807	105
231.811	105
231.814	105
231.817	105
231.821	105
231.824	105
231.827	105
231.831	105
231.834	105
231.838	105
231.841	105
231.844	105
231.848	105
231.851	105
231.854	105
231.858	105
231.861	105
231.865	105
231.868	104
231.871	104
231.875	104
231.878	104
231.881	104
231.885	104
231.888	104
231.891	104
231.895	104
231.898	104
231.902	104
231.905	104
231.908	104
231.912	104
231.915	104
231.918	104
231.922	104
231.925	104
231.929	104
231.932	104
231.935	104
231.939	104
231.942	104
231.945	104
231.949	104
231.952	104
231.956	104
231.959	104
231.962	105
231.966	105
231.969	105
231.972	106
231.976	106
231.979	106
231.983	106
231.986	106
231.989	106
231.993	107
231.996	107
231.999	107
232.003	107
232.006	107
232.01	107
232.013	107
232.016	107
232.02	107
232.023	107
232.026	107
232.03	107
232.033	107
232.037	107
232.04	107
232.043	107
232.047	107
232.05	107
232.053	107
232.057	107
232.06	107
232.064	107
232.067	107
232.07	107
232.074	107
232.077	107
232.08	107
232.084	107
232.087	107
232.09	107
232.094	107
232.097	107
232.101	107
232.104	107
232.107	107
232.111	107
232.114	107
232.117	107
232.121	107
232.124	107
232.128	107
232.131	107
232.134	107
232.138	107
232.141	107
232.144	107
232.148	107
232.151	107
232.155	107
232.158	107
232.161	107
232.165	107
232.168	108
232.171	108
232.175	108
232.178	109
232.182	109
232.185	109
232.188	110
232.192	110
232.195	110
232.198	110
232.202	110
232.205	110
232.209	110
232.212	110
232.215	110
232.219	110
232.222	111
232.225	111
232.229	111
232.232	111
232.236	111
232.239	111
232.242	111
232.246	111
232.249	111
232.252	111
232.256	111
232.259	111
232.263	111
232.266	111
232.269	111
232.273	110
232.276	110
232.279	110
232.283	109
232.286	109
232.289	109
232.293	109
232.296	109
232.3	108
232.303	108
232.306	108
232.31	108
232.313	108
232.316	108
232.32	108
232.323	108
232.327	108
232.33	108
232.333	108
232.337	108
232.34	108
232.343	108
232.347	108
232.35	108
232.354	108
232.357	107
232.36	107
232.364	107
232.367	107
232.37	107
232.374	107
232.377	107
232.381	107
232.384	107
232.387	107
232.391	107
232.394	107
232.397	107
232.401	107
232.404	107
232.408	107
232.411	107
232.414	107
232.418	107
232.421	107
232.424	107
232.428	107
232.431	107
232.435	107
232.438	107
232.441	107
232.445	107
232.448	107
232.451	107
232.455	107
232.458	107
232.461	107
232.465	107
232.468	107
232.472	107
232.475	107
232.478	107
232.482	107
232.485	107
232.488	106
232.492	106
232.495	106
232.499	106
232.502	105
232.505	105
232.509	105
232.512	105
232.515	105
232.519	105
232.522	105
232.526	105
232.529	104
232.532	104
232.536	104
232.539	104
232.542	104
232.546	104
232.549	104
232.553	104
232.556	104
232.559	104
232.563	104
232.566	104
232.569	104
232.573	104
232.576	104
232.58	104
232.584	104
232.587	104
232.59	104
232.594	104
232.597	104
232.6	104
232.604	104
232.607	105
232.611	105
232.614	105
232.617	105
232.621	105
232.624	105
232.627	105
232.631	105
232.634	105
232.637	105
232.641	105
232.644	105
232.648	105
232.651	105
232.654	105
232.658	105
232.661	105
232.664	105
232.668	105
232.671	105
232.675	105
232.678	105
232.681	105
232.685	105
232.688	105
232.691	105
232.695	104
232.698	104
232.702	104
232.705	104
232.708	104
232.712	104
232.715	104
232.718	104
232.722	104
232.725	104
232.729	104
232.732	104
232.735	104
232.739	104
232.742	104
232.745	104
232.749	104
232.752	104
232.756	104
232.759	104
232.762	104
232.766	104
232.769	104
232.772	104
232.776	104
232.779	104
232.783	104
232.786	104
232.789	105
232.793	105
232.796	105
232.799	106
232.803	106
232.806	106
232.81	106
232.813	106
232.816	106
232.82	107
232.823	107
232.826	107
232.83	107
232.833	107
232.836	107
232.84	107
232.843	107
232.847	107
232.85	107
232.853	107
232.857	107
232.86	107
232.863	107
232.867	107
232.87	107
232.874	107
232.877	107
232.88	107
232.884	107
232.887	107
232.89	107
232.894	107
232.897	107
232.901	107
232.904	107
232.907	107
232.911	107
232.914	107
232.917	107
232.921	107
232.924	107
232.928	107
232.931	107
232.934	107
232.938	107
232.941	107
232.944	107
232.948	107
232.951	107
232.955	107
232.958	107
232.961	107
232.965	107
232.968	107
232.971	107
232.975	107
232.978	107
232.982	107
232.985	107
232.988	107
232.992	107
232.995	107
232.998	108
233.002	108
233.005	109
233.008	109
233.012	109
233.015	109
233.019	110
233.022	110
233.025	110
233.029	110
233.032	110
233.035	110
233.039	110
233.042	110
233.046	110
233.049	110
233.052	110
233.056	110
233.059	111
233.062	111
233.066	111
233.069	111
233.073	111
233.076	111
233.079	111
233.083	111
233.086	111
233.089	111
233.093	111
233.096	111
233.1	111
233.103	110
233.106	110
233.11	110
233.113	109
233.116	109
233.12	109
233.123	109
233.127	109
233.13	108
233.133	108
233.137	108
233.14	108
233.143	108
233.147	108
233.15	108
233.154	108
233.157	108
233.16	108
233.164	108
233.167	108
233.17	108
233.174	108
233.177	108
233.181	108
233.184	108
233.187	108
233.191	108
233.194	108
233.197	108
233.201	108
233.204	108
233.207	108
233.211	108
233.214	108
233.218	108
233.221	107
233.224	107
233.228	107
233.231	107
233.234	107
233.238	107
233.241	107
233.245	107
233.248	107
233.251	107
233.255	107
233.258	107
233.261	107
233.265	107
233.268	107
233.272	107
233.275	107
233.278	107
233.282	107
233.285	107
233.288	107
233.292	107
233.295	107
233.299	107
233.302	107
233.305	107
233.309	107
233.312	107
233.315	107
233.319	106
233.322	106
233.326	106
233.329	106
233.332	105
233.336	105
233.339	105
233.342	105
233.346	105
233.349	105
233.353	105
233.356	105
233.359	105
233.363	104
233.366	104
233.369	104
233.373	104
233.376	104
233.38	104
233.383	104
233.386	104
233.39	104
233.393	104
233.396	104
233.4	104
233.403	104
233.406	104
233.41	104
233.414	104
233.417	104
233.421	104
233.424	104
233.427	104
233.431	104
233.434	104
233.437	104
233.441	104
233.444	104
233.448	104
233.451	104
233.454	104
233.458	104
233.461	105
233.464	105
233.468	105
233.471	105
233.475	105
233.478	105
233.481	105
233.485	105
233.488	105
233.491	105
233.495	105
233.498	105
233.502	105
233.505	105
233.508	105
233.512	105
233.515	105
233.518	105
233.522	105
233.525	105
233.529	105
233.532	104
233.535	104
233.539	104
233.542	104
233.545	104
233.549	104
233.552	104
233.555	104
233.559	104
233.562	104
233.566	104
233.569	104
233.572	104
233.576	104
233.579	104
233.582	104
233.586	104
233.589	104
233.593	104
233.596	104
233.599	104
233.603	104
233.606	104
233.609	104
233.613	104
233.616	104
233.62	105
233.623	105
233.626	105
233.63	105
233.633	106
233.636	106
233.64	106
233.643	106
233.647	106
233.65	106
233.653	107
233.657	107
233.66	107
233.663	107
233.667	107
233.67	107
233.674	107
233.677	107
233.68	107
233.684	107
233.687	107
233.69	107
233.694	107
233.697	107
233.701	107
233.704	107
233.707	107
233.711	107
233.714	107
233.717	107
233.721	107
233.724	107
233.728	107
233.731	107
233.734	107
233.738	107
233.741	107
233.744	107
233.748	107
233.751	107
233.754	107
233.758	107
233.761	107
233.765	107
233.768	107
233.771	107
233.775	107
233.778	107
233.781	107
233.785	107
233.788	107
233.792	107
233.795	107
233.798	107
233.802	107
233.805	107
233.808	107
233.812	107
233.815	107
233.819	107
233.822	107
233.825	107
233.829	108
233.832	108
233.835	108
233.839	109
233.842	109
233.846	109
233.849	109
233.852	110
233.856	110
233.859	110
233.862	110
233.866	110
233.869	110
233.873	110
233.876	110
233.879	110
233.883	110
233.886	111
233.889	111
233.893	111
233.896	111
233.9	111
233.903	111
233.906	111
233.91	111
233.913	111
233.916	111
233.92	111
233.923	111
233.927	111
233.93	111
233.933	110
233.937	110
233.94	110
233.943	109
233.947	109
233.95	109
233.953	109
233.957	109
233.96	108
233.964	108
233.967	108
233.97	108
233.974	108
233.977	108
233.98	108
233.984	108
233.987	108
233.991	108
233.994	108
233.997	108
234.001	108
234.004	108
234.007	108
234.011	108
234.014	108
234.018	108
234.021	107
234.024	107
234.028	107
234.031	107
234.034	107
234.038	107
234.041	107
234.045	107
234.048	107
234.051	107
234.055	107
234.058	107
234.061	107
234.065	107
234.068	107
234.072	107
234.075	107
234.078	107
234.082	107
234.085	107
234.088	107
234.092	107
234.095	107
234.099	107
234.102	107
234.105	107
234.109	107
234.112	107
234.115	107
234.119	107
234.122	107
234.126	107
234.129	107
234.132	107
234.136	107
234.139	107
234.142	107
234.146	107
234.149	106
234.152	106
234.156	106
234.159	106
234.163	105
234.166	105
234.169	105
234.173	105
234.176	105
234.179	105
234.183	105
234.186	105
234.19	104
234.193	104
234.196	104
234.2	104
234.203	104
234.206	104
234.21	104
234.213	104
234.217	104
234.22	104
234.223	104
234.227	104
234.23	104
234.233	104
234.237	104
234.24	104
234.244	104
234.248	104
234.251	104
234.254	104
234.258	104
234.261	105
234.264	105
234.268	105
234.271	105
234.275	105
234.278	105
234.281	105
234.285	105
234.288	105
234.291	105
234.295	105
234.298	105
234.301	105
234.305	105
234.308	105
234.312	105
234.315	105
234.318	105
234.322	105
234.325	105
234.328	105
234.332	105
234.335	105
234.339	105
234.342	105
234.345	105
234.349	104
234.352	104
234.355	104
234.359	104
234.362	104
234.366	104
234.369	104
234.372	104
234.376	104
234.379	104
234.382	104
234.386	104
234.389	104
234.393	104
234.396	104
234.399	104
234.403	104
234.406	104
234.409	104
234.413	104
234.416	104
234.42	104
234.423	104
234.426	104
234.43	104
234.433	104
234.436	104
234.44	104
234.443	104
234.447	104
234.45	105
234.453	105
234.457	105
234.46	106
234.463	106
234.467	106
234.47	106
234.474	106
234.477	106
234.48	107
234.484	107
234.487	107
234.49	107
234.494	107
234.497	107
234.5	107
234.504	107
234.507	107
234.511	107
234.514	107
234.517	107
234.521	107
234.524	107
234.527	107
234.531	107
234.534	107
234.538	107
234.541	107
234.544	107
234.548	107
234.551	107
234.554	107
234.558	107
234.561	107
234.565	107
234.568	107
234.571	107
234.575	107
234.578	107
234.581	107
234.585	107
234.588	107
234.592	107
234.595	107
234.598	107
234.602	107
234.605	107
234.608	107
234.612	107
234.615	107
234.619	107
234.622	107
234.625	107
234.629	107
234.632	107
234.635	107
234.639	107
234.642	107
234.646	107
234.649	107
234.652	107
234.656	107
234.659	108
234.662	108
234.666	109
234.669	109
234.673	109
234.676	109
234.679	110
234.683	110
234.686	110
234.689	110
234.693	110
234.696	110
234.699	110
234.703	110
234.706	110
234.71	110
234.713	110
234.716	110
234.72	110
234.723	111
234.726	111
234.73	111
234.733	111
234.737	111
234.74	111
234.743	111
234.747	111
234.75	111
234.753	111
234.757	111
234.76	111
234.764	110
234.767	110
234.77	110
234.774	109
234.777	109
234.78	109
234.784	109
234.787	109
234.791	108
234.794	108
234.797	108
234.801	108
234.804	108
234.807	108
234.811	108
234.814	108
234.818	108
234.821	108
234.824	108
234.828	108
234.831	108
234.834	108
234.838	108
234.841	108
234.845	108
234.848	108
234.851	108
234.855	108
234.858	108
234.861	108
234.865	108
234.868	108
234.871	108
234.875	108
234.878	108
234.882	108
234.885	107
234.888	107
234.892	107
234.895	107
234.898	107
234.902	107
234.905	107
234.909	107
234.912	107
234.915	107
234.919	107
234.922	107
234.925	107
234.929	107
234.932	107
234.936	107
234.939	107
234.942	107
234.946	107
234.949	107
234.952	107
234.956	107
234.959	107
234.963	107
234.966	107
234.969	107
234.973	107
234.976	107
234.979	106
234.983	106
234.986	106
234.99	106
234.993	105
234.996	105
235	105
235.003	105
235.006	105
235.01	105
235.013	105
235.017	105
235.02	105
235.023	105
235.027	104
235.03	104
235.033	104
235.037	104
235.04	104
235.044	104
235.047	104
235.05	104
235.054	104
235.057	104
235.06	104
235.064	104
235.067	104
235.07	104
235.074	104
235.078	104
235.081	104
235.085	104
235.088	104
235.091	104
235.095	104
235.098	105
235.101	105
235.105	105
235.108	105
235.112	105
235.115	105
235.118	105
235.122	105
235.125	105
235.128	105
235.132	105
235.135	105
235.139	105
235.142	105
235.145	105
235.149	105
235.152	105
235.155	105
235.159	105
235.162	105
235.166	105
235.169	105
235.172	105
235.176	105
235.179	105
235.182	105
235.186	104
235.189	104
235.193	104
235.196	104
235.199	104
235.203	104
235.206	104
235.209	104
235.213	104
235.216	104
235.22	104
235.223	104
235.226	104
235.23	104
235.233	104
235.236	104
235.24	104
235.243	104
235.246	104
235.25	104
235.253	104
235.257	104
235.26	104
235.263	104
235.267	104
235.27	104
235.273	104
235.277	104
235.28	104
235.284	105
235.287	105
235.29	105
235.294	106
235.297	106
235.3	106
235.304	106
235.307	106
235.311	107
235.314	107
235.317	107
235.321	107
235.324	107
235.327	107
235.331	107
235.334	107
235.338	107
235.341	107
235.344	107
235.348	107
235.351	107
235.354	107
235.358	107
235.361	107
235.365	107
235.368	107
235.371	107
235.375	107
235.378	107
235.381	107
235.385	107
235.388	107
235.392	107
235.395	107
235.398	107
235.402	107
235.405	107
235.408	107
235.412	107
235.415	107
235.418	107
235.422	107
235.425	107
235.429	107
235.432	107
235.435	107
235.439	107
235.442	107
235.445	107
235.449	107
235.452	107
235.456	107
235.459	107
235.462	107
235.466	107
235.469	107
235.472	107
235.476	107
235.479	107
235.483	107
235.486	107
235.489	108
235.493	108
235.496	108
235.499	109
235.503	109
235.506	109
235.51	109
235.513	110
235.516	110
235.52	110
235.523	110
235.526	110
235.53	110
235.533	110
235.537	110
235.54	110
235.543	110
235.547	110
235.55	111
235.553	111
235.557	111
235.56	111
235.564	111
235.567	111
235.57	111
235.574	111
235.577	111
235.58	111
235.584	111
235.587	111
235.591	111
235.594	110
235.597	110
235.601	110
235.604	109
235.607	109
235.611	109
235.614	109
235.617	109
235.621	108
235.624	108
235.628	108
235.631	108
235.634	108
235.638	108
235.641	108
235.644	108
235.648	108
235.651	108
235.655	108
235.658	108
235.661	108
235.665	108
235.668	108
235.671	108
235.675	108
235.678	108
235.682	108
235.685	107
235.688	107
235.692	107
235.695	107
235.698	107
235.702	107
235.705	107
235.709	107
235.712	107
235.715	107
235.719	107
235.722	107
235.725	107
235.729	107
235.732	107
235.736	107
235.739	107
235.742	107
235.746	107
235.749	107
235.752	107
235.756	107
235.759	107
235.763	107
235.766	107
235.769	107
235.773	107
235.776	107
235.779	107
235.783	107
235.786	107
235.79	107
235.793	107
235.796	107
235.8	107
235.803	107
235.806	107
235.81	106
235.813	106
235.816	106
235.82	106
235.823	105
235.827	105
235.83	105
235.833	105
235.837	105
235.84	105
235.843	105
235.847	105
235.85	105
235.854	104
235.857	104
235.86	104
235.864	104
235.867	104
235.87	104
235.874	104
235.877	104
235.881	104
235.884	104
235.887	104
235.891	104
235.894	104
235.897	104
235.901	104
235.905	104
235.908	104
235.912	104
235.915	104
235.918	104
235.922	104
235.925	105
235.928	105
235.932	105
235.935	105
235.939	105
235.942	105
235.945	105
235.949	105
235.952	105
235.955	105
235.959	105
235.962	105
235.965	105
235.969	105
235.972	105
235.976	105
235.979	105
235.982	105
235.986	105
235.989	105
235.992	105
235.996	105
235.999	105
236.003	105
236.006	105
236.009	105
236.013	104
236.016	104
236.019	104
236.023	104
236.026	104
236.03	104
236.033	104
236.036	104
236.04	104
236.043	104
236.046	104
236.05	104
236.053	104
236.057	104
236.06	104
236.063	104
236.067	104
236.07	104
236.073	104
236.077	104
236.08	104
236.084	104
236.087	104
236.09	104
236.094	104
236.097	104
236.1	104
236.104	104
236.107	104
236.111	105
236.114	105
236.117	105
236.121	106
236.124	106
236.127	106
236.131	106
236.134	106
236.138	106
236.141	107
236.144	107
236.148	107
236.151	107
236.154	107
236.158	107
236.161	107
236.164	107
236.168	107
236.171	107
236.175	107
236.178	107
236.181	107
236.185	107
236.188	107
236.191	107
236.195	107
236.198	107
236.202	107
236.205	107
236.208	107
236.212	107
236.215	107
236.218	107
236.222	107
236.225	107
236.229	107
236.232	107
236.235	107
236.239	107
236.242	107
236.245	107
236.249	107
236.252	107
236.256	107
236.259	107
236.262	107
236.266	107
236.269	107
236.272	107
236.276	107
236.279	107
236.283	107
236.286	107
236.289	107
236.293	107
236.296	107
236.299	107
236.303	107
236.306	107
236.31	107
236.313	107
236.316	107
236.32	108
236.323	108
236.326	109
236.33	109
236.333	109
236.337	109
236.34	109
236.343	110
236.347	110
236.35	110
236.353	110
236.357	110
236.36	110
236.363	110
236.367	110
236.37	110
236.374	110
236.377	110
236.38	110
236.384	110
236.387	111
236.39	111
236.394	111
236.397	111
236.401	111
236.404	111
236.407	111
236.411	111
236.414	111
236.417	111
236.421	111
236.424	110
236.428	110
236.431	109
236.434	109
236.438	109
236.441	109
236.444	109
236.448	109
236.451	108
236.455	108
236.458	108
236.461	108
236.465	108
236.468	108
236.471	108
236.475	108
236.478	108
236.482	108
236.485	108
236.488	108
236.492	108
236.495	108
236.498	108
236.502	108
236.505	108
236.509	108
236.512	108
236.515	108
236.519	108
236.522	108
236.525	108
236.529	108
236.532	108
236.536	108
236.539	108
236.542	108
236.546	108
236.549	107
236.552	107
236.556	107
236.559	107
236.562	107
236.566	107
236.569	107
236.573	107
236.576	107
236.579	107
236.583	107
236.586	107
236.589	107
236.593	107
236.596	107
236.6	107
236.603	107
236.606	107
236.61	107
236.613	107
236.616	107
236.62	107
236.623	107
236.627	107
236.63	107
236.633	107
236.637	107
236.64	106
236.643	106
236.647	106
236.65	106
236.654	105
236.657	105
236.66	105
236.664	105
236.667	105
236.67	105
236.674	105
236.677	105
236.681	105
236.684	104
236.687	104
236.691	104
236.694	104
236.697	104
236.701	104
236.704	104
236.708	104
236.711	104
236.714	104
236.718	104
236.721	104
236.724	104
236.728	104
236.731	104
236.735	104
236.738	104
236.742	104
236.745	104
236.749	104
236.752	104
236.755	104
236.759	104
236.762	105
236.765	105
236.769	105
236.772	105
236.776	105
236.779	105
236.782	105
236.786	105
236.789	105
236.792	105
236.796	105
236.799	105
236.803	105
236.806	105
236.809	105
236.813	105
236.816	105
236.819	105
236.823	105
236.826	105
236.83	105
236.833	105
236.836	105
236.84	104
236.843	104
236.846	104
236.85	104
236.853	104
236.857	104
236.86	104
236.863	104
236.867	104
236.87	104
236.873	104
236.877	104
236.88	104
236.884	104
236.887	104
236.89	104
236.894	104
236.897	104
236.9	104
236.904	104
236.907	104
236.91	104
236.914	104
236.917	104
236.921	104
236.924	104
236.927	104
236.931	104
236.934	104
236.937	104
236.941	105
236.944	105
236.948	105
236.951	105
236.954	106
236.958	106
236.961	106
236.964	106
236.968	106
236.971	107
236.975	107
236.978	107
236.981	107
236.985	107
236.988	107
236.991	107
236.995	107
236.998	107
237.002	107
237.005	107
237.008	107
237.012	107
237.015	107
237.018	107
237.022	107
237.025	107
237.029	107
237.032	107
237.035	107
237.039	107
237.042	107
237.045	107
237.049	107
237.052	107
237.056	107
237.059	107
237.062	107
237.066	107
237.069	107
237.072	107
237.076	107
237.079	107
237.083	107
237.086	107
237.089	107
237.093	107
237.096	107
237.099	107
237.103	107
237.106	107
237.109	107
237.113	107
237.116	107
237.12	107
237.123	107
237.126	107
237.13	107
237.133	107
237.136	107
237.14	107
237.143	107
237.147	107
237.15	108
237.153	108
237.157	108
237.16	109
237.163	109
237.167	109
237.17	110
237.174	110
237.177	110
237.18	110
237.184	110
237.187	110
237.19	110
237.194	110
237.197	110
237.201	110
237.204	110
237.207	111
237.211	111
237.214	111
237.217	111
237.221	111
237.224	111
237.228	111
237.231	111
237.234	111
237.238	111
237.241	111
237.244	111
237.248	111
237.251	111
237.255	110
237.258	110
237.261	110
237.265	109
237.268	109
237.271	109
237.275	109
237.278	109
237.281	109
237.285	108
237.288	108
237.292	108
237.295	108
237.298	108
237.302	108
237.305	108
237.308	108
237.312	108
237.315	108
237.319	108
237.322	108
237.325	108
237.329	108
237.332	108
237.335	108
237.339	108
237.342	108
237.346	108
237.349	107
237.352	107
237.356	107
237.359	107
237.362	107
237.366	107
237.369	107
237.373	107
237.376	107
237.379	107
237.383	107
237.386	107
237.389	107
237.393	107
237.396	107
237.4	107
237.403	107
237.406	107
237.41	107
237.413	107
237.416	107
237.42	107
237.423	107
237.427	107
237.43	107
237.433	107
237.437	107
237.44	107
237.443	107
237.447	107
237.45	107
237.454	107
237.457	107
237.46	107
237.464	107
237.467	107
237.47	106
237.474	106
237.477	106
237.48	106
237.484	105
237.487	105
237.491	105
237.494	105
237.497	105
237.501	105
237.504	105
237.507	105
237.511	104
237.514	104
237.518	104
237.521	104
237.524	104
237.528	104
237.531	104
237.534	104
237.538	104
237.541	104
237.545	104
237.548	104
237.551	104
237.555	104
237.558	104
237.561	104
237.565	104
237.569	104
237.572	104
237.576	104
237.579	104
237.582	104
237.586	104
237.589	104
237.592	104
237.596	104
237.599	105
237.603	105
237.606	105
237.609	105
237.613	105
237.616	105
237.619	105
237.623	105
237.626	105
237.63	105
237.633	105
237.636	105
237.64	105
237.643	105
237.646	105
237.65	105
237.653	105
237.656	105
237.66	105
237.663	105
237.667	105
237.67	104
237.673	104
237.677	104
237.68	104
237.683	104
237.687	104
237.69	104
237.694	104
237.697	104
237.7	104
237.704	104
237.707	104
237.71	104
237.714	104
237.717	104
237.721	104
237.724	104
237.727	104
237.731	104
237.734	104
237.737	104
237.741	104
237.744	104
237.748	104
237.751	104
237.754	104
237.758	104
237.761	104
237.764	104
237.768	104
237.771	104
237.775	105
237.778	105
237.781	105
237.785	106
237.788	106
237.791	106
237.795	106
237.798	106
237.802	107
237.805	107
237.808	107
237.812	107
237.815	107
237.818	107
237.822	107
237.825	107
237.828	107
237.832	107
237.835	107
237.839	107
237.842	107
237.845	107
237.849	107
237.852	107
237.855	107
237.859	107
237.862	107
237.866	107
237.869	107
237.872	107
237.876	107
237.879	107
237.882	107
237.886	107
237.889	107
237.893	107
237.896	107
237.899	107
237.903	107
237.906	107
237.909	107
237.913	107
237.916	107
237.92	107
237.923	107
237.926	107
237.93	107
237.933	107
237.936	107
237.94	107
237.943	107
237.947	107
237.95	107
237.953	107
237.957	107
237.96	107
237.963	107
237.967	107
237.97	107
237.974	107
237.977	107
237.98	108
237.984	108
237.987	109
237.99	109
237.994	109
237.997	109
238.001	110
238.004	110
238.007	110
238.011	110
238.014	110
238.017	110
238.021	110
238.024	110
238.027	110
238.031	110
238.034	111
238.038	111
238.041	111
238.044	111
238.048	111
238.051	111
238.054	111
238.058	111
238.061	111
238.065	111
238.068	111
238.071	111
238.075	111
238.078	111
238.081	111
238.085	110
238.088	110
238.092	110
238.095	109
238.098	109
238.102	109
238.105	109
238.108	109
238.112	108
238.115	108
238.119	108
238.122	108
238.125	108
238.129	108
238.132	108
238.135	108
238.139	108
238.142	108
238.146	108
238.149	108
238.152	108
238.156	108
238.159	108
238.162	108
238.166	108
238.169	108
238.173	108
238.176	108
238.179	108
238.183	108
238.186	108
238.189	108
238.193	108
238.196	108
238.2	108
238.203	108
238.206	108
238.21	108
238.213	107
238.216	107
238.22	107
238.223	107
238.226	107
238.23	107
238.233	107
238.237	107
238.24	107
238.243	107
238.247	107
238.25	107
238.253	107
238.257	107
238.26	107
238.264	107
238.267	107
238.27	107
238.274	107
238.277	107
238.28	107
238.284	107
238.287	107
238.291	107
238.294	107
238.297	107
238.301	106
238.304	106
238.307	106
238.311	106
238.314	105
238.318	105
238.321	105
238.324	105
238.328	105
238.331	105
238.334	105
238.338	105
238.341	105
238.345	105
238.348	104
238.351	104
238.355	104
238.358	104
238.361	104
238.365	104
238.368	104
238.372	104
238.375	104
238.378	104
238.382	104
238.385	104
238.388	104
238.392	104
238.396	104
238.399	104
238.402	104
238.406	104
238.409	104
238.413	104
238.416	104
238.419	104
238.423	104
238.426	105
238.429	105
238.433	105
238.436	105
238.44	105
238.443	105
238.446	105
238.45	105
238.453	105
238.456	105
238.46	105
238.463	105
238.467	105
238.47	105
238.473	105
238.477	105
238.48	105
238.483	105
238.487	105
238.49	105
238.494	105
238.497	105
238.5	105
238.504	104
238.507	104
238.51	104
238.514	104
238.517	104
238.521	104
238.524	104
238.527	104
238.531	104
238.534	104
238.537	104
238.541	104
238.544	104
238.548	104
238.551	104
238.554	104
238.558	104
238.561	104
238.564	104
238.568	104
238.571	104
238.574	104
238.578	104
238.581	104
238.585	104
238.588	104
238.591	104
238.595	104
238.598	104
238.601	104
238.605	105
238.608	105
238.612	105
238.615	106
238.618	106
238.622	106
238.625	106
238.628	106
238.632	107
238.635	107
238.639	107
238.642	107
238.645	107
238.649	107
238.652	107
238.655	107
238.659	107
238.662	107
238.666	107
238.669	107
238.672	107
238.676	107
238.679	107
238.682	107
238.686	107
238.689	107
238.693	107
238.696	107
238.699	107
238.703	107
238.706	107
238.709	107
238.713	107
238.716	107
238.72	107
238.723	107
238.726	107
238.73	107
238.733	107
238.736	107
238.74	107
238.743	107
238.747	107
238.75	107
238.753	107
238.757	107
238.76	107
238.763	107
238.767	107
238.77	107
238.773	107
238.777	107
238.78	107
238.784	107
238.787	107
238.79	107
238.794	107
238.797	107
238.8	107
238.804	107
238.807	107
238.811	108
238.814	108
238.817	108
238.821	109
238.824	109
238.827	109
238.831	109
238.834	110
238.838	110
238.841	110
238.844	110
238.848	110
238.851	110
238.854	110
238.858	110
238.861	110
238.865	110
238.868	110
238.871	111
238.875	111
238.878	111
238.881	111
238.885	111
238.888	111
238.892	111
238.895	111
238.898	111
238.902	111
238.905	111
238.908	111
238.912	111
238.915	110
238.919	110
238.922	110
238.925	109
238.929	109
238.932	109
238.935	109
238.939	109
238.942	108
238.946	108
238.949	108
238.952	108
238.956	108
238.959	108
238.962	108
238.966	108
238.969	108
238.972	108
238.976	108
238.979	108
238.983	108
238.986	108
238.989	108
238.993	108
238.996	108
238.999	108
239.003	108
239.006	108
239.01	108
239.013	107
239.016	107
239.02	107
239.023	107
239.026	107
239.03	107
239.033	107
239.037	107
239.04	107
239.043	107
239.047	107
239.05	107
239.053	107
239.057	107
239.06	107
239.064	107
239.067	107
239.07	107
239.074	107
239.077	107
239.08	107
239.084	107
239.087	107
239.091	107
239.094	107
239.097	107
239.101	107
239.104	107
239.107	107
239.111	107
239.114	107
239.118	107
239.121	107
239.124	107
239.128	107
239.131	106
239.134	106
239.138	106
239.141	106
239.144	106
239.148	105
239.151	105
239.155	105
239.158	105
239.161	105
239.165	105
239.168	105
239.171	105
239.175	104
239.178	104
239.182	104
239.185	104
239.188	104
239.192	104
239.195	104
239.198	104
239.202	104
239.205	104
239.209	104
239.212	104
239.215	104
239.219	104
239.222	104
239.226	104
239.229	104
239.233	104
239.236	104
239.24	104
239.243	104
239.246	104
239.25	104
239.253	105
239.256	105
239.26	105
239.263	105
239.267	105
239.27	105
239.273	105
239.277	105
239.28	105
239.283	105
239.287	105
239.29	105
239.294	105
239.297	105
239.3	105
239.304	105
239.307	105
239.31	105
239.314	105
239.317	105
239.32	105
239.324	105
239.327	105
239.331	105
239.334	104
239.337	104
239.341	104
239.344	104
239.347	104
239.351	104
239.354	104
239.358	104
239.361	104
239.364	104
239.368	104
239.371	104
239.374	104
239.378	104
239.381	104
239.385	104
239.388	104
239.391	104
239.395	104
239.398	104
239.401	104
239.405	104
239.408	104
239.412	104
239.415	104
239.418	104
239.422	104
239.425	104
239.428	104
239.432	105
239.435	105
239.439	105
239.442	106
239.445	106
239.449	106
239.452	106
239.455	106
239.459	106
239.462	107
239.466	107
239.469	107
239.472	107
239.476	107
239.479	107
239.482	107
239.486	107
239.489	107
239.493	107
239.496	107
239.499	107
239.503	107
239.506	107
239.509	107
239.513	107
239.516	107
239.519	107
239.523	107
239.526	107
239.53	107
239.533	107
239.536	107
239.54	107
239.543	107
239.546	107
239.55	107
239.553	107
239.557	107
239.56	107
239.563	107
239.567	107
239.57	107
239.573	107
239.577	107
239.58	107
239.584	107
239.587	107
239.59	107
239.594	107
239.597	107
239.6	107
239.604	107
239.607	107
239.611	107
239.614	107
239.617	107
239.621	107
239.624	107
239.627	107
239.631	107
239.634	107
239.638	107
239.641	108
239.644	108
239.648	109
239.651	109
239.654	109
239.658	109
239.661	110
239.665	110
239.668	110
239.671	110
239.675	110
239.678	110
239.681	110
239.685	110
239.688	110
239.691	110
239.695	110
239.698	111
239.702	111
239.705	111
239.708	111
239.712	111
239.715	111
239.718	111
239.722	111
239.725	111
239.729	111
239.732	111
239.735	111
239.739	111
239.742	111
239.745	110
239.749	110
239.752	110
239.756	109
239.759	109
239.762	109
239.766	109
239.769	109
239.772	108
239.776	108
239.779	108
239.783	108
239.786	108
239.789	108
239.793	108
239.796	108
239.799	108
239.803	108
239.806	108
239.81	108
239.813	108
239.816	108
239.82	108
239.823	108
239.826	108
239.83	108
239.833	108
239.837	108
239.84	108
239.843	108
239.847	108
239.85	108
239.853	108
239.857	108
239.86	108
239.864	108
239.867	108
239.87	108
239.874	108
239.877	107
239.88	107
239.884	107
239.887	107
239.89	107
239.894	107
239.897	107
239.901	107
239.904	107
239.907	107
239.911	107
239.914	107
239.917	107
239.921	107
239.924	107
239.928	107
239.931	107
239.934	107
239.938	107
239.941	107
239.944	107
239.948	107
239.951	107
239.955	107
239.958	107
239.961	106
239.965	106
239.968	106
239.971	106
239.975	105
239.978	105
239.982	105
239.985	105
239.988	105
239.992	105
239.995	105
239.998	105
