# Time(s)	RTT(ms)
0.300984	113
0.301827	111
0.30267	110
0.303513	109
0.304357	108
0.3052	107
0.306043	107
0.401445	118
0.402288	116
0.403131	114
0.403974	112
0.404817	111
0.405661	110
0.406504	109
0.407347	108
0.40819	107
0.409033	107
0.409877	106
0.502327	106
0.50317	105
0.504014	105
0.504857	104
0.5057	104
0.506543	104
0.507386	104
0.50823	104
0.509073	104
0.509916	103
0.510759	103
0.511602	103
0.512446	103
0.513289	104
0.514132	104
0.604053	103
0.604896	103
0.605739	103
0.606582	102
0.607426	102
0.608269	102
0.609112	102
0.609955	101
0.610798	101
0.611642	101
0.612485	101
0.613328	101
0.614171	101
0.615014	101
0.615858	101
0.704514	112
0.705357	111
0.7062	109
0.707043	108
0.707887	107
0.70873	107
0.709573	106
0.710416	105
0.711259	105
0.712103	104
0.712946	104
0.713789	103
0.714632	103
0.715475	103
0.716319	103
0.717162	103
0.718005	103
0.804975	113
0.805818	112
0.806661	110
0.807504	109
0.808348	108
0.809191	107
0.810034	106
0.810877	106
0.81172	105
0.812564	105
0.813407	104
0.81425	104
0.815093	103
0.815936	103
0.81678	103
0.817623	103
0.818466	103
0.819309	103
0.820152	103
0.905436	113
0.906279	112
0.907122	110
0.907965	109
0.908808	108
0.909652	107
0.910495	106
0.911338	106
0.912181	105
0.913024	105
0.913868	104
0.914711	104
0.915554	103
0.916397	103
0.91724	103
0.918084	103
0.918927	103
0.91977	102
0.920613	102
0.921456	102
0.9223	102
1.00632	102
1.00716	102
1.008	102
1.00885	101
1.00969	101
1.01053	101
1.01138	101
1.01222	101
1.01306	101
1.01391	101
1.01475	101
1.01559	101
1.01644	101
1.01728	101
1.01812	101
1.01897	101
1.01981	101
1.02065	101
1.0215	101
1.02234	101
1.02318	102
1.02403	102
1.10678	112
1.10762	111
1.10847	109
1.10931	108
1.11015	107
1.111	106
1.11184	106
1.11268	105
1.11352	105
1.11437	104
1.11521	104
1.11605	103
1.1169	103
1.11774	103
1.11858	103
1.11943	103
1.12027	103
1.12111	103
1.12196	103
1.1228	103
1.12364	103
1.12449	103
1.12533	103
1.12617	103
1.20724	113
1.20808	111
1.20893	110
1.20977	109
1.21061	108
1.21146	107
1.2123	106
1.21314	106
1.21399	105
1.21483	104
1.21567	104
1.21652	103
1.21736	103
1.2182	103
1.21904	103
1.21989	103
1.22073	103
1.22157	103
1.22242	103
1.22326	103
1.2241	103
1.22495	103
1.22579	103
1.22663	103
1.22748	103
1.22832	103
1.3077	112
1.30854	111
1.30939	110
1.31023	109
1.31107	108
1.31192	107
1.31276	106
1.3136	105
1.31445	105
1.31529	104
1.31613	104
1.31698	104
1.31782	103
1.31866	103
1.31951	103
1.32035	103
1.32119	102
1.32204	102
1.32288	102
1.32372	102
1.32456	102
1.32541	102
1.32625	102
1.32709	102
1.32794	102
1.32878	102
1.32962	102
1.33047	102
1.40858	102
1.40943	102
1.41027	101
1.41111	101
1.41196	101
1.4128	101
1.41364	101
1.41449	101
1.41533	101
1.41617	101
1.41702	101
1.41786	101
1.4187	101
1.41955	101
1.42039	101
1.42123	101
1.42207	102
1.42292	102
1.42376	102
1.4246	102
1.42545	102
1.42629	102
1.42713	102
1.42798	102
1.42882	102
1.42966	102
1.43051	102
1.43135	102
1.43219	102
1.50904	112
1.50989	110
1.51073	109
1.51157	108
1.51242	107
1.51326	106
1.5141	106
1.51495	105
1.51579	104
1.51663	104
1.51748	104
1.51832	103
1.51916	103
1.52001	103
1.52085	103
1.52169	103
1.52254	103
1.52338	103
1.52422	103
1.52507	103
1.52591	103
1.52675	103
1.52759	103
1.52844	103
1.52928	103
1.53012	103
1.53097	103
1.53181	103
1.53265	103
1.5335	103
1.53434	103
1.60951	112
1.61035	110
1.61119	109
1.61203	108
1.61288	107
1.61372	106
1.61456	106
1.61541	105
1.61625	105
1.61709	104
1.61794	104
1.61878	103
1.61962	103
1.62047	103
1.62131	103
1.62215	103
1.623	103
1.62384	103
1.62468	103
1.62553	103
1.62637	103
1.62721	103
1.62806	103
1.6289	103
1.62974	103
1.63059	103
1.63143	103
1.63227	103
1.63311	103
1.63396	103
1.6348	103
1.63564	103
1.63649	103
1.70997	112
1.71081	110
1.71165	109
1.7125	108
1.71334	107
1.71418	106
1.71503	106
1.71587	105
1.71671	104
1.71756	104
1.7184	104
1.71924	103
1.72008	103
1.72093	103
1.72177	103
1.72261	103
1.72346	102
1.7243	102
1.72514	102
1.72599	102
1.72683	102
1.72767	102
1.72852	102
1.72936	102
1.7302	102
1.73105	102
1.73189	102
1.73273	102
1.73358	102
1.73442	102
1.73526	102
1.73611	102
1.73695	102
1.73779	102
1.73864	102
1.81085	102
1.81169	101
1.81254	101
1.81338	101
1.81422	101
1.81506	101
1.81591	101
1.81675	101
1.81759	101
1.81844	101
1.81928	101
1.82012	101
1.82097	101
1.82181	101
1.82265	101
1.8235	101
1.82434	101
1.82518	101
1.82603	101
1.82687	101
1.82771	101
1.82856	101
1.8294	101
1.83024	101
1.83109	101
1.83193	101
1.83277	101
1.83362	101
1.83446	101
1.8353	101
1.83614	101
1.83699	101
1.83783	101
1.83867	101
1.83952	101
1.91131	110
1.91215	109
1.913	108
1.91384	107
1.91468	106
1.91553	105
1.91637	105
1.91721	104
1.91806	104
1.9189	104
1.91974	103
1.92058	103
1.92143	103
1.92227	103
1.92311	103
1.92396	103
1.9248	103
1.92564	103
1.92649	103
1.92733	103
1.92817	103
1.92902	103
1.92986	103
1.9307	103
1.93155	103
1.93239	103
1.93323	103
1.93408	103
1.93492	103
1.93576	103
1.93661	103
1.93745	103
1.93829	103
1.93914	103
1.93998	103
1.94082	103
1.94166	103
2.01177	111
2.01261	110
2.01346	109
2.0143	108
2.01514	107
2.01599	106
2.01683	105
2.01767	105
2.01852	104
2.01936	104
2.0202	104
2.02105	103
2.02189	103
2.02273	103
2.02358	103
2.02442	103
2.02526	103
2.02611	103
2.02695	103
2.02779	103
2.02863	103
2.02948	103
2.03032	103
2.03116	103
2.03201	103
2.03285	103
2.03369	103
2.03454	103
2.03538	103
2.03622	103
2.03707	103
2.03791	103
2.03875	103
2.0396	103
2.04044	103
2.04128	103
2.04213	103
2.04297	103
2.04381	103
2.11223	111
2.11307	110
2.11392	109
2.11476	108
2.1156	107
2.11645	106
2.11729	105
2.11813	105
2.11898	104
2.11982	104
2.12066	103
2.12151	103
2.12235	103
2.12319	103
2.12404	102
2.12488	102
2.12572	102
2.12657	102
2.12741	102
2.12825	102
2.1291	102
2.12994	101
2.13078	101
2.13163	101
2.13247	101
2.13331	101
2.13415	101
2.135	101
2.13584	101
2.13668	101
2.13753	101
2.13837	101
2.13921	101
2.14006	101
2.1409	101
2.14174	101
2.14259	101
2.14343	101
2.14427	101
2.14512	101
2.21311	101
2.21396	101
2.2148	101
2.21564	101
2.21649	101
2.21733	101
2.21817	101
2.21902	101
2.21986	101
2.2207	101
2.22155	101
2.22239	101
2.22323	101
2.22408	101
2.22492	101
2.22576	101
2.22661	101
2.22745	101
2.22829	101
2.22913	101
2.22998	101
2.23082	101
2.23166	101
2.23251	101
2.23335	101
2.23419	101
2.23504	101
2.23588	101
2.23672	101
2.23757	101
2.23841	101
2.23925	101
2.2401	101
2.24094	101
2.24178	101
2.24263	101
2.24347	101
2.24431	101
2.24516	101
2.246	101
2.31358	109
2.31442	108
2.31526	107
2.3161	107
2.31695	106
2.31779	105
2.31863	105
2.31948	104
2.32032	104
2.32116	103
2.32201	103
2.32285	103
2.32369	103
2.32454	103
2.32538	103
2.32622	103
2.32707	103
2.32791	103
2.32875	103
2.3296	103
2.33044	103
2.33128	103
2.33213	103
2.33297	103
2.33381	103
2.33466	103
2.3355	103
2.33634	103
2.33718	103
2.33803	103
2.33887	103
2.33971	103
2.34056	103
2.3414	103
2.34224	103
2.34309	103
2.34393	103
2.34477	103
2.34562	103
2.34646	103
2.3473	103
2.34815	103
2.41404	111
2.41488	109
2.41572	108
2.41657	107
2.41741	107
2.41825	106
2.4191	105
2.41994	105
2.42078	104
2.42162	104
2.42247	103
2.42331	103
2.42415	103
2.425	103
2.42584	103
2.42668	103
2.42753	103
2.42837	103
2.42921	103
2.43006	103
2.4309	103
2.43174	103
2.43259	103
2.43343	103
2.43427	103
2.43512	103
2.43596	103
2.4368	103
2.43765	103
2.43849	103
2.43933	103
2.44018	103
2.44102	103
2.44186	103
2.4427	103
2.44355	103
2.44439	103
2.44523	103
2.44608	103
2.44692	103
2.44776	103
2.44861	103
2.44945	103
2.45029	103
2.5145	110
2.51534	109
2.51618	108
2.51703	107
2.51787	106
2.51871	106
2.51956	105
2.5204	105
2.52124	104
2.52209	104
2.52293	103
2.52377	103
2.52462	103
2.52546	102
2.5263	102
2.52714	102
2.52799	102
2.52883	102
2.52967	102
2.53052	102
2.53136	101
2.5322	101
2.53305	101
2.53389	101
2.53473	101
2.53558	101
2.53642	101
2.53726	101
2.53811	101
2.53895	101
2.53979	101
2.54064	101
2.54148	101
2.54232	101
2.54317	101
2.54401	101
2.54485	101
2.5457	101
2.54654	101
2.54738	101
2.54822	101
2.54907	101
2.54991	101
2.55075	101
2.5516	101
2.61538	101
2.61622	101
2.61707	101
2.61791	101
2.61875	101
2.6196	101
2.62044	101
2.62128	101
2.62213	101
2.62297	101
2.62381	101
2.62465	101
2.6255	101
2.62634	101
2.62718	101
2.62803	101
2.62887	101
2.62971	101
2.63056	101
2.6314	101
2.63224	101
2.63309	101
2.63393	101
2.63477	101
2.63562	101
2.63646	101
2.6373	101
2.63815	101
2.63899	101
2.63983	101
2.64068	101
2.64152	101
2.64236	101
2.64321	101
2.64405	101
2.64489	101
2.64573	101
2.64658	101
2.64742	101
2.64826	101
2.64911	101
2.64995	101
2.65079	101
2.65164	101
2.65248	101
2.71584	109
2.71668	108
2.71753	107
2.71837	106
2.71921	106
2.72006	105
2.7209	105
2.72174	104
2.72259	104
2.72343	103
2.72427	103
2.72512	103
2.72596	103
2.7268	103
2.72765	103
2.72849	103
2.72933	103
2.73017	103
2.73102	103
2.73186	103
2.7327	103
2.73355	103
2.73439	103
2.73523	103
2.73608	103
2.73692	103
2.73776	103
2.73861	103
2.73945	103
2.74029	103
2.74114	103
2.74198	103
2.74282	103
2.74367	103
2.74451	103
2.74535	103
2.7462	103
2.74704	103
2.74788	103
2.74873	103
2.74957	103
2.75041	103
2.75125	103
2.7521	103
2.75294	103
2.75378	103
2.75463	103
2.8163	110
2.81714	109
2.81799	108
2.81883	107
2.81967	106
2.82052	106
2.82136	105
2.8222	104
2.82305	104
2.82389	104
2.82473	104
2.82558	103
2.82642	103
2.82726	103
2.82811	103
2.82895	103
2.82979	103
2.83064	103
2.83148	103
2.83232	103
2.83317	103
2.83401	103
2.83485	103
2.83569	103
2.83654	103
2.83738	103
2.83822	103
2.83907	103
2.83991	103
2.84075	103
2.8416	103
2.84244	103
2.84328	103
2.84413	103
2.84497	103
2.84581	103
2.84666	103
2.8475	103
2.84834	103
2.84919	103
2.85003	103
2.85087	103
2.85172	103
2.85256	103
2.8534	103
2.85425	103
2.85509	103
2.85593	103
2.85677	103
2.91676	110
2.91761	109
2.91845	108
2.91929	107
2.92014	106
2.92098	106
2.92182	105
2.92266	104
2.92351	104
2.92435	103
2.92519	103
2.92604	103
2.92688	103
2.92772	102
2.92857	102
2.92941	102
2.93025	102
2.9311	102
2.93194	102
2.93278	102
2.93363	101
2.93447	101
2.93531	101
2.93616	101
2.937	101
2.93784	101
2.93869	101
2.93953	101
2.94037	101
2.94122	101
2.94206	101
2.9429	101
2.94374	101
2.94459	101
2.94543	101
2.94627	101
2.94712	101
2.94796	101
2.9488	101
2.94965	101
2.95049	101
2.95133	101
2.95218	101
2.95302	101
2.95386	101
2.95471	101
2.95555	101
2.95639	101
2.95724	101
2.95808	101
3.01764	101
3.01849	101
3.01933	101
3.02017	101
3.02102	101
3.02186	101
3.0227	101
3.02355	101
3.02439	101
3.02523	101
3.02608	101
3.02692	101
3.02776	101
3.02861	101
3.02945	101
3.03029	101
3.03114	101
3.03198	101
3.03282	101
3.03367	101
3.03451	101
3.03535	101
3.0362	101
3.03704	101
3.03788	101
3.03872	101
3.03957	101
3.04041	101
3.04125	101
3.0421	101
3.04294	101
3.04378	101
3.04463	101
3.04547	101
3.04631	101
3.04716	101
3.048	101
3.04884	101
3.04969	101
3.05053	101
3.05137	101
3.05222	101
3.05306	101
3.0539	101
3.05475	101
3.05559	101
3.05643	101
3.05728	101
3.05812	101
3.05896	101
3.11811	108
3.11895	107
3.11979	107
3.12064	106
3.12148	105
3.12232	105
3.12316	104
3.12401	104
3.12485	104
3.12569	103
3.12654	103
3.12738	103
3.12822	103
3.12907	103
3.12991	103
3.13075	102
3.1316	102
3.13244	102
3.13328	102
3.13413	102
3.13497	102
3.13581	102
3.13666	102
3.1375	102
3.13834	102
3.13919	102
3.14003	102
3.14087	102
3.14172	102
3.14256	102
3.1434	102
3.14424	102
3.14509	102
3.14593	102
3.14677	102
3.14762	102
3.14846	102
3.1493	102
3.15015	102
3.15099	102
3.15183	102
3.15268	102
3.15352	102
3.15436	102
3.15521	102
3.15605	102
3.15689	102
3.15774	102
3.15858	102
3.15942	102
3.16027	102
3.16111	102
3.21899	101
3.21983	101
3.22067	101
3.22152	101
3.22236	101
3.2232	101
3.22405	101
3.22489	101
3.22573	101
3.22658	101
3.22742	101
3.22826	101
3.22911	102
3.22995	102
3.23079	102
3.23164	102
3.23248	102
3.23332	102
3.23417	102
3.23501	102
3.23585	102
3.2367	102
3.23754	102
3.23838	102
3.23923	102
3.24007	102
3.24091	102
3.24175	102
3.2426	102
3.24344	102
3.24428	102
3.24513	102
3.24597	102
3.24681	102
3.24766	102
3.2485	102
3.24934	102
3.25019	102
3.25103	102
3.25187	102
3.25272	102
3.25356	102
3.2544	102
3.25525	102
3.25609	102
3.25693	102
3.25778	102
3.25862	102
3.25946	102
3.26031	102
3.26115	102
3.26199	102
3.26283	102
3.31945	109
3.32029	108
3.32114	107
3.32198	106
3.32282	106
3.32367	105
3.32451	104
3.32535	104
3.32619	104
3.32704	104
3.32788	103
3.32872	103
3.32957	103
3.33041	103
3.33125	103
3.3321	103
3.33294	102
3.33378	102
3.33463	102
3.33547	102
3.33631	102
3.33716	102
3.338	102
3.33884	102
3.33969	102
3.34053	102
3.34137	102
3.34222	102
3.34306	102
3.3439	102
3.34475	102
3.34559	102
3.34643	102
3.34727	102
3.34812	102
3.34896	102
3.3498	102
3.35065	102
3.35149	102
3.35233	102
3.35318	102
3.35402	102
3.35486	102
3.35571	102
3.35655	102
3.35739	102
3.35824	102
3.35908	102
3.35992	102
3.36077	102
3.36161	102
3.36245	102
3.3633	102
3.36414	102
3.36498	102
3.42033	102
3.42117	101
3.42202	101
3.42286	101
3.4237	101
3.42455	101
3.42539	101
3.42623	101
3.42708	101
3.42792	101
3.42876	101
3.42961	101
3.43045	102
3.43129	102
3.43214	102
3.43298	102
3.43382	102
3.43467	102
3.43551	102
3.43635	102
3.4372	102
3.43804	102
3.43888	102
3.43973	102
3.44057	102
3.44141	102
3.44225	102
3.4431	102
3.44394	102
3.44478	102
3.44563	102
3.44647	102
3.44731	102
3.44816	102
3.449	102
3.44984	102
3.45069	102
3.45153	102
3.45237	102
3.45322	102
3.45406	102
3.4549	102
3.45575	102
3.45659	102
3.45743	102
3.45828	102
3.45912	102
3.45996	102
3.46081	102
3.46165	102
3.46249	102
3.46333	102
3.46418	102
3.46502	102
3.46586	102
3.46671	102
3.52079	109
3.52164	108
3.52248	107
3.52332	106
3.52417	105
3.52501	105
3.52585	105
3.5267	104
3.52754	104
3.52838	104
3.52922	103
3.53007	103
3.53091	103
3.53175	103
3.5326	103
3.53344	102
3.53428	102
3.53513	102
3.53597	102
3.53681	102
3.53766	102
3.5385	102
3.53934	102
3.54019	102
3.54103	102
3.54187	102
3.54272	102
3.54356	102
3.5444	102
3.54525	102
3.54609	102
3.54693	102
3.54778	102
3.54862	102
3.54946	102
3.5503	102
3.55115	102
3.55199	102
3.55283	102
3.55368	102
3.55452	102
3.55536	102
3.55621	102
3.55705	102
3.55789	102
3.55874	102
3.55958	102
3.56042	102
3.56127	102
3.56211	102
3.56295	102
3.5638	102
3.56464	102
3.56548	102
3.56633	102
3.56717	102
3.56801	102
3.56886	102
3.62168	102
3.62252	101
3.62336	101
3.6242	101
3.62505	101
3.62589	101
3.62673	101
3.62758	101
3.62842	101
3.62926	101
3.63011	102
3.63095	102
3.63179	102
3.63264	102
3.63348	102
3.63432	102
3.63517	102
3.63601	102
3.63685	102
3.6377	102
3.63854	102
3.63938	102
3.64023	102
3.64107	102
3.64191	102
3.64276	102
3.6436	102
3.64444	102
3.64528	102
3.64613	102
3.64697	102
3.64781	102
3.64866	102
3.6495	102
3.65034	102
3.65119	102
3.65203	102
3.65287	102
3.65372	102
3.65456	102
3.6554	102
3.65625	102
3.65709	102
3.65793	102
3.65878	102
3.65962	102
3.66046	102
3.66131	102
3.66215	102
3.66299	102
3.66384	102
3.66468	102
3.66552	102
3.66636	102
3.66721	102
3.66805	102
3.66889	102
3.66974	102
3.67058	102
3.72214	108
3.72298	107
3.72382	107
3.72467	106
3.72551	105
3.72635	105
3.7272	104
3.72804	104
3.72888	104
3.72972	103
3.73057	103
3.73141	103
3.73225	103
3.7331	103
3.73394	103
3.73478	102
3.73563	102
3.73647	102
3.73731	102
3.73816	102
3.739	102
3.73984	102
3.74069	102
3.74153	102
3.74237	102
3.74322	102
3.74406	102
3.7449	102
3.74575	102
3.74659	102
3.74743	102
3.74828	102
3.74912	102
3.74996	102
3.7508	102
3.75165	102
3.75249	102
3.75333	102
3.75418	102
3.75502	102
3.75586	102
3.75671	102
3.75755	102
3.75839	102
3.75924	102
3.76008	102
3.76092	102
3.76177	102
3.76261	102
3.76345	102
3.7643	102
3.76514	102
3.76598	102
3.76683	102
3.76767	102
3.76851	102
3.76936	102
3.7702	102
3.77104	102
3.77188	102
3.77273	102
3.82302	102
3.82386	101
3.8247	101
3.82555	101
3.82639	101
3.82723	101
3.82808	102
3.82892	102
3.82976	102
3.83061	102
3.83145	102
3.83229	102
3.83314	102
3.83398	102
3.83482	102
3.83567	102
3.83651	102
3.83735	102
3.8382	102
3.83904	102
3.83988	102
3.84073	102
3.84157	102
3.84241	102
3.84326	102
3.8441	102
3.84494	102
3.84578	102
3.84663	102
3.84747	102
3.84831	102
3.84916	102
3.85	102
3.85084	102
3.85169	102
3.85253	102
3.85337	102
3.85422	102
3.85506	102
3.8559	102
3.85675	102
3.85759	102
3.85843	102
3.85928	102
3.86012	102
3.86096	102
3.86181	102
3.86265	102
3.86349	102
3.86434	102
3.86518	102
3.86602	102
3.86686	102
3.86771	102
3.86855	102
3.86939	102
3.87024	102
3.87108	102
3.87192	102
3.87277	102
3.87361	102
3.87445	102
3.92348	108
3.92432	107
3.92517	106
3.92601	106
3.92685	105
3.9277	105
3.92854	104
3.92938	104
3.93023	103
3.93107	103
3.93191	103
3.93275	103
3.9336	102
3.93444	102
3.93528	102
3.93613	102
3.93697	102
3.93781	102
3.93866	101
3.9395	101
3.94034	101
3.94119	101
3.94203	101
3.94287	101
3.94372	101
3.94456	101
3.9454	101
3.94625	101
3.94709	101
3.94793	101
3.94878	101
3.94962	101
3.95046	101
3.95131	101
3.95215	101
3.95299	101
3.95383	101
3.95468	101
3.95552	101
3.95636	101
3.95721	101
3.95805	101
3.95889	101
3.95974	101
3.96058	101
3.96142	101
3.96227	101
3.96311	101
3.96395	101
3.9648	101
3.96564	101
3.96648	101
3.96733	101
3.96817	101
3.96901	101
3.96986	101
3.9707	101
3.97154	101
3.97239	101
3.97323	101
3.97407	101
3.97491	101
3.97576	101
4.02436	101
4.02521	101
4.02605	101
4.02689	101
4.02773	101
4.02858	101
4.02942	101
4.03026	101
4.03111	101
4.03195	101
4.03279	101
4.03364	101
4.03448	101
4.03532	101
4.03617	101
4.03701	101
4.03785	101
4.0387	101
4.03954	101
4.04038	101
4.04123	101
4.04207	101
4.04291	101
4.04376	101
4.0446	101
4.04544	101
4.04629	101
4.04713	101
4.04797	101
4.04881	101
4.04966	101
4.0505	101
4.05134	101
4.05219	101
4.05303	101
4.05387	101
4.05472	101
4.05556	101
4.0564	101
4.05725	101
4.05809	101
4.05893	101
4.05978	101
4.06062	101
4.06146	101
4.06231	101
4.06315	101
4.06399	101
4.06484	101
4.06568	101
4.06652	101
4.06737	101
4.06821	101
4.06905	101
4.06989	101
4.07074	101
4.07158	101
4.07242	101
4.07327	101
4.07411	101
4.07495	101
4.0758	101
4.07664	101
4.12482	107
4.12567	106
4.12651	106
4.12735	105
4.1282	105
4.12904	104
4.12988	104
4.13073	104
4.13157	103
4.13241	103
4.13325	103
4.1341	103
4.13494	103
4.13578	103
4.13663	102
4.13747	102
4.13831	102
4.13916	102
4.14	102
4.14084	102
4.14169	102
4.14253	102
4.14337	102
4.14422	102
4.14506	102
4.1459	102
4.14675	102
4.14759	102
4.14843	102
4.14928	102
4.15012	102
4.15096	102
4.15181	102
4.15265	102
4.15349	102
4.15433	102
4.15518	102
4.15602	102
4.15686	102
4.15771	102
4.15855	102
4.15939	102
4.16024	102
4.16108	102
4.16192	102
4.16277	102
4.16361	102
4.16445	102
4.1653	102
4.16614	102
4.16698	102
4.16783	102
4.16867	102
4.16951	102
4.17036	102
4.1712	102
4.17204	102
4.17289	102
4.17373	102
4.17457	102
4.17541	102
4.17626	102
4.1771	102
4.17794	102
4.17879	102
4.22571	102
4.22655	101
4.22739	101
4.22824	102
4.22908	102
4.22992	102
4.23076	102
4.23161	102
4.23245	102
4.23329	102
4.23414	102
4.23498	102
4.23582	102
4.23667	102
4.23751	102
4.23835	102
4.2392	102
4.24004	102
4.24088	102
4.24173	102
4.24257	102
4.24341	102
4.24426	102
4.2451	102
4.24594	102
4.24679	102
4.24763	102
4.24847	102
4.24932	102
4.25016	102
4.251	102
4.25184	102
4.25269	102
4.25353	102
4.25437	102
4.25522	102
4.25606	102
4.2569	102
4.25775	102
4.25859	102
4.25943	102
4.26028	102
4.26112	102
4.26196	102
4.26281	102
4.26365	102
4.26449	102
4.26534	102
4.26618	102
4.26702	102
4.26787	102
4.26871	102
4.26955	102
4.2704	102
4.27124	102
4.27208	102
4.27292	102
4.27377	102
4.27461	102
4.27545	102
4.2763	102
4.27714	102
4.27798	102
4.27883	102
4.27967	102
4.28051	102
4.32617	108
4.32701	107
4.32785	106
4.3287	105
4.32954	105
4.33038	104
4.33123	104
4.33207	104
4.33291	103
4.33376	103
4.3346	103
4.33544	102
4.33628	102
4.33713	102
4.33797	102
4.33881	102
4.33966	102
4.3405	101
4.34134	101
4.34219	101
4.34303	101
4.34387	101
4.34472	101
4.34556	101
4.3464	101
4.34725	101
4.34809	101
4.34893	101
4.34978	101
4.35062	101
4.35146	101
4.35231	101
4.35315	101
4.35399	101
4.35484	101
4.35568	101
4.35652	101
4.35736	101
4.35821	101
4.35905	101
4.35989	101
4.36074	101
4.36158	101
4.36242	101
4.36327	101
4.36411	101
4.36495	101
4.3658	101
4.36664	101
4.36748	101
4.36833	101
4.36917	101
4.37001	101
4.37086	101
4.3717	101
4.37254	101
4.37339	101
4.37423	101
4.37507	101
4.37592	101
4.37676	101
4.3776	101
4.37844	101
4.37929	101
4.38013	101
4.38097	101
4.38182	101
4.42705	101
4.42789	101
4.42874	101
4.42958	101
4.43042	101
4.43126	101
4.43211	101
4.43295	101
4.43379	101
4.43464	101
4.43548	101
4.43632	101
4.43717	101
4.43801	101
4.43885	101
4.4397	101
4.44054	101
4.44138	101
4.44223	101
4.44307	101
4.44391	101
4.44476	101
4.4456	101
4.44644	101
4.44729	101
4.44813	101
4.44897	101
4.44982	101
4.45066	101
4.4515	101
4.45234	101
4.45319	101
4.45403	101
4.45487	101
4.45572	101
4.45656	101
4.4574	101
4.45825	101
4.45909	101
4.45993	101
4.46078	101
4.46162	101
4.46246	101
4.46331	101
4.46415	101
4.46499	101
4.46584	101
4.46668	101
4.46752	101
4.46837	101
4.46921	101
4.47005	101
4.4709	101
4.47174	101
4.47258	101
4.47342	101
4.47427	101
4.47511	101
4.47595	101
4.4768	101
4.47764	101
4.47848	101
4.47933	101
4.48017	101
4.48101	101
4.48186	101
4.4827	101
4.48354	101
4.48439	101
4.52793	101
4.52877	101
4.52962	101
4.53046	101
4.5313	101
4.53215	101
4.53299	101
4.53383	101
4.53468	101
4.53552	101
4.53636	101
4.53721	101
4.53805	101
4.53889	100
4.53974	100
4.54058	100
4.54142	100
4.54227	100
4.54311	100
4.54395	100
4.5448	100
4.54564	100
4.54648	100
4.54733	100
4.54817	100
4.54901	100
4.54985	100
4.5507	100
4.55154	100
4.55238	100
4.55323	100
4.55407	100
4.55491	100
4.55576	100
4.5566	100
4.55744	100
4.55829	100
4.55913	100
4.55997	100
4.56082	100
4.56166	100
4.5625	100
4.56335	100
4.56419	100
4.56503	100
4.56588	100
4.56672	100
4.56756	100
4.56841	100
4.56925	100
4.57009	100
4.57093	100
4.57178	100
4.57262	100
4.57346	100
4.57431	100
4.57515	100
4.57599	100
4.57684	100
4.57768	100
4.57852	100
4.57937	100
4.58021	100
4.58105	100
4.5819	100
4.58274	100
4.58358	100
4.58443	100
4.58527	101
4.58611	101
4.62839	106
4.62924	106
4.63008	105
4.63092	105
4.63177	104
4.63261	104
4.63345	103
4.63429	103
4.63514	103
4.63598	103
4.63682	102
4.63767	102
4.63851	102
4.63935	102
4.6402	102
4.64104	102
4.64188	102
4.64273	101
4.64357	101
4.64441	101
4.64526	101
4.6461	101
4.64694	101
4.64779	101
4.64863	101
4.64947	101
4.65032	101
4.65116	101
4.652	101
4.65285	101
4.65369	101
4.65453	101
4.65537	101
4.65622	101
4.65706	101
4.6579	101
4.65875	101
4.65959	101
4.66043	101
4.66128	101
4.66212	101
4.66296	101
4.66381	101
4.66465	101
4.66549	101
4.66634	101
4.66718	101
4.66802	101
4.66887	101
4.66971	101
4.67055	101
4.6714	101
4.67224	101
4.67308	101
4.67393	101
4.67477	101
4.67561	101
4.67645	101
4.6773	101
4.67814	101
4.67898	101
4.67983	101
4.68067	101
4.68151	101
4.68236	101
4.6832	101
4.68404	101
4.68489	101
4.68573	101
4.68657	101
4.68742	101
4.68826	101
4.72927	101
4.73012	101
4.73096	101
4.7318	101
4.73265	101
4.73349	101
4.73433	101
4.73518	101
4.73602	101
4.73686	101
4.73771	101
4.73855	101
4.73939	101
4.74024	101
4.74108	101
4.74192	100
4.74277	100
4.74361	100
4.74445	100
4.7453	100
4.74614	100
4.74698	100
4.74783	100
4.74867	100
4.74951	100
4.75035	100
4.7512	100
4.75204	100
4.75288	100
4.75373	100
4.75457	100
4.75541	100
4.75626	100
4.7571	100
4.75794	100
4.75879	100
4.75963	100
4.76047	100
4.76132	100
4.76216	100
4.763	100
4.76385	100
4.76469	100
4.76553	100
4.76638	100
4.76722	100
4.76806	100
4.76891	100
4.76975	100
4.77059	100
4.77143	100
4.77228	100
4.77312	100
4.77396	100
4.77481	100
4.77565	100
4.77649	100
4.77734	100
4.77818	100
4.77902	100
4.77987	100
4.78071	100
4.78155	100
4.7824	100
4.78324	100
4.78408	100
4.78493	100
4.78577	101
4.78661	101
4.78746	101
4.7883	101
4.78914	101
4.78999	101
4.82974	106
4.83058	106
4.83142	105
4.83227	104
4.83311	104
4.83395	104
4.8348	103
4.83564	103
4.83648	103
4.83732	102
4.83817	102
4.83901	102
4.83985	102
4.8407	102
4.84154	102
4.84238	101
4.84323	101
4.84407	101
4.84491	101
4.84576	101
4.8466	101
4.84744	101
4.84829	101
4.84913	101
4.84997	101
4.85082	101
4.85166	101
4.8525	101
4.85335	101
4.85419	101
4.85503	101
4.85588	101
4.85672	101
4.85756	101
4.8584	101
4.85925	101
4.86009	101
4.86093	101
4.86178	101
4.86262	101
4.86346	101
4.86431	101
4.86515	101
4.86599	101
4.86684	101
4.86768	101
4.86852	101
4.86937	101
4.87021	101
4.87105	101
4.8719	101
4.87274	101
4.87358	101
4.87443	101
4.87527	101
4.87611	101
4.87696	101
4.8778	101
4.87864	101
4.87948	101
4.88033	101
4.88117	101
4.88201	101
4.88286	101
4.8837	101
4.88454	101
4.88539	101
4.88623	101
4.88707	101
4.88792	101
4.88876	101
4.8896	101
4.89045	101
4.89129	101
4.89213	101
4.93062	101
4.93146	101
4.9323	101
4.93315	101
4.93399	101
4.93483	101
4.93568	101
4.93652	101
4.93736	101
4.93821	101
4.93905	101
4.93989	101
4.94074	101
4.94158	101
4.94242	101
4.94327	101
4.94411	101
4.94495	100
4.9458	100
4.94664	100
4.94748	100
4.94833	100
4.94917	100
4.95001	100
4.95086	100
4.9517	100
4.95254	100
4.95338	100
4.95423	100
4.95507	100
4.95591	100
4.95676	100
4.9576	100
4.95844	100
4.95929	100
4.96013	100
4.96097	100
4.96182	100
4.96266	100
4.9635	100
4.96435	100
4.96519	100
4.96603	100
4.96688	100
4.96772	100
4.96856	100
4.96941	100
4.97025	100
4.97109	100
4.97194	100
4.97278	100
4.97362	100
4.97446	100
4.97531	100
4.97615	100
4.97699	100
4.97784	100
4.97868	100
4.97952	100
4.98037	100
4.98121	100
4.98205	100
4.9829	100
4.98374	100
4.98458	100
4.98543	100
4.98627	101
4.98711	101
4.98796	101
4.9888	101
4.98964	101
4.99049	101
4.99133	101
4.99217	102
4.99302	102
4.99386	102
5.03108	106
5.03192	106
5.03277	105
5.03361	104
5.03445	104
5.0353	104
5.03614	103
5.03698	103
5.03782	103
5.03867	102
5.03951	102
5.04035	102
5.0412	102
5.04204	102
5.04288	102
5.04373	102
5.04457	101
5.04541	101
5.04626	101
5.0471	101
5.04794	101
5.04879	101
5.04963	101
5.05047	101
5.05132	101
5.05216	101
5.053	101
5.05385	101
5.05469	101
5.05553	101
5.05638	101
5.05722	101
5.05806	101
5.0589	101
5.05975	101
5.06059	101
5.06143	101
5.06228	101
5.06312	101
5.06396	101
5.06481	101
5.06565	101
5.06649	101
5.06734	101
5.06818	101
5.06902	101
5.06987	101
5.07071	101
5.07155	101
5.0724	101
5.07324	101
5.07408	101
5.07493	101
5.07577	101
5.07661	101
5.07746	101
5.0783	101
5.07914	101
5.07998	101
5.08083	101
5.08167	101
5.08251	101
5.08336	101
5.0842	101
5.08504	101
5.08589	101
5.08673	101
5.08757	101
5.08842	101
5.08926	101
5.0901	101
5.09095	101
5.09179	101
5.09263	101
5.09348	101
5.09432	101
5.09516	101
5.09601	102
5.13196	101
5.13281	101
5.13365	101
5.13449	101
5.13533	101
5.13618	101
5.13702	101
5.13786	101
5.13871	101
5.13955	101
5.14039	101
5.14124	101
5.14208	101
5.14292	101
5.14377	101
5.14461	101
5.14545	101
5.1463	101
5.14714	101
5.14798	100
5.14883	100
5.14967	100
5.15051	100
5.15136	100
5.1522	100
5.15304	100
5.15389	100
5.15473	100
5.15557	100
5.15641	100
5.15726	100
5.1581	100
5.15894	100
5.15979	100
5.16063	100
5.16147	100
5.16232	100
5.16316	100
5.164	100
5.16485	100
5.16569	100
5.16653	100
5.16738	100
5.16822	100
5.16906	100
5.16991	100
5.17075	100
5.17159	100
5.17244	100
5.17328	100
5.17412	100
5.17497	100
5.17581	100
5.17665	100
5.17749	100
5.17834	100
5.17918	100
5.18002	100
5.18087	100
5.18171	100
5.18255	100
5.1834	100
5.18424	100
5.18508	100
5.18593	100
5.18677	101
5.18761	101
5.18846	101
5.1893	101
5.19014	101
5.19099	101
5.19183	101
5.19267	101
5.19352	102
5.19436	102
5.1952	102
5.19605	102
5.19689	102
5.19773	102
5.23242	106
5.23327	105
5.23411	105
5.23495	104
5.2358	104
5.23664	103
5.23748	103
5.23833	103
5.23917	103
5.24001	102
5.24085	102
5.2417	102
5.24254	102
5.24338	102
5.24423	102
5.24507	102
5.24591	101
5.24676	101
5.2476	101
5.24844	101
5.24929	101
5.25013	101
5.25097	101
5.25182	101
5.25266	101
5.2535	101
5.25435	101
5.25519	101
5.25603	101
5.25688	101
5.25772	101
5.25856	101
5.25941	101
5.26025	101
5.26109	101
5.26193	101
5.26278	101
5.26362	101
5.26446	101
5.26531	101
5.26615	101
5.26699	101
5.26784	101
5.26868	101
5.26952	101
5.27037	101
5.27121	101
5.27205	101
5.2729	101
5.27374	101
5.27458	101
5.27543	101
5.27627	101
5.27711	101
5.27796	101
5.2788	101
5.27964	101
5.28049	101
5.28133	101
5.28217	101
5.28301	101
5.28386	101
5.2847	101
5.28554	101
5.28639	101
5.28723	101
5.28807	101
5.28892	101
5.28976	101
5.2906	101
5.29145	101
5.29229	101
5.29313	101
5.29398	101
5.29482	101
5.29566	101
5.29651	101
5.29735	101
5.29819	101
5.29904	102
5.29988	102
5.33331	101
5.33415	101
5.33499	101
5.33583	101
5.33668	101
5.33752	101
5.33836	101
5.33921	101
5.34005	101
5.34089	101
5.34174	101
5.34258	101
5.34342	101
5.34427	101
5.34511	101
5.34595	100
5.3468	100
5.34764	100
5.34848	100
5.34933	100
5.35017	100
5.35101	100
5.35186	100
5.3527	100
5.35354	100
5.35439	100
5.35523	100
5.35607	100
5.35691	100
5.35776	100
5.3586	100
5.35944	100
5.36029	100
5.36113	100
5.36197	100
5.36282	100
5.36366	100
5.3645	100
5.36535	100
5.36619	100
5.36703	100
5.36788	100
5.36872	100
5.36956	100
5.37041	100
5.37125	100
5.37209	100
5.37294	100
5.37378	100
5.37462	100
5.37547	100
5.37631	100
5.37715	100
5.37799	100
5.37884	100
5.37968	100
5.38052	100
5.38137	100
5.38221	100
5.38305	100
5.3839	100
5.38474	100
5.38558	100
5.38643	100
5.38727	101
5.38811	101
5.38896	101
5.3898	101
5.39064	101
5.39149	101
5.39233	101
5.39317	102
5.39402	102
5.39486	102
5.3957	102
5.39655	102
5.39739	102
5.39823	102
5.39907	102
5.39992	102
5.40076	102
5.4016	102
5.43377	106
5.43461	105
5.43545	105
5.4363	104
5.43714	104
5.43798	103
5.43883	103
5.43967	103
5.44051	102
5.44136	102
5.4422	102
5.44304	102
5.44388	102
5.44473	102
5.44557	102
5.44641	101
5.44726	101
5.4481	101
5.44894	101
5.44979	101
5.45063	101
5.45147	101
5.45232	101
5.45316	101
5.454	101
5.45485	101
5.45569	101
5.45653	101
5.45738	101
5.45822	101
5.45906	101
5.45991	101
5.46075	101
5.46159	101
5.46244	101
5.46328	101
5.46412	101
5.46496	101
5.46581	101
5.46665	101
5.46749	101
5.46834	101
5.46918	101
5.47002	101
5.47087	101
5.47171	101
5.47255	101
5.4734	101
5.47424	101
5.47508	101
5.47593	101
5.47677	101
5.47761	101
5.47846	101
5.4793	101
5.48014	101
5.48099	101
5.48183	101
5.48267	101
5.48352	101
5.48436	101
5.4852	101
5.48604	101
5.48689	101
5.48773	101
5.48857	101
5.48942	101
5.49026	101
5.4911	101
5.49195	101
5.49279	101
5.49363	101
5.49448	101
5.49532	101
5.49616	101
5.49701	102
5.49785	102
5.49869	102
5.49954	102
5.50038	102
5.50122	102
5.50207	102
5.50291	102
5.50375	102
5.53465	101
5.53549	101
5.53634	101
5.53718	101
5.53802	101
5.53886	101
5.53971	101
5.54055	101
5.54139	101
5.54224	101
5.54308	101
5.54392	101
5.54477	101
5.54561	101
5.54645	101
5.5473	101
5.54814	101
5.54898	100
5.54983	100
5.55067	100
5.55151	100
5.55236	100
5.5532	100
5.55404	100
5.55489	100
5.55573	100
5.55657	100
5.55742	100
5.55826	100
5.5591	100
5.55994	100
5.56079	100
5.56163	100
5.56247	100
5.56332	100
5.56416	100
5.565	100
5.56585	100
5.56669	100
5.56753	100
5.56838	100
5.56922	100
5.57006	100
5.57091	100
5.57175	100
5.57259	100
5.57344	100
5.57428	100
5.57512	100
5.57597	100
5.57681	100
5.57765	100
5.5785	100
5.57934	100
5.58018	100
5.58102	100
5.58187	100
5.58271	100
5.58355	100
5.5844	100
5.58524	100
5.58608	100
5.58693	100
5.58777	101
5.58861	101
5.58946	101
5.5903	101
5.59114	101
5.59199	101
5.59283	101
5.59367	101
5.59452	102
5.59536	102
5.5962	102
5.59705	102
5.59789	102
5.59873	102
5.59958	102
5.60042	102
5.60126	102
5.6021	102
5.60295	102
5.60379	102
5.60463	102
5.60548	102
5.63511	106
5.63595	105
5.6368	104
5.63764	104
5.63848	103
5.63933	103
5.64017	103
5.64101	103
5.64186	102
5.6427	102
5.64354	102
5.64438	102
5.64523	102
5.64607	102
5.64691	102
5.64776	101
5.6486	101
5.64944	101
5.65029	101
5.65113	101
5.65197	101
5.65282	101
5.65366	101
5.6545	101
5.65535	101
5.65619	101
5.65703	101
5.65788	101
5.65872	101
5.65956	101
5.66041	101
5.66125	101
5.66209	101
5.66294	101
5.66378	101
5.66462	101
5.66546	101
5.66631	101
5.66715	101
5.66799	101
5.66884	101
5.66968	101
5.67052	101
5.67137	101
5.67221	101
5.67305	101
5.6739	101
5.67474	101
5.67558	101
5.67643	101
5.67727	101
5.67811	101
5.67896	101
5.6798	101
5.68064	101
5.68149	101
5.68233	101
5.68317	101
5.68402	101
5.68486	101
5.6857	101
5.68654	101
5.68739	101
5.68823	101
5.68907	101
5.68992	101
5.69076	101
5.6916	101
5.69245	101
5.69329	101
5.69413	101
5.69498	101
5.69582	101
5.69666	101
5.69751	101
5.69835	101
5.69919	101
5.70004	102
5.70088	102
5.70172	102
5.70257	102
5.70341	102
5.70425	102
5.7051	102
5.70594	102
5.70678	102
5.70762	102
5.73599	101
5.73684	101
5.73768	101
5.73852	101
5.73937	101
5.74021	101
5.74105	101
5.74189	101
5.74274	101
5.74358	101
5.74442	101
5.74527	101
5.74611	101
5.74695	100
5.7478	100
5.74864	100
5.74948	100
5.75033	100
5.75117	100
5.75201	100
5.75286	100
5.7537	100
5.75454	100
5.75539	100
5.75623	100
5.75707	100
5.75792	100
5.75876	100
5.7596	100
5.76045	100
5.76129	100
5.76213	100
5.76297	100
5.76382	100
5.76466	100
5.7655	100
5.76635	100
5.76719	100
5.76803	100
5.76888	100
5.76972	100
5.77056	100
5.77141	100
5.77225	100
5.77309	100
5.77394	100
5.77478	100
5.77562	100
5.77647	100
5.77731	100
5.77815	100
5.779	100
5.77984	100
5.78068	100
5.78153	100
5.78237	100
5.78321	100
5.78405	100
5.7849	100
5.78574	100
5.78658	100
5.78743	100
5.78827	101
5.78911	101
5.78996	101
5.7908	101
5.79164	101
5.79249	101
5.79333	101
5.79417	102
5.79502	102
5.79586	102
5.7967	102
5.79755	102
5.79839	102
5.79923	102
5.80008	102
5.80092	102
5.80176	102
5.80261	102
5.80345	102
5.80429	102
5.80513	102
5.80598	102
5.80682	102
5.80766	102
5.80851	102
5.80935	102
5.83645	105
5.8373	105
5.83814	104
5.83898	104
5.83983	104
5.84067	103
5.84151	103
5.84236	103
5.8432	102
5.84404	102
5.84489	102
5.84573	102
5.84657	102
5.84741	102
5.84826	102
5.8491	102
5.84994	101
5.85079	101
5.85163	101
5.85247	101
5.85332	101
5.85416	101
5.855	101
5.85585	101
5.85669	101
5.85753	101
5.85838	101
5.85922	101
5.86006	101
5.86091	101
5.86175	101
5.86259	101
5.86344	101
5.86428	101
5.86512	101
5.86597	101
5.86681	101
5.86765	101
5.86849	101
5.86934	101
5.87018	101
5.87102	101
5.87187	101
5.87271	101
5.87355	101
5.8744	101
5.87524	101
5.87608	101
5.87693	101
5.87777	101
5.87861	101
5.87946	101
5.8803	101
5.88114	101
5.88199	101
5.88283	101
5.88367	101
5.88452	101
5.88536	101
5.8862	101
5.88705	101
5.88789	101
5.88873	101
5.88957	101
5.89042	101
5.89126	101
5.8921	101
5.89295	101
5.89379	101
5.89463	101
5.89548	101
5.89632	101
5.89716	101
5.89801	102
5.89885	102
5.89969	102
5.90054	102
5.90138	102
5.90222	102
5.90307	102
5.90391	102
5.90475	102
5.9056	102
5.90644	102
5.90728	102
5.90813	102
5.90897	102
5.90981	102
5.91065	102
5.9115	102
5.93734	101
5.93818	101
5.93902	101
5.93987	101
5.94071	101
5.94155	101
5.94239	101
5.94324	101
5.94408	101
5.94492	101
5.94577	101
5.94661	101
5.94745	101
5.9483	101
5.94914	101
5.94998	100
5.95083	100
5.95167	100
5.95251	100
5.95336	100
5.9542	100
5.95504	100
5.95589	100
5.95673	100
5.95757	100
5.95842	100
5.95926	100
5.9601	100
5.96095	100
5.96179	100
5.96263	100
5.96347	100
5.96432	100
5.96516	100
5.966	100
5.96685	100
5.96769	100
5.96853	100
5.96938	100
5.97022	100
5.97106	100
5.97191	100
5.97275	100
5.97359	100
5.97444	100
5.97528	100
5.97612	100
5.97697	100
5.97781	100
5.97865	100
5.9795	100
5.98034	100
5.98118	100
5.98203	100
5.98287	100
5.98371	100
5.98455	100
5.9854	100
5.98624	100
5.98708	100
5.98793	100
5.98877	101
5.98961	101
5.99046	101
5.9913	101
5.99214	101
5.99299	101
5.99383	101
5.99467	101
5.99552	102
5.99636	102
5.9972	102
5.99805	102
5.99889	102
5.99973	102
6.00058	102
6.00142	102
6.00226	102
6.00311	102
6.00395	102
6.00479	102
6.00563	102
6.00648	102
6.00732	102
6.00816	102
6.00901	102
6.00985	102
6.01069	102
6.01154	102
6.01238	102
6.01322	102
6.0378	105
6.03864	104
6.03948	104
6.04033	104
6.04117	103
6.04201	103
6.04286	103
6.0437	102
6.04454	102
6.04539	102
6.04623	102
6.04707	102
6.04792	102
6.04876	102
6.0496	101
6.05044	101
6.05129	101
6.05213	101
6.05297	101
6.05382	101
6.05466	101
6.0555	101
6.05635	101
6.05719	101
6.05803	101
6.05888	101
6.05972	101
6.06056	101
6.06141	101
6.06225	101
6.06309	101
6.06394	101
6.06478	101
6.06562	101
6.06647	101
6.06731	101
6.06815	101
6.069	101
6.06984	101
6.07068	101
6.07152	101
6.07237	101
6.07321	101
6.07405	101
6.0749	101
6.07574	101
6.07658	101
6.07743	101
6.07827	101
6.07911	101
6.07996	101
6.0808	101
6.08164	101
6.08249	101
6.08333	101
6.08417	101
6.08502	101
6.08586	101
6.0867	101
6.08755	101
6.08839	101
6.08923	101
6.09008	101
6.09092	101
6.09176	101
6.0926	101
6.09345	101
6.09429	101
6.09513	101
6.09598	101
6.09682	101
6.09766	101
6.09851	101
6.09935	101
6.10019	101
6.10104	102
6.10188	102
6.10272	102
6.10357	102
6.10441	102
6.10525	102
6.1061	102
6.10694	102
6.10778	102
6.10863	102
6.10947	102
6.11031	102
6.11116	102
6.112	102
6.11284	102
6.11368	102
6.11453	102
6.11537	102
6.13868	101
6.13952	101
6.14037	101
6.14121	101
6.14205	101
6.1429	101
6.14374	101
6.14458	101
6.14542	101
6.14627	101
6.14711	101
6.14795	101
6.1488	101
6.14964	101
6.15048	101
6.15133	101
6.15217	101
6.15301	101
6.15386	101
6.1547	101
6.15554	101
6.15639	101
6.15723	101
6.15807	101
6.15892	100
6.15976	100
6.1606	100
6.16145	100
6.16229	100
6.16313	100
6.16398	100
6.16482	100
6.16566	100
6.1665	100
6.16735	100
6.16819	100
6.16903	100
6.16988	100
6.17072	100
6.17156	100
6.17241	100
6.17325	100
6.17409	100
6.17494	100
6.17578	100
6.17662	100
6.17747	100
6.17831	100
6.17915	100
6.18	100
6.18084	100
6.18168	100
6.18253	100
6.18337	100
6.18421	100
6.18506	100
6.1859	100
6.18674	100
6.18758	100
6.18843	100
6.18927	101
6.19011	101
6.19096	101
6.1918	101
6.19264	101
6.19349	101
6.19433	101
6.19517	102
6.19602	102
6.19686	102
6.1977	102
6.19855	102
6.19939	102
6.20023	102
6.20108	102
6.20192	102
6.20276	102
6.20361	102
6.20445	102
6.20529	102
6.20614	102
6.20698	102
6.20782	102
6.20866	102
6.20951	102
6.21035	102
6.21119	102
6.21204	102
6.21288	102
6.21372	102
6.21457	102
6.21541	102
6.21625	102
6.2171	102
6.23914	105
6.23998	104
6.24083	104
6.24167	103
6.24251	103
6.24336	103
6.2442	103
6.24504	102
6.24589	102
6.24673	102
6.24757	102
6.24842	102
6.24926	102
6.2501	102
6.25094	101
6.25179	101
6.25263	101
6.25347	101
6.25432	101
6.25516	101
6.256	101
6.25685	101
6.25769	101
6.25853	101
6.25938	101
6.26022	101
6.26106	101
6.26191	101
6.26275	101
6.26359	101
6.26444	101
6.26528	101
6.26612	101
6.26697	101
6.26781	101
6.26865	101
6.2695	101
6.27034	101
6.27118	101
6.27202	101
6.27287	101
6.27371	101
6.27455	101
6.2754	101
6.27624	101
6.27708	101
6.27793	101
6.27877	101
6.27961	101
6.28046	101
6.2813	101
6.28214	101
6.28299	101
6.28383	101
6.28467	101
6.28552	101
6.28636	101
6.2872	101
6.28805	101
6.28889	101
6.28973	101
6.29058	101
6.29142	101
6.29226	101
6.2931	101
6.29395	101
6.29479	101
6.29563	101
6.29648	101
6.29732	101
6.29816	101
6.29901	102
6.29985	102
6.30069	102
6.30154	102
6.30238	102
6.30322	102
6.30407	102
6.30491	102
6.30575	102
6.3066	102
6.30744	102
6.30828	102
6.30913	102
6.30997	102
6.31081	102
6.31166	102
6.3125	102
6.31334	102
6.31418	102
6.31503	102
6.31587	102
6.31671	102
6.31756	102
6.3184	102
6.31924	102
6.34002	101
6.34087	101
6.34171	101
6.34255	101
6.3434	101
6.34424	101
6.34508	101
6.34592	101
6.34677	101
6.34761	101
6.34845	101
6.3493	101
6.35014	101
6.35098	100
6.35183	100
6.35267	100
6.35351	100
6.35436	100
6.3552	100
6.35604	100
6.35689	100
6.35773	100
6.35857	100
6.35942	100
6.36026	100
6.3611	100
6.36195	100
6.36279	100
6.36363	100
6.36448	100
6.36532	100
6.36616	100
6.367	100
6.36785	100
6.36869	100
6.36953	100
6.37038	100
6.37122	100
6.37206	100
6.37291	100
6.37375	100
6.37459	100
6.37544	100
6.37628	100
6.37712	100
6.37797	100
6.37881	100
6.37965	100
6.3805	100
6.38134	100
6.38218	100
6.38303	100
6.38387	100
6.38471	100
6.38556	100
6.3864	100
6.38724	100
6.38808	100
6.38893	100
6.38977	101
6.39061	101
6.39146	101
6.3923	101
6.39314	101
6.39399	101
6.39483	101
6.39567	101
6.39652	102
6.39736	102
6.3982	102
6.39905	102
6.39989	102
6.40073	102
6.40158	102
6.40242	102
6.40326	102
6.40411	102
6.40495	102
6.40579	102
6.40664	102
6.40748	102
6.40832	102
6.40916	102
6.41001	102
6.41085	102
6.41169	102
6.41254	102
6.41338	102
6.41422	102
6.41507	102
6.41591	102
6.41675	102
6.4176	102
6.41844	102
6.41928	102
6.42013	102
6.42097	102
6.44048	104
6.44133	104
6.44217	104
6.44301	103
6.44386	103
6.4447	103
6.44554	102
6.44639	102
6.44723	102
6.44807	102
6.44892	102
6.44976	102
6.4506	102
6.45145	101
6.45229	101
6.45313	101
6.45397	101
6.45482	101
6.45566	101
6.4565	101
6.45735	101
6.45819	101
6.45903	101
6.45988	101
6.46072	101
6.46156	101
6.46241	101
6.46325	101
6.46409	101
6.46494	101
6.46578	101
6.46662	101
6.46747	101
6.46831	101
6.46915	101
6.47	101
6.47084	101
6.47168	101
6.47253	101
6.47337	101
6.47421	101
6.47505	101
6.4759	101
6.47674	101
6.47758	101
6.47843	101
6.47927	101
6.48011	101
6.48096	101
6.4818	101
6.48264	101
6.48349	101
6.48433	101
6.48517	101
6.48602	101
6.48686	101
6.4877	101
6.48855	101
6.48939	101
6.49023	101
6.49108	101
6.49192	101
6.49276	101
6.49361	101
6.49445	101
6.49529	101
6.49613	101
6.49698	101
6.49782	101
6.49866	101
6.49951	101
6.50035	101
6.50119	101
6.50204	102
6.50288	102
6.50372	102
6.50457	102
6.50541	102
6.50625	102
6.5071	102
6.50794	102
6.50878	102
6.50963	102
6.51047	102
6.51131	102
6.51216	102
6.513	102
6.51384	102
6.51469	102
6.51553	102
6.51637	102
6.51721	102
6.51806	102
6.5189	102
6.51974	102
6.52059	102
6.52143	102
6.52227	102
6.52312	102
6.54137	102
6.54221	101
6.54305	101
6.5439	101
6.54474	101
6.54558	101
6.54643	101
6.54727	101
6.54811	101
6.54895	101
6.5498	101
6.55064	101
6.55148	101
6.55233	101
6.55317	101
6.55401	101
6.55486	101
6.5557	101
6.55654	101
6.55739	101
6.55823	101
6.55907	101
6.55992	100
6.56076	100
6.5616	100
6.56245	100
6.56329	100
6.56413	100
6.56498	100
6.56582	100
6.56666	100
6.56751	100
6.56835	100
6.56919	100
6.57003	100
6.57088	100
6.57172	100
6.57256	100
6.57341	100
6.57425	100
6.57509	100
6.57594	100
6.57678	100
6.57762	100
6.57847	100
6.57931	100
6.58015	100
6.581	100
6.58184	100
6.58268	100
6.58353	100
6.58437	100
6.58521	100
6.58606	100
6.5869	100
6.58774	100
6.58859	100
6.58943	100
6.59027	101
6.59111	101
6.59196	101
6.5928	101
6.59364	101
6.59449	101
6.59533	101
6.59617	102
6.59702	102
6.59786	102
6.5987	102
6.59955	102
6.60039	102
6.60123	102
6.60208	102
6.60292	102
6.60376	102
6.60461	102
6.60545	102
6.60629	102
6.60714	102
6.60798	102
6.60882	102
6.60967	102
6.61051	102
6.61135	102
6.61219	102
6.61304	102
6.61388	102
6.61472	102
6.61557	102
6.61641	102
6.61725	102
6.6181	102
6.61894	102
6.61978	102
6.62063	102
6.62147	102
6.62231	102
6.62316	102
6.624	102
6.62484	102
6.64183	104
6.64267	104
6.64351	103
6.64436	103
6.6452	103
6.64604	102
6.64689	102
6.64773	102
6.64857	102
6.64942	102
6.65026	102
6.6511	102
6.65195	101
6.65279	101
6.65363	101
6.65447	101
6.65532	101
6.65616	101
6.657	101
6.65785	101
6.65869	101
6.65953	101
6.66038	101
6.66122	101
6.66206	101
6.66291	101
6.66375	101
6.66459	101
6.66544	101
6.66628	101
6.66712	101
6.66797	101
6.66881	101
6.66965	101
6.6705	101
6.67134	101
6.67218	101
6.67303	101
6.67387	101
6.67471	101
6.67555	101
6.6764	101
6.67724	101
6.67808	101
6.67893	101
6.67977	101
6.68061	101
6.68146	101
6.6823	101
6.68314	101
6.68399	101
6.68483	101
6.68567	101
6.68652	101
6.68736	101
6.6882	101
6.68905	101
6.68989	101
6.69073	101
6.69158	101
6.69242	101
6.69326	101
6.69411	101
6.69495	101
6.69579	101
6.69663	101
6.69748	101
6.69832	101
6.69916	101
6.70001	102
6.70085	102
6.70169	102
6.70254	102
6.70338	102
6.70422	102
6.70507	102
6.70591	102
6.70675	102
6.7076	102
6.70844	102
6.70928	102
6.71013	102
6.71097	102
6.71181	102
6.71266	102
6.7135	102
6.71434	102
6.71519	102
6.71603	102
6.71687	102
6.71771	102
6.71856	102
6.7194	102
6.72024	102
6.72109	102
6.72193	102
6.72277	102
6.72362	102
6.72446	102
6.7253	102
6.72615	102
6.72699	102
6.74271	102
6.74355	101
6.7444	101
6.74524	101
6.74608	101
6.74693	101
6.74777	101
6.74861	101
6.74946	101
6.7503	101
6.75114	101
6.75198	101
6.75283	101
6.75367	101
6.75451	101
6.75536	101
6.7562	101
6.75704	101
6.75789	100
6.75873	100
6.75957	100
6.76042	100
6.76126	100
6.7621	100
6.76295	100
6.76379	100
6.76463	100
6.76548	100
6.76632	100
6.76716	100
6.76801	100
6.76885	100
6.76969	100
6.77054	100
6.77138	100
6.77222	100
6.77306	100
6.77391	100
6.77475	100
6.77559	100
6.77644	100
6.77728	100
6.77812	100
6.77897	100
6.77981	100
6.78065	100
6.7815	100
6.78234	100
6.78318	100
6.78403	100
6.78487	100
6.78571	100
6.78656	100
6.7874	100
6.78824	100
6.78909	100
6.78993	100
6.79077	101
6.79162	101
6.79246	101
6.7933	101
6.79414	101
6.79499	101
6.79583	101
6.79667	101
6.79752	102
6.79836	102
6.7992	102
6.80005	102
6.80089	102
6.80173	102
6.80258	102
6.80342	102
6.80426	102
6.80511	102
6.80595	102
6.80679	102
6.80764	102
6.80848	102
6.80932	102
6.81017	102
6.81101	102
6.81185	102
6.8127	102
6.81354	102
6.81438	102
6.81522	102
6.81607	102
6.81691	102
6.81775	102
6.8186	102
6.81944	102
6.82028	102
6.82113	102
6.82197	102
6.82281	102
6.82366	102
6.8245	102
6.82534	102
6.82619	102
6.82703	102
6.82787	102
6.82872	102
6.84317	104
6.84401	104
6.84486	103
6.8457	103
6.84654	103
6.84739	102
6.84823	102
6.84907	102
6.84992	102
6.85076	102
6.8516	102
6.85245	101
6.85329	101
6.85413	101
6.85498	101
6.85582	101
6.85666	101
6.8575	101
6.85835	101
6.85919	101
6.86003	101
6.86088	101
6.86172	101
6.86256	101
6.86341	101
6.86425	101
6.86509	101
6.86594	101
6.86678	101
6.86762	101
6.86847	101
6.86931	101
6.87015	101
6.871	101
6.87184	101
6.87268	101
6.87353	101
6.87437	101
6.87521	101
6.87606	101
6.8769	101
6.87774	101
6.87858	101
6.87943	101
6.88027	101
6.88111	101
6.88196	101
6.8828	101
6.88364	101
6.88449	101
6.88533	101
6.88617	101
6.88702	101
6.88786	101
6.8887	101
6.88955	101
6.89039	101
6.89123	101
6.89208	101
6.89292	101
6.89376	101
6.89461	101
6.89545	101
6.89629	101
6.89714	101
6.89798	101
6.89882	101
6.89966	101
6.90051	101
6.90135	101
6.90219	101
6.90304	102
6.90388	102
6.90472	102
6.90557	102
6.90641	102
6.90725	102
6.9081	102
6.90894	102
6.90978	102
6.91063	102
6.91147	102
6.91231	102
6.91316	102
6.914	102
6.91484	102
6.91569	102
6.91653	102
6.91737	102
6.91822	102
6.91906	102
6.9199	102
6.92074	102
6.92159	102
6.92243	102
6.92327	102
6.92412	102
6.92496	102
6.9258	102
6.92665	102
6.92749	102
6.92833	102
6.92918	102
6.93002	102
6.93086	102
6.94405	102
6.9449	101
6.94574	101
6.94658	101
6.94743	101
6.94827	101
6.94911	101
6.94996	101
6.9508	101
6.95164	101
6.95248	101
6.95333	101
6.95417	101
6.95501	101
6.95586	101
6.9567	101
6.95754	101
6.95839	101
6.95923	101
6.96007	101
6.96092	100
6.96176	100
6.9626	100
6.96345	100
6.96429	100
6.96513	100
6.96598	100
6.96682	100
6.96766	100
6.96851	100
6.96935	100
6.97019	100
6.97104	100
6.97188	100
6.97272	100
6.97356	100
6.97441	100
6.97525	100
6.97609	100
6.97694	100
6.97778	100
6.97862	100
6.97947	100
6.98031	100
6.98115	100
6.982	100
6.98284	100
6.98368	100
6.98453	100
6.98537	100
6.98621	100
6.98706	100
6.9879	100
6.98874	100
6.98959	100
6.99043	100
6.99127	101
6.99212	101
6.99296	101
6.9938	101
6.99464	101
6.99549	101
6.99633	101
6.99717	102
6.99802	102
6.99886	102
6.9997	102
7.00055	102
7.00139	102
7.00223	102
7.00308	102
7.00392	102
7.00476	102
7.00561	102
7.00645	102
7.00729	102
7.00814	102
7.00898	102
7.00982	102
7.01067	102
7.01151	102
7.01235	102
7.0132	102
7.01404	102
7.01488	102
7.01572	102
7.01657	102
7.01741	102
7.01825	102
7.0191	102
7.01994	102
7.02078	102
7.02163	102
7.02247	102
7.02331	102
7.02416	102
7.025	102
7.02584	102
7.02669	102
7.02753	102
7.02837	102
7.02922	102
7.03006	102
7.0309	102
7.03175	102
7.03259	102
7.04451	103
7.04536	103
7.0462	103
7.04704	103
7.04789	102
7.04873	102
7.04957	102
7.05042	102
7.05126	102
7.0521	102
7.05295	102
7.05379	101
7.05463	101
7.05548	101
7.05632	101
7.05716	101
7.05801	101
7.05885	101
7.05969	101
7.06053	101
7.06138	101
7.06222	101
7.06306	101
7.06391	101
7.06475	101
7.06559	101
7.06644	101
7.06728	101
7.06812	101
7.06897	101
7.06981	101
7.07065	101
7.0715	101
7.07234	101
7.07318	101
7.07403	101
7.07487	101
7.07571	101
7.07656	101
7.0774	101
7.07824	101
7.07909	101
7.07993	101
7.08077	101
7.08161	101
7.08246	101
7.0833	101
7.08414	101
7.08499	101
7.08583	101
7.08667	101
7.08752	101
7.08836	101
7.0892	101
7.09005	101
7.09089	101
7.09173	101
7.09258	101
7.09342	101
7.09426	101
7.09511	101
7.09595	101
7.09679	101
7.09764	101
7.09848	101
7.09932	101
7.10017	101
7.10101	102
7.10185	102
7.10269	102
7.10354	102
7.10438	102
7.10522	102
7.10607	102
7.10691	102
7.10775	102
7.1086	102
7.10944	102
7.11028	102
7.11113	102
7.11197	102
7.11281	102
7.11366	102
7.1145	102
7.11534	102
7.11619	102
7.11703	102
7.11787	102
7.11872	102
7.11956	102
7.1204	102
7.12125	102
7.12209	102
7.12293	102
7.12377	102
7.12462	102
7.12546	102
7.1263	102
7.12715	102
7.12799	102
7.12883	102
7.12968	102
7.13052	102
7.13136	102
7.13221	102
7.13305	102
7.13389	102
7.13474	102
7.1454	101
7.14624	101
7.14708	101
7.14793	101
7.14877	101
7.14961	101
7.15046	101
7.1513	101
7.15214	101
7.15299	101
7.15383	101
7.15467	101
7.15551	101
7.15636	101
7.1572	101
7.15804	101
7.15889	100
7.15973	100
7.16057	100
7.16142	100
7.16226	100
7.1631	100
7.16395	100
7.16479	100
7.16563	100
7.16648	100
7.16732	100
7.16816	100
7.16901	100
7.16985	100
7.17069	100
7.17154	100
7.17238	100
7.17322	100
7.17407	100
7.17491	100
7.17575	100
7.17659	100
7.17744	100
7.17828	100
7.17912	100
7.17997	100
7.18081	100
7.18165	100
7.1825	100
7.18334	100
7.18418	100
7.18503	100
7.18587	100
7.18671	100
7.18756	100
7.1884	100
7.18924	100
7.19009	100
7.19093	100
7.19177	101
7.19262	101
7.19346	101
7.1943	101
7.19515	101
7.19599	101
7.19683	101
7.19767	101
7.19852	102
7.19936	102
7.2002	102
7.20105	102
7.20189	102
7.20273	102
7.20358	102
7.20442	102
7.20526	102
7.20611	102
7.20695	102
7.20779	102
7.20864	102
7.20948	102
7.21032	102
7.21117	102
7.21201	102
7.21285	102
7.2137	102
7.21454	102
7.21538	102
7.21623	102
7.21707	102
7.21791	102
7.21875	102
7.2196	102
7.22044	102
7.22128	102
7.22213	102
7.22297	102
7.22381	102
7.22466	102
7.2255	102
7.22634	102
7.22719	102
7.22803	102
7.22887	102
7.22972	102
7.23056	102
7.2314	102
7.23225	102
7.23309	102
7.23393	102
7.23478	102
7.23562	102
7.23646	102
7.24586	103
7.2467	103
7.24754	102
7.24839	102
7.24923	102
7.25007	102
7.25092	102
7.25176	102
7.2526	102
7.25345	101
7.25429	101
7.25513	101
7.25598	101
7.25682	101
7.25766	101
7.25851	101
7.25935	101
7.26019	101
7.26103	101
7.26188	101
7.26272	101
7.26356	101
7.26441	101
7.26525	101
7.26609	101
7.26694	101
7.26778	101
7.26862	101
7.26947	101
7.27031	101
7.27115	101
7.272	101
7.27284	101
7.27368	101
7.27453	101
7.27537	101
7.27621	101
7.27706	101
7.2779	101
7.27874	101
7.27959	101
7.28043	101
7.28127	101
7.28211	101
7.28296	101
7.2838	101
7.28464	101
7.28549	101
7.28633	101
7.28717	101
7.28802	101
7.28886	101
7.2897	101
7.29055	101
7.29139	101
7.29223	101
7.29308	101
7.29392	101
7.29476	101
7.29561	101
7.29645	101
7.29729	101
7.29814	101
7.29898	101
7.29982	101
7.30067	101
7.30151	101
7.30235	101
7.30319	101
7.30404	102
7.30488	102
7.30572	102
7.30657	102
7.30741	102
7.30825	102
7.3091	102
7.30994	102
7.31078	102
7.31163	102
7.31247	102
7.31331	102
7.31416	102
7.315	102
7.31584	102
7.31669	102
7.31753	102
7.31837	102
7.31922	102
7.32006	102
7.3209	102
7.32175	102
7.32259	102
7.32343	102
7.32427	102
7.32512	102
7.32596	102
7.3268	102
7.32765	102
7.32849	102
7.32933	102
7.33018	102
7.33102	102
7.33186	102
7.33271	102
7.33355	102
7.33439	102
7.33524	102
7.33608	102
7.33692	102
7.33777	102
7.33861	102
7.34674	102
7.34758	101
7.34843	101
7.34927	101
7.35011	101
7.35096	101
7.3518	101
7.35264	101
7.35349	101
7.35433	101
7.35517	101
7.35602	101
7.35686	101
7.3577	101
7.35854	101
7.35939	101
7.36023	101
7.36107	101
7.36192	100
7.36276	100
7.3636	100
7.36445	100
7.36529	100
7.36613	100
7.36698	100
7.36782	100
7.36866	100
7.36951	100
7.37035	100
7.37119	100
7.37204	100
7.37288	100
7.37372	100
7.37457	100
7.37541	100
7.37625	100
7.3771	100
7.37794	100
7.37878	100
7.37962	100
7.38047	100
7.38131	100
7.38215	100
7.383	100
7.38384	100
7.38468	100
7.38553	100
7.38637	100
7.38721	100
7.38806	100
7.3889	100
7.38974	100
7.39059	100
7.39143	100
7.39227	101
7.39312	101
7.39396	101
7.3948	101
7.39565	101
7.39649	101
7.39733	101
7.39818	101
7.39902	101
7.39986	101
7.4007	101
7.40155	101
7.40239	101
7.40323	101
7.40408	101
7.40492	101
7.40576	101
7.40661	101
7.40745	101
7.40829	101
7.40914	101
7.40998	101
7.41082	101
7.41167	101
7.41251	101
7.41335	101
7.4142	101
7.41504	101
7.41588	101
7.41673	101
7.41757	101
7.41841	101
7.41926	101
7.4201	101
7.42094	101
7.42178	101
7.42263	101
7.42347	101
7.42431	101
7.42516	101
7.426	101
7.42684	101
7.42769	101
7.42853	101
7.42937	101
7.43022	101
7.43106	101
7.4319	101
7.43275	101
7.43359	101
7.43443	101
7.43528	101
7.43612	101
7.43696	101
7.43781	101
7.43865	101
7.43949	101
7.4472	102
7.44804	102
7.44889	102
7.44973	102
7.45057	102
7.45142	101
7.45226	101
7.4531	101
7.45395	101
7.45479	101
7.45563	101
7.45648	101
7.45732	101
7.45816	101
7.45901	101
7.45985	101
7.46069	101
7.46154	101
7.46238	101
7.46322	101
7.46406	101
7.46491	101
7.46575	101
7.46659	101
7.46744	101
7.46828	101
7.46912	101
7.46997	101
7.47081	101
7.47165	101
7.4725	101
7.47334	101
7.47418	101
7.47503	101
7.47587	101
7.47671	101
7.47756	101
7.4784	101
7.47924	101
7.48009	101
7.48093	101
7.48177	101
7.48262	101
7.48346	101
7.4843	101
7.48514	101
7.48599	101
7.48683	101
7.48767	101
7.48852	101
7.48936	101
7.4902	101
7.49105	101
7.49189	101
7.49273	101
7.49358	101
7.49442	101
7.49526	101
7.49611	101
7.49695	101
7.49779	101
7.49864	101
7.49948	101
7.50032	101
7.50117	101
7.50201	102
7.50285	102
7.5037	102
7.50454	102
7.50538	102
7.50622	102
7.50707	102
7.50791	102
7.50875	102
7.5096	102
7.51044	102
7.51128	102
7.51213	102
7.51297	102
7.51381	102
7.51466	102
7.5155	102
7.51634	102
7.51719	102
7.51803	102
7.51887	102
7.51972	102
7.52056	102
7.5214	102
7.52225	102
7.52309	102
7.52393	102
7.52478	102
7.52562	102
7.52646	102
7.5273	102
7.52815	102
7.52899	102
7.52983	102
7.53068	102
7.53152	102
7.53236	102
7.53321	102
7.53405	102
7.53489	102
7.53574	102
7.53658	102
7.53742	102
7.53827	102
7.53911	102
7.53995	102
7.5408	102
7.54164	102
7.54808	101
7.54893	101
7.54977	101
7.55061	101
7.55146	101
7.5523	101
7.55314	101
7.55399	101
7.55483	101
7.55567	101
7.55652	101
7.55736	101
7.5582	101
7.55904	101
7.55989	100
7.56073	100
7.56157	100
7.56242	100
7.56326	100
7.5641	100
7.56495	100
7.56579	100
7.56663	100
7.56748	100
7.56832	100
7.56916	100
7.57001	100
7.57085	100
7.57169	100
7.57254	100
7.57338	100
7.57422	100
7.57507	100
7.57591	100
7.57675	100
7.5776	100
7.57844	100
7.57928	100
7.58012	100
7.58097	100
7.58181	100
7.58265	100
7.5835	100
7.58434	100
7.58518	100
7.58603	100
7.58687	100
7.58771	100
7.58856	100
7.5894	100
7.59024	100
7.59109	100
7.59193	100
7.59277	101
7.59362	101
7.59446	101
7.5953	101
7.59615	101
7.59699	101
7.59783	101
7.59868	101
7.59952	102
7.60036	102
7.6012	102
7.60205	102
7.60289	102
7.60373	102
7.60458	102
7.60542	102
7.60626	102
7.60711	102
7.60795	102
7.60879	102
7.60964	102
7.61048	102
7.61132	102
7.61217	102
7.61301	102
7.61385	102
7.6147	102
7.61554	102
7.61638	102
7.61723	102
7.61807	102
7.61891	102
7.61976	102
7.6206	102
7.62144	102
7.62228	102
7.62313	102
7.62397	102
7.62481	102
7.62566	102
7.6265	102
7.62734	102
7.62819	102
7.62903	102
7.62987	102
7.63072	102
7.63156	102
7.6324	102
7.63325	102
7.63409	102
7.63493	102
7.63578	102
7.63662	102
7.63746	102
7.63831	102
7.63915	102
7.63999	102
7.64084	102
7.64168	102
7.64252	102
7.64336	102
7.64854	103
7.64939	102
7.65023	102
7.65107	102
7.65192	102
7.65276	102
7.6536	102
7.65445	101
7.65529	101
7.65613	101
7.65698	101
7.65782	101
7.65866	101
7.65951	101
7.66035	101
7.66119	101
7.66204	101
7.66288	101
7.66372	101
7.66457	101
7.66541	101
7.66625	101
7.66709	101
7.66794	101
7.66878	101
7.66962	101
7.67047	101
7.67131	101
7.67215	101
7.673	101
7.67384	101
7.67468	101
7.67553	101
7.67637	101
7.67721	101
7.67806	101
7.6789	101
7.67974	101
7.68059	101
7.68143	101
7.68227	101
7.68312	101
7.68396	101
7.6848	101
7.68565	101
7.68649	101
7.68733	101
7.68817	101
7.68902	101
7.68986	101
7.6907	101
7.69155	101
7.69239	101
7.69323	101
7.69408	101
7.69492	101
7.69576	101
7.69661	101
7.69745	101
7.69829	101
7.69914	101
7.69998	101
7.70082	101
7.70167	101
7.70251	101
7.70335	101
7.7042	101
7.70504	102
7.70588	102
7.70673	102
7.70757	102
7.70841	102
7.70925	102
7.7101	102
7.71094	102
7.71178	102
7.71263	102
7.71347	102
7.71431	102
7.71516	102
7.716	102
7.71684	102
7.71769	102
7.71853	102
7.71937	102
7.72022	102
7.72106	102
7.7219	102
7.72275	102
7.72359	102
7.72443	102
7.72528	102
7.72612	102
7.72696	102
7.72781	102
7.72865	102
7.72949	102
7.73033	102
7.73118	102
7.73202	102
7.73286	102
7.73371	102
7.73455	102
7.73539	102
7.73624	102
7.73708	102
7.73792	102
7.73877	102
7.73961	102
7.74045	102
7.7413	102
7.74214	102
7.74298	102
7.74383	102
7.74467	102
7.74551	102
7.74943	101
7.75027	101
7.75111	101
7.75196	101
7.7528	101
7.75364	101
7.75449	101
7.75533	101
7.75617	101
7.75702	101
7.75786	101
7.7587	101
7.75955	101
7.76039	101
7.76123	101
7.76207	101
7.76292	100
7.76376	100
7.7646	100
7.76545	100
7.76629	100
7.76713	100
7.76798	100
7.76882	100
7.76966	100
7.77051	100
7.77135	100
7.77219	100
7.77304	100
7.77388	100
7.77472	100
7.77557	100
7.77641	100
7.77725	100
7.7781	100
7.77894	100
7.77978	100
7.78063	100
7.78147	100
7.78231	100
7.78315	100
7.784	100
7.78484	100
7.78568	100
7.78653	100
7.78737	100
7.78821	100
7.78906	100
7.7899	100
7.79074	100
7.79159	100
7.79243	100
7.79327	101
7.79412	101
7.79496	101
7.7958	101
7.79665	101
7.79749	101
7.79833	101
7.79918	101
7.80002	101
7.80086	101
7.80171	101
7.80255	101
7.80339	101
7.80423	101
7.80508	101
7.80592	101
7.80676	101
7.80761	101
7.80845	101
7.80929	101
7.81014	101
7.81098	101
7.81182	101
7.81267	101
7.81351	101
7.81435	101
7.8152	101
7.81604	101
7.81688	101
7.81773	101
7.81857	101
7.81941	101
7.82026	101
7.8211	101
7.82194	101
7.82279	101
7.82363	101
7.82447	101
7.82531	101
7.82616	101
7.827	101
7.82784	101
7.82869	101
7.82953	101
7.83037	101
7.83122	101
7.83206	101
7.8329	101
7.83375	101
7.83459	101
7.83543	101
7.83628	101
7.83712	101
7.83796	101
7.83881	101
7.83965	101
7.84049	101
7.84134	101
7.84218	101
7.84302	101
7.84387	101
7.84471	101
7.84555	101
7.84639	101
7.84989	102
7.85073	101
7.85157	101
7.85242	101
7.85326	101
7.8541	101
7.85495	101
7.85579	101
7.85663	101
7.85748	101
7.85832	101
7.85916	101
7.86001	101
7.86085	101
7.86169	101
7.86254	101
7.86338	101
7.86422	101
7.86507	101
7.86591	101
7.86675	101
7.86759	101
7.86844	101
7.86928	101
7.87012	101
7.87097	101
7.87181	101
7.87265	101
7.8735	101
7.87434	101
7.87518	101
7.87603	101
7.87687	101
7.87771	101
7.87856	101
7.8794	101
7.88024	101
7.88109	101
7.88193	101
7.88277	101
7.88362	101
7.88446	101
7.8853	101
7.88615	101
7.88699	101
7.88783	101
7.88867	101
7.88952	101
7.89036	101
7.8912	101
7.89205	101
7.89289	101
7.89373	101
7.89458	101
7.89542	101
7.89626	101
7.89711	101
7.89795	101
7.89879	101
7.89964	101
7.90048	101
7.90132	101
7.90217	101
7.90301	102
7.90385	102
7.9047	102
7.90554	102
7.90638	102
7.90723	102
7.90807	102
7.90891	102
7.90975	102
7.9106	102
7.91144	102
7.91228	102
7.91313	102
7.91397	102
7.91481	102
7.91566	102
7.9165	102
7.91734	102
7.91819	102
7.91903	102
7.91987	102
7.92072	102
7.92156	102
7.9224	102
7.92325	102
7.92409	102
7.92493	102
7.92578	102
7.92662	102
7.92746	102
7.92831	102
7.92915	102
7.92999	102
7.93083	102
7.93168	102
7.93252	102
7.93336	102
7.93421	102
7.93505	102
7.93589	102
7.93674	102
7.93758	102
7.93842	102
7.93927	102
7.94011	102
7.94095	102
7.9418	102
7.94264	102
7.94348	102
7.94433	102
7.94517	102
7.94601	102
7.94686	102
7.9477	102
7.94854	102
7.95077	101
7.95161	101
7.95246	101
7.9533	101
7.95414	101
7.95499	101
7.95583	101
7.95667	101
7.95752	101
7.95836	101
7.9592	101
7.96005	101
7.96089	101
7.96173	101
7.96258	101
7.96342	101
7.96426	101
7.9651	101
7.96595	100
7.96679	100
7.96763	100
7.96848	100
7.96932	100
7.97016	100
7.97101	100
7.97185	100
7.97269	100
7.97354	100
7.97438	100
7.97522	100
7.97607	100
7.97691	100
7.97775	100
7.9786	100
7.97944	100
7.98028	100
7.98113	100
7.98197	100
7.98281	100
7.98366	100
7.9845	100
7.98534	100
7.98618	100
7.98703	100
7.98787	100
7.98871	100
7.98956	100
7.9904	100
7.99124	100
7.99209	100
7.99293	100
7.99377	101
7.99462	101
7.99546	101
7.9963	101
7.99715	101
7.99799	101
7.99883	101
7.99968	101
8.00052	102
8.00136	102
8.00221	102
8.00305	102
8.00389	102
8.00474	102
8.00558	102
8.00642	102
8.00726	102
8.00811	102
8.00895	102
8.00979	102
8.01064	102
8.01148	102
8.01232	102
8.01317	102
8.01401	102
8.01485	102
8.0157	102
8.01654	102
8.01738	102
8.01823	102
8.01907	102
8.01991	102
8.02076	102
8.0216	102
8.02244	102
8.02329	102
8.02413	102
8.02497	102
8.02582	102
8.02666	102
8.0275	102
8.02834	102
8.02919	102
8.03003	102
8.03087	102
8.03172	102
8.03256	102
8.0334	102
8.03425	102
8.03509	102
8.03593	102
8.03678	102
8.03762	102
8.03846	102
8.03931	102
8.04015	102
8.04099	102
8.04184	102
8.04268	102
8.04352	102
8.04437	102
8.04521	102
8.04605	102
8.0469	102
8.04774	102
8.04858	102
8.04942	102
8.05027	102
8.05123	102
8.05207	102
8.05292	102
8.05376	102
8.0546	102
8.05545	101
8.05629	101
8.05713	101
8.05798	101
8.05882	101
8.05966	101
8.06051	101
8.06135	101
8.06219	101
8.06304	101
8.06388	101
8.06472	101
8.06557	101
8.06641	101
8.06725	101
8.0681	101
8.06894	101
8.06978	101
8.07062	101
8.07147	101
8.07231	101
8.07315	101
8.074	101
8.07484	101
8.07568	101
8.07653	101
8.07737	101
8.07821	101
8.07906	101
8.0799	101
8.08074	101
8.08159	101
8.08243	101
8.08327	101
8.08412	101
8.08496	101
8.0858	101
8.08665	101
8.08749	101
8.08833	101
8.08918	101
8.09002	101
8.09086	101
8.0917	101
8.09255	101
8.09339	101
8.09423	101
8.09508	101
8.09592	101
8.09676	101
8.09761	101
8.09845	101
8.09929	101
8.10014	101
8.10098	101
8.10182	101
8.10267	101
8.10351	101
8.10435	101
8.1052	101
8.10604	102
8.10688	102
8.10773	102
8.10857	102
8.10941	102
8.11026	102
8.1111	102
8.11194	102
8.11278	102
8.11363	102
8.11447	102
8.11531	102
8.11616	102
8.117	102
8.11784	102
8.11869	102
8.11953	102
8.12037	102
8.12122	102
8.12206	102
8.1229	102
8.12375	102
8.12459	102
8.12543	102
8.12628	102
8.12712	102
8.12796	102
8.12881	102
8.12965	102
8.13049	102
8.13134	102
8.13218	102
8.13302	102
8.13386	102
8.13471	102
8.13555	102
8.13639	102
8.13724	102
8.13808	102
8.13892	102
8.13977	102
8.14061	102
8.14145	102
8.1423	102
8.14314	102
8.14398	102
8.14483	102
8.14567	102
8.14651	102
8.14736	102
8.1482	102
8.14904	102
8.14989	102
8.15073	102
8.15157	102
8.15242	102
8.15326	102
8.1541	102
8.15494	102
8.15579	102
8.15663	102
8.15747	102
8.15832	102
8.15916	102
8.16	102
8.16085	102
8.16169	102
8.16253	102
8.16338	102
8.16422	102
8.16506	102
8.16591	102
8.16675	102
8.16759	102
8.16844	102
8.16928	102
8.17012	102
8.17097	102
8.17181	102
8.17265	102
8.1735	102
8.17434	102
8.17518	102
8.17602	102
8.17687	102
8.17771	102
8.17855	102
8.1794	102
8.18024	102
8.18108	102
8.18193	102
8.18277	102
8.18361	102
8.18446	102
8.1853	102
8.18614	102
8.18699	102
8.18783	102
8.18867	102
8.18952	102
8.19036	102
8.1912	102
8.19205	102
8.19289	102
8.19373	102
8.19458	102
8.19542	102
8.19626	102
8.1971	102
8.19795	102
8.19879	102
8.19963	102
8.20048	102
8.20132	102
8.20216	102
8.20301	102
8.20385	102
8.20469	102
8.20554	102
8.20638	102
8.20722	102
8.20807	102
8.20891	102
8.20975	102
8.2106	102
8.21144	102
8.21228	102
8.21313	102
8.21397	102
8.21481	102
8.21566	102
8.2165	102
8.21734	102
8.21818	102
8.21903	102
8.21987	102
8.22071	102
8.22156	102
8.2224	102
8.22324	102
8.22409	102
8.22493	102
8.22577	102
8.22662	102
8.22746	102
8.2283	102
8.22915	102
8.22999	102
8.23083	102
8.23168	102
8.23252	102
8.23336	102
8.23421	102
8.23505	102
8.23589	102
8.23674	102
8.23758	102
8.23842	102
8.23926	102
8.24011	102
8.24095	102
8.24179	102
8.24264	102
8.24348	102
8.24432	102
8.24517	102
8.24601	102
8.24685	102
8.2477	102
8.24854	102
8.24938	102
8.25023	102
8.25107	102
8.25191	102
8.25276	102
8.2536	102
8.25444	102
8.25529	102
8.25613	102
8.25697	102
8.25782	102
8.25866	102
8.2595	102
8.26034	102
8.26119	102
8.26203	102
8.26287	102
8.26372	102
8.26456	102
8.2654	102
8.26625	102
8.26709	102
8.26793	102
8.26878	102
8.26962	102
8.27046	102
8.27131	102
8.27215	102
8.27299	102
8.27384	102
8.27468	102
8.27552	102
8.27637	102
8.27721	102
8.27805	102
8.2789	102
8.27974	102
8.28058	102
8.28142	102
8.28227	102
8.28311	102
8.28395	102
8.2848	102
8.28564	102
8.28648	102
8.28733	102
8.28817	102
8.28901	102
8.28986	102
8.2907	102
8.29154	102
8.29239	102
8.29323	102
8.29407	102
8.29492	102
8.29576	102
8.2966	102
8.29745	102
8.29829	102
8.29913	102
8.29998	102
8.30082	102
8.30166	102
8.3025	102
8.30335	102
8.30419	102
8.30503	102
8.30588	102
8.30672	102
8.30756	102
8.30841	102
8.30925	102
8.31009	102
8.31094	102
8.31178	102
8.31262	102
8.31347	102
8.31431	102
8.31515	102
8.316	102
8.31684	102
8.31768	102
8.31853	102
8.31937	102
8.32021	102
8.32106	102
8.3219	102
8.32274	102
8.32358	102
8.32443	102
8.32527	102
8.32611	102
8.32696	102
8.3278	102
8.32864	102
8.32949	102
8.33033	102
8.33117	102
8.33202	102
8.33286	102
8.3337	102
8.33455	102
8.33539	102
8.33623	102
8.33708	102
8.33792	102
8.33876	102
8.33961	102
8.34045	102
8.34129	102
8.34214	102
8.34298	102
8.34382	102
8.34466	102
8.34551	102
8.34635	102
8.34719	102
8.34804	102
8.34888	102
8.34972	102
8.35057	102
8.35141	102
8.35225	102
8.3531	102
8.35394	102
8.35478	102
8.35563	102
8.35647	102
8.35731	102
8.35816	102
8.359	102
8.35984	102
8.36069	102
8.36153	102
8.36237	102
8.36322	102
8.36406	102
8.3649	102
8.36574	102
8.36659	102
8.36743	102
8.36827	102
8.36912	102
8.36996	102
8.3708	102
8.37165	102
8.37249	102
8.37333	102
8.37418	102
8.37502	102
8.37586	102
8.37671	102
8.37755	102
8.37839	102
8.37924	102
8.38008	102
8.38092	102
8.38177	102
8.38261	102
8.38345	102
8.3843	102
8.38514	102
8.38598	102
8.38682	102
8.38767	102
8.38851	102
8.38935	102
8.3902	102
8.39104	102
8.39188	102
8.39273	102
8.39357	102
8.39441	102
8.39526	102
8.3961	102
8.39694	102
8.39779	102
8.39863	102
8.39947	102
8.40032	102
8.40116	102
8.402	102
8.40285	102
8.40369	102
8.40453	102
8.40538	102
8.40622	102
8.40706	102
8.4079	102
8.40875	102
8.40959	102
8.41043	102
8.41128	102
8.41212	102
8.41296	102
8.41381	102
8.41465	102
8.41549	102
8.41634	102
8.41718	102
8.41802	102
8.41887	102
8.41971	102
8.42055	102
8.4214	102
8.42224	102
8.42308	102
8.42393	102
8.42477	102
8.42561	102
8.42646	102
8.4273	102
8.42814	102
8.42898	102
8.42983	102
8.43067	102
8.43151	102
8.43236	102
8.4332	102
8.43404	102
8.43489	102
8.43573	102
8.43657	102
8.43742	102
8.43826	102
8.4391	102
8.43995	102
8.44079	102
8.44163	102
8.44248	102
8.44332	102
8.44416	102
8.44501	102
8.44585	102
8.44669	102
8.44754	102
8.44838	102
8.44922	102
8.45006	102
8.45091	102
8.45175	102
8.45259	102
8.45344	102
8.45428	102
8.45512	102
8.45597	102
8.45681	102
8.45765	102
8.4585	102
8.45934	102
8.46018	102
8.46103	102
8.46187	102
8.46271	102
8.46356	102
8.4644	102
8.46524	102
8.46609	102
8.46693	102
8.46777	102
8.46862	102
8.46946	102
8.4703	102
8.47114	102
8.47199	102
8.47283	102
8.47367	102
8.47452	102
8.47536	102
8.4762	102
8.47705	102
8.47789	102
8.47873	102
8.47958	102
8.48042	102
8.48126	102
8.48211	102
8.48295	102
8.48379	102
8.48464	102
8.48548	102
8.48632	102
8.48717	102
8.48801	102
8.48885	102
8.4897	102
8.49054	102
8.49138	102
8.49222	102
8.49307	102
8.49391	102
8.49475	102
8.4956	102
8.49644	102
8.49728	102
8.49813	102
8.49909	102
8.49993	101
8.50078	101
8.50162	101
8.50246	101
8.50331	101
8.50415	101
8.50499	101
8.50584	101
8.50668	101
8.50752	101
8.50837	101
8.50921	101
8.51005	101
8.5109	101
8.51174	101
8.51258	101
8.51342	101
8.51427	101
8.51511	101
8.51595	101
8.5168	101
8.51764	101
8.51848	101
8.51933	101
8.52017	101
8.52101	101
8.52186	101
8.5227	101
8.52354	101
8.52439	101
8.52523	101
8.52607	101
8.52692	101
8.52776	101
8.5286	101
8.52945	101
8.53029	101
8.53113	101
8.53198	101
8.53282	101
8.53366	101
8.5345	101
8.53535	101
8.53619	101
8.53703	101
8.53788	101
8.53872	101
8.53956	101
8.54041	101
8.54125	101
8.54209	101
8.54294	101
8.54378	101
8.54462	101
8.54547	101
8.54631	101
8.54715	101
8.548	101
8.54884	101
8.54968	101
8.55053	101
8.55137	101
8.55221	101
8.55306	101
8.5539	101
8.55474	101
8.55558	101
8.55643	101
8.55727	101
8.55811	101
8.55896	101
8.5598	101
8.56064	101
8.56149	101
8.56233	101
8.56317	101
8.56402	101
8.56486	101
8.5657	101
8.56655	101
8.56739	101
8.56823	101
8.56908	101
8.56992	101
8.57076	101
8.57161	101
8.57245	101
8.57329	101
8.57414	101
8.57498	101
8.57582	101
8.57666	101
8.57751	101
8.57835	101
8.57919	101
8.58004	101
8.58088	101
8.58172	101
8.58257	101
8.58341	101
8.58425	101
8.5851	101
8.58594	101
8.58678	101
8.58763	101
8.58847	101
8.58931	101
8.59016	101
8.591	101
8.59184	101
8.59269	101
8.59353	101
8.59437	101
8.59522	101
8.59606	101
8.5969	101
8.59774	101
8.59859	101
8.59997	101
8.60082	101
8.60166	101
8.6025	101
8.60335	101
8.60419	101
8.60503	101
8.60588	101
8.60672	101
8.60756	101
8.60841	101
8.60925	101
8.61009	101
8.61093	100
8.61178	100
8.61262	100
8.61346	100
8.61431	100
8.61515	100
8.61599	100
8.61684	100
8.61768	100
8.61852	100
8.61937	100
8.62021	100
8.62105	100
8.6219	100
8.62274	100
8.62358	100
8.62443	100
8.62527	100
8.62611	100
8.62696	100
8.6278	100
8.62864	100
8.62949	100
8.63033	100
8.63117	100
8.63201	100
8.63286	100
8.6337	100
8.63454	100
8.63539	100
8.63623	100
8.63707	100
8.63792	100
8.63876	100
8.6396	100
8.64045	100
8.64129	100
8.64213	100
8.64298	100
8.64382	100
8.64466	100
8.64551	100
8.64635	100
8.64719	100
8.64804	100
8.64888	100
8.64972	100
8.65057	100
8.65141	100
8.65225	100
8.65309	100
8.65394	100
8.65478	100
8.65562	100
8.65647	100
8.65731	100
8.65815	100
8.659	100
8.65984	100
8.66068	100
8.66153	100
8.66237	100
8.66321	100
8.66406	100
8.6649	100
8.66574	100
8.66659	100
8.66743	100
8.66827	100
8.66912	100
8.66996	100
8.6708	100
8.67165	100
8.67249	100
8.67333	100
8.67417	100
8.67502	100
8.67586	100
8.6767	100
8.67755	100
8.67839	100
8.67923	100
8.68008	100
8.68092	100
8.68176	100
8.68261	100
8.68345	100
8.68429	100
8.68514	100
8.68598	100
8.68682	100
8.68767	100
8.68851	100
8.68935	100
8.6902	100
8.69104	100
8.69188	100
8.69273	100
8.69357	100
8.69441	100
8.69525	100
8.6961	100
8.69694	100
8.69778	100
8.69863	100
8.69947	100
8.70043	101
8.70128	101
8.70212	101
8.70296	101
8.70381	101
8.70465	101
8.70549	101
8.70634	101
8.70718	101
8.70802	101
8.70887	101
8.70971	101
8.71055	101
8.7114	101
8.71224	101
8.71308	101
8.71393	101
8.71477	101
8.71561	101
8.71645	101
8.7173	101
8.71814	101
8.71898	101
8.71983	101
8.72067	101
8.72151	101
8.72236	101
8.7232	101
8.72404	101
8.72489	101
8.72573	101
8.72657	101
8.72742	101
8.72826	101
8.7291	101
8.72995	101
8.73079	101
8.73163	101
8.73248	101
8.73332	101
8.73416	101
8.73501	101
8.73585	101
8.73669	101
8.73753	101
8.73838	101
8.73922	101
8.74006	101
8.74091	101
8.74175	101
8.74259	101
8.74344	101
8.74428	101
8.74512	101
8.74597	101
8.74681	101
8.74765	101
8.7485	101
8.74934	101
8.75018	101
8.75103	101
8.75187	101
8.75271	101
8.75356	101
8.7544	101
8.75524	101
8.75609	101
8.75693	101
8.75777	101
8.75861	101
8.75946	101
8.7603	101
8.76114	101
8.76199	101
8.76283	101
8.76367	101
8.76452	101
8.76536	101
8.7662	101
8.76705	101
8.76789	101
8.76873	101
8.76958	101
8.77042	101
8.77126	101
8.77211	101
8.77295	101
8.77379	101
8.77464	101
8.77548	101
8.77632	101
8.77717	101
8.77801	101
8.77885	101
8.77969	101
8.78054	101
8.78138	101
8.78222	101
8.78307	101
8.78391	101
8.78475	101
8.7856	101
8.78644	101
8.78728	101
8.78813	101
8.78897	101
8.78981	101
8.79066	101
8.7915	101
8.79234	101
8.79319	101
8.79403	101
8.79487	101
8.79572	101
8.79656	101
8.7974	101
8.79825	101
8.79909	101
8.79993	101
8.80077	101
8.80162	101
8.80246	101
8.8033	101
8.80415	101
8.80499	101
8.80583	101
8.80668	101
8.80752	101
8.80836	101
8.80921	101
8.81005	101
8.81089	101
8.81174	101
8.81258	101
8.81342	101
8.81427	101
8.81511	101
8.81595	101
8.8168	101
8.81764	101
8.81848	101
8.81933	101
8.82017	101
8.82101	102
8.82185	102
8.8227	102
8.82354	102
8.82438	102
8.82523	102
8.82607	102
8.82691	102
8.82776	102
8.8286	102
8.82944	102
8.83029	102
8.83113	102
8.83197	102
8.83282	102
8.83366	102
8.8345	102
8.83535	102
8.83619	102
8.83703	102
8.83788	102
8.83872	102
8.83956	102
8.84041	102
8.84125	102
8.84209	102
8.84293	102
8.84378	102
8.84462	102
8.84546	102
8.84631	102
8.84715	102
8.84799	102
8.84884	102
8.84968	102
8.85052	102
8.85137	102
8.85221	102
8.85305	102
8.8539	102
8.85474	102
8.85558	102
8.85643	102
8.85727	102
8.85811	102
8.85896	102
8.8598	102
8.86064	102
8.86149	102
8.86233	102
8.86317	102
8.86401	102
8.86486	102
8.8657	102
8.86654	102
8.86739	102
8.86823	102
8.86907	102
8.86992	102
8.87076	102
8.8716	102
8.87245	102
8.87329	102
8.87413	102
8.87498	102
8.87582	102
8.87666	102
8.87751	102
8.87835	102
8.87919	102
8.88004	102
8.88088	102
8.88172	102
8.88257	102
8.88341	102
8.88425	102
8.88509	102
8.88594	102
8.88678	102
8.88762	102
8.88847	102
8.88931	102
8.89015	102
8.891	102
8.89184	102
8.89268	102
8.89353	102
8.89437	102
8.89521	102
8.89606	102
8.8969	102
8.89774	102
8.89859	102
8.89943	102
8.90027	102
8.90112	102
8.90196	102
8.9028	102
8.90365	102
8.90449	102
8.90533	102
8.90617	102
8.90702	102
8.90786	102
8.9087	102
8.90955	102
8.91039	102
8.91123	102
8.91208	102
8.91292	102
8.91376	102
8.91461	102
8.91545	102
8.91629	102
8.91714	102
8.91798	102
8.91882	102
8.91967	102
8.92051	102
8.92135	102
8.9222	102
8.92304	102
8.92388	102
8.92473	102
8.92557	102
8.92641	102
8.92725	102
8.9281	102
8.92894	102
8.92978	102
8.93063	102
8.93147	102
8.93231	102
8.93316	102
8.934	102
8.93484	102
8.93569	102
8.93653	102
8.93737	102
8.93822	102
8.93906	102
8.9399	102
8.94075	102
8.94159	102
8.94243	102
8.94328	102
8.94412	102
8.94496	102
8.94581	102
8.94665	102
8.94749	102
8.94833	102
8.94918	102
8.95002	102
8.95086	102
8.95171	102
8.95255	102
8.95339	102
8.95424	102
8.95508	102
8.95592	102
8.95677	102
8.95761	102
8.95845	102
8.9593	102
8.96014	102
8.96098	102
8.96183	102
8.96267	102
8.96351	102
8.96436	102
8.9652	102
8.96604	102
8.96689	102
8.96773	102
8.96857	102
8.96941	102
8.97026	102
8.9711	102
8.97194	102
8.97279	102
8.97363	102
8.97447	102
8.97532	102
8.97616	102
8.977	102
8.97785	102
8.97869	102
8.97953	102
8.98038	102
8.98122	102
8.98206	102
8.98291	102
8.98375	102
8.98459	102
8.98544	102
8.98628	102
8.98712	102
8.98797	102
8.98881	102
8.98965	102
8.99049	102
8.99134	102
8.99218	102
8.99302	102
8.99387	102
8.99471	102
8.99555	102
8.9964	102
8.99724	102
8.99808	102
8.99893	102
8.99977	102
9.00061	102
9.00146	102
9.0023	102
9.00314	102
9.00399	102
9.00483	102
9.00567	102
9.00652	102
9.00736	102
9.0082	102
9.00905	102
9.00989	102
9.01073	102
9.01157	102
9.01242	102
9.01326	102
9.0141	102
9.01495	102
9.01579	102
9.01663	102
9.01748	102
9.01832	102
9.01916	102
9.02001	102
9.02085	102
9.02169	102
9.02254	102
9.02338	102
9.02422	102
9.02507	102
9.02591	102
9.02675	102
9.0276	102
9.02844	102
9.02928	102
9.03013	102
9.03097	102
9.03181	102
9.03265	102
9.0335	102
9.03434	102
9.03518	102
9.03603	102
9.03687	102
9.03771	102
9.03856	102
9.0394	102
9.04024	102
9.04109	102
9.04193	102
9.04277	102
9.04362	102
9.04446	102
9.0453	102
9.04615	102
9.04699	102
9.04783	102
9.04868	102
9.04952	102
9.05036	102
9.05121	102
9.05205	102
9.05289	102
9.05373	102
9.05458	102
9.05542	102
9.05626	102
9.05711	102
9.05795	102
9.05879	102
9.05964	102
9.06048	102
9.06132	102
9.06217	102
9.06301	102
9.06385	102
9.0647	102
9.06554	102
9.06638	102
9.06723	102
9.06807	102
9.06891	102
9.06976	102
9.0706	102
9.07144	102
9.07229	102
9.07313	102
9.07397	102
9.07481	102
9.07566	102
9.0765	102
9.07734	102
9.07819	102
9.07903	102
9.07987	102
9.08072	102
9.08156	102
9.0824	102
9.08325	102
9.08409	102
9.08493	102
9.08578	102
9.08662	102
9.08746	102
9.08831	102
9.08915	102
9.08999	102
9.09084	102
9.09168	102
9.09252	102
9.09337	102
9.09421	102
9.09505	102
9.09589	102
9.09674	102
9.09758	102
9.09842	102
9.09927	102
9.10011	102
9.10095	102
9.1018	102
9.10264	102
9.10348	102
9.10433	102
9.10517	102
9.10601	102
9.10686	102
9.1077	102
9.10854	102
9.10939	102
9.11023	102
9.11107	102
9.11192	102
9.11276	102
9.1136	102
9.11445	102
9.11529	102
9.11613	102
9.11697	102
9.11782	102
9.11866	102
9.1195	102
9.12035	102
9.12119	102
9.12203	102
9.12288	102
9.12372	102
9.12456	102
9.12541	102
9.12625	102
9.12709	102
9.12794	102
9.12878	102
9.12962	102
9.13047	102
9.13131	102
9.13215	102
9.133	102
9.13384	102
9.13468	102
9.13553	102
9.13637	102
9.13721	102
9.13805	102
9.1389	102
9.13974	102
9.14058	102
9.14143	102
9.14227	102
9.14311	102
9.14396	102
9.1448	102
9.14564	102
9.14649	102
9.14733	102
9.14817	102
9.14902	102
9.14986	102
9.1507	102
9.15155	102
9.15239	102
9.15323	102
9.15408	102
9.15492	102
9.15576	102
9.15661	102
9.15745	102
9.15829	102
9.15913	102
9.15998	102
9.16082	102
9.16166	102
9.16251	102
9.16335	102
9.16419	102
9.16504	102
9.16588	102
9.16672	102
9.16757	102
9.16841	102
9.16925	102
9.1701	102
9.17094	102
9.17178	102
9.17263	102
9.17347	102
9.17431	102
9.17516	102
9.176	102
9.17684	102
9.17769	102
9.17853	102
9.17937	102
9.18021	102
9.18106	102
9.1819	102
9.18274	102
9.18359	102
9.18443	102
9.18527	102
9.18612	102
9.18696	102
9.1878	102
9.18865	102
9.18949	102
9.19033	102
9.19118	102
9.19202	102
9.19286	102
9.19371	102
9.19455	102
9.19539	102
9.19624	102
9.19708	102
9.19792	102
9.19877	102
9.19961	102
9.20045	102
9.20129	102
9.20214	102
9.20298	102
9.20382	102
9.20467	102
9.20551	102
9.20647	101
9.20732	101
9.20816	101
9.209	101
9.20985	101
9.21069	101
9.21153	101
9.21238	101
9.21322	101
9.21406	101
9.21491	101
9.21575	101
9.21659	101
9.21744	101
9.21828	101
9.21912	101
9.21997	101
9.22081	101
9.22165	101
9.22249	101
9.22334	101
9.22418	101
9.22502	101
9.22587	101
9.22671	101
9.22755	101
9.2284	101
9.22924	101
9.23008	101
9.23093	101
9.23177	101
9.23261	101
9.23346	101
9.2343	101
9.23514	101
9.23599	101
9.23683	101
9.23767	101
9.23852	101
9.23936	101
9.2402	101
9.24105	101
9.24189	101
9.24273	101
9.24357	101
9.24442	101
9.24526	101
9.2461	101
9.24695	101
9.24779	101
9.24863	101
9.24948	101
9.25032	101
9.25116	101
9.25201	101
9.25285	101
9.25369	101
9.25454	101
9.25538	101
9.25622	101
9.25707	101
9.25791	101
9.25875	101
9.2596	101
9.26044	101
9.26128	101
9.26213	101
9.26297	101
9.26381	101
9.26465	101
9.2655	101
9.26634	101
9.26718	101
9.26803	101
9.26887	101
9.26971	101
9.27056	101
9.2714	101
9.27224	101
9.27309	101
9.27393	101
9.27477	101
9.27562	101
9.27646	101
9.2773	101
9.27815	101
9.27899	101
9.27983	101
9.28068	101
9.28152	101
9.28236	101
9.28321	101
9.28405	101
9.28489	101
9.28573	101
9.28658	101
9.28742	101
9.28826	101
9.28911	101
9.28995	101
9.29079	101
9.29164	101
9.29248	101
9.29332	101
9.29417	101
9.29501	101
9.29585	101
9.2967	101
9.29754	101
9.29838	101
9.29923	101
9.30007	101
9.30091	101
9.30176	101
9.3026	101
9.30344	101
9.30429	101
9.30513	101
9.30597	101
9.30736	101
9.3082	101
9.30904	101
9.30989	101
9.31073	101
9.31157	101
9.31242	101
9.31326	101
9.3141	101
9.31495	100
9.31579	100
9.31663	100
9.31748	100
9.31832	100
9.31916	100
9.32	100
9.32085	100
9.32169	100
9.32253	100
9.32338	100
9.32422	100
9.32506	100
9.32591	100
9.32675	100
9.32759	100
9.32844	100
9.32928	100
9.33012	100
9.33097	100
9.33181	100
9.33265	100
9.3335	100
9.33434	100
9.33518	100
9.33603	100
9.33687	100
9.33771	100
9.33856	100
9.3394	100
9.34024	100
9.34108	100
9.34193	100
9.34277	100
9.34361	100
9.34446	100
9.3453	100
9.34614	100
9.34699	100
9.34783	100
9.34867	100
9.34952	100
9.35036	100
9.3512	100
9.35205	100
9.35289	100
9.35373	100
9.35458	100
9.35542	100
9.35626	100
9.35711	100
9.35795	100
9.35879	100
9.35964	100
9.36048	100
9.36132	100
9.36216	100
9.36301	100
9.36385	100
9.36469	100
9.36554	100
9.36638	100
9.36722	100
9.36807	100
9.36891	100
9.36975	100
9.3706	100
9.37144	100
9.37228	100
9.37313	100
9.37397	100
9.37481	100
9.37566	100
9.3765	100
9.37734	100
9.37819	100
9.37903	100
9.37987	100
9.38072	100
9.38156	100
9.3824	100
9.38324	100
9.38409	100
9.38493	100
9.38577	100
9.38662	100
9.38746	100
9.3883	100
9.38915	100
9.38999	100
9.39083	100
9.39168	100
9.39252	100
9.39336	100
9.39421	100
9.39505	100
9.39589	100
9.39674	100
9.39758	100
9.39842	100
9.39927	100
9.40011	100
9.40095	100
9.4018	100
9.40264	100
9.40348	100
9.40432	100
9.40517	100
9.40601	100
9.40685	100
9.40782	101
9.40866	101
9.4095	101
9.41035	101
9.41119	101
9.41203	101
9.41288	101
9.41372	101
9.41456	101
9.41541	101
9.41625	101
9.41709	101
9.41794	101
9.41878	101
9.41962	101
9.42047	101
9.42131	101
9.42215	101
9.423	101
9.42384	101
9.42468	101
9.42552	101
9.42637	101
9.42721	101
9.42805	101
9.4289	101
9.42974	101
9.43058	101
9.43143	101
9.43227	101
9.43311	101
9.43396	101
9.4348	101
9.43564	101
9.43649	101
9.43733	101
9.43817	101
9.43902	101
9.43986	101
9.4407	101
9.44155	101
9.44239	101
9.44323	101
9.44408	101
9.44492	101
9.44576	101
9.4466	101
9.44745	101
9.44829	101
9.44913	101
9.44998	101
9.45082	101
9.45166	101
9.45251	101
9.45335	101
9.45419	101
9.45504	101
9.45588	101
9.45672	101
9.45757	101
9.45841	101
9.45925	101
9.4601	101
9.46094	101
9.46178	101
9.46263	101
9.46347	101
9.46431	101
9.46516	101
9.466	101
9.46684	101
9.46768	101
9.46853	101
9.46937	101
9.47021	101
9.47106	101
9.4719	101
9.47274	101
9.47359	101
9.47443	101
9.47527	101
9.47612	101
9.47696	101
9.4778	101
9.47865	101
9.47949	101
9.48033	101
9.48118	101
9.48202	101
9.48286	101
9.48371	101
9.48455	101
9.48539	101
9.48624	101
9.48708	101
9.48792	101
9.48876	101
9.48961	101
9.49045	101
9.49129	101
9.49214	101
9.49298	101
9.49382	101
9.49467	101
9.49551	101
9.49635	101
9.4972	101
9.49804	101
9.49888	101
9.49973	101
9.50057	101
9.50141	101
9.50226	101
9.5031	101
9.50394	101
9.50479	101
9.50563	101
9.50647	101
9.50732	101
9.50816	101
9.509	101
9.50984	101
9.51069	101
9.51153	101
9.51237	101
9.51322	101
9.51406	101
9.5149	101
9.51575	101
9.51659	101
9.51743	101
9.51828	101
9.51912	101
9.51996	101
9.52081	101
9.52165	101
9.52249	101
9.52334	101
9.52418	101
9.52502	102
9.52587	102
9.52671	102
9.52755	102
9.5284	102
9.52924	102
9.53008	102
9.53092	102
9.53177	102
9.53261	102
9.53345	102
9.5343	102
9.53514	102
9.53598	102
9.53683	102
9.53767	102
9.53851	102
9.53936	102
9.5402	102
9.54104	102
9.54189	102
9.54273	102
9.54357	102
9.54442	102
9.54526	102
9.5461	102
9.54695	102
9.54779	102
9.54863	102
9.54948	102
9.55032	102
9.55116	102
9.552	102
9.55285	102
9.55369	102
9.55453	102
9.55538	102
9.55622	102
9.55706	102
9.55791	102
9.55875	102
9.55959	102
9.56044	102
9.56128	102
9.56212	102
9.56297	102
9.56381	102
9.56465	102
9.5655	102
9.56634	102
9.56718	102
9.56803	102
9.56887	102
9.56971	102
9.57056	102
9.5714	102
9.57224	102
9.57308	102
9.57393	102
9.57477	102
9.57561	102
9.57646	102
9.5773	102
9.57814	102
9.57899	102
9.57983	102
9.58067	102
9.58152	102
9.58236	102
9.5832	102
9.58405	102
9.58489	102
9.58573	102
9.58658	102
9.58742	102
9.58826	102
9.58911	102
9.58995	102
9.59079	102
9.59164	102
9.59248	102
9.59332	102
9.59416	102
9.59501	102
9.59585	102
9.59669	102
9.59754	102
9.59838	102
9.59922	102
9.60007	102
9.60091	102
9.60175	102
9.6026	102
9.60344	102
9.60428	102
9.60513	102
9.60597	102
9.60681	102
9.60766	102
9.6085	102
9.60934	102
9.61019	102
9.61103	102
9.61187	102
9.61272	102
9.61356	102
9.6144	102
9.61524	102
9.61609	102
9.61693	102
9.61777	102
9.61862	102
9.61946	102
9.6203	102
9.62115	102
9.62199	102
9.62283	102
9.62368	102
9.62452	102
9.62536	102
9.62621	102
9.62705	102
9.62789	102
9.62874	102
9.62958	102
9.63042	102
9.63127	102
9.63211	102
9.63295	102
9.6338	102
9.63464	102
9.63548	102
9.63632	102
9.63717	102
9.63801	102
9.63885	102
9.6397	102
9.64054	102
9.64138	102
9.64223	102
9.64307	102
9.64391	102
9.64476	102
9.6456	102
9.64644	102
9.64729	102
9.64813	102
9.64897	102
9.64982	102
9.65066	102
9.6515	102
9.65235	102
9.65319	102
9.65403	102
9.65488	102
9.65572	102
9.65656	102
9.6574	102
9.65825	102
9.65909	102
9.65993	102
9.66078	102
9.66162	102
9.66246	102
9.66331	102
9.66415	102
9.66499	102
9.66584	102
9.66668	102
9.66752	102
9.66837	102
9.66921	102
9.67005	102
9.6709	102
9.67174	102
9.67258	102
9.67343	102
9.67427	102
9.67511	102
9.67596	102
9.6768	102
9.67764	102
9.67848	102
9.67933	102
9.68017	102
9.68101	102
9.68186	102
9.6827	102
9.68354	102
9.68439	102
9.68523	102
9.68607	102
9.68692	102
9.68776	102
9.6886	102
9.68945	102
9.69029	102
9.69113	102
9.69198	102
9.69282	102
9.69366	102
9.69451	102
9.69535	102
9.69619	102
9.69704	102
9.69788	102
9.69872	102
9.69956	102
9.70041	102
9.70125	102
9.70209	102
9.70294	102
9.70378	102
9.70462	102
9.70547	102
9.70631	102
9.70715	102
9.708	102
9.70884	102
9.70968	102
9.71053	102
9.71137	102
9.71221	102
9.71306	102
9.7139	102
9.71474	102
9.71559	102
9.71643	102
9.71727	102
9.71812	102
9.71896	102
9.7198	102
9.72064	102
9.72149	102
9.72233	102
9.72317	102
9.72402	102
9.72486	102
9.7257	102
9.72655	102
9.72739	102
9.72823	102
9.72908	102
9.72992	102
9.73076	102
9.73161	102
9.73245	102
9.73329	102
9.73414	102
9.73498	102
9.73582	102
9.73667	102
9.73751	102
9.73835	102
9.7392	102
9.74004	102
9.74088	102
9.74172	102
9.74257	102
9.74341	102
9.74425	102
9.7451	102
9.74594	102
9.74678	102
9.74763	102
9.74847	102
9.74931	102
9.75016	102
9.751	102
9.75184	102
9.75269	102
9.75353	102
9.75437	102
9.75522	102
9.75606	102
9.7569	102
9.75775	102
9.75859	102
9.75943	102
9.76028	102
9.76112	102
9.76196	102
9.7628	102
9.76365	102
9.76449	102
9.76533	102
9.76618	102
9.76702	102
9.76786	102
9.76871	102
9.76955	102
9.77039	102
9.77124	102
9.77208	102
9.77292	102
9.77377	102
9.77461	102
9.77545	102
9.7763	102
9.77714	102
9.77798	102
9.77883	102
9.77967	102
9.78051	102
9.78136	102
9.7822	102
9.78304	102
9.78388	102
9.78473	102
9.78557	102
9.78641	102
9.78726	102
9.7881	102
9.78894	102
9.78979	102
9.79063	102
9.79147	102
9.79232	102
9.79316	102
9.794	102
9.79485	102
9.79569	102
9.79653	102
9.79738	102
9.79822	102
9.79906	102
9.79991	102
9.80075	102
9.80159	102
9.80244	102
9.80328	102
9.80412	102
9.80496	102
9.80581	102
9.80665	102
9.80749	102
9.80834	102
9.80918	102
9.81002	102
9.81087	102
9.81171	102
9.81255	102
9.8134	102
9.81424	102
9.81508	102
9.81593	102
9.81677	102
9.81761	102
9.81846	102
9.8193	102
9.82014	102
9.82099	102
9.82183	102
9.82267	102
9.82352	102
9.82436	102
9.8252	102
9.82604	102
9.82689	102
9.82773	102
9.82857	102
9.82942	102
9.83026	102
9.8311	102
9.83195	102
9.83279	102
9.83363	102
9.83448	102
9.83532	102
9.83616	102
9.83701	102
9.83785	102
9.83869	102
9.83954	102
9.84038	102
9.84122	102
9.84207	102
9.84291	102
9.84375	102
9.8446	102
9.84544	102
9.84628	102
9.84712	102
9.84797	102
9.84881	102
9.84965	102
9.8505	102
9.85134	102
9.85218	102
9.85303	102
9.85387	102
9.85471	102
9.85556	102
9.8564	102
9.85724	102
9.85809	102
9.85893	102
9.85977	102
9.86062	102
9.86146	102
9.8623	102
9.86315	102
9.86399	102
9.86483	102
9.86568	102
9.86652	102
9.86736	102
9.8682	102
9.86905	102
9.86989	102
9.87073	102
9.87158	102
9.87242	102
9.87326	102
9.87411	102
9.87495	102
9.87579	102
9.87664	102
9.87748	102
9.87832	102
9.87917	102
9.88001	102
9.88085	102
9.8817	102
9.88254	102
9.88338	102
9.88423	102
9.88507	102
9.88591	102
9.88676	102
9.8876	102
9.88844	102
9.88928	102
9.89013	102
9.89097	102
9.89181	102
9.89266	102
9.8935	102
9.89434	102
9.89519	102
9.89603	102
9.89687	102
9.89772	102
9.89856	102
9.8994	102
9.90025	102
9.90109	102
9.90193	102
9.90278	102
9.90362	102
9.90446	102
9.90531	102
9.90615	102
9.90699	102
9.90784	102
9.90868	102
9.90952	102
9.91036	102
9.91121	102
9.91205	102
9.91289	102
9.91374	102
9.91458	102
9.91542	102
9.91627	102
9.91711	102
9.91795	102
9.9188	101
9.91964	101
9.92048	101
9.92133	101
9.92217	101
9.92301	101
9.92386	101
9.9247	101
9.92554	101
9.92639	101
9.92723	101
9.92807	101
9.92892	101
9.92976	101
9.9306	101
9.93144	101
9.93229	101
9.93313	101
9.93397	101
9.93482	101
9.93566	101
9.9365	101
9.93735	101
9.93819	101
9.93903	101
9.93988	101
9.94072	101
9.94156	101
9.94241	101
9.94325	101
9.94409	101
9.94494	101
9.94578	101
9.94662	101
9.94747	101
9.94831	101
9.94915	101
9.95	101
9.95084	101
9.95168	101
9.95252	101
9.95337	101
9.95421	101
9.95505	101
9.9559	101
9.95674	101
9.95758	101
9.95843	101
9.95927	101
9.96011	101
9.96096	101
9.9618	101
9.96264	101
9.96349	101
9.96433	101
9.96517	101
9.96602	101
9.96686	101
9.9677	101
9.96855	101
9.96939	101
9.97023	101
9.97108	101
9.97192	101
9.97276	101
9.9736	101
9.97445	101
9.97529	101
9.97613	101
9.97698	101
9.97782	101
9.97866	101
9.97951	101
9.98035	101
9.98119	101
9.98204	101
9.98288	101
9.98372	101
9.98457	101
9.98541	101
9.98625	101
9.9871	101
9.98794	101
9.98878	101
9.98963	101
9.99047	101
9.99131	101
9.99216	101
9.993	101
9.99384	101
9.99468	101
9.99553	101
9.99637	101
9.99721	101
9.99806	101
9.9989	101
9.99974	101
10.0006	101
10.0014	101
10.0023	101
10.0031	101
10.004	101
10.0048	101
10.0056	101
10.0065	101
10.0073	101
10.0082	101
10.009	101
10.0099	101
10.0107	101
10.0115	101
10.0124	101
10.0132	101
10.0141	101
10.0159	101
10.0167	101
10.0176	101
10.0184	101
10.0193	101
10.0201	101
10.0209	101
10.0218	101
10.0226	101
10.0235	101
10.0243	101
10.0252	101
10.026	101
10.0268	101
10.0277	101
10.0285	101
10.0294	101
10.0302	101
10.0311	101
10.0319	101
10.0327	101
10.0336	101
10.0344	101
10.0353	101
10.0361	101
10.037	101
10.0378	101
10.0387	101
10.0395	101
10.0403	101
10.0412	101
10.042	101
10.0429	101
10.0437	101
10.0446	101
10.0454	101
10.0462	101
10.0471	101
10.0479	101
10.0488	101
10.0496	101
10.0505	101
10.0513	101
10.0521	101
10.053	101
10.0538	101
10.0547	101
10.0555	101
10.0564	101
10.0572	101
10.058	101
10.0589	101
10.0597	101
10.0606	101
10.0614	101
10.0623	101
10.0631	101
10.0639	101
10.0648	101
10.0656	101
10.0665	101
10.0673	101
10.0682	101
10.069	101
10.0698	101
10.0707	101
10.0715	101
10.0724	101
10.0732	101
10.0741	101
10.0749	101
10.0758	101
10.0766	101
10.0774	101
10.0783	101
10.0791	101
10.08	101
10.0808	101
10.0817	101
10.0825	101
10.0833	101
10.0842	101
10.085	101
10.0859	101
10.0867	101
10.0876	101
10.0884	101
10.0892	101
10.0901	101
10.0909	101
10.0918	101
10.0926	101
10.0935	101
10.0943	101
10.0951	101
10.096	101
10.0968	101
10.0977	101
10.0985	101
10.0994	101
10.1002	101
10.101	101
10.1019	101
10.1027	101
10.1036	101
10.1044	101
10.1053	101
10.1061	101
10.107	101
10.1078	101
10.1086	101
10.1095	101
10.1103	101
10.1112	101
10.112	101
10.1129	101
10.1137	101
10.1145	101
10.1154	101
10.1168	101
10.1176	101
10.1185	101
10.1193	101
10.1201	101
10.121	100
10.1218	100
10.1227	100
10.1235	100
10.1244	100
10.1252	100
10.126	100
10.1269	100
10.1277	100
10.1286	100
10.1294	100
10.1303	100
10.1311	100
10.1319	100
10.1328	100
10.1336	100
10.1345	100
10.1353	100
10.1362	100
10.137	100
10.1378	100
10.1387	100
10.1395	100
10.1404	100
10.1412	100
10.1421	100
10.1429	100
10.1437	100
10.1446	100
10.1454	100
10.1463	100
10.1471	100
10.148	100
10.1488	100
10.1497	100
10.1505	100
10.1513	100
10.1522	100
10.153	100
10.1539	100
10.1547	100
10.1556	100
10.1564	100
10.1572	100
10.1581	100
10.1589	100
10.1598	100
10.1606	100
10.1615	100
10.1623	100
10.1631	100
10.164	100
10.1648	100
10.1657	100
10.1665	100
10.1674	100
10.1682	100
10.169	100
10.1699	100
10.1707	100
10.1716	100
10.1724	100
10.1733	100
10.1741	100
10.1749	100
10.1758	100
10.1766	100
10.1775	100
10.1783	100
10.1792	100
10.18	100
10.1809	100
10.1817	100
10.1825	100
10.1834	100
10.1842	100
10.1851	100
10.1859	100
10.1868	100
10.1876	100
10.1884	100
10.1893	100
10.1901	100
10.191	100
10.1918	100
10.1927	100
10.1935	100
10.1943	100
10.1952	100
10.196	100
10.1969	100
10.1977	100
10.1986	100
10.1994	100
10.2002	100
10.2011	100
10.2019	100
10.2028	100
10.2036	100
10.2045	100
10.2053	100
10.2061	100
10.207	100
10.2078	100
10.2087	100
10.2095	100
10.2104	100
10.2112	100
10.212	100
10.2129	100
10.2137	100
10.2146	100
10.2154	100
10.2163	101
10.2172	101
10.2181	101
10.2189	101
10.2198	101
10.2206	101
10.2214	101
10.2223	101
10.2231	101
10.224	101
10.2248	101
10.2257	101
10.2265	101
10.2273	101
10.2282	101
10.229	101
10.2299	101
10.2307	101
10.2316	101
10.2324	101
10.2332	101
10.2341	101
10.2349	101
10.2358	101
10.2366	101
10.2375	101
10.2383	101
10.2392	101
10.24	101
10.2408	101
10.2417	101
10.2425	101
10.2434	101
10.2442	101
10.2451	101
10.2459	101
10.2467	101
10.2476	101
10.2484	101
10.2493	101
10.2501	101
10.251	101
10.2518	101
10.2526	101
10.2535	101
10.2543	101
10.2552	101
10.256	101
10.2569	101
10.2577	101
10.2585	101
10.2594	101
10.2602	101
10.2611	101
10.2619	101
10.2628	101
10.2636	101
10.2644	101
10.2653	101
10.2661	101
10.267	101
10.2678	101
10.2687	101
10.2695	101
10.2703	101
10.2712	101
10.272	101
10.2729	101
10.2737	101
10.2746	101
10.2754	101
10.2763	101
10.2771	101
10.2779	101
10.2788	101
10.2796	101
10.2805	101
10.2813	101
10.2822	101
10.283	101
10.2838	101
10.2847	101
10.2855	101
10.2864	101
10.2872	101
10.2881	101
10.2889	101
10.2897	101
10.2906	101
10.2914	101
10.2923	101
10.2931	101
10.294	101
10.2948	101
10.2956	101
10.2965	101
10.2973	101
10.2982	101
10.299	101
10.2999	101
10.3007	101
10.3015	101
10.3024	101
10.3032	101
10.3041	101
10.3049	101
10.3058	101
10.3066	101
10.3075	101
10.3083	101
10.3091	101
10.31	101
10.3108	101
10.3117	101
10.3125	101
10.3134	101
10.3142	101
10.315	101
10.3159	101
10.3167	101
10.3176	101
10.3184	101
10.3193	101
10.3201	101
10.3209	101
10.3218	101
10.3226	101
10.3235	101
10.3243	101
10.3252	101
10.326	101
10.3268	101
10.3277	101
10.3285	101
10.3294	101
10.3302	101
10.3311	101
10.3319	101
10.3327	101
10.3336	101
10.3344	101
10.3353	101
10.3361	101
10.337	101
10.3378	101
10.3386	101
10.3395	101
10.3403	101
10.3412	101
10.342	102
10.3429	102
10.3437	102
10.3446	102
10.3454	102
10.3462	102
10.3471	102
10.3479	102
10.3488	102
10.3496	102
10.3505	102
10.3513	102
10.3521	102
10.353	102
10.3538	102
10.3547	102
10.3555	102
10.3564	102
10.3572	102
10.358	102
10.3589	102
10.3597	102
10.3606	102
10.3614	102
10.3623	102
10.3631	102
10.3639	102
10.3648	102
10.3656	102
10.3665	102
10.3673	102
10.3682	102
10.369	102
10.3698	102
10.3707	102
10.3715	102
10.3724	102
10.3732	102
10.3741	102
10.3749	102
10.3757	102
10.3766	102
10.3774	102
10.3783	102
10.3791	102
10.38	102
10.3808	102
10.3817	102
10.3825	102
10.3833	102
10.3842	102
10.385	102
10.3859	102
10.3867	102
10.3876	102
10.3884	102
10.3892	102
10.3901	102
10.3909	102
10.3918	102
10.3926	102
10.3935	102
10.3943	102
10.3951	102
10.396	102
10.3968	102
10.3977	102
10.3985	102
10.3994	102
10.4002	102
10.401	102
10.4019	102
10.4027	102
10.4036	102
10.4044	102
10.4053	102
10.4061	102
10.4069	102
10.4078	102
10.4086	102
10.4095	102
10.4103	102
10.4112	102
10.412	102
10.4129	102
10.4137	102
10.4145	102
10.4154	102
10.4162	102
10.4171	102
10.4179	102
10.4188	102
10.4196	102
10.4204	102
10.4213	102
10.4221	102
10.423	102
10.4238	102
10.4247	102
10.4255	102
10.4263	102
10.4272	102
10.428	102
10.4289	102
10.4297	102
10.4306	102
10.4314	102
10.4322	102
10.4331	102
10.4339	102
10.4348	102
10.4356	102
10.4365	102
10.4373	102
10.4381	102
10.439	102
10.4398	102
10.4407	102
10.4415	102
10.4424	102
10.4432	102
10.444	102
10.4449	102
10.4457	102
10.4466	102
10.4474	102
10.4483	102
10.4491	102
10.45	102
10.4508	102
10.4516	102
10.4525	102
10.4533	102
10.4542	102
10.455	102
10.4559	102
10.4567	102
10.4575	102
10.4584	102
10.4592	102
10.4601	102
10.4609	102
10.4618	102
10.4626	102
10.4634	102
10.4643	102
10.4651	102
10.466	102
10.4668	102
10.4677	102
10.4685	102
10.4693	102
10.4702	102
10.471	102
10.4719	102
10.4727	102
10.4736	102
10.4744	102
10.4752	102
10.4761	102
10.4769	102
10.4778	102
10.4786	102
10.4795	102
10.4803	102
10.4811	102
10.482	102
10.4828	102
10.4837	102
10.4845	102
10.4854	102
10.4862	102
10.4871	102
10.4879	102
10.4887	102
10.4896	102
10.4904	102
10.4913	102
10.4921	102
10.493	102
10.4938	102
10.4946	102
10.4955	102
10.4963	102
10.4972	102
10.498	102
10.4989	102
10.4997	102
10.5005	102
10.5014	102
10.5022	102
10.5031	102
10.5039	102
10.5048	102
10.5056	102
10.5064	102
10.5073	102
10.5081	102
10.509	102
10.5098	102
10.5107	102
10.5115	102
10.5123	102
10.5132	102
10.514	102
10.5149	102
10.5157	102
10.5166	102
10.5174	102
10.5183	102
10.5191	102
10.5199	102
10.5208	102
10.5216	102
10.5225	102
10.5233	102
10.5242	102
10.525	102
10.5258	102
10.5267	102
10.5275	102
10.5284	102
10.5292	102
10.5301	102
10.5309	102
10.5317	102
10.5326	102
10.5334	102
10.5343	102
10.5351	102
10.536	102
10.5368	102
10.5376	102
10.5385	102
10.5393	102
10.5402	102
10.541	102
10.5419	102
10.5427	102
10.5435	102
10.5444	102
10.5452	102
10.5461	102
10.5469	102
10.5478	102
10.5486	102
10.5494	102
10.5503	102
10.5511	102
10.552	102
10.5528	102
10.5537	102
10.5545	102
10.5554	102
10.5562	102
10.557	102
10.5579	102
10.5587	102
10.5596	102
10.5604	102
10.5613	102
10.5621	102
10.5629	102
10.5638	102
10.5646	102
10.5655	102
10.5663	102
10.5672	102
10.568	102
10.5688	102
10.5697	102
10.5705	102
10.5714	102
10.5722	102
10.5731	102
10.5739	102
10.5747	102
10.5756	102
10.5764	102
10.5773	102
10.5781	102
10.579	102
10.5798	102
10.5806	102
10.5815	102
10.5823	102
10.5832	102
10.584	102
10.5849	102
10.5857	102
10.5865	102
10.5874	102
10.5882	102
10.5891	102
10.5899	102
10.5908	102
10.5916	102
10.5925	102
10.5933	102
10.5941	102
10.595	102
10.5958	102
10.5967	102
10.5975	102
10.5984	102
10.5992	102
10.6	102
10.6009	102
10.6017	102
10.6026	102
10.6034	102
10.6043	102
10.6051	102
10.6059	102
10.6068	102
10.6076	102
10.6085	102
10.6093	102
10.6102	102
10.611	102
10.6118	102
10.6127	102
10.6135	102
10.6144	102
10.6152	102
10.6161	102
10.6169	102
10.6177	102
10.6186	102
10.6194	102
10.6203	102
10.6211	102
10.622	102
10.6228	102
10.6237	102
10.6245	102
10.6253	102
10.6262	102
10.627	102
10.6279	102
10.6287	102
10.6296	102
10.6304	102
10.6312	102
10.6321	102
10.6329	102
10.6338	102
10.6346	102
10.6355	102
10.6363	102
10.6371	102
10.638	102
10.6388	102
10.6397	102
10.6405	102
10.6414	102
10.6422	102
10.643	102
10.6439	102
10.6447	102
10.6456	102
10.6464	102
10.6473	102
10.6481	102
10.6489	102
10.6498	102
10.6506	102
10.6515	102
10.6523	102
10.6532	102
10.654	102
10.6548	102
10.6557	102
10.6565	102
10.6574	102
10.6582	102
10.6591	102
10.6599	102
10.6608	102
10.6616	102
10.6624	102
10.6633	102
10.6641	102
10.665	102
10.6658	102
10.6667	102
10.6675	102
10.6683	102
10.6692	102
10.67	102
10.6709	102
10.6717	102
10.6726	102
10.6734	102
10.6742	102
10.6751	102
10.6759	102
10.6768	102
10.6776	102
10.6785	102
10.6793	102
10.6801	102
10.681	102
10.6818	102
10.6827	102
10.6835	102
10.6844	102
10.6852	102
10.686	102
10.6869	102
10.6877	102
10.6886	102
10.6894	102
10.6903	102
10.6911	102
10.6919	102
10.6928	102
10.6936	102
10.6945	102
10.6953	102
10.6962	102
10.697	102
10.6979	102
10.6987	102
10.6995	102
10.7004	102
10.7012	102
10.7021	102
10.7029	102
10.7038	102
10.7046	102
10.7054	102
10.7063	102
10.7071	102
10.708	102
10.7088	102
10.7097	102
10.7105	102
10.7113	102
10.7122	102
10.713	102
10.7139	102
10.7147	102
10.7156	102
10.7164	102
10.7172	102
10.7181	102
10.7189	102
10.7198	102
10.7206	102
10.7215	102
10.7224	101
10.7233	101
10.7241	101
10.725	101
10.7258	101
10.7266	101
10.7275	101
10.7283	101
10.7292	101
10.73	101
10.7309	101
10.7317	101
10.7325	101
10.7334	101
10.7342	101
10.7351	101
10.7359	101
10.7368	101
10.7376	101
10.7384	101
10.7393	101
10.7401	101
10.741	101
10.7418	101
10.7427	101
10.7435	101
10.7443	101
10.7452	101
10.746	101
10.7469	101
10.7477	101
10.7486	101
10.7494	101
10.7503	101
10.7511	101
10.7519	101
10.7528	101
10.7536	101
10.7545	101
10.7553	101
10.7562	101
10.757	101
10.7578	101
10.7587	101
10.7595	101
10.7604	101
10.7612	101
10.7621	101
10.7629	101
10.7637	101
10.7646	101
10.7654	101
10.7663	101
10.7671	101
10.768	101
10.7688	101
10.7696	101
10.7705	101
10.7713	101
10.7722	101
10.773	101
10.7739	101
10.7747	101
10.7755	101
10.7764	101
10.7772	101
10.7781	101
10.7789	101
10.7798	101
10.7806	101
10.7814	101
10.7823	101
10.7831	101
10.784	101
10.7848	101
10.7857	101
10.7865	101
10.7874	101
10.7882	101
10.789	101
10.7899	101
10.7907	101
10.7916	101
10.7924	101
10.7933	101
10.7941	101
10.7949	101
10.7958	101
10.7966	101
10.7975	101
10.7983	101
10.7992	101
10.8	101
10.8008	101
10.8017	101
10.8025	101
10.8034	101
10.8042	101
10.8051	101
10.8059	101
10.8067	101
10.8076	101
10.8084	101
10.8093	101
10.8101	101
10.811	101
10.8118	101
10.8126	101
10.8135	101
10.8143	101
10.8152	101
10.816	101
10.8169	101
10.8177	101
10.8186	101
10.8194	101
10.8202	101
10.8211	101
10.8219	101
10.8233	101
10.8242	101
10.825	101
10.8258	101
10.8267	101
10.8275	101
10.8284	101
10.8292	101
10.8301	101
10.8309	100
10.8317	100
10.8326	100
10.8334	100
10.8343	100
10.8351	100
10.836	100
10.8368	100
10.8376	100
10.8385	100
10.8393	100
10.8402	100
10.841	100
10.8419	100
10.8427	100
10.8435	100
10.8444	100
10.8452	100
10.8461	100
10.8469	100
10.8478	100
10.8486	100
10.8494	100
10.8503	100
10.8511	100
10.852	100
10.8528	100
10.8537	100
10.8545	100
10.8553	100
10.8562	100
10.857	100
10.8579	100
10.8587	100
10.8596	100
10.8604	100
10.8613	100
10.8621	100
10.8629	100
10.8638	100
10.8646	100
10.8655	100
10.8663	100
10.8672	100
10.868	100
10.8688	100
10.8697	100
10.8705	100
10.8714	100
10.8722	100
10.8731	100
10.8739	100
10.8747	100
10.8756	100
10.8764	100
10.8773	100
10.8781	100
10.879	100
10.8798	100
10.8806	100
10.8815	100
10.8823	100
10.8832	100
10.884	100
10.8849	100
10.8857	100
10.8865	100
10.8874	100
10.8882	100
10.8891	100
10.8899	100
10.8908	100
10.8916	100
10.8925	100
10.8933	100
10.8941	100
10.895	100
10.8958	100
10.8967	100
10.8975	100
10.8984	100
10.8992	100
10.9	100
10.9009	100
10.9017	100
10.9026	100
10.9034	100
10.9043	100
10.9051	100
10.9059	100
10.9068	100
10.9076	100
10.9085	100
10.9093	100
10.9102	100
10.911	100
10.9118	100
10.9127	100
10.9135	100
10.9144	100
10.9152	100
10.9161	100
10.9169	100
10.9177	100
10.9186	100
10.9194	100
10.9203	100
10.9211	100
10.922	100
10.9228	100
10.9238	100
10.9246	100
10.9255	100
10.9263	101
10.9271	101
10.928	101
10.9288	101
10.9297	101
10.9305	101
10.9314	101
10.9322	101
10.933	101
10.9339	101
10.9347	101
10.9356	101
10.9364	101
10.9373	101
10.9381	101
10.9389	101
10.9398	101
10.9406	101
10.9415	101
10.9423	101
10.9432	101
10.944	101
10.9448	101
10.9457	101
10.9465	101
10.9474	101
10.9482	101
10.9491	101
10.9499	101
10.9508	101
10.9516	101
10.9524	101
10.9533	101
10.9541	101
10.955	101
10.9558	101
10.9567	101
10.9575	101
10.9583	101
10.9592	101
10.96	101
10.9609	101
10.9617	101
10.9626	101
10.9634	101
10.9642	101
10.9651	101
10.9659	101
10.9668	101
10.9676	101
10.9685	101
10.9693	101
10.9701	101
10.971	101
10.9718	101
10.9727	101
10.9735	101
10.9744	101
10.9752	101
10.976	101
10.9769	101
10.9777	101
10.9786	101
10.9794	101
10.9803	101
10.9811	101
10.9819	101
10.9828	101
10.9836	101
10.9845	101
10.9853	101
10.9862	101
10.987	101
10.9879	101
10.9887	101
10.9895	101
10.9904	101
10.9912	101
10.9921	101
10.9929	101
10.9938	101
10.9946	101
10.9954	101
10.9963	101
10.9971	101
10.998	101
10.9988	101
10.9997	101
11.0005	101
11.0013	101
11.0022	101
11.003	101
11.0039	101
11.0047	101
11.0056	101
11.0064	101
11.0072	101
11.0081	101
11.0089	101
11.0098	101
11.0106	101
11.0115	101
11.0123	101
11.0131	101
11.014	101
11.0148	101
11.0157	101
11.0165	101
11.0174	101
11.0182	101
11.0191	101
11.0199	101
11.0207	101
11.0216	101
11.0224	101
11.0233	101
11.0241	101
11.025	101
11.0258	101
11.0266	101
11.0275	101
11.0283	101
11.0292	101
11.03	101
11.0309	101
11.0317	101
11.0325	101
11.0334	101
11.0342	101
11.0351	101
11.0359	101
11.0368	101
11.0376	101
11.0384	101
11.0393	101
11.0401	101
11.041	101
11.0418	101
11.0427	101
11.0435	101
11.0443	101
11.0452	101
11.046	101
11.0469	101
11.0477	101
11.0486	101
11.0494	101
11.0502	101
11.0511	101
11.0519	101
11.0528	101
11.0536	101
11.0545	101
11.0553	101
11.0562	101
11.057	101
11.0578	101
11.0587	101
11.0595	101
11.0604	101
11.0612	101
11.0621	101
11.0629	101
11.0637	101
11.0646	101
11.0654	101
11.0663	101
11.0671	101
11.068	101
11.0688	101
11.0696	101
11.0705	101
11.0713	101
11.0722	101
11.073	102
11.0739	102
11.0747	102
11.0755	102
11.0764	102
11.0772	102
11.0781	102
11.0789	102
11.0798	102
11.0806	102
11.0814	102
11.0823	102
11.0831	102
11.084	102
11.0848	102
11.0857	102
11.0865	102
11.0873	102
11.0882	102
11.089	102
11.0899	102
11.0907	102
11.0916	102
11.0924	102
11.0933	102
11.0941	102
11.0949	102
11.0958	102
11.0966	102
11.0975	102
11.0983	102
11.0992	102
11.1	102
11.1008	102
11.1017	102
11.1025	102
11.1034	102
11.1042	102
11.1051	102
11.1059	102
11.1067	102
11.1076	102
11.1084	102
11.1093	102
11.1101	102
11.111	102
11.1118	102
11.1126	102
11.1135	102
11.1143	102
11.1152	102
11.116	102
11.1169	102
11.1177	102
11.1185	102
11.1194	102
11.1202	102
11.1211	102
11.1219	102
11.1228	102
11.1236	102
11.1245	102
11.1253	102
11.1261	102
11.127	102
11.1278	102
11.1287	102
11.1295	102
11.1304	103
11.1312	103
11.132	103
11.1329	103
11.1337	103
11.1346	103
11.1354	103
11.1363	103
11.1371	103
11.1379	103
11.1388	103
11.1396	103
11.1405	103
11.1413	103
11.1422	103
11.143	103
11.1438	103
11.1447	103
11.1455	103
11.1464	103
11.1472	103
11.1481	103
11.1489	103
11.1497	103
11.1506	103
11.1514	103
11.1523	103
11.1531	103
11.154	103
11.1548	103
11.1556	103
11.1565	103
11.1573	103
11.1582	103
11.159	103
11.1599	103
11.1607	103
11.1616	103
11.1624	103
11.1632	103
11.1641	103
11.1649	103
11.1658	103
11.1666	103
11.1675	103
11.1683	103
11.1691	103
11.17	103
11.1708	103
11.1717	103
11.1725	103
11.1734	103
11.1742	103
11.175	103
11.1759	103
11.1767	103
11.1776	103
11.1784	103
11.1793	103
11.1801	103
11.1809	103
11.1818	103
11.1826	103
11.1835	103
11.1843	103
11.1852	103
11.186	103
11.1868	103
11.1877	103
11.1885	103
11.1894	103
11.1902	103
11.1911	103
11.1919	103
11.1927	103
11.1936	103
11.1944	103
11.1953	103
11.1961	103
11.197	103
11.1978	103
11.1987	103
11.1995	103
11.2003	103
11.2012	103
11.202	103
11.2029	103
11.2037	103
11.2046	103
11.2054	103
11.2062	103
11.2071	103
11.2079	103
11.2088	103
11.2096	103
11.2105	103
11.2113	103
11.2121	103
11.213	103
11.2138	103
11.2147	103
11.2155	103
11.2164	103
11.2172	103
11.218	103
11.2189	103
11.2197	103
11.2206	103
11.2214	103
11.2223	103
11.2231	103
11.2239	103
11.2248	103
11.2256	103
11.2265	103
11.2273	103
11.2282	103
11.229	103
11.2299	103
11.2307	103
11.2315	103
11.2324	103
11.2332	103
11.2341	103
11.2349	103
11.2358	103
11.2366	103
11.2374	103
11.2383	103
11.2391	103
11.24	103
11.2408	103
11.2417	103
11.2425	103
11.2433	103
11.2442	103
11.245	103
11.2459	103
11.2467	103
11.2476	103
11.2484	103
11.2492	103
11.2501	103
11.2509	103
11.2518	103
11.2526	103
11.2535	103
11.2543	103
11.2551	103
11.256	103
11.2568	103
11.2577	103
11.2585	103
11.2594	103
11.2602	103
11.261	103
11.2619	103
11.2627	103
11.2636	103
11.2644	103
11.2653	103
11.2661	103
11.267	103
11.2678	103
11.2686	103
11.2695	103
11.2703	103
11.2712	103
11.272	103
11.2729	103
11.2737	103
11.2745	103
11.2754	103
11.2762	103
11.2771	103
11.2779	103
11.2788	103
11.2796	103
11.2804	103
11.2813	103
11.2821	103
11.283	103
11.2838	103
11.2847	103
11.2855	103
11.2863	103
11.2872	103
11.288	103
11.2889	103
11.2897	103
11.2906	103
11.2914	103
11.2922	103
11.2931	103
11.2939	103
11.2948	103
11.2956	103
11.2965	103
11.2973	103
11.2981	103
11.299	103
11.2998	103
11.3007	103
11.3015	103
11.3024	103
11.3032	103
11.3041	103
11.3049	103
11.3057	103
11.3066	103
11.3074	103
11.3083	103
11.3091	103
11.31	103
11.3108	103
11.3116	103
11.3125	103
11.3133	103
11.3142	103
11.315	103
11.3159	103
11.3167	103
11.3175	103
11.3184	103
11.3192	103
11.3201	103
11.3209	103
11.3218	103
11.3226	103
11.3234	103
11.3243	103
11.3251	103
11.326	103
11.3268	103
11.3277	103
11.3285	103
11.3293	103
11.3302	103
11.331	103
11.3319	103
11.3327	103
11.3336	103
11.3344	103
11.3353	103
11.3361	103
11.3369	103
11.3378	103
11.3386	103
11.3395	103
11.3403	103
11.3412	103
11.342	102
11.3428	102
11.3437	102
11.3445	102
11.3454	102
11.3462	102
11.3471	102
11.3479	102
11.3487	102
11.3496	102
11.3504	102
11.3513	102
11.3521	102
11.353	102
11.3538	102
11.3546	102
11.3555	102
11.3563	102
11.3572	102
11.358	102
11.3589	102
11.3597	102
11.3605	102
11.3614	102
11.3622	102
11.3631	102
11.3639	102
11.3648	102
11.3656	102
11.3664	102
11.3673	102
11.3681	102
11.369	102
11.3698	102
11.3707	102
11.3715	102
11.3724	102
11.3732	102
11.374	102
11.3749	102
11.3757	102
11.3766	102
11.3774	102
11.3783	102
11.3791	102
11.3799	102
11.3808	102
11.3816	102
11.3825	102
11.3833	102
11.3842	102
11.385	102
11.3858	102
11.3867	102
11.3875	102
11.3884	102
11.3892	102
11.3901	102
11.3909	102
11.3917	102
11.3926	102
11.3934	102
11.3943	102
11.3951	102
11.396	102
11.3968	102
11.3976	102
11.3985	102
11.3993	102
11.4002	102
11.401	102
11.4019	102
11.4027	102
11.4035	102
11.4044	102
11.4052	102
11.4061	102
11.4069	102
11.4078	102
11.4086	102
11.4095	102
11.4103	102
11.4111	102
11.412	102
11.4128	102
11.4137	102
11.4145	102
11.4154	102
11.4162	102
11.417	102
11.4179	102
11.4187	102
11.4196	102
11.4204	102
11.4213	102
11.4221	102
11.4229	102
11.4238	102
11.4246	102
11.4255	102
11.4263	102
11.4272	102
11.428	102
11.4288	102
11.4297	102
11.4305	102
11.4314	102
11.4323	102
11.4332	102
11.434	102
11.4349	102
11.4357	102
11.4366	102
11.4374	101
11.4382	101
11.4391	101
11.4399	101
11.4408	101
11.4416	101
11.4425	101
11.4433	101
11.4441	101
11.445	101
11.4458	101
11.4467	101
11.4475	101
11.4484	101
11.4492	101
11.45	101
11.4509	101
11.4517	101
11.4526	101
11.4534	101
11.4543	101
11.4551	101
11.4559	101
11.4568	101
11.4576	101
11.4585	101
11.4593	101
11.4602	101
11.461	101
11.4619	101
11.4627	101
11.4635	101
11.4644	101
11.4652	101
11.4661	101
11.4669	101
11.4678	101
11.4686	101
11.4694	101
11.4703	101
11.4711	101
11.472	101
11.4728	101
11.4737	101
11.4745	101
11.4753	101
11.4762	101
11.477	101
11.4779	101
11.4787	101
11.4796	101
11.4804	101
11.4812	101
11.4821	101
11.4829	101
11.4838	101
11.4846	101
11.4855	101
11.4863	101
11.4871	101
11.488	101
11.4888	101
11.4897	101
11.4905	101
11.4914	101
11.4922	101
11.493	101
11.4939	101
11.4947	101
11.4956	101
11.4964	101
11.4973	101
11.4981	101
11.499	101
11.4998	101
11.5006	101
11.5015	101
11.5023	101
11.5032	101
11.504	101
11.5049	101
11.5057	101
11.5065	101
11.5074	101
11.5082	101
11.5091	101
11.5099	101
11.5108	101
11.5116	101
11.5124	101
11.5133	101
11.5141	101
11.515	101
11.5158	101
11.5167	101
11.5175	101
11.5183	101
11.5192	101
11.52	101
11.5209	101
11.5217	101
11.5226	101
11.5234	101
11.5242	101
11.5251	101
11.5259	101
11.5268	101
11.5276	101
11.5285	101
11.5293	101
11.5301	101
11.531	101
11.5328	101
11.5341	101
11.5349	101
11.5358	101
11.5366	101
11.5374	101
11.5383	101
11.5391	101
11.54	100
11.5408	100
11.5417	100
11.5425	100
11.5433	100
11.5442	100
11.545	100
11.5459	100
11.5467	100
11.5476	100
11.5484	100
11.5492	100
11.5501	100
11.5509	100
11.5518	100
11.5526	100
11.5535	100
11.5543	100
11.5551	100
11.556	100
11.5568	100
11.5577	100
11.5585	100
11.5594	100
11.5602	100
11.561	100
11.5619	100
11.5627	100
11.5636	100
11.5644	100
11.5653	100
11.5661	100
11.5669	100
11.5678	100
11.5686	100
11.5695	100
11.5703	100
11.5712	100
11.572	100
11.5729	100
11.5737	100
11.5745	100
11.5754	100
11.5762	100
11.5771	100
11.5779	100
11.5788	100
11.5796	100
11.5804	100
11.5813	100
11.5821	100
11.583	100
11.5838	100
11.5847	100
11.5855	100
11.5863	100
11.5872	100
11.588	100
11.5889	100
11.5897	100
11.5906	100
11.5914	100
11.5922	100
11.5931	100
11.5939	100
11.5948	100
11.5956	100
11.5965	100
11.5973	100
11.5981	100
11.599	100
11.5998	100
11.6007	100
11.6015	100
11.6024	100
11.6032	100
11.604	100
11.6049	100
11.6057	100
11.6066	100
11.6074	100
11.6083	100
11.6091	100
11.61	100
11.6108	100
11.6116	100
11.6125	100
11.6133	100
11.6142	100
11.615	100
11.6159	100
11.6167	100
11.6175	100
11.6184	100
11.6192	100
11.6201	100
11.6209	100
11.6218	100
11.6226	100
11.6234	100
11.6243	100
11.6251	100
11.626	100
11.6268	100
11.6277	100
11.6285	100
11.6293	100
11.6302	100
11.631	100
11.6319	100
11.6337	100
11.6345	101
11.6354	101
11.6362	101
11.6371	101
11.6379	101
11.6387	101
11.6396	101
11.6404	101
11.6413	101
11.6421	101
11.643	101
11.6438	101
11.6446	101
11.6455	101
11.6463	101
11.6472	101
11.648	101
11.6489	101
11.6497	101
11.6505	101
11.6514	101
11.6522	101
11.6531	101
11.6539	101
11.6548	101
11.6556	101
11.6564	101
11.6573	101
11.6581	101
11.659	101
11.6598	101
11.6607	101
11.6615	101
11.6624	101
11.6632	101
11.664	101
11.6649	101
11.6657	101
11.6666	101
11.6674	101
11.6683	101
11.6691	101
11.6699	101
11.6708	101
11.6716	101
11.6725	101
11.6733	101
11.6742	101
11.675	101
11.6758	101
11.6767	101
11.6775	101
11.6784	101
11.6792	101
11.6801	101
11.6809	101
11.6817	101
11.6826	101
11.6834	101
11.6843	101
11.6851	101
11.686	101
11.6868	101
11.6876	101
11.6885	101
11.6893	101
11.6902	101
11.691	101
11.6919	101
11.6927	101
11.6935	101
11.6944	101
11.6952	101
11.6961	101
11.6969	101
11.6978	101
11.6986	101
11.6995	101
11.7003	101
11.7011	101
11.702	101
11.7028	101
11.7037	101
11.7045	101
11.7054	101
11.7062	101
11.707	101
11.7079	101
11.7087	101
11.7096	101
11.7104	101
11.7113	101
11.7121	101
11.7129	101
11.7138	101
11.7146	101
11.7155	101
11.7163	101
11.7172	101
11.718	101
11.7188	101
11.7197	101
11.7205	101
11.7214	101
11.7222	101
11.7231	101
11.7239	101
11.7247	101
11.7256	101
11.7264	101
11.7273	101
11.7281	101
11.729	101
11.7298	101
11.7306	101
11.7315	101
11.7323	101
11.7332	101
11.734	101
11.7349	101
11.7357	101
11.7366	101
11.7374	101
11.7382	101
11.7391	101
11.7399	101
11.7408	101
11.7416	101
11.7425	101
11.7433	101
11.7441	101
11.745	101
11.7458	101
11.7467	101
11.7475	101
11.7484	101
11.7492	101
11.75	101
11.7509	101
11.7517	101
11.7526	101
11.7534	101
11.7543	101
11.7551	101
11.7559	101
11.7568	101
11.7576	101
11.7585	101
11.7593	101
11.7602	101
11.761	101
11.7618	101
11.7627	101
11.7635	101
11.7644	101
11.7652	101
11.7661	101
11.7669	101
11.7678	101
11.7686	101
11.7694	101
11.7703	101
11.7711	101
11.772	101
11.7728	101
11.7737	101
11.7745	101
11.7753	101
11.7762	101
11.777	101
11.7779	101
11.7787	101
11.7796	101
11.7804	101
11.7812	101
11.7821	101
11.7829	101
11.7838	101
11.7846	101
11.7855	101
11.7863	101
11.7871	101
11.788	101
11.7888	101
11.7897	101
11.7905	101
11.7914	101
11.7922	101
11.793	101
11.7939	101
11.7947	101
11.7956	101
11.7964	101
11.7973	101
11.7981	101
11.7989	101
11.7998	101
11.8006	101
11.8015	101
11.8023	101
11.8032	101
11.804	101
11.8049	101
11.8057	101
11.8065	101
11.8074	101
11.8082	101
11.8091	101
11.8099	101
11.8108	101
11.8116	101
11.8124	101
11.8133	101
11.8141	101
11.815	101
11.8158	101
11.8167	101
11.8175	101
11.8183	101
11.8192	101
11.82	101
11.8209	101
11.8217	101
11.8226	101
11.8234	101
11.8242	101
11.8251	101
11.8259	101
11.8268	101
11.8276	101
11.8285	101
11.8293	101
11.8301	101
11.831	101
11.8318	101
11.8327	101
11.8335	101
11.8344	101
11.8352	101
11.836	101
11.8369	101
11.8377	101
11.8386	101
11.8394	101
11.8403	101
11.8411	101
11.842	101
11.8428	101
11.8436	101
11.8445	101
11.8453	101
11.8462	101
11.847	102
11.8479	102
11.8487	102
11.8495	102
11.8504	102
11.8512	102
11.8521	102
11.8529	102
11.8538	102
11.8546	102
11.8554	102
11.8563	102
11.8571	102
11.858	102
11.8588	102
11.8597	102
11.8605	102
11.8613	102
11.8622	102
11.863	102
11.8639	102
11.8647	102
11.8656	102
11.8664	102
11.8672	102
11.8681	102
11.8689	102
11.8698	102
11.8706	102
11.8715	102
11.8723	102
11.8732	102
11.874	102
11.8748	102
11.8757	102
11.8765	102
11.8774	102
11.8782	102
11.8791	102
11.8799	102
11.8807	102
11.8816	102
11.8824	102
11.8833	102
11.8841	102
11.885	102
11.8858	102
11.8866	102
11.8875	102
11.8883	102
11.8892	102
11.89	102
11.8909	102
11.8917	102
11.8925	102
11.8934	102
11.8942	102
11.8951	102
11.8959	102
11.8968	102
11.8976	102
11.8984	102
11.8993	102
11.9001	102
11.901	102
11.9018	102
11.9027	102
11.9035	102
11.9043	102
11.9052	102
11.906	102
11.9069	102
11.9077	102
11.9086	102
11.9094	102
11.9103	102
11.9111	102
11.9119	102
11.9128	102
11.9136	102
11.9145	102
11.9153	102
11.9162	102
11.917	102
11.9178	102
11.9187	102
11.9195	102
11.9204	102
11.9212	102
11.9221	102
11.9229	102
11.9237	102
11.9246	102
11.9254	102
11.9263	102
11.9271	102
11.928	102
11.9288	102
11.9296	102
11.9305	102
11.9313	102
11.9322	102
11.933	102
11.9339	102
11.9347	102
11.9355	102
11.9364	102
11.9372	102
11.9381	102
11.9389	102
11.9398	102
11.9406	102
11.9414	102
11.9423	102
11.9431	102
11.944	102
11.9448	102
11.9457	102
11.9465	102
11.9474	102
11.9482	102
11.949	102
11.9499	102
11.9507	102
11.9516	102
11.9524	102
11.9533	102
11.9541	102
11.9549	102
11.9558	102
11.9566	102
11.9575	102
11.9583	102
11.9592	102
11.96	102
11.9608	102
11.9617	102
11.9625	102
11.9634	102
11.9642	102
11.9651	102
11.9659	102
11.9667	102
11.9676	102
11.9684	102
11.9693	102
11.9701	102
11.971	102
11.9718	102
11.9726	102
11.9735	102
11.9743	102
11.9752	102
11.976	102
11.9769	102
11.9777	102
11.9786	102
11.9794	102
11.9802	102
11.9811	102
11.9819	102
11.9828	102
11.9836	102
11.9845	102
11.9853	102
11.9861	102
11.987	102
11.9878	102
11.9887	102
11.9895	102
11.9904	102
11.9912	102
11.992	102
11.9929	102
11.9937	102
11.9946	102
11.9954	102
11.9963	102
11.9971	102
11.9979	102
11.9988	102
11.9996	102
12.0005	102
12.0013	102
12.0022	102
12.003	102
12.0038	102
12.0047	102
12.0055	102
12.0064	102
12.0072	102
12.0081	102
12.0089	102
12.0097	102
12.0106	102
12.0114	102
12.0123	102
12.0131	102
12.014	102
12.0148	102
12.0157	102
12.0165	102
12.0173	102
12.0182	102
12.019	102
12.0199	102
12.0207	102
12.0216	102
12.0224	102
12.0232	102
12.0241	102
12.0249	102
12.0258	102
12.0266	102
12.0275	102
12.0283	102
12.0291	102
12.03	102
12.0308	102
12.0317	102
12.0325	102
12.0334	102
12.0342	102
12.035	102
12.0359	102
12.0367	102
12.0376	102
12.0384	102
12.0393	102
12.0401	102
12.0409	102
12.0418	102
12.0426	102
12.0435	102
12.0443	102
12.0452	102
12.046	102
12.0468	102
12.0477	102
12.0485	102
12.0494	102
12.0502	102
12.0511	102
12.0519	102
12.0528	102
12.0536	102
12.0544	102
12.0553	102
12.0561	102
12.057	102
12.0578	102
12.0587	102
12.0595	102
12.0603	102
12.0612	102
12.062	102
12.0629	102
12.0637	102
12.0646	102
12.0654	102
12.0662	102
12.0671	102
12.0679	102
12.0688	102
12.0696	102
12.0705	102
12.0713	102
12.0721	102
12.073	102
12.0738	102
12.0747	102
12.0755	102
12.0764	102
12.0772	102
12.078	102
12.0789	102
12.0797	102
12.0806	102
12.0814	102
12.0823	102
12.0831	102
12.084	102
12.0848	102
12.0856	102
12.0865	102
12.0873	102
12.0882	102
12.089	102
12.0899	102
12.0907	102
12.0915	102
12.0924	102
12.0932	102
12.0941	102
12.0949	102
12.0958	102
12.0966	102
12.0974	102
12.0983	102
12.0991	102
12.1	102
12.1008	102
12.1017	102
12.1025	102
12.1033	102
12.1042	102
12.105	102
12.1059	102
12.1067	102
12.1076	102
12.1084	102
12.1092	102
12.1101	102
12.1109	102
12.1118	102
12.1126	102
12.1135	102
12.1143	102
12.1151	102
12.116	102
12.1168	102
12.1177	102
12.1185	102
12.1194	102
12.1202	102
12.1211	102
12.1219	102
12.1227	102
12.1236	102
12.1244	102
12.1253	102
12.1261	102
12.127	102
12.1278	102
12.1286	102
12.1295	102
12.1303	102
12.1312	102
12.132	102
12.1329	102
12.1337	102
12.1345	102
12.1354	102
12.1362	102
12.1371	102
12.1379	102
12.1388	102
12.1396	102
12.1404	102
12.1413	102
12.1421	102
12.143	102
12.1438	102
12.1447	102
12.1455	102
12.1463	102
12.1472	102
12.148	102
12.1489	102
12.1497	102
12.1506	102
12.1514	102
12.1522	102
12.1531	102
12.1539	102
12.1548	102
12.1556	102
12.1565	102
12.1573	102
12.1582	102
12.159	102
12.1598	102
12.1607	102
12.1615	102
12.1624	102
12.1632	102
12.1641	102
12.1649	102
12.1657	102
12.1666	102
12.1674	102
12.1683	102
12.1691	102
12.17	102
12.1708	102
12.1716	102
12.1725	102
12.1733	102
12.1742	102
12.175	102
12.1759	102
12.1767	102
12.1775	102
12.1784	102
12.1792	102
12.1801	102
12.1809	102
12.1818	102
12.1826	102
12.1834	102
12.1843	102
12.1851	102
12.186	102
12.1868	102
12.1877	102
12.1885	102
12.1894	102
12.1902	102
12.191	102
12.1919	102
12.1927	102
12.1936	102
12.1944	102
12.1953	102
12.1961	102
12.1969	102
12.1978	102
12.1986	102
12.1995	102
12.2003	102
12.2012	102
12.202	102
12.2028	102
12.2037	102
12.2045	102
12.2054	102
12.2062	102
12.2071	102
12.2079	102
12.2087	102
12.2096	102
12.2104	102
12.2113	102
12.2121	102
12.213	102
12.2138	102
12.2146	102
12.2155	102
12.2163	102
12.2172	102
12.218	102
12.2189	102
12.2197	102
12.2205	102
12.2214	102
12.2222	102
12.2231	102
12.2239	102
12.2248	102
12.2256	102
12.2265	102
12.2273	102
12.2281	102
12.229	102
12.2298	102
12.2307	102
12.2315	102
12.2324	102
12.2332	102
12.234	102
12.2349	102
12.2357	102
12.2366	102
12.2374	102
12.2383	102
12.2391	102
12.2399	102
12.2408	102
12.2416	102
12.2425	102
12.2433	102
12.2442	102
12.245	102
12.2458	102
12.2467	102
12.2475	102
12.2484	102
12.2492	102
12.2501	102
12.2509	102
12.2517	102
12.2526	102
12.2534	102
12.2543	102
12.2551	102
12.256	102
12.2568	102
12.2576	102
12.2585	102
12.2593	102
12.2602	102
12.261	102
12.2619	102
12.2627	102
12.2636	102
12.2644	102
12.2652	102
12.2661	102
12.2669	102
12.2678	102
12.2686	102
12.2695	102
12.2703	102
12.2711	102
12.272	102
12.2728	102
12.2737	102
12.2745	102
12.2754	102
12.2762	102
12.277	102
12.2779	102
12.2787	102
12.2796	102
12.2804	102
12.2813	102
12.2821	102
12.2829	102
12.2838	102
12.2846	102
12.2855	102
12.2863	102
12.2872	102
12.288	102
12.2888	102
12.2897	102
12.2905	102
12.2914	102
12.2922	102
12.2931	102
12.2939	102
12.2948	102
12.2956	102
12.2964	102
12.2973	102
12.2981	102
12.299	102
12.2998	102
12.3007	102
12.3015	102
12.3023	102
12.3032	102
12.304	102
12.3049	102
12.3057	102
12.3066	102
12.3074	102
12.3082	102
12.3091	102
12.3099	102
12.3108	102
12.3116	102
12.3125	102
12.3133	102
12.3141	102
12.315	102
12.3158	102
12.3167	102
12.3175	102
12.3184	102
12.3192	102
12.32	102
12.3209	102
12.3217	102
12.3226	102
12.3234	102
12.3243	102
12.3251	102
12.3259	102
12.3268	102
12.3276	102
12.3285	102
12.3293	102
12.3302	102
12.331	102
12.3319	102
12.3327	102
12.3335	102
12.3344	102
12.3352	102
12.3361	102
12.3369	102
12.3378	102
12.3386	102
12.3394	102
12.3403	101
12.3411	101
12.342	101
12.3428	101
12.3437	101
12.3445	101
12.3453	101
12.3462	101
12.347	101
12.3479	101
12.3487	101
12.3496	101
12.3504	101
12.3512	101
12.3521	101
12.3529	101
12.3538	101
12.3546	101
12.3555	101
12.3563	101
12.3571	101
12.358	101
12.3588	101
12.3597	101
12.3605	101
12.3614	101
12.3622	101
12.363	101
12.3639	101
12.3647	101
12.3656	101
12.3664	101
12.3673	101
12.3681	101
12.369	101
12.3698	101
12.3706	101
12.3715	101
12.3723	101
12.3732	101
12.374	101
12.3749	101
12.3757	101
12.3765	101
12.3774	101
12.3782	101
12.3791	101
12.3799	101
12.3808	101
12.3816	101
12.3824	101
12.3833	101
12.3841	101
12.385	101
12.3858	101
12.3867	101
12.3875	101
12.3883	101
12.3892	101
12.39	101
12.3909	101
12.3917	101
12.3926	101
12.3934	101
12.3942	101
12.3951	101
12.3959	101
12.3968	101
12.3976	101
12.3985	101
12.3993	101
12.4002	101
12.401	101
12.4018	101
12.4027	101
12.4035	101
12.4044	101
12.4052	101
12.4061	101
12.4069	101
12.4077	101
12.4086	101
12.4094	101
12.4103	101
12.4111	101
12.412	101
12.4128	101
12.4136	101
12.4145	101
12.4153	101
12.4162	101
12.417	101
12.4179	101
12.4187	101
12.4195	101
12.4204	101
12.4212	101
12.4221	101
12.4229	101
12.4238	101
12.4246	101
12.4254	101
12.4263	101
12.4271	101
12.428	101
12.4288	101
12.4297	101
12.4305	101
12.4313	101
12.4322	101
12.433	101
12.4339	101
12.4347	101
12.4356	101
12.4364	101
12.4373	101
12.4381	101
12.4389	101
12.4398	101
12.4407	101
12.4416	101
12.4424	101
12.4433	101
12.4441	101
12.445	101
12.4458	101
12.4466	101
12.4475	101
12.4483	101
12.4492	101
12.45	101
12.4509	101
12.4517	101
12.4525	101
12.4534	101
12.4542	101
12.4551	101
12.4559	101
12.4568	101
12.4576	101
12.4585	101
12.4593	101
12.4601	101
12.461	101
12.4618	101
12.4627	101
12.4635	101
12.4644	101
12.4652	101
12.466	101
12.4669	101
12.4677	101
12.4686	101
12.4694	101
12.4703	101
12.4711	101
12.4719	101
12.4728	101
12.4736	101
12.4745	101
12.4753	101
12.4762	101
12.477	101
12.4778	101
12.4787	101
12.4795	101
12.4804	101
12.4812	101
12.4821	101
12.4829	101
12.4837	101
12.4846	101
12.4854	101
12.4863	101
12.4871	101
12.488	101
12.4888	101
12.4897	101
12.4905	101
12.4913	101
12.4922	101
12.493	101
12.4939	101
12.4947	101
12.4956	101
12.4964	101
12.4972	101
12.4981	101
12.4989	101
12.4998	101
12.5006	101
12.5015	101
12.5023	101
12.5031	101
12.504	101
12.5048	101
12.5057	101
12.5065	101
12.5074	101
12.5082	101
12.509	101
12.5099	101
12.5107	101
12.5116	101
12.5124	101
12.5133	101
12.5141	101
12.5149	101
12.5158	101
12.5166	101
12.5175	101
12.5183	101
12.5192	101
12.52	101
12.5208	101
12.5217	101
12.5225	101
12.5234	101
12.5242	101
12.5251	101
12.5259	101
12.5268	101
12.5276	101
12.5284	101
12.5293	101
12.5301	101
12.531	101
12.5318	101
12.5327	101
12.5335	101
12.5343	101
12.5352	101
12.536	101
12.5369	101
12.5377	101
12.5386	101
12.5394	101
12.5402	101
12.5411	101
12.5419	101
12.5428	101
12.5436	101
12.5445	101
12.5453	101
12.5461	101
12.547	101
12.5478	101
12.5487	101
12.5495	101
12.5504	101
12.5512	101
12.552	101
12.5529	101
12.5537	101
12.5546	101
12.5554	101
12.5563	101
12.5571	101
12.5579	101
12.5588	101
12.5596	101
12.5605	101
12.5613	101
12.5622	101
12.563	101
12.5639	101
12.5647	101
12.5655	101
12.5664	101
12.5672	101
12.5681	101
12.5689	101
12.5698	101
12.5706	101
12.5714	101
12.5723	101
12.5731	101
12.574	101
12.5748	101
12.5757	101
12.5765	101
12.5773	101
12.5782	101
12.579	101
12.5799	101
12.5807	101
12.5816	101
12.5824	101
12.5832	101
12.5841	101
12.5849	101
12.5858	101
12.5866	101
12.5875	101
12.5883	101
12.5891	101
12.59	101
12.5908	101
12.5917	101
12.5925	101
12.5934	101
12.5942	101
12.5951	101
12.5959	101
12.5967	101
12.5976	101
12.5984	101
12.5993	101
12.6001	101
12.601	101
12.6018	101
12.6026	101
12.6035	101
12.6043	101
12.6052	101
12.606	101
12.6069	101
12.6077	101
12.6085	101
12.6094	101
12.6102	101
12.6111	101
12.6119	101
12.6128	101
12.6136	101
12.6144	101
12.6153	101
12.6161	101
12.617	101
12.6178	101
12.6187	101
12.6195	101
12.6203	101
12.6212	101
12.622	101
12.6229	101
12.6237	101
12.6246	101
12.6254	101
12.6262	101
12.6271	101
12.6279	101
12.6288	101
12.6296	101
12.6305	101
12.6313	101
12.6322	101
12.633	101
12.6338	101
12.6347	101
12.6355	101
12.6364	101
12.6372	101
12.6381	101
12.6389	101
12.6397	101
12.6406	101
12.6414	101
12.6423	101
12.6431	101
12.644	101
12.6448	101
12.6456	101
12.6465	101
12.6473	101
12.6482	101
12.649	101
12.6499	101
12.6507	101
12.6515	101
12.6524	101
12.6532	101
12.6541	101
12.6549	101
12.6558	101
12.6566	101
12.6574	101
12.6583	101
12.6591	101
12.66	101
12.6608	101
12.6617	101
12.6625	101
12.6633	101
12.6642	101
12.665	101
12.6659	101
12.6667	101
12.6676	101
12.6684	101
12.6693	101
12.6701	101
12.6709	101
12.6718	101
12.6726	101
12.6735	101
12.6743	101
12.6752	101
12.676	101
12.6768	101
12.6777	101
12.6785	101
12.6794	101
12.6802	101
12.6811	101
12.6819	101
12.6827	101
12.6836	101
12.6844	101
12.6853	101
12.6861	101
12.687	101
12.6878	101
12.6886	101
12.6895	101
12.6903	101
12.6912	101
12.692	102
12.6929	102
12.6937	102
12.6945	102
12.6954	102
12.6962	102
12.6971	102
12.6979	102
12.6988	102
12.6996	102
12.7005	102
12.7013	102
12.7021	102
12.703	102
12.7038	102
12.7047	102
12.7055	102
12.7064	102
12.7072	102
12.708	102
12.7089	102
12.7097	102
12.7106	102
12.7114	102
12.7123	102
12.7131	102
12.7139	102
12.7148	102
12.7156	102
12.7165	102
12.7173	102
12.7182	102
12.719	102
12.7198	102
12.7207	102
12.7215	102
12.7224	102
12.7232	102
12.7241	102
12.7249	102
12.7257	102
12.7266	102
12.7274	102
12.7283	102
12.7291	102
12.73	102
12.7308	102
12.7316	102
12.7325	102
12.7333	102
12.7342	102
12.735	102
12.7359	102
12.7367	102
12.7376	102
12.7384	102
12.7392	102
12.7401	102
12.7409	102
12.7418	102
12.7426	102
12.7435	102
12.7443	102
12.7451	102
12.746	102
12.7468	102
12.7477	102
12.7485	102
12.7494	102
12.7502	102
12.751	102
12.7519	102
12.7527	102
12.7536	102
12.7544	102
12.7553	102
12.7561	102
12.7569	102
12.7578	102
12.7586	102
12.7595	102
12.7603	102
12.7612	102
12.762	102
12.7628	102
12.7637	102
12.7645	102
12.7654	102
12.7662	102
12.7671	102
12.7679	102
12.7687	102
12.7696	102
12.7704	102
12.7713	102
12.7721	102
12.773	102
12.7738	102
12.7747	102
12.7755	102
12.7763	102
12.7772	102
12.778	102
12.7789	102
12.7797	102
12.7806	102
12.7814	102
12.7822	102
12.7831	102
12.7839	102
12.7848	102
12.7856	102
12.7865	102
12.7873	102
12.7881	102
12.789	102
12.7898	102
12.7907	102
12.7915	102
12.7924	102
12.7932	102
12.794	102
12.7949	102
12.7957	102
12.7966	102
12.7974	102
12.7983	102
12.7991	102
12.7999	102
12.8008	102
12.8016	102
12.8025	102
12.8033	102
12.8042	102
12.805	102
12.8059	102
12.8067	102
12.8075	102
12.8084	102
12.8092	102
12.8101	102
12.8109	102
12.8118	102
12.8126	102
12.8134	102
12.8143	102
12.8151	102
12.816	102
12.8168	102
12.8177	102
12.8185	102
12.8193	102
12.8202	102
12.821	102
12.8219	102
12.8227	102
12.8236	102
12.8244	102
12.8252	102
12.8261	102
12.8269	102
12.8278	102
12.8286	102
12.8295	102
12.8303	102
12.8311	102
12.832	102
12.8328	102
12.8337	102
12.8345	102
12.8354	102
12.8362	102
12.837	102
12.8379	102
12.8387	102
12.8396	102
12.8404	102
12.8413	102
12.8421	102
12.843	102
12.8438	102
12.8446	102
12.8455	102
12.8463	102
12.8472	102
12.848	102
12.8489	102
12.8497	102
12.8505	102
12.8514	102
12.8522	102
12.8531	102
12.8539	102
12.8548	102
12.8556	102
12.8564	102
12.8573	102
12.8581	102
12.859	102
12.8598	102
12.8607	102
12.8615	102
12.8623	102
12.8632	102
12.864	102
12.8649	102
12.8657	102
12.8666	102
12.8674	102
12.8682	102
12.8691	102
12.8699	102
12.8708	102
12.8716	102
12.8725	102
12.8733	102
12.8741	102
12.875	102
12.8758	102
12.8767	102
12.8775	102
12.8784	102
12.8792	102
12.8801	102
12.8809	102
12.8817	102
12.8826	102
12.8834	102
12.8843	102
12.8851	102
12.886	102
12.8868	102
12.8876	102
12.8885	102
12.8893	102
12.8902	102
12.891	102
12.8919	102
12.8927	102
12.8935	102
12.8944	102
12.8952	102
12.8961	102
12.8969	102
12.8978	102
12.8986	102
12.8994	102
12.9003	102
12.9011	102
12.902	102
12.9028	102
12.9037	102
12.9045	102
12.9053	102
12.9062	102
12.907	102
12.9079	102
12.9087	102
12.9096	102
12.9104	102
12.9113	102
12.9121	102
12.9129	102
12.9138	102
12.9146	102
12.9155	102
12.9163	102
12.9172	102
12.918	102
12.9188	102
12.9197	102
12.9205	102
12.9214	102
12.9222	102
12.9231	102
12.9239	102
12.9247	102
12.9256	102
12.9264	102
12.9273	102
12.9281	102
12.929	102
12.9298	102
12.9306	102
12.9315	102
12.9323	102
12.9332	102
12.934	102
12.9349	102
12.9357	102
12.9365	102
12.9374	102
12.9382	102
12.9391	102
12.9399	102
12.9408	102
12.9416	102
12.9424	102
12.9433	102
12.9441	102
12.945	102
12.9458	102
12.9467	102
12.9475	102
12.9484	102
12.9492	102
12.95	102
12.9509	102
12.9517	102
12.9526	102
12.9534	102
12.9543	102
12.9551	102
12.9559	102
12.9568	102
12.9576	102
12.9585	102
12.9593	102
12.9602	102
12.961	102
12.9618	102
12.9627	102
12.9635	102
12.9644	102
12.9652	102
12.9661	102
12.9669	102
12.9677	102
12.9686	102
12.9694	102
12.9703	102
12.9711	102
12.972	102
12.9728	102
12.9736	102
12.9745	102
12.9753	102
12.9762	102
12.977	102
12.9779	102
12.9787	102
12.9795	102
12.9804	102
12.9812	102
12.9821	102
12.9829	102
12.9838	102
12.9846	102
12.9855	102
12.9863	102
12.9871	102
12.988	102
12.9888	102
12.9897	102
12.9905	102
12.9914	102
12.9922	102
12.993	102
12.9939	102
12.9947	102
12.9956	102
12.9964	102
12.9973	102
12.9981	102
12.9989	102
12.9998	102
13.0006	102
13.0015	102
13.0023	102
13.0032	102
13.004	102
13.0048	102
13.0057	102
13.0065	102
13.0074	102
13.0082	102
13.0091	102
13.0099	102
13.0107	102
13.0116	102
13.0124	102
13.0133	102
13.0141	102
13.015	102
13.0158	102
13.0167	102
13.0175	102
13.0183	102
13.0192	102
13.02	102
13.0209	102
13.0217	102
13.0226	102
13.0234	102
13.0242	102
13.0251	102
13.0259	102
13.0268	102
13.0276	102
13.0285	102
13.0293	102
13.0301	102
13.031	102
13.0318	102
13.0327	102
13.0335	102
13.0344	102
13.0352	102
13.036	102
13.0369	102
13.0377	102
13.0386	102
13.0394	102
13.0403	102
13.0411	102
13.0419	102
13.0428	102
13.0436	102
13.0445	102
13.0453	102
13.0462	102
13.047	102
13.0478	102
13.0487	102
13.0495	102
13.0504	102
13.0512	102
13.0521	102
13.0529	102
13.0538	102
13.0546	102
13.0554	102
13.0563	102
13.0571	102
13.058	102
13.0588	102
13.0597	102
13.0605	102
13.0613	102
13.0622	102
13.063	102
13.0639	102
13.0647	102
13.0656	102
13.0664	102
13.0672	102
13.0681	102
13.0689	102
13.0698	102
13.0706	102
13.0715	102
13.0723	102
13.0731	102
13.074	102
13.0748	102
13.0757	102
13.0765	102
13.0774	102
13.0782	102
13.079	102
13.0799	102
13.0807	102
13.0816	102
13.0824	102
13.0833	102
13.0841	102
13.0849	102
13.0858	102
13.0866	102
13.0875	102
13.0883	102
13.0892	102
13.09	102
13.0909	102
13.0917	102
13.0925	102
13.0934	102
13.0942	102
13.0951	102
13.0959	102
13.0968	102
13.0976	102
13.0984	102
13.0993	102
13.1001	102
13.101	102
13.1018	102
13.1027	102
13.1035	102
13.1043	102
13.1052	102
13.106	102
13.1069	102
13.1077	102
13.1086	102
13.1094	102
13.1102	102
13.1111	102
13.1119	102
13.1128	102
13.1136	102
13.1145	102
13.1153	102
13.1161	102
13.117	102
13.1178	102
13.1187	102
13.1195	102
13.1204	102
13.1212	102
13.1221	102
13.1229	102
13.1237	102
13.1246	102
13.1254	102
13.1263	102
13.1271	102
13.128	102
13.1288	102
13.1296	102
13.1305	102
13.1313	102
13.1322	102
13.133	102
13.1339	102
13.1347	102
13.1355	102
13.1364	102
13.1372	102
13.1381	102
13.1389	102
13.1398	102
13.1406	102
13.1414	102
13.1423	102
13.1431	102
13.144	102
13.1448	102
13.1457	102
13.1465	102
13.1473	102
13.1482	101
13.149	101
13.1499	101
13.1507	101
13.1516	101
13.1524	101
13.1532	101
13.1541	101
13.1549	101
13.1558	101
13.1566	101
13.1575	101
13.1583	101
13.1592	101
13.16	101
13.1608	101
13.1617	101
13.1625	101
13.1634	101
13.1642	101
13.1651	101
13.1659	101
13.1667	101
13.1676	101
13.1684	101
13.1693	101
13.1701	101
13.171	101
13.1718	101
13.1726	101
13.1735	101
13.1743	101
13.1752	101
13.176	101
13.1769	101
13.1777	101
13.1785	101
13.1794	101
13.1802	101
13.1811	101
13.1819	101
13.1828	101
13.1836	101
13.1844	101
13.1853	101
13.1861	101
13.187	101
13.1878	101
13.1887	101
13.1895	101
13.1903	101
13.1912	101
13.192	101
13.1929	101
13.1937	101
13.1946	101
13.1954	101
13.1963	101
13.1971	101
13.1979	101
13.1988	101
13.1996	101
13.2005	101
13.2013	101
13.2022	101
13.203	101
13.2038	101
13.2047	101
13.2055	101
13.2064	101
13.2072	101
13.2081	101
13.2089	101
13.2097	101
13.2106	101
13.2114	101
13.2123	101
13.2131	101
13.214	101
13.2148	101
13.2156	101
13.2165	101
13.2173	101
13.2182	101
13.219	101
13.2199	101
13.2207	101
13.2215	101
13.2224	101
13.2232	101
13.2241	101
13.2249	101
13.2258	101
13.2266	101
13.2275	101
13.2283	101
13.2291	101
13.23	101
13.2308	101
13.2317	101
13.2325	101
13.2334	101
13.2342	101
13.235	101
13.2359	101
13.2367	101
13.2376	101
13.2384	101
13.2393	101
13.2401	101
13.2409	101
13.2418	101
13.2426	101
13.2435	101
13.2443	101
13.2452	101
13.246	101
13.2468	101
13.2477	101
13.2487	101
13.2495	101
13.2503	101
13.2512	101
13.252	101
13.2529	101
13.2537	101
13.2546	101
13.2554	101
13.2562	101
13.2571	101
13.2579	101
13.2588	101
13.2596	101
13.2605	101
13.2613	101
13.2621	101
13.263	101
13.2638	101
13.2647	101
13.2655	101
13.2664	101
13.2672	101
13.268	101
13.2689	101
13.2697	101
13.2706	101
13.2714	101
13.2723	101
13.2731	101
13.2739	101
13.2748	101
13.2756	101
13.2765	101
13.2773	101
13.2782	101
13.279	101
13.2798	101
13.2807	101
13.2815	101
13.2824	101
13.2832	101
13.2841	101
13.2849	101
13.2858	101
13.2866	101
13.2874	101
13.2883	101
13.2891	101
13.29	101
13.2908	101
13.2917	101
13.2925	101
13.2933	101
13.2942	101
13.295	101
13.2959	101
13.2967	101
13.2976	101
13.2984	101
13.2992	101
13.3001	101
13.3009	101
13.3018	101
13.3026	101
13.3035	101
13.3043	101
13.3051	101
13.306	101
13.3068	101
13.3077	101
13.3085	101
13.3094	101
13.3102	101
13.311	101
13.3119	101
13.3127	101
13.3136	101
13.3144	101
13.3153	101
13.3161	101
13.3169	101
13.3178	101
13.3186	101
13.3195	101
13.3203	101
13.3212	101
13.322	101
13.3229	101
13.3237	101
13.3245	101
13.3254	101
13.3262	101
13.3271	101
13.3279	101
13.3288	101
13.3296	101
13.3304	101
13.3313	101
13.3321	101
13.333	101
13.3338	101
13.3347	101
13.3355	101
13.3363	101
13.3372	101
13.338	101
13.3389	101
13.3397	101
13.3406	101
13.3414	101
13.3422	101
13.3431	101
13.3439	101
13.3448	101
13.3456	101
13.3465	101
13.3473	101
13.3481	101
13.349	101
13.3498	101
13.3507	101
13.3515	101
13.3524	101
13.3532	101
13.3541	101
13.3549	101
13.3557	101
13.3566	101
13.3574	101
13.3583	101
13.3591	101
13.36	101
13.3608	101
13.3616	101
13.3625	101
13.3633	101
13.3642	101
13.365	101
13.3659	101
13.3667	101
13.3675	101
13.3684	101
13.3692	101
13.3701	101
13.3709	101
13.3718	101
13.3726	101
13.3734	101
13.3743	101
13.3751	101
13.376	101
13.3768	101
13.3777	101
13.3785	101
13.3793	101
13.3802	101
13.381	101
13.3819	101
13.3827	101
13.3836	101
13.3844	101
13.3852	101
13.3861	101
13.3869	101
13.3878	101
13.3886	101
13.3895	101
13.3903	101
13.3912	101
13.392	101
13.3928	101
13.3937	101
13.3945	101
13.3954	101
13.3962	101
13.3971	101
13.3979	101
13.3987	101
13.3996	101
13.4004	101
13.4013	101
13.4021	101
13.403	101
13.4038	101
13.4046	101
13.4055	101
13.4063	101
13.4072	101
13.408	101
13.4089	101
13.4097	101
13.4105	101
13.4114	101
13.4122	101
13.4131	101
13.4139	101
13.4148	101
13.4156	101
13.4164	101
13.4173	101
13.4181	101
13.419	101
13.4198	101
13.4207	101
13.4215	101
13.4223	101
13.4232	101
13.424	101
13.4249	101
13.4257	101
13.4266	101
13.4274	101
13.4283	101
13.4291	101
13.4299	101
13.4308	101
13.4316	101
13.4325	101
13.4333	101
13.4342	101
13.435	101
13.4358	101
13.4367	101
13.4375	101
13.4384	101
13.4392	101
13.4401	101
13.4409	101
13.4417	101
13.4426	101
13.4434	101
13.4443	101
13.4451	101
13.446	101
13.4468	101
13.4476	101
13.4485	101
13.4493	101
13.4502	101
13.451	101
13.4519	101
13.4527	101
13.4535	101
13.4544	101
13.4552	101
13.4561	101
13.4569	101
13.4578	101
13.4586	101
13.4595	101
13.4603	101
13.4611	101
13.462	101
13.4628	101
13.4637	101
13.4645	101
13.4654	101
13.4662	101
13.467	101
13.4679	101
13.4687	101
13.4696	101
13.4704	101
13.4713	101
13.4721	101
13.4729	101
13.4738	101
13.4746	101
13.4755	101
13.4763	101
13.4772	101
13.478	102
13.4788	102
13.4797	102
13.4805	102
13.4814	102
13.4822	102
13.4831	102
13.4839	102
13.4847	102
13.4856	102
13.4864	102
13.4873	102
13.4881	102
13.489	102
13.4898	102
13.4906	102
13.4915	102
13.4923	102
13.4932	102
13.494	102
13.4949	102
13.4957	102
13.4966	102
13.4974	102
13.4982	102
13.4991	102
13.4999	102
13.5008	102
13.5016	102
13.5025	102
13.5033	102
13.5041	102
13.505	102
13.5058	102
13.5067	102
13.5075	102
13.5084	102
13.5092	102
13.51	102
13.5109	102
13.5117	102
13.5126	102
13.5134	102
13.5143	102
13.5151	102
13.5159	102
13.5168	102
13.5176	102
13.5185	102
13.5193	102
13.5202	102
13.521	102
13.5218	102
13.5227	102
13.5235	102
13.5244	102
13.5252	102
13.5261	102
13.5269	102
13.5277	102
13.5286	102
13.5294	102
13.5303	102
13.5311	102
13.532	102
13.5328	102
13.5337	102
13.5345	102
13.5353	102
13.5362	102
13.537	102
13.5379	102
13.5387	102
13.5396	102
13.5404	102
13.5412	102
13.5421	102
13.5429	102
13.5438	102
13.5446	102
13.5455	102
13.5463	102
13.5471	102
13.548	102
13.5488	102
13.5497	102
13.5505	102
13.5514	102
13.5522	102
13.553	102
13.5539	102
13.5547	102
13.5556	102
13.5564	102
13.5573	102
13.5581	102
13.5589	102
13.5598	102
13.5606	102
13.5615	102
13.5623	102
13.5632	102
13.564	102
13.5649	102
13.5657	102
13.5665	102
13.5674	102
13.5682	102
13.5691	102
13.5699	102
13.5708	102
13.5716	102
13.5724	102
13.5733	102
13.5741	102
13.575	102
13.5758	102
13.5767	102
13.5775	102
13.5783	102
13.5792	102
13.58	102
13.5809	102
13.5817	102
13.5826	102
13.5834	102
13.5842	102
13.5851	102
13.5859	102
13.5868	102
13.5876	102
13.5885	102
13.5893	102
13.5901	102
13.591	102
13.5918	102
13.5927	102
13.5935	102
13.5944	102
13.5952	102
13.596	102
13.5969	102
13.5977	102
13.5986	102
13.5994	102
13.6003	102
13.6011	102
13.602	102
13.6028	102
13.6036	102
13.6045	102
13.6053	102
13.6062	102
13.607	102
13.6079	102
13.6087	102
13.6095	102
13.6104	102
13.6112	102
13.6121	102
13.6129	102
13.6138	102
13.6146	102
13.6154	102
13.6163	102
13.6171	102
13.618	102
13.6188	102
13.6197	102
13.6205	102
13.6213	102
13.6222	102
13.623	102
13.6239	102
13.6247	102
13.6256	102
13.6264	102
13.6272	102
13.6281	102
13.6289	102
13.6298	102
13.6306	102
13.6315	102
13.6323	102
13.6331	102
13.634	102
13.6348	102
13.6357	102
13.6365	102
13.6374	102
13.6382	102
13.6391	102
13.6399	102
13.6407	102
13.6416	102
13.6424	102
13.6433	102
13.6441	102
13.645	102
13.6458	102
13.6466	102
13.6475	102
13.6483	102
13.6492	102
13.65	102
13.6509	102
13.6517	102
13.6525	102
13.6534	102
13.6542	102
13.6551	102
13.6559	102
13.6568	102
13.6576	102
13.6584	102
13.6593	102
13.6601	102
13.661	102
13.6618	102
13.6627	102
13.6635	102
13.6643	102
13.6652	102
13.666	102
13.6669	102
13.6677	102
13.6686	102
13.6694	102
13.6703	102
13.6711	102
13.6719	102
13.6728	102
13.6736	102
13.6745	102
13.6753	102
13.6762	102
13.677	102
13.6778	102
13.6787	102
13.6795	102
13.6804	102
13.6812	102
13.6821	102
13.6829	102
13.6837	102
13.6846	102
13.6854	102
13.6863	102
13.6871	102
13.688	102
13.6888	102
13.6896	102
13.6905	102
13.6913	102
13.6922	102
13.693	102
13.6939	102
13.6947	102
13.6955	102
13.6964	102
13.6972	102
13.6981	102
13.6989	102
13.6998	102
13.7006	102
13.7014	102
13.7023	102
13.7031	102
13.704	102
13.7048	102
13.7057	102
13.7065	102
13.7074	102
13.7082	102
13.709	102
13.7099	102
13.7107	102
13.7116	102
13.7124	102
13.7133	102
13.7141	102
13.7149	102
13.7158	102
13.7166	102
13.7175	102
13.7183	102
13.7192	102
13.72	102
13.7208	102
13.7217	102
13.7225	102
13.7234	102
13.7242	102
13.7251	102
13.7259	102
13.7267	102
13.7276	102
13.7284	102
13.7293	102
13.7301	102
13.731	102
13.7318	102
13.7326	102
13.7335	102
13.7343	102
13.7352	102
13.736	102
13.7369	102
13.7377	102
13.7385	102
13.7394	102
13.7402	102
13.7411	102
13.7419	102
13.7428	102
13.7436	102
13.7445	102
13.7453	102
13.7461	102
13.747	102
13.7478	102
13.7487	102
13.7495	102
13.7504	102
13.7512	102
13.752	102
13.7529	102
13.7537	102
13.7546	102
13.7554	102
13.7563	102
13.7571	102
13.7579	102
13.7588	102
13.7596	102
13.7605	102
13.7613	102
13.7622	102
13.763	102
13.7638	102
13.7647	102
13.7655	102
13.7664	102
13.7672	102
13.7681	102
13.7689	102
13.7697	102
13.7706	102
13.7714	102
13.7723	102
13.7731	102
13.774	102
13.7748	102
13.7757	102
13.7765	102
13.7773	102
13.7782	102
13.779	102
13.7799	102
13.7807	102
13.7816	102
13.7824	102
13.7832	102
13.7841	102
13.7849	102
13.7858	102
13.7866	102
13.7875	102
13.7883	102
13.7891	102
13.79	102
13.7908	102
13.7917	102
13.7925	102
13.7934	102
13.7942	102
13.795	102
13.7959	102
13.7967	102
13.7976	102
13.7984	102
13.7993	102
13.8001	102
13.8009	102
13.8018	102
13.8026	102
13.8035	102
13.8043	102
13.8052	102
13.806	102
13.8068	102
13.8077	102
13.8085	102
13.8094	102
13.8102	102
13.8111	102
13.8119	102
13.8128	102
13.8136	102
13.8144	102
13.8153	102
13.8161	102
13.817	102
13.8178	102
13.8187	102
13.8195	102
13.8203	102
13.8212	102
13.822	102
13.8229	102
13.8237	102
13.8246	102
13.8254	102
13.8262	102
13.8271	102
13.8279	102
13.8288	102
13.8296	102
13.8305	102
13.8313	102
13.8321	102
13.833	102
13.8338	102
13.8347	102
13.8355	102
13.8364	102
13.8372	102
13.838	102
13.8389	102
13.8397	102
13.8406	102
13.8414	102
13.8423	102
13.8431	102
13.8439	102
13.8448	102
13.8456	102
13.8465	102
13.8473	102
13.8482	102
13.849	102
13.8499	102
13.8507	102
13.8515	102
13.8524	102
13.8532	102
13.8541	102
13.8549	102
13.8558	102
13.8566	102
13.8574	102
13.8583	102
13.8591	102
13.86	102
13.8608	102
13.8617	102
13.8625	102
13.8633	102
13.8642	102
13.865	102
13.8659	102
13.8667	102
13.8676	102
13.8684	102
13.8692	102
13.8701	102
13.8709	102
13.8718	102
13.8726	102
13.8735	102
13.8743	102
13.8751	102
13.876	102
13.8768	102
13.8777	102
13.8785	102
13.8794	102
13.8802	102
13.8811	102
13.8819	102
13.8827	102
13.8836	102
13.8844	102
13.8853	102
13.8861	102
13.887	102
13.8878	102
13.8886	102
13.8895	102
13.8903	102
13.8912	102
13.892	102
13.8929	102
13.8937	102
13.8945	102
13.8954	102
13.8962	102
13.8971	102
13.8979	102
13.8988	102
13.8996	102
13.9004	102
13.9013	102
13.9021	102
13.903	102
13.9038	102
13.9047	102
13.9055	102
13.9063	102
13.9072	102
13.908	102
13.9089	102
13.9097	102
13.9106	102
13.9114	102
13.9122	102
13.9131	102
13.9139	102
13.9148	102
13.9156	102
13.9165	102
13.9173	102
13.9182	102
13.919	102
13.9198	102
13.9207	102
13.9215	102
13.9224	102
13.9232	102
13.9241	102
13.9249	102
13.9257	102
13.9266	102
13.9274	102
13.9283	102
13.9291	102
13.93	102
13.9308	102
13.9316	102
13.9325	102
13.9333	102
13.9342	102
13.935	102
13.9359	102
13.9367	102
13.9375	102
13.9384	102
13.9392	102
13.9401	102
13.9409	102
13.9418	102
13.9426	102
13.9434	102
13.9443	102
13.9451	102
13.946	102
13.9468	102
13.9477	102
13.9485	102
13.9493	102
13.9502	102
13.951	102
13.9519	102
13.9527	102
13.9536	102
13.9544	102
13.9553	102
13.9561	102
13.9569	101
13.9578	101
13.9586	101
13.9595	101
13.9603	101
13.9612	101
13.962	101
13.9628	101
13.9637	101
13.9645	101
13.9654	101
13.9662	101
13.9671	101
13.9679	101
13.9687	101
13.9696	101
13.9704	101
13.9713	101
13.9721	101
13.973	101
13.9738	101
13.9746	101
13.9755	101
13.9763	101
13.9772	101
13.978	101
13.9789	101
13.9797	101
13.9805	101
13.9814	101
13.9822	101
13.9831	101
13.9839	101
13.9848	101
13.9856	101
13.9865	101
13.9873	101
13.9881	101
13.989	101
13.9898	101
13.9907	101
13.9915	101
13.9924	101
13.9932	101
13.994	101
13.9949	101
13.9957	101
13.9966	101
13.9974	101
13.9983	101
13.9991	101
13.9999	101
14.0008	101
14.0016	101
14.0025	101
14.0033	101
14.0042	101
14.005	101
14.0058	101
14.0067	101
14.0075	101
14.0084	101
14.0092	101
14.0101	101
14.0109	101
14.0117	101
14.0126	101
14.0134	101
14.0143	101
14.0151	101
14.016	101
14.0168	101
14.0176	101
14.0185	101
14.0193	101
14.0202	101
14.021	101
14.0219	101
14.0227	101
14.0236	101
14.0244	101
14.0252	101
14.0261	101
14.0269	101
14.0278	101
14.0286	101
14.0295	101
14.0303	101
14.0311	101
14.032	101
14.0328	101
14.0337	101
14.0345	101
14.0354	101
14.0362	101
14.037	101
14.0379	101
14.0387	101
14.0396	101
14.0404	101
14.0413	101
14.0421	101
14.0429	101
14.0438	101
14.0446	101
14.0455	101
14.0463	101
14.0472	101
14.048	101
14.0488	101
14.0497	101
14.0505	101
14.0514	101
14.0522	101
14.0531	101
14.0539	101
14.0547	101
14.0556	101
14.0566	101
14.0574	101
14.0582	101
14.0591	101
14.0599	101
14.0608	101
14.0616	101
14.0625	101
14.0633	101
14.0641	101
14.065	101
14.0658	101
14.0667	101
14.0675	101
14.0684	101
14.0692	101
14.07	101
14.0709	101
14.0717	101
14.0726	101
14.0734	101
14.0743	101
14.0751	101
14.0759	101
14.0768	101
14.0776	101
14.0785	101
14.0793	101
14.0802	101
14.081	101
14.0819	101
14.0827	101
14.0835	101
14.0844	101
14.0852	101
14.0861	101
14.0869	101
14.0878	101
14.0886	101
14.0894	101
14.0903	101
14.0911	101
14.092	101
14.0928	101
14.0937	101
14.0945	101
14.0953	101
14.0962	101
14.097	101
14.0979	101
14.0987	101
14.0996	101
14.1004	101
14.1012	101
14.1021	101
14.1029	101
14.1038	101
14.1046	101
14.1055	101
14.1063	101
14.1071	101
14.108	101
14.1088	101
14.1097	101
14.1105	101
14.1114	101
14.1122	101
14.1131	101
14.1139	101
14.1147	101
14.1156	101
14.1164	101
14.1173	101
14.1181	101
14.119	101
14.1198	101
14.1206	101
14.1215	101
14.1223	101
14.1232	101
14.124	101
14.1249	101
14.1257	101
14.1265	101
14.1274	101
14.1282	101
14.1291	101
14.1299	101
14.1308	101
14.1316	101
14.1324	101
14.1333	101
14.1341	101
14.135	101
14.1358	101
14.1367	101
14.1375	101
14.1383	101
14.1392	101
14.14	101
14.1409	101
14.1417	101
14.1426	101
14.1434	101
14.1442	101
14.1451	101
14.1459	101
14.1468	101
14.1476	101
14.1485	101
14.1493	101
14.1502	101
14.151	101
14.1518	101
14.1527	101
14.1535	101
14.1544	101
14.1552	101
14.1561	101
14.1569	101
14.1577	101
14.1586	101
14.1594	101
14.1603	101
14.1611	101
14.162	101
14.1628	101
14.1636	101
14.1645	101
14.1653	101
14.1662	101
14.167	101
14.1679	101
14.1687	101
14.1695	101
14.1704	101
14.1712	101
14.1721	101
14.1729	101
14.1738	101
14.1746	101
14.1754	101
14.1763	101
14.1771	101
14.178	101
14.1788	101
14.1797	101
14.1805	101
14.1813	101
14.1822	101
14.183	101
14.1839	101
14.1847	101
14.1856	101
14.1864	101
14.1873	101
14.1881	101
14.1889	101
14.1898	101
14.1906	101
14.1915	101
14.1923	101
14.1932	101
14.194	101
14.1948	101
14.1957	101
14.1965	101
14.1974	101
14.1982	101
14.1991	101
14.1999	101
14.2007	101
14.2016	101
14.2024	101
14.2033	101
14.2041	101
14.205	101
14.2058	101
14.2066	101
14.2075	101
14.2083	101
14.2092	101
14.21	101
14.2109	101
14.2117	101
14.2125	101
14.2134	101
14.2142	101
14.2151	101
14.2159	101
14.2168	101
14.2176	101
14.2185	101
14.2193	101
14.2201	101
14.221	101
14.2218	101
14.2227	101
14.2235	101
14.2244	101
14.2252	101
14.226	101
14.2269	101
14.2277	101
14.2286	101
14.2294	101
14.2303	101
14.2311	101
14.2319	101
14.2328	101
14.2336	101
14.2345	101
14.2353	101
14.2362	101
14.237	101
14.2378	101
14.2387	101
14.2395	101
14.2404	101
14.2412	101
14.2421	101
14.2429	101
14.2437	101
14.2446	101
14.2454	101
14.2463	101
14.2471	101
14.248	101
14.2488	101
14.2496	101
14.2505	101
14.2513	101
14.2522	101
14.253	101
14.2539	101
14.2547	101
14.2556	101
14.2564	101
14.2572	101
14.2581	101
14.2589	101
14.2598	101
14.2606	101
14.2615	101
14.2623	101
14.2631	101
14.264	101
14.2648	101
14.2657	101
14.2665	101
14.2674	101
14.2682	101
14.269	101
14.2699	101
14.2707	101
14.2716	101
14.2724	101
14.2733	101
14.2741	101
14.2749	101
14.2758	101
14.2766	101
14.2775	101
14.2783	101
14.2792	101
14.28	102
14.2808	102
14.2817	102
14.2825	102
14.2834	102
14.2842	102
14.2851	102
14.2859	102
14.2867	102
14.2876	102
14.2884	102
14.2893	102
14.2901	102
14.291	102
14.2918	102
14.2927	102
14.2935	102
14.2943	102
14.2952	102
14.296	102
14.2969	102
14.2977	102
14.2986	102
14.2994	102
14.3002	102
14.3011	102
14.3019	102
14.3028	102
14.3036	102
14.3045	102
14.3053	102
14.3061	102
14.307	102
14.3078	102
14.3087	102
14.3095	102
14.3104	102
14.3112	102
14.312	102
14.3129	102
14.3137	102
14.3146	102
14.3154	102
14.3163	102
14.3171	102
14.3179	102
14.3188	102
14.3196	102
14.3205	102
14.3213	102
14.3222	102
14.323	102
14.3239	102
14.3247	102
14.3255	102
14.3264	102
14.3272	102
14.3281	102
14.3289	102
14.3298	102
14.3306	102
14.3314	102
14.3323	102
14.3331	102
14.334	102
14.3348	102
14.3357	102
14.3365	102
14.3373	102
14.3382	102
14.339	102
14.3399	102
14.3407	102
14.3416	102
14.3424	102
14.3432	102
14.3441	102
14.3449	102
14.3458	102
14.3466	102
14.3475	102
14.3483	102
14.3491	102
14.35	102
14.3508	102
14.3517	102
14.3525	102
14.3534	102
14.3542	102
14.355	102
14.3559	102
14.3567	102
14.3576	102
14.3584	102
14.3593	102
14.3601	102
14.361	102
14.3618	102
14.3626	102
14.3635	102
14.3643	102
14.3652	102
14.366	102
14.3669	102
14.3677	102
14.3685	102
14.3694	102
14.3702	102
14.3711	102
14.3719	102
14.3728	102
14.3736	102
14.3744	102
14.3753	102
14.3761	102
14.377	102
14.3778	102
14.3787	102
14.3795	102
14.3803	102
14.3812	102
14.382	102
14.3829	102
14.3837	102
14.3846	102
14.3854	102
14.3862	102
14.3871	102
14.3879	102
14.3888	102
14.3896	102
14.3905	102
14.3913	102
14.3921	102
14.393	102
14.3938	102
14.3947	102
14.3955	102
14.3964	102
14.3972	102
14.3981	102
14.3989	102
14.3997	102
14.4006	102
14.4014	102
14.4023	102
14.4031	102
14.404	102
14.4048	102
14.4056	102
14.4065	102
14.4073	102
14.4082	102
14.409	102
14.4099	102
14.4107	102
14.4115	102
14.4124	102
14.4132	102
14.4141	102
14.4149	102
14.4158	102
14.4166	102
14.4174	102
14.4183	102
14.4191	102
14.42	102
14.4208	102
14.4217	102
14.4225	102
14.4233	102
14.4242	102
14.425	102
14.4259	102
14.4267	102
14.4276	102
14.4284	102
14.4293	102
14.4301	102
14.4309	102
14.4318	102
14.4326	102
14.4335	102
14.4343	102
14.4352	102
14.436	102
14.4368	102
14.4377	102
14.4385	102
14.4394	102
14.4402	102
14.4411	102
14.4419	102
14.4427	102
14.4436	102
14.4444	102
14.4453	102
14.4461	102
14.447	102
14.4478	102
14.4486	102
14.4495	102
14.4503	102
14.4512	102
14.452	102
14.4529	102
14.4537	102
14.4545	102
14.4554	102
14.4562	102
14.4571	102
14.4579	102
14.4588	102
14.4596	102
14.4604	102
14.4613	102
14.4621	102
14.463	102
14.4638	102
14.4647	102
14.4655	102
14.4664	102
14.4672	102
14.468	102
14.4689	102
14.4697	102
14.4706	102
14.4714	102
14.4723	102
14.4731	102
14.4739	102
14.4748	102
14.4756	102
14.4765	102
14.4773	102
14.4782	102
14.479	102
14.4798	102
14.4807	102
14.4815	102
14.4824	102
14.4832	102
14.4841	102
14.4849	102
14.4857	102
14.4866	102
14.4874	102
14.4883	102
14.4891	102
14.49	102
14.4908	102
14.4916	102
14.4925	102
14.4933	102
14.4942	102
14.495	102
14.4959	102
14.4967	102
14.4975	102
14.4984	102
14.4992	102
14.5001	102
14.5009	102
14.5018	102
14.5026	102
14.5035	102
14.5043	102
14.5051	102
14.506	102
14.5068	102
14.5077	102
14.5085	102
14.5094	102
14.5102	102
14.511	102
14.5119	102
14.5127	102
14.5136	102
14.5144	102
14.5153	102
14.5161	102
14.5169	102
14.5178	102
14.5186	102
14.5195	102
14.5203	102
14.5212	102
14.522	102
14.5228	102
14.5237	102
14.5245	102
14.5254	102
14.5262	102
14.5271	102
14.5279	102
14.5287	102
14.5296	102
14.5304	102
14.5313	102
14.5321	102
14.533	102
14.5338	102
14.5347	102
14.5355	102
14.5363	102
14.5372	102
14.538	102
14.5389	102
14.5397	102
14.5406	102
14.5414	102
14.5422	102
14.5431	102
14.5439	102
14.5448	102
14.5456	102
14.5465	102
14.5473	102
14.5481	102
14.549	102
14.5498	102
14.5507	102
14.5515	102
14.5524	102
14.5532	102
14.554	102
14.5549	102
14.5557	102
14.5566	102
14.5574	102
14.5583	102
14.5591	102
14.5599	102
14.5608	102
14.5616	102
14.5625	102
14.5633	102
14.5642	102
14.565	102
14.5658	102
14.5667	102
14.5675	102
14.5684	102
14.5692	102
14.5701	102
14.5709	102
14.5718	102
14.5726	102
14.5734	102
14.5743	102
14.5751	102
14.576	102
14.5768	102
14.5777	102
14.5785	102
14.5793	102
14.5802	102
14.581	102
14.5819	102
14.5827	102
14.5836	102
14.5844	102
14.5852	102
14.5861	102
14.5869	102
14.5878	102
14.5886	102
14.5895	102
14.5903	102
14.5911	102
14.592	102
14.5928	102
14.5937	102
14.5945	102
14.5954	102
14.5962	102
14.597	102
14.5979	102
14.5987	102
14.5996	102
14.6004	102
14.6013	102
14.6021	102
14.6029	102
14.6038	102
14.6046	102
14.6055	102
14.6063	102
14.6072	102
14.608	102
14.6089	102
14.6097	102
14.6105	102
14.6114	102
14.6122	102
14.6131	102
14.6139	102
14.6148	102
14.6156	102
14.6164	102
14.6173	102
14.6181	102
14.619	102
14.6198	102
14.6207	102
14.6215	102
14.6223	102
14.6232	102
14.624	102
14.6249	102
14.6257	102
14.6266	102
14.6274	102
14.6282	102
14.6291	102
14.6299	102
14.6308	102
14.6316	102
14.6325	102
14.6333	102
14.6341	102
14.635	102
14.6358	102
14.6367	102
14.6375	102
14.6384	102
14.6392	102
14.6401	102
14.6409	102
14.6417	102
14.6426	102
14.6434	102
14.6443	102
14.6451	102
14.646	102
14.6468	102
14.6476	102
14.6485	102
14.6493	102
14.6502	102
14.651	102
14.6519	102
14.6527	102
14.6535	102
14.6544	102
14.6552	102
14.6561	102
14.6569	102
14.6578	102
14.6586	102
14.6594	102
14.6603	102
14.6611	102
14.662	102
14.6628	102
14.6637	102
14.6645	102
14.6653	102
14.6662	102
14.667	102
14.6679	102
14.6687	102
14.6696	102
14.6704	102
14.6712	102
14.6721	102
14.6729	102
14.6738	102
14.6746	102
14.6755	102
14.6763	102
14.6772	102
14.678	102
14.6788	102
14.6797	102
14.6805	102
14.6814	102
14.6822	102
14.6831	102
14.6839	102
14.6847	102
14.6856	102
14.6864	102
14.6873	102
14.6881	102
14.689	102
14.6898	102
14.6906	102
14.6915	102
14.6923	102
14.6932	102
14.694	102
14.6949	102
14.6957	102
14.6965	102
14.6974	102
14.6982	102
14.6991	102
14.6999	102
14.7008	102
14.7016	102
14.7024	102
14.7033	102
14.7041	102
14.705	102
14.7058	102
14.7067	102
14.7075	102
14.7083	102
14.7092	102
14.71	102
14.7109	102
14.7117	102
14.7126	102
14.7134	102
14.7143	102
14.7151	102
14.7159	102
14.7168	102
14.7176	102
14.7185	102
14.7193	102
14.7202	102
14.721	102
14.7218	102
14.7227	102
14.7235	102
14.7244	102
14.7252	102
14.7261	102
14.7269	102
14.7277	102
14.7286	102
14.7294	102
14.7303	102
14.7311	102
14.732	102
14.7328	102
14.7336	102
14.7345	102
14.7353	102
14.7362	102
14.737	102
14.7379	102
14.7387	102
14.7395	102
14.7404	102
14.7412	102
14.7421	102
14.7429	102
14.7438	102
14.7446	102
14.7455	102
14.7463	102
14.7471	102
14.748	102
14.7488	102
14.7497	102
14.7505	102
14.7514	102
14.7522	102
14.753	102
14.7539	102
14.7547	102
14.7556	102
14.7564	102
14.7573	102
14.7581	102
14.7589	102
14.7598	102
14.7606	102
14.7615	102
14.7623	102
14.7632	102
14.764	102
14.7648	101
14.7657	101
14.7665	101
14.7674	101
14.7682	101
14.7691	101
14.7699	101
14.7707	101
14.7716	101
14.7724	101
14.7733	101
14.7741	101
14.775	101
14.7758	101
14.7766	101
14.7775	101
14.7783	101
14.7792	101
14.78	101
14.7809	101
14.7817	101
14.7826	101
14.7834	101
14.7842	101
14.7851	101
14.7859	101
14.7868	101
14.7876	101
14.7885	101
14.7893	101
14.7901	101
14.791	101
14.7918	101
14.7927	101
14.7935	101
14.7944	101
14.7952	101
14.796	101
14.7969	101
14.7977	101
14.7986	101
14.7994	101
14.8003	101
14.8011	101
14.8019	101
14.8028	101
14.8036	101
14.8045	101
14.8053	101
14.8062	101
14.807	101
14.8078	101
14.8087	101
14.8095	101
14.8104	101
14.8112	101
14.8121	101
14.8129	101
14.8137	101
14.8146	101
14.8154	101
14.8163	101
14.8171	101
14.818	101
14.8188	101
14.8197	101
14.8205	101
14.8213	101
14.8222	101
14.823	101
14.8239	101
14.8247	101
14.8256	101
14.8264	101
14.8272	101
14.8281	101
14.8289	101
14.8298	101
14.8306	101
14.8315	101
14.8323	101
14.8331	101
14.834	101
14.8348	101
14.8357	101
14.8365	101
14.8374	101
14.8382	101
14.839	101
14.8399	101
14.8407	101
14.8416	101
14.8424	101
14.8433	101
14.8441	101
14.8449	101
14.8458	101
14.8466	101
14.8475	101
14.8483	101
14.8492	101
14.85	101
14.8509	101
14.8517	101
14.8525	101
14.8534	101
14.8542	101
14.8551	101
14.8559	101
14.8568	101
14.8576	101
14.8584	101
14.8593	101
14.8601	101
14.861	101
14.8618	101
14.8627	101
14.8635	101
14.8645	101
14.8653	101
14.8661	101
14.867	101
14.8678	101
14.8687	101
14.8695	101
14.8704	101
14.8712	101
14.8721	101
14.8729	101
14.8737	101
14.8746	101
14.8754	101
14.8763	101
14.8771	101
14.878	101
14.8788	101
14.8796	101
14.8805	101
14.8813	101
14.8822	101
14.883	101
14.8839	101
14.8847	101
14.8855	101
14.8864	101
14.8872	101
14.8881	101
14.8889	101
14.8898	101
14.8906	101
14.8914	101
14.8923	101
14.8931	101
14.894	101
14.8948	101
14.8957	101
14.8965	101
14.8973	101
14.8982	101
14.899	101
14.8999	101
14.9007	101
14.9016	101
14.9024	101
14.9032	101
14.9041	101
14.9049	101
14.9058	101
14.9066	101
14.9075	101
14.9083	101
14.9092	101
14.91	101
14.9108	101
14.9117	101
14.9125	101
14.9134	101
14.9142	101
14.9151	101
14.9159	101
14.9167	101
14.9176	101
14.9184	101
14.9193	101
14.9201	101
14.921	101
14.9218	101
14.9226	101
14.9235	101
14.9243	101
14.9252	101
14.926	101
14.9269	101
14.9277	101
14.9285	101
14.9294	101
14.9302	101
14.9311	101
14.9319	101
14.9328	101
14.9336	101
14.9344	101
14.9353	101
14.9361	101
14.937	101
14.9378	101
14.9387	101
14.9395	101
14.9403	101
14.9412	101
14.942	101
14.9429	101
14.9437	101
14.9446	101
14.9454	101
14.9463	101
14.9471	101
14.9479	101
14.9488	101
14.9496	101
14.9505	101
14.9513	101
14.9522	101
14.953	101
14.9538	101
14.9547	101
14.9555	101
14.9564	101
14.9572	101
14.9581	101
14.9589	101
14.9597	101
14.9606	101
14.9614	101
14.9623	101
14.9631	101
14.964	101
14.9648	101
14.9656	101
14.9665	101
14.9673	101
14.9682	101
14.969	101
14.9699	101
14.9707	101
14.9715	101
14.9724	101
14.9732	101
14.9741	101
14.9749	101
14.9758	101
14.9766	101
14.9775	101
14.9783	101
14.9791	101
14.98	101
14.9808	101
14.9817	101
14.9825	101
14.9834	101
14.9842	101
14.985	101
14.9859	101
14.9867	101
14.9876	101
14.9884	101
14.9893	101
14.9901	101
14.9909	101
14.9918	101
14.9926	101
14.9935	101
14.9943	101
14.9952	101
14.996	101
14.9968	101
14.9977	101
14.9985	101
14.9994	101
15.0002	101
15.0011	101
15.0019	101
15.0027	101
15.0036	101
15.0044	101
15.0053	101
15.0061	101
15.007	101
15.0078	101
15.0086	101
15.0095	101
15.0103	101
15.0112	101
15.012	101
15.0129	101
15.0137	101
15.0146	101
15.0154	101
15.0162	101
15.0171	101
15.0179	101
15.0188	101
15.0196	101
15.0205	101
15.0213	101
15.0221	101
15.023	101
15.0238	101
15.0247	101
15.0255	101
15.0264	101
15.0272	101
15.028	101
15.0289	101
15.0297	101
15.0306	101
15.0314	101
15.0323	101
15.0331	101
15.0339	101
15.0348	101
15.0356	101
15.0365	101
15.0373	101
15.0382	101
15.039	101
15.0398	101
15.0407	101
15.0415	101
15.0424	101
15.0432	101
15.0441	101
15.0449	101
15.0457	101
15.0466	101
15.0474	101
15.0483	101
15.0491	101
15.05	101
15.0508	101
15.0517	101
15.0525	101
15.0533	101
15.0542	101
15.055	101
15.0559	101
15.0567	101
15.0576	101
15.0584	101
15.0592	101
15.0601	101
15.0609	101
15.0618	101
15.0626	101
15.0635	101
15.0643	101
15.0651	101
15.066	101
15.0668	101
15.0677	101
15.0685	101
15.0694	101
15.0702	101
15.071	101
15.0719	101
15.0727	101
15.0736	101
15.0744	101
15.0753	101
15.0761	101
15.0769	101
15.0778	101
15.0786	101
15.0795	101
15.0803	101
15.0812	101
15.082	102
15.0829	102
15.0837	102
15.0845	102
15.0854	102
15.0862	102
15.0871	102
15.0879	102
15.0888	102
15.0896	102
15.0904	102
15.0913	102
15.0921	102
15.093	102
15.0938	102
15.0947	102
15.0955	102
15.0963	102
15.0972	102
15.098	102
15.0989	102
15.0997	102
15.1006	102
15.1014	102
15.1022	102
15.1031	102
15.1039	102
15.1048	102
15.1056	102
15.1065	102
15.1073	102
15.1081	102
15.109	102
15.1098	102
15.1107	102
15.1115	102
15.1124	102
15.1132	102
15.114	102
15.1149	102
15.1157	102
15.1166	102
15.1174	102
15.1183	102
15.1191	102
15.12	102
15.1208	102
15.1216	102
15.1225	102
15.1233	102
15.1242	102
15.125	102
15.1259	102
15.1267	102
15.1275	102
15.1284	102
15.1292	102
15.1301	102
15.1309	102
15.1318	102
15.1326	102
15.1334	102
15.1343	102
15.1351	102
15.136	102
15.1368	102
15.1377	102
15.1385	102
15.1393	102
15.1402	102
15.141	102
15.1419	102
15.1427	102
15.1436	102
15.1444	102
15.1452	102
15.1461	102
15.1469	102
15.1478	102
15.1486	102
15.1495	102
15.1503	102
15.1511	102
15.152	102
15.1528	102
15.1537	102
15.1545	102
15.1554	102
15.1562	102
15.1571	102
15.1579	102
15.1587	102
15.1596	102
15.1604	102
15.1613	102
15.1621	102
15.163	102
15.1638	102
15.1646	102
15.1655	102
15.1663	102
15.1672	102
15.168	102
15.1689	102
15.1697	102
15.1705	102
15.1714	102
15.1722	102
15.1731	102
15.1739	102
15.1748	102
15.1756	102
15.1764	102
15.1773	102
15.1781	102
15.179	102
15.1798	102
15.1807	102
15.1815	102
15.1823	102
15.1832	102
15.184	102
15.1849	102
15.1857	102
15.1866	102
15.1874	102
15.1883	102
15.1891	102
15.1899	102
15.1908	102
15.1916	102
15.1925	102
15.1933	102
15.1942	102
15.195	102
15.1958	102
15.1967	102
15.1975	102
15.1984	102
15.1992	102
15.2001	102
15.2009	102
15.2017	102
15.2026	102
15.2034	102
15.2043	102
15.2051	102
15.206	102
15.2068	102
15.2076	102
15.2085	102
15.2093	102
15.2102	102
15.211	102
15.2119	102
15.2127	102
15.2135	102
15.2144	102
15.2152	102
15.2161	102
15.2169	102
15.2178	102
15.2186	102
15.2194	102
15.2203	102
15.2211	102
15.222	102
15.2228	102
15.2237	102
15.2245	102
15.2254	102
15.2262	102
15.227	102
15.2279	102
15.2287	102
15.2296	102
15.2304	102
15.2313	102
15.2321	102
15.2329	102
15.2338	102
15.2346	102
15.2355	102
15.2363	102
15.2372	102
15.238	102
15.2388	102
15.2397	102
15.2405	102
15.2414	102
15.2422	102
15.2431	102
15.2439	102
15.2447	102
15.2456	102
15.2464	102
15.2473	102
15.2481	102
15.249	102
15.2498	102
15.2506	102
15.2515	102
15.2523	102
15.2532	102
15.254	102
15.2549	102
15.2557	102
15.2565	102
15.2574	102
15.2582	102
15.2591	102
15.2599	102
15.2608	102
15.2616	102
15.2625	102
15.2633	102
15.2641	102
15.265	102
15.2658	102
15.2667	102
15.2675	102
15.2684	102
15.2692	102
15.27	102
15.2709	102
15.2717	102
15.2726	102
15.2734	102
15.2743	102
15.2751	102
15.2759	102
15.2768	102
15.2776	102
15.2785	102
15.2793	102
15.2802	102
15.281	102
15.2818	102
15.2827	102
15.2835	102
15.2844	102
15.2852	102
15.2861	102
15.2869	102
15.2877	102
15.2886	102
15.2894	102
15.2903	102
15.2911	102
15.292	102
15.2928	102
15.2937	102
15.2945	102
15.2953	102
15.2962	102
15.297	102
15.2979	102
15.2987	102
15.2996	102
15.3004	102
15.3012	102
15.3021	102
15.3029	102
15.3038	102
15.3046	102
15.3055	102
15.3063	102
15.3071	102
15.308	102
15.3088	102
15.3097	102
15.3105	102
15.3114	102
15.3122	102
15.313	102
15.3139	102
15.3147	102
15.3156	102
15.3164	102
15.3173	102
15.3181	102
15.3189	102
15.3198	102
15.3206	102
15.3215	102
15.3223	102
15.3232	102
15.324	102
15.3248	102
15.3257	102
15.3265	102
15.3274	102
15.3282	102
15.3291	102
15.3299	102
15.3308	102
15.3316	102
15.3324	102
15.3333	102
15.3341	102
15.335	102
15.3358	102
15.3367	102
15.3375	102
15.3383	102
15.3392	102
15.34	102
15.3409	102
15.3417	102
15.3426	102
15.3434	102
15.3442	102
15.3451	102
15.3459	102
15.3468	102
15.3476	102
15.3485	102
15.3493	102
15.3501	102
15.351	102
15.3518	102
15.3527	102
15.3535	102
15.3544	102
15.3552	102
15.356	102
15.3569	102
15.3577	102
15.3586	102
15.3594	102
15.3603	102
15.3611	102
15.3619	102
15.3628	102
15.3636	102
15.3645	102
15.3653	102
15.3662	102
15.367	102
15.3679	102
15.3687	102
15.3695	102
15.3704	102
15.3712	102
15.3721	102
15.3729	102
15.3738	102
15.3746	102
15.3754	102
15.3763	102
15.3771	102
15.378	102
15.3788	102
15.3797	102
15.3805	102
15.3813	102
15.3822	102
15.383	102
15.3839	102
15.3847	102
15.3856	102
15.3864	102
15.3872	102
15.3881	102
15.3889	102
15.3898	102
15.3906	102
15.3915	102
15.3923	102
15.3931	102
15.394	102
15.3948	102
15.3957	102
15.3965	102
15.3974	102
15.3982	102
15.3991	102
15.3999	102
15.4007	102
15.4016	102
15.4024	102
15.4033	102
15.4041	102
15.405	102
15.4058	102
15.4066	102
15.4075	102
15.4083	102
15.4092	102
15.41	102
15.4109	102
15.4117	102
15.4125	102
15.4134	102
15.4142	102
15.4151	102
15.4159	102
15.4168	102
15.4176	102
15.4184	102
15.4193	102
15.4201	102
15.421	102
15.4218	102
15.4227	102
15.4235	102
15.4243	102
15.4252	102
15.426	102
15.4269	102
15.4277	102
15.4286	102
15.4294	102
15.4302	102
15.4311	102
15.4319	102
15.4328	102
15.4336	102
15.4345	102
15.4353	102
15.4362	102
15.437	102
15.4378	102
15.4387	102
15.4395	102
15.4404	102
15.4412	102
15.4421	102
15.4429	102
15.4437	102
15.4446	102
15.4454	102
15.4463	102
15.4471	102
15.448	102
15.4488	102
15.4496	102
15.4505	102
15.4513	102
15.4522	102
15.453	102
15.4539	102
15.4547	102
15.4555	102
15.4564	102
15.4572	102
15.4581	102
15.4589	102
15.4598	102
15.4606	102
15.4614	102
15.4623	102
15.4631	102
15.464	102
15.4648	102
15.4657	102
15.4665	102
15.4673	102
15.4682	102
15.469	102
15.4699	102
15.4707	102
15.4716	102
15.4724	102
15.4733	102
15.4741	102
15.4749	102
15.4758	102
15.4766	102
15.4775	102
15.4783	102
15.4792	102
15.48	102
15.4808	102
15.4817	102
15.4825	102
15.4834	102
15.4842	102
15.4851	102
15.4859	102
15.4867	102
15.4876	102
15.4884	102
15.4893	102
15.4901	102
15.491	102
15.4918	102
15.4926	102
15.4935	102
15.4943	102
15.4952	102
15.496	102
15.4969	102
15.4977	102
15.4985	102
15.4994	102
15.5002	102
15.5011	102
15.5019	102
15.5028	102
15.5036	102
15.5045	102
15.5053	102
15.5061	102
15.507	102
15.5078	102
15.5087	102
15.5095	102
15.5104	102
15.5112	102
15.512	102
15.5129	102
15.5137	102
15.5146	102
15.5154	102
15.5163	102
15.5171	102
15.5179	102
15.5188	102
15.5196	102
15.5205	102
15.5213	102
15.5222	102
15.523	102
15.5238	102
15.5247	102
15.5255	102
15.5264	102
15.5272	102
15.5281	102
15.5289	102
15.5297	102
15.5306	102
15.5314	102
15.5323	102
15.5331	102
15.534	102
15.5348	102
15.5356	102
15.5365	102
15.5373	102
15.5382	102
15.539	102
15.5399	102
15.5407	102
15.5416	102
15.5424	102
15.5432	102
15.5441	102
15.5449	102
15.5458	102
15.5466	102
15.5475	102
15.5483	102
15.5491	102
15.55	102
15.5508	102
15.5517	102
15.5525	102
15.5534	102
15.5542	102
15.555	102
15.5559	102
15.5567	102
15.5576	102
15.5584	102
15.5593	102
15.5601	102
15.5609	102
15.5618	102
15.5626	102
15.5635	102
15.5643	102
15.5652	102
15.566	102
15.5668	102
15.5677	102
15.5685	102
15.5694	102
15.5702	102
15.5711	102
15.5719	101
15.5727	101
15.5736	101
15.5744	101
15.5753	101
15.5761	101
15.577	101
15.5778	101
15.5787	101
15.5795	101
15.5803	101
15.5812	101
15.582	101
15.5829	101
15.5837	101
15.5846	101
15.5854	101
15.5862	101
15.5871	101
15.5879	101
15.5888	101
15.5896	101
15.5905	101
15.5913	101
15.5921	101
15.593	101
15.5938	101
15.5947	101
15.5955	101
15.5964	101
15.5972	101
15.598	101
15.5989	101
15.5997	101
15.6006	101
15.6014	101
15.6023	101
15.6031	101
15.6039	101
15.6048	101
15.6056	101
15.6065	101
15.6073	101
15.6082	101
15.609	101
15.6099	101
15.6107	101
15.6115	101
15.6124	101
15.6132	101
15.6141	101
15.6149	101
15.6158	101
15.6166	101
15.6174	101
15.6183	101
15.6191	101
15.62	101
15.6208	101
15.6217	101
15.6225	101
15.6233	101
15.6242	101
15.625	101
15.6259	101
15.6267	101
15.6276	101
15.6284	101
15.6292	101
15.6301	101
15.6309	101
15.6318	101
15.6326	101
15.6335	101
15.6343	101
15.6351	101
15.636	101
15.6368	101
15.6377	101
15.6385	101
15.6394	101
15.6402	101
15.641	101
15.6419	101
15.6427	101
15.6436	101
15.6444	101
15.6453	101
15.6461	101
15.647	101
15.6478	101
15.6486	101
15.6495	101
15.6503	101
15.6512	101
15.652	101
15.6529	101
15.6537	101
15.6545	101
15.6554	101
15.6562	101
15.6571	101
15.6579	101
15.6588	101
15.6596	101
15.6604	101
15.6613	101
15.6621	101
15.663	101
15.6638	101
15.6647	101
15.6655	101
15.6663	101
15.6672	101
15.668	101
15.6689	101
15.6697	101
15.6706	101
15.6714	101
15.6724	101
15.6732	101
15.6741	101
15.6749	101
15.6757	101
15.6766	101
15.6774	101
15.6783	101
15.6791	101
15.68	101
15.6808	101
15.6816	101
15.6825	101
15.6833	101
15.6842	101
15.685	101
15.6859	101
15.6867	101
15.6875	101
15.6884	101
15.6892	101
15.6901	101
15.6909	101
15.6918	101
15.6926	101
15.6934	101
15.6943	101
15.6951	101
15.696	101
15.6968	101
15.6977	101
15.6985	101
15.6993	101
15.7002	101
15.701	101
15.7019	101
15.7027	101
15.7036	101
15.7044	101
15.7053	101
15.7061	101
15.7069	101
15.7078	101
15.7086	101
15.7095	101
15.7103	101
15.7112	101
15.712	101
15.7128	101
15.7137	101
15.7145	101
15.7154	101
15.7162	101
15.7171	101
15.7179	101
15.7187	101
15.7196	101
15.7204	101
15.7213	101
15.7221	101
15.723	101
15.7238	101
15.7246	101
15.7255	101
15.7263	101
15.7272	101
15.728	101
15.7289	101
15.7297	101
15.7305	101
15.7314	101
15.7322	101
15.7331	101
15.7339	101
15.7348	101
15.7356	101
15.7365	101
15.7373	101
15.7381	101
15.739	101
15.7398	101
15.7407	101
15.7415	101
15.7424	101
15.7432	101
15.744	101
15.7449	101
15.7457	101
15.7466	101
15.7474	101
15.7483	101
15.7491	101
15.7499	101
15.7508	101
15.7516	101
15.7525	101
15.7533	101
15.7542	101
15.755	101
15.7558	101
15.7567	101
15.7575	101
15.7584	101
15.7592	101
15.7601	101
15.7609	101
15.7617	101
15.7626	101
15.7634	101
15.7643	101
15.7651	101
15.766	101
15.7668	101
15.7676	101
15.7685	101
15.7693	101
15.7702	101
15.771	101
15.7719	101
15.7727	101
15.7736	101
15.7744	101
15.7752	101
15.7761	101
15.7769	101
15.7778	101
15.7786	101
15.7795	101
15.7803	101
15.7811	101
15.782	101
15.7828	101
15.7837	101
15.7845	101
15.7854	101
15.7862	101
15.787	101
15.7879	101
15.7887	101
15.7896	101
15.7904	101
15.7913	101
15.7921	101
15.7929	101
15.7938	101
15.7946	101
15.7955	101
15.7963	101
15.7972	101
15.798	101
15.7988	101
15.7997	101
15.8005	101
15.8014	101
15.8022	101
15.8031	101
15.8039	101
15.8047	101
15.8056	101
15.8064	101
15.8073	101
15.8081	101
15.809	101
15.8098	101
15.8107	101
15.8115	101
15.8123	101
15.8132	101
15.814	101
15.8149	101
15.8157	101
15.8166	101
15.8174	101
15.8182	101
15.8191	101
15.8199	101
15.8208	101
15.8216	101
15.8225	101
15.8233	101
15.8241	101
15.825	101
15.8258	101
15.8267	101
15.8275	101
15.8284	101
15.8292	101
15.83	101
15.8309	101
15.8317	101
15.8326	101
15.8334	101
15.8343	101
15.8351	101
15.8359	101
15.8368	101
15.8376	101
15.8385	101
15.8393	101
15.8402	101
15.841	101
15.8419	101
15.8427	101
15.8435	101
15.8444	101
15.8452	101
15.8461	101
15.8469	101
15.8478	101
15.8486	101
15.8494	101
15.8503	101
15.8511	101
15.852	101
15.8528	101
15.8537	101
15.8545	101
15.8553	101
15.8562	101
15.857	101
15.8579	101
15.8587	101
15.8596	101
15.8604	101
15.8612	101
15.8621	101
15.8629	101
15.8638	101
15.8646	101
15.8655	101
15.8663	101
15.8671	101
15.868	101
15.8688	101
15.8697	101
15.8705	101
15.8714	101
15.8722	101
15.873	101
15.8739	101
15.8747	101
15.8756	101
15.8764	101
15.8773	101
15.8781	101
15.879	101
15.8798	101
15.8806	101
15.8815	101
15.8823	101
15.8832	101
15.884	101
15.8849	101
15.8857	101
15.8865	101
15.8874	101
15.8882	101
15.8891	101
15.8899	101
15.8908	101
15.8916	101
15.8924	101
15.8933	101
15.8941	101
15.895	101
15.8958	101
15.8967	101
15.8975	101
15.8983	101
15.8992	101
15.9	101
15.9009	101
15.9017	101
15.9026	101
15.9034	101
15.9042	101
15.9051	101
15.9059	101
15.9068	101
15.9076	101
15.9085	101
15.9093	101
15.9101	101
15.911	101
15.9118	101
15.9127	101
15.9135	101
15.9144	101
15.9152	101
15.9161	101
15.9169	101
15.9177	101
15.9186	101
15.9194	101
15.9203	101
15.9211	101
15.922	101
15.9228	101
15.9236	101
15.9245	101
15.9253	101
15.9262	101
15.927	102
15.9279	102
15.9287	102
15.9295	102
15.9304	102
15.9312	102
15.9321	102
15.9329	102
15.9338	102
15.9346	102
15.9354	102
15.9363	102
15.9371	102
15.938	102
15.9388	102
15.9397	102
15.9405	102
15.9413	102
15.9422	102
15.943	102
15.9439	102
15.9447	102
15.9456	102
15.9464	102
15.9473	102
15.9481	102
15.9489	102
15.9498	102
15.9506	102
15.9515	102
15.9523	102
15.9532	102
15.954	102
15.9548	102
15.9557	102
15.9565	102
15.9574	102
15.9582	102
15.9591	102
15.9599	102
15.9607	102
15.9616	102
15.9624	102
15.9633	102
15.9641	102
15.965	102
15.9658	102
15.9666	102
15.9675	102
15.9683	102
15.9692	102
15.97	102
15.9709	102
15.9717	102
15.9725	102
15.9734	102
15.9742	102
15.9751	102
15.9759	102
15.9768	102
15.9776	102
15.9784	102
15.9793	102
15.9801	102
15.981	102
15.9818	102
15.9827	102
15.9835	102
15.9844	102
15.9852	102
15.986	102
15.9869	102
15.9877	102
15.9886	102
15.9894	102
15.9903	102
15.9911	102
15.9919	102
15.9928	102
15.9936	102
15.9945	102
15.9953	102
15.9962	102
15.997	102
15.9978	102
15.9987	102
15.9995	102
16.0004	102
16.0012	102
16.0021	102
16.0029	102
16.0037	102
16.0046	102
16.0054	102
16.0063	102
16.0071	102
16.008	102
16.0088	102
16.0096	102
16.0105	102
16.0113	102
16.0122	102
16.013	102
16.0139	102
16.0147	102
16.0155	102
16.0164	102
16.0172	102
16.0181	102
16.0189	102
16.0198	102
16.0206	102
16.0215	102
16.0223	102
16.0231	102
16.024	102
16.0248	102
16.0257	102
16.0265	102
16.0274	102
16.0282	102
16.029	102
16.0299	102
16.0307	102
16.0316	102
16.0324	102
16.0333	102
16.0341	102
16.0349	102
16.0358	102
16.0366	102
16.0375	102
16.0383	102
16.0392	102
16.04	102
16.0408	102
16.0417	102
16.0425	102
16.0434	102
16.0442	102
16.0451	102
16.0459	102
16.0467	102
16.0476	102
16.0484	102
16.0493	102
16.0501	102
16.051	102
16.0518	102
16.0527	102
16.0535	102
16.0543	102
16.0552	102
16.056	102
16.0569	102
16.0577	102
16.0586	102
16.0594	102
16.0602	102
16.0611	102
16.0619	102
16.0628	102
16.0636	102
16.0645	102
16.0653	102
16.0661	102
16.067	102
16.0678	102
16.0687	102
16.0695	102
16.0704	102
16.0712	102
16.072	102
16.0729	102
16.0737	102
16.0746	102
16.0754	102
16.0763	102
16.0771	102
16.0779	102
16.0788	102
16.0796	102
16.0805	102
16.0813	102
16.0822	102
16.083	102
16.0838	102
16.0847	102
16.0855	102
16.0864	102
16.0872	102
16.0881	102
16.0889	102
16.0898	102
16.0906	102
16.0914	102
16.0923	102
16.0931	102
16.094	102
16.0948	102
16.0957	102
16.0965	102
16.0973	102
16.0982	102
16.099	102
16.0999	102
16.1007	102
16.1016	102
16.1024	102
16.1032	102
16.1041	102
16.1049	102
16.1058	102
16.1066	102
16.1075	102
16.1083	102
16.1091	102
16.11	102
16.1108	102
16.1117	102
16.1125	102
16.1134	102
16.1142	102
16.115	102
16.1159	102
16.1167	102
16.1176	102
16.1184	102
16.1193	102
16.1201	102
16.1209	102
16.1218	102
16.1226	102
16.1235	102
16.1243	102
16.1252	102
16.126	102
16.1269	102
16.1277	102
16.1285	102
16.1294	102
16.1302	102
16.1311	102
16.1319	102
16.1328	102
16.1336	102
16.1344	102
16.1353	102
16.1361	102
16.137	102
16.1378	102
16.1387	102
16.1395	102
16.1403	102
16.1412	102
16.142	102
16.1429	102
16.1437	102
16.1446	102
16.1454	102
16.1462	102
16.1471	102
16.1479	102
16.1488	102
16.1496	102
16.1505	102
16.1513	102
16.1521	102
16.153	102
16.1538	102
16.1547	102
16.1555	102
16.1564	102
16.1572	102
16.1581	102
16.1589	102
16.1597	102
16.1606	102
16.1614	102
16.1623	102
16.1631	102
16.164	102
16.1648	102
16.1656	102
16.1665	102
16.1673	102
16.1682	102
16.169	102
16.1699	102
16.1707	102
16.1715	102
16.1724	102
16.1732	102
16.1741	102
16.1749	102
16.1758	102
16.1766	102
16.1774	102
16.1783	102
16.1791	102
16.18	102
16.1808	102
16.1817	102
16.1825	102
16.1833	102
16.1842	102
16.185	102
16.1859	102
16.1867	102
16.1876	102
16.1884	102
16.1892	102
16.1901	102
16.1909	102
16.1918	102
16.1926	102
16.1935	102
16.1943	102
16.1952	102
16.196	102
16.1968	102
16.1977	102
16.1985	102
16.1994	102
16.2002	102
16.2011	102
16.2019	102
16.2027	102
16.2036	102
16.2044	102
16.2053	102
16.2061	102
16.207	102
16.2078	102
16.2086	102
16.2095	102
16.2103	102
16.2112	102
16.212	102
16.2129	102
16.2137	102
16.2145	102
16.2154	102
16.2162	102
16.2171	102
16.2179	102
16.2188	102
16.2196	102
16.2204	102
16.2213	102
16.2221	102
16.223	102
16.2238	102
16.2247	102
16.2255	102
16.2263	102
16.2272	102
16.228	102
16.2289	102
16.2297	102
16.2306	102
16.2314	102
16.2323	102
16.2331	102
16.2339	102
16.2348	102
16.2356	102
16.2365	102
16.2373	102
16.2382	102
16.239	102
16.2398	102
16.2407	102
16.2415	102
16.2424	102
16.2432	102
16.2441	102
16.2449	102
16.2457	102
16.2466	102
16.2474	102
16.2483	102
16.2491	102
16.25	102
16.2508	102
16.2516	102
16.2525	102
16.2533	102
16.2542	102
16.255	102
16.2559	102
16.2567	102
16.2575	102
16.2584	102
16.2592	102
16.2601	102
16.2609	102
16.2618	102
16.2626	102
16.2635	102
16.2643	102
16.2651	102
16.266	102
16.2668	102
16.2677	102
16.2685	102
16.2694	102
16.2702	102
16.271	102
16.2719	102
16.2727	102
16.2736	102
16.2744	102
16.2753	102
16.2761	102
16.2769	102
16.2778	102
16.2786	102
16.2795	102
16.2803	102
16.2812	102
16.282	102
16.2828	102
16.2837	102
16.2845	102
16.2854	102
16.2862	102
16.2871	102
16.2879	102
16.2887	102
16.2896	102
16.2904	102
16.2913	102
16.2921	102
16.293	102
16.2938	102
16.2946	102
16.2955	102
16.2963	102
16.2972	102
16.298	102
16.2989	102
16.2997	102
16.3006	102
16.3014	102
16.3022	102
16.3031	102
16.3039	102
16.3048	102
16.3056	102
16.3065	102
16.3073	102
16.3081	102
16.309	102
16.3098	102
16.3107	102
16.3115	102
16.3124	102
16.3132	102
16.314	102
16.3149	102
16.3157	102
16.3166	102
16.3174	102
16.3183	102
16.3191	102
16.3199	102
16.3208	102
16.3216	102
16.3225	102
16.3233	102
16.3242	102
16.325	102
16.3258	102
16.3267	102
16.3275	102
16.3284	102
16.3292	102
16.3301	102
16.3309	102
16.3317	102
16.3326	102
16.3334	102
16.3343	102
16.3351	102
16.336	102
16.3368	102
16.3377	102
16.3385	102
16.3393	102
16.3402	102
16.341	102
16.3419	102
16.3427	102
16.3436	102
16.3444	102
16.3452	102
16.3461	102
16.3469	102
16.3478	102
16.3486	102
16.3495	102
16.3503	102
16.3511	102
16.352	102
16.3528	102
16.3537	102
16.3545	102
16.3554	102
16.3562	102
16.357	102
16.3579	102
16.3587	102
16.3596	102
16.3604	102
16.3613	102
16.3621	102
16.3629	102
16.3638	102
16.3646	102
16.3655	102
16.3663	102
16.3672	102
16.368	102
16.3689	102
16.3697	102
16.3705	102
16.3714	102
16.3722	102
16.3731	102
16.3739	102
16.3748	102
16.3756	102
16.3764	102
16.3773	102
16.3781	102
16.379	102
16.3798	101
16.3807	101
16.3815	101
16.3823	101
16.3832	101
16.384	101
16.3849	101
16.3857	101
16.3866	101
16.3874	101
16.3882	101
16.3891	101
16.3899	101
16.3908	101
16.3916	101
16.3925	101
16.3933	101
16.3941	101
16.395	101
16.3958	101
16.3967	101
16.3975	101
16.3984	101
16.3992	101
16.4	101
16.4009	101
16.4017	101
16.4026	101
16.4034	101
16.4043	101
16.4051	101
16.406	101
16.4068	101
16.4076	101
16.4085	101
16.4093	101
16.4102	101
16.411	101
16.4119	101
16.4127	101
16.4135	101
16.4144	101
16.4152	101
16.4161	101
16.4169	101
16.4178	101
16.4186	101
16.4194	101
16.4203	101
16.4211	101
16.422	101
16.4228	101
16.4237	101
16.4245	101
16.4253	101
16.4262	101
16.427	101
16.4279	101
16.4287	101
16.4296	101
16.4304	101
16.4312	101
16.4321	101
16.4329	101
16.4338	101
16.4346	101
16.4355	101
16.4363	101
16.4371	101
16.438	101
16.4388	101
16.4397	101
16.4405	101
16.4414	101
16.4422	101
16.4431	101
16.4439	101
16.4447	101
16.4456	101
16.4464	101
16.4473	101
16.4481	101
16.449	101
16.4498	101
16.4506	101
16.4515	101
16.4523	101
16.4532	101
16.454	101
16.4549	101
16.4557	101
16.4565	101
16.4574	101
16.4582	101
16.4591	101
16.4599	101
16.4608	101
16.4616	101
16.4624	101
16.4633	101
16.4641	101
16.465	101
16.4658	101
16.4667	101
16.4675	101
16.4683	101
16.4692	101
16.47	101
16.4709	101
16.4717	101
16.4726	101
16.4734	101
16.4743	101
16.4751	101
16.4759	101
16.4768	101
16.4776	101
16.4785	101
16.4793	101
16.4803	101
16.4811	101
16.482	101
16.4828	101
16.4836	101
16.4845	101
16.4853	101
16.4862	101
16.487	101
16.4879	101
16.4887	101
16.4895	101
16.4904	101
16.4912	101
16.4921	101
16.4929	101
16.4938	101
16.4946	101
16.4955	101
16.4963	101
16.4971	101
16.498	101
16.4988	101
16.4997	101
16.5005	101
16.5014	101
16.5022	101
16.503	101
16.5039	101
16.5047	101
16.5056	101
16.5064	101
16.5073	101
16.5081	101
16.5089	101
16.5098	101
16.5106	101
16.5115	101
16.5123	101
16.5132	101
16.514	101
16.5148	101
16.5157	101
16.5165	101
16.5174	101
16.5182	101
16.5191	101
16.5199	101
16.5207	101
16.5216	101
16.5224	101
16.5233	101
16.5241	101
16.525	101
16.5258	101
16.5266	101
16.5275	101
16.5283	101
16.5292	101
16.53	101
16.5309	101
16.5317	101
16.5326	101
16.5334	101
16.5342	101
16.5351	101
16.5359	101
16.5368	101
16.5376	101
16.5385	101
16.5393	101
16.5401	101
16.541	101
16.5418	101
16.5427	101
16.5435	101
16.5444	101
16.5452	101
16.546	101
16.5469	101
16.5477	101
16.5486	101
16.5494	101
16.5503	101
16.5511	101
16.5519	101
16.5528	101
16.5536	101
16.5545	101
16.5553	101
16.5562	101
16.557	101
16.5578	101
16.5587	101
16.5595	101
16.5604	101
16.5612	101
16.5621	101
16.5629	101
16.5637	101
16.5646	101
16.5654	101
16.5663	101
16.5671	101
16.568	101
16.5688	101
16.5697	101
16.5705	101
16.5713	101
16.5722	101
16.573	101
16.5739	101
16.5747	101
16.5756	101
16.5764	101
16.5772	101
16.5781	101
16.5789	101
16.5798	101
16.5806	101
16.5815	101
16.5823	101
16.5831	101
16.584	101
16.5848	101
16.5857	101
16.5865	101
16.5874	101
16.5882	101
16.589	101
16.5899	101
16.5907	101
16.5916	101
16.5924	101
16.5933	101
16.5941	101
16.5949	101
16.5958	101
16.5966	101
16.5975	101
16.5983	101
16.5992	101
16.6	101
16.6009	101
16.6017	101
16.6025	101
16.6034	101
16.6042	101
16.6051	101
16.6059	101
16.6068	101
16.6076	101
16.6084	101
16.6093	101
16.6101	101
16.611	101
16.6118	101
16.6127	101
16.6135	101
16.6143	101
16.6152	101
16.616	101
16.6169	101
16.6177	101
16.6186	101
16.6194	101
16.6202	101
16.6211	101
16.6219	101
16.6228	101
16.6236	101
16.6245	101
16.6253	101
16.6261	101
16.627	101
16.6278	101
16.6287	101
16.6295	101
16.6304	101
16.6312	101
16.632	101
16.6329	101
16.6337	101
16.6346	101
16.6354	101
16.6363	101
16.6371	101
16.638	101
16.6388	101
16.6396	101
16.6405	101
16.6413	101
16.6422	101
16.643	101
16.6439	101
16.6447	101
16.6455	101
16.6464	101
16.6472	101
16.6481	101
16.6489	101
16.6498	101
16.6506	101
16.6514	101
16.6523	101
16.6531	101
16.654	101
16.6548	101
16.6557	101
16.6565	101
16.6573	101
16.6582	101
16.659	101
16.6599	101
16.6607	101
16.6616	101
16.6624	101
16.6632	101
16.6641	101
16.6649	101
16.6658	101
16.6666	101
16.6675	101
16.6683	101
16.6691	101
16.67	101
16.6708	101
16.6717	101
16.6725	101
16.6734	101
16.6742	101
16.6751	101
16.6759	101
16.6767	101
16.6776	101
16.6784	101
16.6793	101
16.6801	101
16.681	101
16.6818	101
16.6826	101
16.6835	101
16.6843	101
16.6852	101
16.686	101
16.6869	101
16.6877	101
16.6885	101
16.6894	101
16.6902	101
16.6911	101
16.6919	101
16.6928	101
16.6936	101
16.6944	101
16.6953	101
16.6961	101
16.697	101
16.6978	101
16.6987	101
16.6995	101
16.7003	101
16.7012	101
16.702	101
16.7029	101
16.7037	101
16.7046	101
16.7054	101
16.7063	101
16.7071	101
16.7079	101
16.7088	101
16.7096	101
16.7105	101
16.7113	101
16.7122	101
16.713	101
16.7138	101
16.7147	101
16.7155	101
16.7164	101
16.7172	101
16.7181	101
16.7189	101
16.7197	101
16.7206	101
16.7214	101
16.7223	101
16.7231	101
16.724	101
16.7248	101
16.7256	101
16.7265	101
16.7273	101
16.7282	101
16.729	102
16.7299	102
16.7307	102
16.7315	102
16.7324	102
16.7332	102
16.7341	102
16.7349	102
16.7358	102
16.7366	102
16.7374	102
16.7383	102
16.7391	102
16.74	102
16.7408	102
16.7417	102
16.7425	102
16.7434	102
16.7442	102
16.745	102
16.7459	102
16.7467	102
16.7476	102
16.7484	102
16.7493	102
16.7501	102
16.7509	102
16.7518	102
16.7526	102
16.7535	102
16.7543	102
16.7552	102
16.756	102
16.7568	102
16.7577	102
16.7585	102
16.7594	102
16.7602	102
16.7611	102
16.7619	102
16.7627	102
16.7636	102
16.7644	102
16.7653	102
16.7661	102
16.767	102
16.7678	102
16.7686	102
16.7695	102
16.7703	102
16.7712	102
16.772	102
16.7729	102
16.7737	102
16.7745	102
16.7754	102
16.7762	102
16.7771	102
16.7779	102
16.7788	102
16.7796	102
16.7805	102
16.7813	102
16.7821	102
16.783	102
16.7838	102
16.7847	102
16.7855	102
16.7864	102
16.7872	102
16.788	102
16.7889	102
16.7897	102
16.7906	102
16.7914	102
16.7923	102
16.7931	102
16.7939	102
16.7948	102
16.7956	102
16.7965	102
16.7973	102
16.7982	102
16.799	102
16.7998	102
16.8007	102
16.8015	102
16.8024	102
16.8032	102
16.8041	102
16.8049	102
16.8057	102
16.8066	102
16.8074	102
16.8083	102
16.8091	102
16.81	102
16.8108	102
16.8117	102
16.8125	102
16.8133	102
16.8142	102
16.815	102
16.8159	102
16.8167	102
16.8176	102
16.8184	102
16.8192	102
16.8201	102
16.8209	102
16.8218	102
16.8226	102
16.8235	102
16.8243	102
16.8251	102
16.826	102
16.8268	102
16.8277	102
16.8285	102
16.8294	102
16.8302	102
16.831	102
16.8319	102
16.8327	102
16.8336	102
16.8344	102
16.8353	102
16.8361	102
16.8369	102
16.8378	102
16.8386	102
16.8395	102
16.8403	102
16.8412	102
16.842	102
16.8428	102
16.8437	102
16.8445	102
16.8454	102
16.8462	102
16.8471	102
16.8479	102
16.8488	102
16.8496	102
16.8504	102
16.8513	102
16.8521	102
16.853	102
16.8538	102
16.8547	102
16.8555	102
16.8563	102
16.8572	102
16.858	102
16.8589	102
16.8597	102
16.8606	102
16.8614	102
16.8622	102
16.8631	102
16.8639	102
16.8648	102
16.8656	102
16.8665	102
16.8673	102
16.8681	102
16.869	102
16.8698	102
16.8707	102
16.8715	102
16.8724	102
16.8732	102
16.874	102
16.8749	102
16.8757	102
16.8766	102
16.8774	102
16.8783	102
16.8791	102
16.8799	102
16.8808	102
16.8816	102
16.8825	102
16.8833	102
16.8842	102
16.885	102
16.8859	102
16.8867	102
16.8875	102
16.8884	102
16.8892	102
16.8901	102
16.8909	102
16.8918	102
16.8926	102
16.8934	102
16.8943	102
16.8951	102
16.896	102
16.8968	102
16.8977	102
16.8985	102
16.8993	102
16.9002	102
16.901	102
16.9019	102
16.9027	102
16.9036	102
16.9044	102
16.9052	102
16.9061	102
16.9069	102
16.9078	102
16.9086	102
16.9095	102
16.9103	102
16.9111	102
16.912	102
16.9128	102
16.9137	102
16.9145	102
16.9154	102
16.9162	102
16.9171	102
16.9179	102
16.9187	102
16.9196	102
16.9204	102
16.9213	102
16.9221	102
16.923	102
16.9238	102
16.9246	102
16.9255	102
16.9263	102
16.9272	102
16.928	102
16.9289	102
16.9297	102
16.9305	102
16.9314	102
16.9322	102
16.9331	102
16.9339	102
16.9348	102
16.9356	102
16.9364	102
16.9373	102
16.9381	102
16.939	102
16.9398	102
16.9407	102
16.9415	102
16.9423	102
16.9432	102
16.944	102
16.9449	102
16.9457	102
16.9466	102
16.9474	102
16.9482	102
16.9491	102
16.9499	102
16.9508	102
16.9516	102
16.9525	102
16.9533	102
16.9542	102
16.955	102
16.9558	102
16.9567	102
16.9575	102
16.9584	102
16.9592	102
16.9601	102
16.9609	102
16.9617	102
16.9626	102
16.9634	102
16.9643	102
16.9651	102
16.966	102
16.9668	102
16.9676	102
16.9685	102
16.9693	102
16.9702	102
16.971	102
16.9719	102
16.9727	102
16.9735	102
16.9744	102
16.9752	102
16.9761	102
16.9769	102
16.9778	102
16.9786	102
16.9794	102
16.9803	102
16.9811	102
16.982	102
16.9828	102
16.9837	102
16.9845	102
16.9853	102
16.9862	102
16.987	102
16.9879	102
16.9887	102
16.9896	102
16.9904	102
16.9913	102
16.9921	102
16.9929	102
16.9938	102
16.9946	102
16.9955	102
16.9963	102
16.9972	102
16.998	102
16.9988	102
16.9997	102
17.0005	102
17.0014	102
17.0022	102
17.0031	102
17.0039	102
17.0047	102
17.0056	102
17.0064	102
17.0073	102
17.0081	102
17.009	102
17.0098	102
17.0106	102
17.0115	102
17.0123	102
17.0132	102
17.014	102
17.0149	102
17.0157	102
17.0165	102
17.0174	102
17.0182	102
17.0191	102
17.0199	102
17.0208	102
17.0216	102
17.0225	102
17.0233	102
17.0241	102
17.025	102
17.0258	102
17.0267	102
17.0275	102
17.0284	102
17.0292	102
17.03	102
17.0309	102
17.0317	102
17.0326	102
17.0334	102
17.0343	102
17.0351	102
17.0359	102
17.0368	102
17.0376	102
17.0385	102
17.0393	102
17.0402	102
17.041	102
17.0418	102
17.0427	102
17.0435	102
17.0444	102
17.0452	102
17.0461	102
17.0469	102
17.0477	102
17.0486	102
17.0494	102
17.0503	102
17.0511	102
17.052	102
17.0528	102
17.0536	102
17.0545	102
17.0553	102
17.0562	102
17.057	102
17.0579	102
17.0587	102
17.0596	102
17.0604	102
17.0612	102
17.0621	102
17.0629	102
17.0638	102
17.0646	102
17.0655	102
17.0663	102
17.0671	102
17.068	102
17.0688	102
17.0697	102
17.0705	102
17.0714	102
17.0722	102
17.073	102
17.0739	102
17.0747	102
17.0756	102
17.0764	102
17.0773	102
17.0781	102
17.0789	102
17.0798	102
17.0806	102
17.0815	102
17.0823	102
17.0832	102
17.084	102
17.0848	102
17.0857	102
17.0865	102
17.0874	102
17.0882	102
17.0891	102
17.0899	102
17.0907	102
17.0916	102
17.0924	102
17.0933	102
17.0941	102
17.095	102
17.0958	102
17.0967	102
17.0975	102
17.0983	102
17.0992	102
17.1	102
17.1009	102
17.1017	102
17.1026	102
17.1034	102
17.1042	102
17.1051	102
17.1059	102
17.1068	102
17.1076	102
17.1085	102
17.1093	102
17.1101	102
17.111	102
17.1118	102
17.1127	102
17.1135	102
17.1144	102
17.1152	102
17.116	102
17.1169	102
17.1177	102
17.1186	102
17.1194	102
17.1203	102
17.1211	102
17.1219	102
17.1228	102
17.1236	102
17.1245	102
17.1253	102
17.1262	102
17.127	102
17.1279	102
17.1287	102
17.1295	102
17.1304	102
17.1312	102
17.1321	102
17.1329	102
17.1338	102
17.1346	102
17.1354	102
17.1363	102
17.1371	102
17.138	102
17.1388	102
17.1397	102
17.1405	102
17.1413	102
17.1422	102
17.143	102
17.1439	102
17.1447	102
17.1456	102
17.1464	102
17.1472	102
17.1481	102
17.1489	102
17.1498	102
17.1506	102
17.1515	102
17.1523	102
17.1531	102
17.154	102
17.1548	102
17.1557	102
17.1565	102
17.1574	102
17.1582	102
17.159	102
17.1599	102
17.1607	102
17.1616	102
17.1624	102
17.1633	102
17.1641	102
17.165	102
17.1658	102
17.1666	102
17.1675	102
17.1683	102
17.1692	102
17.17	102
17.1709	102
17.1717	102
17.1725	102
17.1734	102
17.1742	102
17.1751	102
17.1759	102
17.1768	102
17.1776	102
17.1784	102
17.1793	102
17.1801	102
17.181	102
17.1818	102
17.1827	102
17.1835	102
17.1843	102
17.1852	102
17.186	102
17.1869	102
17.1877	101
17.1886	101
17.1894	101
17.1902	101
17.1911	101
17.1919	101
17.1928	101
17.1936	101
17.1945	101
17.1953	101
17.1961	101
17.197	101
17.1978	101
17.1987	101
17.1995	101
17.2004	101
17.2012	101
17.2021	101
17.2029	101
17.2037	101
17.2046	101
17.2054	101
17.2063	101
17.2071	101
17.208	101
17.2088	101
17.2096	101
17.2105	101
17.2113	101
17.2122	101
17.213	101
17.2139	101
17.2147	101
17.2155	101
17.2164	101
17.2172	101
17.2181	101
17.2189	101
17.2198	101
17.2206	101
17.2214	101
17.2223	101
17.2231	101
17.224	101
17.2248	101
17.2257	101
17.2265	101
17.2273	101
17.2282	101
17.229	101
17.2299	101
17.2307	101
17.2316	101
17.2324	101
17.2333	101
17.2341	101
17.2349	101
17.2358	101
17.2366	101
17.2375	101
17.2383	101
17.2392	101
17.24	101
17.2408	101
17.2417	101
17.2425	101
17.2434	101
17.2442	101
17.2451	101
17.2459	101
17.2467	101
17.2476	101
17.2484	101
17.2493	101
17.2501	101
17.251	101
17.2518	101
17.2526	101
17.2535	101
17.2543	101
17.2552	101
17.256	101
17.2569	101
17.2577	101
17.2585	101
17.2594	101
17.2602	101
17.2611	101
17.2619	101
17.2628	101
17.2636	101
17.2644	101
17.2653	101
17.2661	101
17.267	101
17.2678	101
17.2687	101
17.2695	101
17.2704	101
17.2712	101
17.272	101
17.2729	101
17.2737	101
17.2746	101
17.2754	101
17.2763	101
17.2771	101
17.2779	101
17.2788	101
17.2796	101
17.2805	101
17.2813	101
17.2822	101
17.283	101
17.2838	101
17.2847	101
17.2855	101
17.2864	101
17.2872	101
17.2882	101
17.289	101
17.2899	101
17.2907	101
17.2916	101
17.2924	101
17.2932	101
17.2941	101
17.2949	101
17.2958	101
17.2966	101
17.2975	101
17.2983	101
17.2991	101
17.3	101
17.3008	101
17.3017	101
17.3025	101
17.3034	101
17.3042	101
17.305	101
17.3059	101
17.3067	101
17.3076	101
17.3084	101
17.3093	101
17.3101	101
17.3109	101
17.3118	101
17.3126	101
17.3135	101
17.3143	101
17.3152	101
17.316	101
17.3168	101
17.3177	101
17.3185	101
17.3194	101
17.3202	101
17.3211	101
17.3219	101
17.3227	101
17.3236	101
17.3244	101
17.3253	101
17.3261	101
17.327	101
17.3278	101
17.3287	101
17.3295	101
17.3303	101
17.3312	101
17.332	101
17.3329	101
17.3337	101
17.3346	101
17.3354	101
17.3362	101
17.3371	101
17.3379	101
17.3388	101
17.3396	101
17.3405	101
17.3413	101
17.3421	101
17.343	101
17.3438	101
17.3447	101
17.3455	101
17.3464	101
17.3472	101
17.348	101
17.3489	101
17.3497	101
17.3506	101
17.3514	101
17.3523	101
17.3531	101
17.3539	101
17.3548	101
17.3556	101
17.3565	101
17.3573	101
17.3582	101
17.359	101
17.3599	101
17.3607	101
17.3615	101
17.3624	101
17.3632	101
17.3641	101
17.3649	101
17.3658	101
17.3666	101
17.3674	101
17.3683	101
17.3691	101
17.37	101
17.3708	101
17.3717	101
17.3725	101
17.3733	101
17.3742	101
17.375	101
17.3759	101
17.3767	101
17.3776	101
17.3784	101
17.3792	101
17.3801	101
17.3809	101
17.3818	101
17.3826	101
17.3835	101
17.3843	101
17.3851	101
17.386	101
17.3868	101
17.3877	101
17.3885	101
17.3894	101
17.3902	101
17.391	101
17.3919	101
17.3927	101
17.3936	101
17.3944	101
17.3953	101
17.3961	101
17.397	101
17.3978	101
17.3986	101
17.3995	101
17.4003	101
17.4012	101
17.402	101
17.4029	101
17.4037	101
17.4045	101
17.4054	101
17.4062	101
17.4071	101
17.4079	101
17.4088	101
17.4096	101
17.4104	101
17.4113	101
17.4121	101
17.413	101
17.4138	101
17.4147	101
17.4155	101
17.4163	101
17.4172	101
17.418	101
17.4189	101
17.4197	101
17.4206	101
17.4214	101
17.4222	101
17.4231	101
17.4239	101
17.4248	101
17.4256	101
17.4265	101
17.4273	101
17.4281	101
17.429	101
17.4298	101
17.4307	101
17.4315	101
17.4324	101
17.4332	101
17.4341	101
17.4349	101
17.4357	101
17.4366	101
17.4374	101
17.4383	101
17.4391	101
17.44	101
17.4408	101
17.4416	101
17.4425	101
17.4433	101
17.4442	101
17.445	101
17.4459	101
17.4467	101
17.4475	101
17.4484	101
17.4492	101
17.4501	101
17.4509	101
17.4518	101
17.4526	101
17.4534	101
17.4543	101
17.4551	101
17.456	101
17.4568	101
17.4577	101
17.4585	101
17.4593	101
17.4602	101
17.461	101
17.4619	101
17.4627	101
17.4636	101
17.4644	101
17.4653	101
17.4661	101
17.4669	101
17.4678	101
17.4686	101
17.4695	101
17.4703	101
17.4712	101
17.472	101
17.4728	101
17.4737	101
17.4745	101
17.4754	101
17.4762	101
17.4771	101
17.4779	101
17.4787	101
17.4796	101
17.4804	101
17.4813	101
17.4821	101
17.483	101
17.4838	101
17.4846	101
17.4855	101
17.4863	101
17.4872	101
17.488	101
17.4889	101
17.4897	101
17.4905	101
17.4914	101
17.4922	101
17.4931	101
17.4939	101
17.4948	101
17.4956	101
17.4964	101
17.4973	101
17.4981	101
17.499	101
17.4998	101
17.5007	101
17.5015	101
17.5024	101
17.5032	101
17.504	101
17.5049	101
17.5057	101
17.5066	101
17.5074	101
17.5083	101
17.5091	101
17.5099	101
17.5108	101
17.5116	101
17.5125	101
17.5133	101
17.5142	101
17.515	101
17.5158	101
17.5167	101
17.5175	101
17.5184	101
17.5192	101
17.5201	101
17.5209	101
17.5217	101
17.5226	101
17.5234	101
17.5243	101
17.5251	101
17.526	101
17.5268	101
17.5276	101
17.5285	101
17.5293	101
17.5302	101
17.531	102
17.5319	102
17.5327	102
17.5335	102
17.5344	102
17.5352	102
17.5361	102
17.5369	102
17.5378	102
17.5386	102
17.5395	102
17.5403	102
17.5411	102
17.542	102
17.5428	102
17.5437	102
17.5445	102
17.5454	102
17.5462	102
17.547	102
17.5479	102
17.5487	102
17.5496	102
17.5504	102
17.5513	102
17.5521	102
17.5529	102
17.5538	102
17.5546	102
17.5555	102
17.5563	102
17.5572	102
17.558	102
17.5588	102
17.5597	102
17.5605	102
17.5614	102
17.5622	102
17.5631	102
17.5639	102
17.5647	102
17.5656	102
17.5664	102
17.5673	102
17.5681	102
17.569	102
17.5698	102
17.5707	102
17.5715	102
17.5723	102
17.5732	102
17.574	102
17.5749	102
17.5757	102
17.5766	102
17.5774	102
17.5782	102
17.5791	102
17.5799	102
17.5808	102
17.5816	102
17.5825	102
17.5833	102
17.5841	102
17.585	102
17.5858	102
17.5867	102
17.5875	102
17.5884	102
17.5892	102
17.59	102
17.5909	102
17.5917	102
17.5926	102
17.5934	102
17.5943	102
17.5951	102
17.5959	102
17.5968	102
17.5976	102
17.5985	102
17.5993	102
17.6002	102
17.601	102
17.6018	102
17.6027	102
17.6035	102
17.6044	102
17.6052	102
17.6061	102
17.6069	102
17.6078	102
17.6086	102
17.6094	102
17.6103	102
17.6111	102
17.612	102
17.6128	102
17.6137	102
17.6145	102
17.6153	102
17.6162	102
17.617	102
17.6179	102
17.6187	102
17.6196	102
17.6204	102
17.6212	102
17.6221	102
17.6229	102
17.6238	102
17.6246	102
17.6255	102
17.6263	102
17.6271	102
17.628	102
17.6288	102
17.6297	102
17.6305	102
17.6314	102
17.6322	102
17.633	102
17.6339	102
17.6347	102
17.6356	102
17.6364	102
17.6373	102
17.6381	102
17.6389	102
17.6398	102
17.6406	102
17.6415	102
17.6423	102
17.6432	102
17.644	102
17.6449	102
17.6457	102
17.6465	102
17.6474	102
17.6482	102
17.6491	102
17.6499	102
17.6508	102
17.6516	102
17.6524	102
17.6533	102
17.6541	102
17.655	102
17.6558	102
17.6567	102
17.6575	102
17.6583	102
17.6592	102
17.66	102
17.6609	102
17.6617	102
17.6626	102
17.6634	102
17.6642	102
17.6651	102
17.6659	102
17.6668	102
17.6676	102
17.6685	102
17.6693	102
17.6701	102
17.671	102
17.6718	102
17.6727	102
17.6735	102
17.6744	102
17.6752	102
17.6761	102
17.6769	102
17.6777	102
17.6786	102
17.6794	102
17.6803	102
17.6811	102
17.682	102
17.6828	102
17.6836	102
17.6845	102
17.6853	102
17.6862	102
17.687	102
17.6879	102
17.6887	102
17.6895	102
17.6904	102
17.6912	102
17.6921	102
17.6929	102
17.6938	102
17.6946	102
17.6954	102
17.6963	102
17.6971	102
17.698	102
17.6988	102
17.6997	102
17.7005	102
17.7013	102
17.7022	102
17.703	102
17.7039	102
17.7047	102
17.7056	102
17.7064	102
17.7072	102
17.7081	102
17.7089	102
17.7098	102
17.7106	102
17.7115	102
17.7123	102
17.7132	102
17.714	102
17.7148	102
17.7157	102
17.7165	102
17.7174	102
17.7182	102
17.7191	102
17.7199	102
17.7207	102
17.7216	102
17.7224	102
17.7233	102
17.7241	102
17.725	102
17.7258	102
17.7266	102
17.7275	102
17.7283	102
17.7292	102
17.73	102
17.7309	102
17.7317	102
17.7325	102
17.7334	102
17.7342	102
17.7351	102
17.7359	102
17.7368	102
17.7376	102
17.7384	102
17.7393	102
17.7401	102
17.741	102
17.7418	102
17.7427	102
17.7435	102
17.7443	102
17.7452	102
17.746	102
17.7469	102
17.7477	102
17.7486	102
17.7494	102
17.7503	102
17.7511	102
17.7519	102
17.7528	102
17.7536	102
17.7545	102
17.7553	102
17.7562	102
17.757	102
17.7578	102
17.7587	102
17.7595	102
17.7604	102
17.7612	102
17.7621	102
17.7629	102
17.7637	102
17.7646	102
17.7654	102
17.7663	102
17.7671	102
17.768	102
17.7688	102
17.7696	102
17.7705	102
17.7713	102
17.7722	102
17.773	102
17.7739	102
17.7747	102
17.7755	102
17.7764	102
17.7772	102
17.7781	102
17.7789	102
17.7798	102
17.7806	102
17.7815	102
17.7823	102
17.7831	102
17.784	102
17.7848	102
17.7857	102
17.7865	102
17.7874	102
17.7882	102
17.789	102
17.7899	102
17.7907	102
17.7916	102
17.7924	102
17.7933	102
17.7941	102
17.7949	102
17.7958	102
17.7966	102
17.7975	102
17.7983	102
17.7992	102
17.8	102
17.8008	102
17.8017	102
17.8025	102
17.8034	102
17.8042	102
17.8051	102
17.8059	102
17.8067	102
17.8076	102
17.8084	102
17.8093	102
17.8101	102
17.811	102
17.8118	102
17.8126	102
17.8135	102
17.8143	102
17.8152	102
17.816	102
17.8169	102
17.8177	102
17.8186	102
17.8194	102
17.8202	102
17.8211	102
17.8219	102
17.8228	102
17.8236	102
17.8245	102
17.8253	102
17.8261	102
17.827	102
17.8278	102
17.8287	102
17.8295	102
17.8304	102
17.8312	102
17.832	102
17.8329	102
17.8337	102
17.8346	102
17.8354	102
17.8363	102
17.8371	102
17.8379	102
17.8388	102
17.8396	102
17.8405	102
17.8413	102
17.8422	102
17.843	102
17.8438	102
17.8447	102
17.8455	102
17.8464	102
17.8472	102
17.8481	102
17.8489	102
17.8497	102
17.8506	102
17.8514	102
17.8523	102
17.8531	102
17.854	102
17.8548	102
17.8557	102
17.8565	102
17.8573	102
17.8582	102
17.859	102
17.8599	102
17.8607	102
17.8616	102
17.8624	102
17.8632	102
17.8641	102
17.8649	102
17.8658	102
17.8666	102
17.8675	102
17.8683	102
17.8691	102
17.87	102
17.8708	102
17.8717	102
17.8725	102
17.8734	102
17.8742	102
17.875	102
17.8759	102
17.8767	102
17.8776	102
17.8784	102
17.8793	102
17.8801	102
17.8809	102
17.8818	102
17.8826	102
17.8835	102
17.8843	102
17.8852	102
17.886	102
17.8869	102
17.8877	102
17.8885	102
17.8894	102
17.8902	102
17.8911	102
17.8919	102
17.8928	102
17.8936	101
17.8944	101
17.8953	101
17.8961	101
17.897	101
17.8978	101
17.8987	101
17.8995	101
17.9003	101
17.9012	101
17.902	101
17.9029	101
17.9037	101
17.9046	101
17.9054	101
17.9062	101
17.9071	101
17.9079	101
17.9088	101
17.9096	101
17.9105	101
17.9113	101
17.9121	101
17.913	101
17.9138	101
17.9147	101
17.9155	101
17.9164	101
17.9172	101
17.918	101
17.9189	101
17.9197	101
17.9206	101
17.9214	101
17.9223	101
17.9231	101
17.924	101
17.9248	101
17.9256	101
17.9265	101
17.9273	101
17.9282	101
17.929	101
17.9299	101
17.9307	101
17.9315	101
17.9324	101
17.9332	101
17.9341	101
17.9349	101
17.9358	101
17.9366	101
17.9374	101
17.9383	101
17.9391	101
17.94	101
17.9408	101
17.9417	101
17.9425	101
17.9433	101
17.9442	101
17.945	101
17.9459	101
17.9467	101
17.9476	101
17.9484	101
17.9492	101
17.9501	101
17.9509	101
17.9518	101
17.9526	101
17.9535	101
17.9543	101
17.9551	101
17.956	101
17.9568	101
17.9577	101
17.9585	101
17.9594	101
17.9602	101
17.9611	101
17.9619	101
17.9627	101
17.9636	101
17.9644	101
17.9653	101
17.9661	101
17.967	101
17.9678	101
17.9686	101
17.9695	101
17.9703	101
17.9712	101
17.972	101
17.9729	101
17.9737	101
17.9745	101
17.9754	101
17.9762	101
17.9771	101
17.9779	101
17.9788	101
17.9796	101
17.9804	101
17.9813	101
17.9821	101
17.983	101
17.9838	101
17.9847	101
17.9855	101
17.9863	101
17.9872	101
17.988	101
17.9889	101
17.9897	101
17.9906	101
17.9914	101
17.9923	101
17.9931	101
17.9941	101
17.9949	101
17.9957	101
17.9966	101
17.9974	101
17.9983	101
17.9991	101
18	101
18.0008	101
18.0016	101
18.0025	101
18.0033	101
18.0042	101
18.005	101
18.0059	101
18.0067	101
18.0075	101
18.0084	101
18.0092	101
18.0101	101
18.0109	101
18.0118	101
18.0126	101
18.0135	101
18.0143	101
18.0151	101
18.016	101
18.0168	101
18.0177	101
18.0185	101
18.0194	101
18.0202	101
18.021	101
18.0219	101
18.0227	101
18.0236	101
18.0244	101
18.0253	101
18.0261	101
18.0269	101
18.0278	101
18.0286	101
18.0295	101
18.0303	101
18.0312	101
18.032	101
18.0328	101
18.0337	101
18.0345	101
18.0354	101
18.0362	101
18.0371	101
18.0379	101
18.0387	101
18.0396	101
18.0404	101
18.0413	101
18.0421	101
18.043	101
18.0438	101
18.0446	101
18.0455	101
18.0463	101
18.0472	101
18.048	101
18.0489	101
18.0497	101
18.0506	101
18.0514	101
18.0522	101
18.0531	101
18.0539	101
18.0548	101
18.0556	101
18.0565	101
18.0573	101
18.0581	101
18.059	101
18.0598	101
18.0607	101
18.0615	101
18.0624	101
18.0632	101
18.064	101
18.0649	101
18.0657	101
18.0666	101
18.0674	101
18.0683	101
18.0691	101
18.0699	101
18.0708	101
18.0716	101
18.0725	101
18.0733	101
18.0742	101
18.075	101
18.0758	101
18.0767	101
18.0775	101
18.0784	101
18.0792	101
18.0801	101
18.0809	101
18.0818	101
18.0826	101
18.0834	101
18.0843	101
18.0851	101
18.086	101
18.0868	101
18.0877	101
18.0885	101
18.0893	101
18.0902	101
18.091	101
18.0919	101
18.0927	101
18.0936	101
18.0944	101
18.0952	101
18.0961	101
18.0969	101
18.0978	101
18.0986	101
18.0995	101
18.1003	101
18.1011	101
18.102	101
18.1028	101
18.1037	101
18.1045	101
18.1054	101
18.1062	101
18.107	101
18.1079	101
18.1087	101
18.1096	101
18.1104	101
18.1113	101
18.1121	101
18.1129	101
18.1138	101
18.1146	101
18.1155	101
18.1163	101
18.1172	101
18.118	101
18.1189	101
18.1197	101
18.1205	101
18.1214	101
18.1222	101
18.1231	101
18.1239	101
18.1248	101
18.1256	101
18.1264	101
18.1273	101
18.1281	101
18.129	101
18.1298	101
18.1307	101
18.1315	101
18.1323	101
18.1332	101
18.134	101
18.1349	101
18.1357	101
18.1366	101
18.1374	101
18.1382	101
18.1391	101
18.1399	101
18.1408	101
18.1416	101
18.1425	101
18.1433	101
18.1441	101
18.145	101
18.1458	101
18.1467	101
18.1475	101
18.1484	101
18.1492	101
18.15	101
18.1509	101
18.1517	101
18.1526	101
18.1534	101
18.1543	101
18.1551	101
18.156	101
18.1568	101
18.1576	101
18.1585	101
18.1593	101
18.1602	101
18.161	101
18.1619	101
18.1627	101
18.1635	101
18.1644	101
18.1652	101
18.1661	101
18.1669	101
18.1678	101
18.1686	101
18.1694	101
18.1703	101
18.1711	101
18.172	101
18.1728	101
18.1737	101
18.1745	101
18.1753	101
18.1762	101
18.177	101
18.1779	101
18.1787	101
18.1796	101
18.1804	101
18.1812	101
18.1821	101
18.1829	101
18.1838	101
18.1846	101
18.1855	101
18.1863	101
18.1872	101
18.188	101
18.1888	101
18.1897	101
18.1905	101
18.1914	101
18.1922	101
18.1931	101
18.1939	101
18.1947	101
18.1956	101
18.1964	101
18.1973	101
18.1981	101
18.199	101
18.1998	101
18.2006	101
18.2015	101
18.2023	101
18.2032	101
18.204	101
18.2049	101
18.2057	101
18.2065	101
18.2074	101
18.2082	101
18.2091	101
18.2099	101
18.2108	101
18.2116	101
18.2124	101
18.2133	101
18.2141	101
18.215	101
18.2158	101
18.2167	101
18.2175	101
18.2183	101
18.2192	101
18.22	101
18.2209	101
18.2217	101
18.2226	101
18.2234	101
18.2243	101
18.2251	101
18.2259	101
18.2268	101
18.2276	101
18.2285	101
18.2293	101
18.2302	101
18.231	101
18.2318	101
18.2327	101
18.2335	101
18.2344	101
18.2352	101
18.2361	101
18.2369	101
18.2377	101
18.2386	101
18.2394	101
18.2403	101
18.2411	101
18.242	101
18.2428	101
18.2436	101
18.2445	101
18.2453	101
18.2462	101
18.247	102
18.2479	102
18.2487	102
18.2495	102
18.2504	102
18.2512	102
18.2521	102
18.2529	102
18.2538	102
18.2546	102
18.2554	102
18.2563	102
18.2571	102
18.258	102
18.2588	102
18.2597	102
18.2605	102
18.2614	102
18.2622	102
18.263	102
18.2639	102
18.2647	102
18.2656	102
18.2664	102
18.2673	102
18.2681	102
18.2689	102
18.2698	102
18.2706	102
18.2715	102
18.2723	102
18.2732	102
18.274	102
18.2748	102
18.2757	102
18.2765	102
18.2774	102
18.2782	102
18.2791	102
18.2799	102
18.2807	102
18.2816	102
18.2824	102
18.2833	102
18.2841	102
18.285	102
18.2858	102
18.2866	102
18.2875	102
18.2883	102
18.2892	102
18.29	102
18.2909	102
18.2917	102
18.2926	102
18.2934	102
18.2942	102
18.2951	102
18.2959	102
18.2968	102
18.2976	102
18.2985	102
18.2993	102
18.3001	102
18.301	102
18.3018	102
18.3027	102
18.3035	102
18.3044	102
18.3052	102
18.306	102
18.3069	102
18.3077	102
18.3086	102
18.3094	102
18.3103	102
18.3111	102
18.3119	102
18.3128	102
18.3136	102
18.3145	102
18.3153	102
18.3162	102
18.317	102
18.3178	102
18.3187	102
18.3195	102
18.3204	102
18.3212	102
18.3221	102
18.3229	102
18.3237	102
18.3246	102
18.3254	102
18.3263	102
18.3271	102
18.328	102
18.3288	102
18.3297	102
18.3305	102
18.3313	102
18.3322	102
18.333	102
18.3339	102
18.3347	102
18.3356	102
18.3364	102
18.3372	102
18.3381	102
18.3389	102
18.3398	102
18.3406	102
18.3415	102
18.3423	102
18.3431	102
18.344	102
18.3448	102
18.3457	102
18.3465	102
18.3474	102
18.3482	102
18.349	102
18.3499	102
18.3507	102
18.3516	102
18.3524	102
18.3533	102
18.3541	102
18.3549	102
18.3558	102
18.3566	102
18.3575	102
18.3583	102
18.3592	102
18.36	102
18.3608	102
18.3617	102
18.3625	102
18.3634	102
18.3642	102
18.3651	102
18.3659	102
18.3668	102
18.3676	102
18.3684	102
18.3693	102
18.3701	102
18.371	102
18.3718	102
18.3727	102
18.3735	102
18.3743	102
18.3752	102
18.376	102
18.3769	102
18.3777	102
18.3786	102
18.3794	102
18.3802	102
18.3811	102
18.3819	102
18.3828	102
18.3836	102
18.3845	102
18.3853	102
18.3861	102
18.387	102
18.3878	102
18.3887	102
18.3895	102
18.3904	102
18.3912	102
18.392	102
18.3929	102
18.3937	102
18.3946	102
18.3954	102
18.3963	102
18.3971	102
18.398	102
18.3988	102
18.3996	102
18.4005	102
18.4013	102
18.4022	102
18.403	102
18.4039	102
18.4047	102
18.4055	102
18.4064	102
18.4072	102
18.4081	102
18.4089	102
18.4098	102
18.4106	102
18.4114	102
18.4123	102
18.4131	102
18.414	102
18.4148	102
18.4157	102
18.4165	102
18.4173	102
18.4182	102
18.419	102
18.4199	102
18.4207	102
18.4216	102
18.4224	102
18.4232	102
18.4241	102
18.4249	102
18.4258	102
18.4266	102
18.4275	102
18.4283	102
18.4291	102
18.43	102
18.4308	102
18.4317	102
18.4325	102
18.4334	102
18.4342	102
18.4351	102
18.4359	102
18.4367	102
18.4376	102
18.4384	102
18.4393	102
18.4401	102
18.441	102
18.4418	102
18.4426	102
18.4435	102
18.4443	102
18.4452	102
18.446	102
18.4469	102
18.4477	102
18.4485	102
18.4494	102
18.4502	102
18.4511	102
18.4519	102
18.4528	102
18.4536	102
18.4544	102
18.4553	102
18.4561	102
18.457	102
18.4578	102
18.4587	102
18.4595	102
18.4603	102
18.4612	102
18.462	102
18.4629	102
18.4637	102
18.4646	102
18.4654	102
18.4662	102
18.4671	102
18.4679	102
18.4688	102
18.4696	102
18.4705	102
18.4713	102
18.4722	102
18.473	102
18.4738	102
18.4747	102
18.4755	102
18.4764	102
18.4772	102
18.4781	102
18.4789	102
18.4797	102
18.4806	102
18.4814	102
18.4823	102
18.4831	102
18.484	102
18.4848	102
18.4856	102
18.4865	102
18.4873	102
18.4882	102
18.489	102
18.4899	102
18.4907	102
18.4915	102
18.4924	102
18.4932	102
18.4941	102
18.4949	102
18.4958	102
18.4966	102
18.4974	102
18.4983	102
18.4991	102
18.5	102
18.5008	102
18.5017	102
18.5025	102
18.5034	102
18.5042	102
18.505	102
18.5059	102
18.5067	102
18.5076	102
18.5084	102
18.5093	102
18.5101	102
18.5109	102
18.5118	102
18.5126	102
18.5135	102
18.5143	102
18.5152	102
18.516	102
18.5168	102
18.5177	102
18.5185	102
18.5194	102
18.5202	102
18.5211	102
18.5219	102
18.5227	102
18.5236	102
18.5244	102
18.5253	102
18.5261	102
18.527	102
18.5278	102
18.5286	102
18.5295	102
18.5303	102
18.5312	102
18.532	102
18.5329	102
18.5337	102
18.5345	102
18.5354	102
18.5362	102
18.5371	102
18.5379	102
18.5388	102
18.5396	102
18.5405	102
18.5413	102
18.5421	102
18.543	102
18.5438	102
18.5447	102
18.5455	102
18.5464	102
18.5472	102
18.548	102
18.5489	102
18.5497	102
18.5506	102
18.5514	102
18.5523	102
18.5531	102
18.5539	102
18.5548	102
18.5556	102
18.5565	102
18.5573	102
18.5582	102
18.559	102
18.5598	102
18.5607	102
18.5615	102
18.5624	102
18.5632	102
18.5641	102
18.5649	102
18.5657	102
18.5666	102
18.5674	102
18.5683	102
18.5691	102
18.57	102
18.5708	102
18.5716	102
18.5725	102
18.5733	102
18.5742	102
18.575	102
18.5759	102
18.5767	102
18.5776	102
18.5784	102
18.5792	102
18.5801	102
18.5809	102
18.5818	102
18.5826	102
18.5835	102
18.5843	102
18.5851	102
18.586	102
18.5868	102
18.5877	102
18.5885	102
18.5894	102
18.5902	102
18.591	102
18.5919	102
18.5927	102
18.5936	102
18.5944	102
18.5953	102
18.5961	102
18.5969	102
18.5978	102
18.5986	102
18.5995	102
18.6003	102
18.6012	102
18.602	102
18.6028	102
18.6037	102
18.6045	102
18.6054	102
18.6062	102
18.6071	102
18.6079	102
18.6088	102
18.6096	102
18.6104	102
18.6113	102
18.6121	102
18.613	102
18.6138	102
18.6147	102
18.6155	102
18.6163	102
18.6172	102
18.618	102
18.6189	102
18.6197	102
18.6206	102
18.6214	102
18.6222	102
18.6231	102
18.6239	102
18.6248	102
18.6256	102
18.6265	102
18.6273	102
18.6281	102
18.629	102
18.6298	102
18.6307	102
18.6315	102
18.6324	102
18.6332	102
18.634	102
18.6349	102
18.6357	102
18.6366	102
18.6374	102
18.6383	102
18.6391	102
18.6399	102
18.6408	102
18.6416	102
18.6425	102
18.6433	102
18.6442	102
18.645	102
18.6459	102
18.6467	102
18.6475	102
18.6484	102
18.6492	102
18.6501	102
18.6509	102
18.6518	102
18.6526	102
18.6534	102
18.6543	102
18.6551	102
18.656	102
18.6568	102
18.6577	102
18.6585	102
18.6593	102
18.6602	102
18.661	102
18.6619	102
18.6627	102
18.6636	102
18.6644	102
18.6652	102
18.6661	102
18.6669	102
18.6678	102
18.6686	102
18.6695	102
18.6703	102
18.6711	102
18.672	102
18.6728	102
18.6737	102
18.6745	102
18.6754	102
18.6762	102
18.677	102
18.6779	102
18.6787	102
18.6796	102
18.6804	102
18.6813	102
18.6821	102
18.683	102
18.6838	102
18.6846	102
18.6855	102
18.6863	102
18.6872	102
18.688	102
18.6889	102
18.6897	102
18.6905	102
18.6914	102
18.6922	102
18.6931	102
18.6939	102
18.6948	102
18.6956	102
18.6964	102
18.6973	102
18.6981	102
18.699	102
18.6998	102
18.7007	102
18.7015	101
18.7023	101
18.7032	101
18.704	101
18.7049	101
18.7057	101
18.7066	101
18.7074	101
18.7082	101
18.7091	101
18.7099	101
18.7108	101
18.7116	101
18.7125	101
18.7133	101
18.7142	101
18.715	101
18.7158	101
18.7167	101
18.7175	101
18.7184	101
18.7192	101
18.7201	101
18.7209	101
18.7217	101
18.7226	101
18.7234	101
18.7243	101
18.7251	101
18.726	101
18.7268	101
18.7276	101
18.7285	101
18.7293	101
18.7302	101
18.731	101
18.7319	101
18.7327	101
18.7335	101
18.7344	101
18.7352	101
18.7361	101
18.7369	101
18.7378	101
18.7386	101
18.7394	101
18.7403	101
18.7411	101
18.742	101
18.7428	101
18.7437	101
18.7445	101
18.7453	101
18.7462	101
18.747	101
18.7479	101
18.7487	101
18.7496	101
18.7504	101
18.7513	101
18.7521	101
18.7529	101
18.7538	101
18.7546	101
18.7555	101
18.7563	101
18.7572	101
18.758	101
18.7588	101
18.7597	101
18.7605	101
18.7614	101
18.7622	101
18.7631	101
18.7639	101
18.7647	101
18.7656	101
18.7664	101
18.7673	101
18.7681	101
18.769	101
18.7698	101
18.7706	101
18.7715	101
18.7723	101
18.7732	101
18.774	101
18.7749	101
18.7757	101
18.7765	101
18.7774	101
18.7782	101
18.7791	101
18.7799	101
18.7808	101
18.7816	101
18.7824	101
18.7833	101
18.7841	101
18.785	101
18.7858	101
18.7867	101
18.7875	101
18.7884	101
18.7892	101
18.79	101
18.7909	101
18.7917	101
18.7926	101
18.7934	101
18.7943	101
18.7951	101
18.7959	101
18.7968	101
18.7976	101
18.7985	101
18.7993	101
18.8002	101
18.801	101
18.802	101
18.8028	101
18.8036	101
18.8045	101
18.8053	101
18.8062	101
18.807	101
18.8079	101
18.8087	101
18.8096	101
18.8104	101
18.8112	101
18.8121	101
18.8129	101
18.8138	101
18.8146	101
18.8155	101
18.8163	101
18.8171	101
18.818	101
18.8188	101
18.8197	101
18.8205	101
18.8214	101
18.8222	101
18.823	101
18.8239	101
18.8247	101
18.8256	101
18.8264	101
18.8273	101
18.8281	101
18.8289	101
18.8298	101
18.8306	101
18.8315	101
18.8323	101
18.8332	101
18.834	101
18.8348	101
18.8357	101
18.8365	101
18.8374	101
18.8382	101
18.8391	101
18.8399	101
18.8408	101
18.8416	101
18.8424	101
18.8433	101
18.8441	101
18.845	101
18.8458	101
18.8467	101
18.8475	101
18.8483	101
18.8492	101
18.85	101
18.8509	101
18.8517	101
18.8526	101
18.8534	101
18.8542	101
18.8551	101
18.8559	101
18.8568	101
18.8576	101
18.8585	101
18.8593	101
18.8601	101
18.861	101
18.8618	101
18.8627	101
18.8635	101
18.8644	101
18.8652	101
18.866	101
18.8669	101
18.8677	101
18.8686	101
18.8694	101
18.8703	101
18.8711	101
18.8719	101
18.8728	101
18.8736	101
18.8745	101
18.8753	101
18.8762	101
18.877	101
18.8779	101
18.8787	101
18.8795	101
18.8804	101
18.8812	101
18.8821	101
18.8829	101
18.8838	101
18.8846	101
18.8854	101
18.8863	101
18.8871	101
18.888	101
18.8888	101
18.8897	101
18.8905	101
18.8913	101
18.8922	101
18.893	101
18.8939	101
18.8947	101
18.8956	101
18.8964	101
18.8972	101
18.8981	101
18.8989	101
18.8998	101
18.9006	101
18.9015	101
18.9023	101
18.9031	101
18.904	101
18.9048	101
18.9057	101
18.9065	101
18.9074	101
18.9082	101
18.909	101
18.9099	101
18.9107	101
18.9116	101
18.9124	101
18.9133	101
18.9141	101
18.915	101
18.9158	101
18.9166	101
18.9175	101
18.9183	101
18.9192	101
18.92	101
18.9209	101
18.9217	101
18.9225	101
18.9234	101
18.9242	101
18.9251	101
18.9259	101
18.9268	101
18.9276	101
18.9284	101
18.9293	101
18.9301	101
18.931	101
18.9318	101
18.9327	101
18.9335	101
18.9343	101
18.9352	101
18.936	101
18.9369	101
18.9377	101
18.9386	101
18.9394	101
18.9402	101
18.9411	101
18.9419	101
18.9428	101
18.9436	101
18.9445	101
18.9453	101
18.9462	101
18.947	101
18.9478	101
18.9487	101
18.9495	101
18.9504	101
18.9512	101
18.9521	101
18.9529	101
18.9537	101
18.9546	101
18.9554	101
18.9563	101
18.9571	101
18.958	101
18.9588	101
18.9596	101
18.9605	101
18.9613	101
18.9622	101
18.963	101
18.9639	101
18.9647	101
18.9655	101
18.9664	101
18.9672	101
18.9681	101
18.9689	101
18.9698	101
18.9706	101
18.9714	101
18.9723	101
18.9731	101
18.974	101
18.9748	101
18.9757	101
18.9765	101
18.9773	101
18.9782	101
18.979	101
18.9799	101
18.9807	101
18.9816	101
18.9824	101
18.9833	101
18.9841	101
18.9849	101
18.9858	101
18.9866	101
18.9875	101
18.9883	101
18.9892	101
18.99	101
18.9908	101
18.9917	101
18.9925	101
18.9934	101
18.9942	101
18.9951	101
18.9959	101
18.9967	101
18.9976	101
18.9984	101
18.9993	101
19.0001	101
19.001	101
19.0018	101
19.0026	101
19.0035	101
19.0043	101
19.0052	101
19.006	101
19.0069	101
19.0077	101
19.0085	101
19.0094	101
19.0102	101
19.0111	101
19.0119	101
19.0128	101
19.0136	101
19.0144	101
19.0153	101
19.0161	101
19.017	101
19.0178	101
19.0187	101
19.0195	101
19.0204	101
19.0212	101
19.022	101
19.0229	101
19.0237	101
19.0246	101
19.0254	101
19.0263	101
19.0271	101
19.0279	101
19.0288	101
19.0296	101
19.0305	101
19.0313	101
19.0322	101
19.033	101
19.0338	101
19.0347	101
19.0355	101
19.0364	101
19.0372	101
19.0381	101
19.0389	101
19.0397	101
19.0406	101
19.0414	101
19.0423	101
19.0431	101
19.044	101
19.0448	101
19.0456	101
19.0465	101
19.0473	101
19.0482	101
19.049	102
19.0499	102
19.0507	102
19.0516	102
19.0524	102
19.0532	102
19.0541	102
19.0549	102
19.0558	102
19.0566	102
19.0575	102
19.0583	102
19.0591	102
19.06	102
19.0608	102
19.0617	102
19.0625	102
19.0634	102
19.0642	102
19.065	102
19.0659	102
19.0667	102
19.0676	102
19.0684	102
19.0693	102
19.0701	102
19.0709	102
19.0718	102
19.0726	102
19.0735	102
19.0743	102
19.0752	102
19.076	102
19.0768	102
19.0777	102
19.0785	102
19.0794	102
19.0802	102
19.0811	102
19.0819	102
19.0827	102
19.0836	102
19.0844	102
19.0853	102
19.0861	102
19.087	102
19.0878	102
19.0887	102
19.0895	102
19.0903	102
19.0912	102
19.092	102
19.0929	102
19.0937	102
19.0946	102
19.0954	102
19.0962	102
19.0971	102
19.0979	102
19.0988	102
19.0996	102
19.1005	102
19.1013	102
19.1021	102
19.103	102
19.1038	102
19.1047	102
19.1055	102
19.1064	102
19.1072	102
19.108	102
19.1089	102
19.1097	102
19.1106	102
19.1114	102
19.1123	102
19.1131	102
19.1139	102
19.1148	102
19.1156	102
19.1165	102
19.1173	102
19.1182	102
19.119	102
19.1198	102
19.1207	102
19.1215	102
19.1224	102
19.1232	102
19.1241	102
19.1249	102
19.1258	102
19.1266	102
19.1274	102
19.1283	102
19.1291	102
19.13	102
19.1308	102
19.1317	102
19.1325	102
19.1333	102
19.1342	102
19.135	102
19.1359	102
19.1367	102
19.1376	102
19.1384	102
19.1392	102
19.1401	102
19.1409	102
19.1418	102
19.1426	102
19.1435	102
19.1443	102
19.1451	102
19.146	102
19.1468	102
19.1477	102
19.1485	102
19.1494	102
19.1502	102
19.151	102
19.1519	102
19.1527	102
19.1536	102
19.1544	102
19.1553	102
19.1561	102
19.157	102
19.1578	102
19.1586	102
19.1595	102
19.1603	102
19.1612	102
19.162	102
19.1629	102
19.1637	102
19.1645	102
19.1654	102
19.1662	102
19.1671	102
19.1679	102
19.1688	102
19.1696	102
19.1704	102
19.1713	102
19.1721	102
19.173	102
19.1738	102
19.1747	102
19.1755	102
19.1763	102
19.1772	102
19.178	102
19.1789	102
19.1797	102
19.1806	102
19.1814	102
19.1822	102
19.1831	102
19.1839	102
19.1848	102
19.1856	102
19.1865	102
19.1873	102
19.1881	102
19.189	102
19.1898	102
19.1907	102
19.1915	102
19.1924	102
19.1932	102
19.1941	102
19.1949	102
19.1957	102
19.1966	102
19.1974	102
19.1983	102
19.1991	102
19.2	102
19.2008	102
19.2016	102
19.2025	102
19.2033	102
19.2042	102
19.205	102
19.2059	102
19.2067	102
19.2075	102
19.2084	102
19.2092	102
19.2101	102
19.2109	102
19.2118	102
19.2126	102
19.2134	102
19.2143	102
19.2151	102
19.216	102
19.2168	102
19.2177	102
19.2185	102
19.2193	102
19.2202	102
19.221	102
19.2219	102
19.2227	102
19.2236	102
19.2244	102
19.2252	102
19.2261	102
19.2269	102
19.2278	102
19.2286	102
19.2295	102
19.2303	102
19.2312	102
19.232	102
19.2328	102
19.2337	102
19.2345	102
19.2354	102
19.2362	102
19.2371	102
19.2379	102
19.2387	102
19.2396	102
19.2404	102
19.2413	102
19.2421	102
19.243	102
19.2438	102
19.2446	102
19.2455	102
19.2463	102
19.2472	102
19.248	102
19.2489	102
19.2497	102
19.2505	102
19.2514	102
19.2522	102
19.2531	102
19.2539	102
19.2548	102
19.2556	102
19.2564	102
19.2573	102
19.2581	102
19.259	102
19.2598	102
19.2607	102
19.2615	102
19.2624	102
19.2632	102
19.264	102
19.2649	102
19.2657	102
19.2666	102
19.2674	102
19.2683	102
19.2691	102
19.2699	102
19.2708	102
19.2716	102
19.2725	102
19.2733	102
19.2742	102
19.275	102
19.2758	102
19.2767	102
19.2775	102
19.2784	102
19.2792	102
19.2801	102
19.2809	102
19.2817	102
19.2826	102
19.2834	102
19.2843	102
19.2851	102
19.286	102
19.2868	102
19.2876	102
19.2885	102
19.2893	102
19.2902	102
19.291	102
19.2919	102
19.2927	102
19.2935	102
19.2944	102
19.2952	102
19.2961	102
19.2969	102
19.2978	102
19.2986	102
19.2995	102
19.3003	102
19.3011	102
19.302	102
19.3028	102
19.3037	102
19.3045	102
19.3054	102
19.3062	102
19.307	102
19.3079	102
19.3087	102
19.3096	102
19.3104	102
19.3113	102
19.3121	102
19.3129	102
19.3138	102
19.3146	102
19.3155	102
19.3163	102
19.3172	102
19.318	102
19.3188	102
19.3197	102
19.3205	102
19.3214	102
19.3222	102
19.3231	102
19.3239	102
19.3247	102
19.3256	102
19.3264	102
19.3273	102
19.3281	102
19.329	102
19.3298	102
19.3306	102
19.3315	102
19.3323	102
19.3332	102
19.334	102
19.3349	102
19.3357	102
19.3366	102
19.3374	102
19.3382	102
19.3391	102
19.3399	102
19.3408	102
19.3416	102
19.3425	102
19.3433	102
19.3441	102
19.345	102
19.3458	102
19.3467	102
19.3475	102
19.3484	102
19.3492	102
19.35	102
19.3509	102
19.3517	102
19.3526	102
19.3534	102
19.3543	102
19.3551	102
19.3559	102
19.3568	102
19.3576	102
19.3585	102
19.3593	102
19.3602	102
19.361	102
19.3618	102
19.3627	102
19.3635	102
19.3644	102
19.3652	102
19.3661	102
19.3669	102
19.3678	102
19.3686	102
19.3694	102
19.3703	102
19.3711	102
19.372	102
19.3728	102
19.3737	102
19.3745	102
19.3753	102
19.3762	102
19.377	102
19.3779	102
19.3787	102
19.3796	102
19.3804	102
19.3812	102
19.3821	102
19.3829	102
19.3838	102
19.3846	102
19.3855	102
19.3863	102
19.3871	102
19.388	102
19.3888	102
19.3897	102
19.3905	102
19.3914	102
19.3922	102
19.393	102
19.3939	102
19.3947	102
19.3956	102
19.3964	102
19.3973	102
19.3981	102
19.3989	102
19.3998	102
19.4006	102
19.4015	102
19.4023	102
19.4032	102
19.404	102
19.4049	102
19.4057	102
19.4065	102
19.4074	102
19.4082	101
19.4091	101
19.4099	101
19.4108	101
19.4116	101
19.4124	101
19.4133	101
19.4141	101
19.415	101
19.4158	101
19.4167	101
19.4175	101
19.4183	101
19.4192	101
19.42	101
19.4209	101
19.4217	101
19.4226	101
19.4234	101
19.4242	101
19.4251	101
19.4259	101
19.4268	101
19.4276	101
19.4285	101
19.4293	101
19.4301	101
19.431	101
19.4318	101
19.4327	101
19.4335	101
19.4344	101
19.4352	101
19.436	101
19.4369	101
19.4377	101
19.4386	101
19.4394	101
19.4403	101
19.4411	101
19.442	101
19.4428	101
19.4436	101
19.4445	101
19.4453	101
19.4462	101
19.447	101
19.4479	101
19.4487	101
19.4495	101
19.4504	101
19.4512	101
19.4521	101
19.4529	101
19.4538	101
19.4546	101
19.4554	101
19.4563	101
19.4571	101
19.458	101
19.4588	101
19.4597	101
19.4605	101
19.4613	101
19.4622	101
19.463	101
19.4639	101
19.4647	101
19.4656	101
19.4664	101
19.4672	101
19.4681	101
19.4689	101
19.4698	101
19.4706	101
19.4715	101
19.4723	101
19.4732	101
19.474	101
19.4748	101
19.4757	101
19.4765	101
19.4774	101
19.4782	101
19.4791	101
19.4799	101
19.4807	101
19.4816	101
19.4824	101
19.4833	101
19.4841	101
19.485	101
19.4858	101
19.4866	101
19.4875	101
19.4883	101
19.4892	101
19.49	101
19.4909	101
19.4917	101
19.4925	101
19.4934	101
19.4942	101
19.4951	101
19.4959	101
19.4968	101
19.4976	101
19.4984	101
19.4993	101
19.5001	101
19.501	101
19.5018	101
19.5027	101
19.5035	101
19.5043	101
19.5052	101
19.506	101
19.5069	101
19.5077	101
19.5087	101
19.5095	101
19.5104	101
19.5112	101
19.5121	101
19.5129	101
19.5137	101
19.5146	101
19.5154	101
19.5163	101
19.5171	101
19.518	101
19.5188	101
19.5196	101
19.5205	101
19.5213	101
19.5222	101
19.523	101
19.5239	101
19.5247	101
19.5255	101
19.5264	101
19.5272	101
19.5281	101
19.5289	101
19.5298	101
19.5306	101
19.5315	101
19.5323	101
19.5331	101
19.534	101
19.5348	101
19.5357	101
19.5365	101
19.5374	101
19.5382	101
19.539	101
19.5399	101
19.5407	101
19.5416	101
19.5424	101
19.5433	101
19.5441	101
19.5449	101
19.5458	101
19.5466	101
19.5475	101
19.5483	101
19.5492	101
19.55	101
19.5508	101
19.5517	101
19.5525	101
19.5534	101
19.5542	101
19.5551	101
19.5559	101
19.5567	101
19.5576	101
19.5584	101
19.5593	101
19.5601	101
19.561	101
19.5618	101
19.5626	101
19.5635	101
19.5643	101
19.5652	101
19.566	101
19.5669	101
19.5677	101
19.5686	101
19.5694	101
19.5702	101
19.5711	101
19.5719	101
19.5728	101
19.5736	101
19.5745	101
19.5753	101
19.5761	101
19.577	101
19.5778	101
19.5787	101
19.5795	101
19.5804	101
19.5812	101
19.582	101
19.5829	101
19.5837	101
19.5846	101
19.5854	101
19.5863	101
19.5871	101
19.5879	101
19.5888	101
19.5896	101
19.5905	101
19.5913	101
19.5922	101
19.593	101
19.5938	101
19.5947	101
19.5955	101
19.5964	101
19.5972	101
19.5981	101
19.5989	101
19.5998	101
19.6006	101
19.6014	101
19.6023	101
19.6031	101
19.604	101
19.6048	101
19.6057	101
19.6065	101
19.6073	101
19.6082	101
19.609	101
19.6099	101
19.6107	101
19.6116	101
19.6124	101
19.6132	101
19.6141	101
19.6149	101
19.6158	101
19.6166	101
19.6175	101
19.6183	101
19.6191	101
19.62	101
19.6208	101
19.6217	101
19.6225	101
19.6234	101
19.6242	101
19.625	101
19.6259	101
19.6267	101
19.6276	101
19.6284	101
19.6293	101
19.6301	101
19.6309	101
19.6318	101
19.6326	101
19.6335	101
19.6343	101
19.6352	101
19.636	101
19.6369	101
19.6377	101
19.6385	101
19.6394	101
19.6402	101
19.6411	101
19.6419	101
19.6428	101
19.6436	101
19.6444	101
19.6453	101
19.6461	101
19.647	101
19.6478	101
19.6487	101
19.6495	101
19.6503	101
19.6512	101
19.652	101
19.6529	101
19.6537	101
19.6546	101
19.6554	101
19.6562	101
19.6571	101
19.6579	101
19.6588	101
19.6596	101
19.6605	101
19.6613	101
19.6621	101
19.663	101
19.6638	101
19.6647	101
19.6655	101
19.6664	101
19.6672	101
19.668	101
19.6689	101
19.6697	101
19.6706	101
19.6714	101
19.6723	101
19.6731	101
19.674	101
19.6748	101
19.6756	101
19.6765	101
19.6773	101
19.6782	101
19.679	101
19.6799	101
19.6807	101
19.6815	101
19.6824	101
19.6832	101
19.6841	101
19.6849	101
19.6858	101
19.6866	101
19.6874	101
19.6883	101
19.6891	101
19.69	101
19.6908	101
19.6917	101
19.6925	101
19.6933	101
19.6942	101
19.695	101
19.6959	101
19.6967	101
19.6976	101
19.6984	101
19.6992	101
19.7001	101
19.7009	101
19.7018	101
19.7026	101
19.7035	101
19.7043	101
19.7052	101
19.706	101
19.7068	101
19.7077	101
19.7085	101
19.7094	101
19.7102	101
19.7111	101
19.7119	101
19.7127	101
19.7136	101
19.7144	101
19.7153	101
19.7161	101
19.717	101
19.7178	101
19.7186	101
19.7195	101
19.7203	101
19.7212	101
19.722	102
19.7229	102
19.7237	102
19.7245	102
19.7254	102
19.7262	102
19.7271	102
19.7279	102
19.7288	102
19.7296	102
19.7304	102
19.7313	102
19.7321	102
19.733	102
19.7338	102
19.7347	102
19.7355	102
19.7363	102
19.7372	102
19.738	102
19.7389	102
19.7397	102
19.7406	102
19.7414	102
19.7423	102
19.7431	102
19.7439	102
19.7448	102
19.7456	102
19.7465	102
19.7473	102
19.7482	102
19.749	102
19.7498	102
19.7507	102
19.7515	102
19.7524	102
19.7532	102
19.7541	102
19.7549	102
19.7557	102
19.7566	102
19.7574	102
19.7583	102
19.7591	102
19.76	102
19.7608	102
19.7616	102
19.7625	102
19.7633	102
19.7642	102
19.765	102
19.7659	102
19.7667	102
19.7675	102
19.7684	102
19.7692	102
19.7701	102
19.7709	102
19.7718	102
19.7726	102
19.7734	102
19.7743	102
19.7751	102
19.776	102
19.7768	102
19.7777	102
19.7785	102
19.7794	102
19.7802	102
19.781	102
19.7819	102
19.7827	102
19.7836	102
19.7844	102
19.7853	102
19.7861	102
19.7869	102
19.7878	102
19.7886	102
19.7895	102
19.7903	102
19.7912	102
19.792	102
19.7928	102
19.7937	102
19.7945	102
19.7954	102
19.7962	102
19.7971	102
19.7979	102
19.7987	102
19.7996	102
19.8004	102
19.8013	102
19.8021	102
19.803	102
19.8038	102
19.8046	102
19.8055	102
19.8063	102
19.8072	102
19.808	102
19.8089	102
19.8097	102
19.8106	102
19.8114	102
19.8122	102
19.8131	102
19.8139	102
19.8148	102
19.8156	102
19.8165	102
19.8173	102
19.8181	102
19.819	102
19.8198	102
19.8207	102
19.8215	102
19.8224	102
19.8232	102
19.824	102
19.8249	102
19.8257	102
19.8266	102
19.8274	102
19.8283	102
19.8291	102
19.8299	102
19.8308	102
19.8316	102
19.8325	102
19.8333	102
19.8342	102
19.835	102
19.8358	102
19.8367	102
19.8375	102
19.8384	102
19.8392	102
19.8401	102
19.8409	102
19.8417	102
19.8426	102
19.8434	102
19.8443	102
19.8451	102
19.846	102
19.8468	102
19.8477	102
19.8485	102
19.8493	102
19.8502	102
19.851	102
19.8519	102
19.8527	102
19.8536	102
19.8544	102
19.8552	102
19.8561	102
19.8569	102
19.8578	102
19.8586	102
19.8595	102
19.8603	102
19.8611	102
19.862	102
19.8628	102
19.8637	102
19.8645	102
19.8654	102
19.8662	102
19.867	102
19.8679	102
19.8687	102
19.8696	102
19.8704	102
19.8713	102
19.8721	102
19.8729	102
19.8738	102
19.8746	102
19.8755	102
19.8763	102
19.8772	102
19.878	102
19.8788	102
19.8797	102
19.8805	102
19.8814	102
19.8822	102
19.8831	102
19.8839	102
19.8848	102
19.8856	102
19.8864	102
19.8873	102
19.8881	102
19.889	102
19.8898	102
19.8907	102
19.8915	102
19.8923	102
19.8932	102
19.894	102
19.8949	102
19.8957	102
19.8966	102
19.8974	102
19.8982	102
19.8991	102
19.8999	102
19.9008	102
19.9016	102
19.9025	102
19.9033	102
19.9041	102
19.905	102
19.9058	102
19.9067	102
19.9075	102
19.9084	102
19.9092	102
19.91	102
19.9109	102
19.9117	102
19.9126	102
19.9134	102
19.9143	102
19.9151	102
19.916	102
19.9168	102
19.9176	102
19.9185	102
19.9193	102
19.9202	102
19.921	102
19.9219	102
19.9227	102
19.9235	102
19.9244	102
19.9252	102
19.9261	102
19.9269	102
19.9278	102
19.9286	102
19.9294	102
19.9303	102
19.9311	102
19.932	102
19.9328	102
19.9337	102
19.9345	102
19.9353	102
19.9362	102
19.937	102
19.9379	102
19.9387	102
19.9396	102
19.9404	102
19.9412	102
19.9421	102
19.9429	102
19.9438	102
19.9446	102
19.9455	102
19.9463	102
19.9471	102
19.948	102
19.9488	102
19.9497	102
19.9505	102
19.9514	102
19.9522	102
19.9531	102
19.9539	102
19.9547	102
19.9556	102
19.9564	102
19.9573	102
19.9581	102
19.959	102
19.9598	102
19.9606	102
19.9615	102
19.9623	102
19.9632	102
19.964	102
19.9649	102
19.9657	102
19.9665	102
19.9674	102
19.9682	102
19.9691	102
19.9699	102
19.9708	102
19.9716	102
19.9724	102
19.9733	102
19.9741	102
19.975	102
19.9758	102
19.9767	102
19.9775	102
19.9783	102
19.9792	102
19.98	102
19.9809	102
19.9817	102
19.9826	102
19.9834	102
19.9842	102
19.9851	102
19.9859	102
19.9868	102
19.9876	102
19.9885	102
19.9893	102
19.9902	102
19.991	102
19.9918	102
19.9927	102
19.9935	102
19.9944	102
19.9952	102
19.9961	102
19.9969	102
19.9977	102
19.9986	102
19.9994	102
20.0003	102
20.0011	102
20.002	102
20.0028	102
20.0036	102
20.0045	102
20.0053	102
20.0062	102
20.007	102
20.0079	102
20.0087	102
20.0095	102
20.0104	102
20.0112	102
20.0121	102
20.0129	102
20.0138	102
20.0146	102
20.0154	102
20.0163	102
20.0171	102
20.018	102
20.0188	102
20.0197	102
20.0205	102
20.0214	102
20.0222	102
20.023	102
20.0239	102
20.0247	102
20.0256	102
20.0264	102
20.0273	102
20.0281	102
20.0289	102
20.0298	102
20.0306	102
20.0315	102
20.0323	102
20.0332	102
20.034	102
20.0348	102
20.0357	102
20.0365	102
20.0374	102
20.0382	102
20.0391	102
20.0399	102
20.0407	102
20.0416	102
20.0424	102
20.0433	102
20.0441	102
20.045	102
20.0458	102
20.0466	102
20.0475	102
20.0483	102
20.0492	102
20.05	102
20.0509	102
20.0517	102
20.0525	102
20.0534	102
20.0542	102
20.0551	102
20.0559	102
20.0568	102
20.0576	102
20.0585	102
20.0593	102
20.0601	102
20.061	102
20.0618	102
20.0627	102
20.0635	102
20.0644	102
20.0652	102
20.066	102
20.0669	102
20.0677	102
20.0686	102
20.0694	102
20.0703	102
20.0711	102
20.0719	102
20.0728	102
20.0736	102
20.0745	102
20.0753	102
20.0762	102
20.077	102
20.0778	102
20.0787	102
20.0795	102
20.0804	102
20.0812	102
20.0821	102
20.0829	102
20.0837	102
20.0846	102
20.0854	102
20.0863	102
20.0871	102
20.088	102
20.0888	102
20.0896	102
20.0905	102
20.0913	102
20.0922	102
20.093	102
20.0939	102
20.0947	102
20.0956	102
20.0964	102
20.0972	102
20.0981	102
20.0989	102
20.0998	102
20.1006	102
20.1015	102
20.1023	102
20.1031	102
20.104	102
20.1048	102
20.1057	102
20.1065	102
20.1074	102
20.1082	102
20.109	102
20.1099	102
20.1107	102
20.1116	102
20.1124	102
20.1133	102
20.1141	102
20.1149	102
20.1158	102
20.1166	102
20.1175	102
20.1183	102
20.1192	102
20.12	102
20.1208	102
20.1217	102
20.1225	102
20.1234	102
20.1242	102
20.1251	102
20.1259	102
20.1268	102
20.1276	102
20.1284	102
20.1293	102
20.1301	102
20.131	102
20.1318	102
20.1327	102
20.1335	102
20.1343	102
20.1352	102
20.136	102
20.1369	102
20.1377	102
20.1386	102
20.1394	102
20.1402	102
20.1411	102
20.1419	102
20.1428	102
20.1436	102
20.1445	102
20.1453	102
20.1461	102
20.147	102
20.1478	102
20.1487	102
20.1495	102
20.1504	102
20.1512	102
20.152	102
20.1529	102
20.1537	102
20.1546	102
20.1554	102
20.1563	102
20.1571	102
20.1579	102
20.1588	102
20.1596	102
20.1605	102
20.1613	102
20.1622	102
20.163	102
20.1639	102
20.1647	102
20.1655	102
20.1664	102
20.1672	102
20.1681	102
20.1689	102
20.1698	102
20.1706	102
20.1714	102
20.1723	102
20.1731	102
20.174	102
20.1748	102
20.1757	102
20.1765	102
20.1773	102
20.1782	102
20.179	102
20.1799	102
20.1807	102
20.1816	102
20.1824	102
20.1832	102
20.1841	102
20.1849	102
20.1858	102
20.1866	102
20.1875	102
20.1883	102
20.1891	102
20.19	102
20.1908	102
20.1917	102
20.1925	102
20.1934	102
20.1942	102
20.195	102
20.1959	102
20.1967	102
20.1976	102
20.1984	102
20.1993	102
20.2001	102
20.201	102
20.2018	102
20.2026	102
20.2035	102
20.2043	102
20.2052	102
20.206	102
20.2069	102
20.2077	102
20.2085	102
20.2094	102
20.2102	102
20.2111	102
20.2119	102
20.2128	102
20.2136	102
20.2144	102
20.2153	102
20.2161	102
20.217	101
20.2178	101
20.2187	101
20.2195	101
20.2203	101
20.2212	101
20.222	101
20.2229	101
20.2237	101
20.2246	101
20.2254	101
20.2262	101
20.2271	101
20.2279	101
20.2288	101
20.2296	101
20.2305	101
20.2313	101
20.2322	101
20.233	101
20.2338	101
20.2347	101
20.2355	101
20.2364	101
20.2372	101
20.2381	101
20.2389	101
20.2397	101
20.2406	101
20.2414	101
20.2423	101
20.2431	101
20.244	101
20.2448	101
20.2456	101
20.2465	101
20.2473	101
20.2482	101
20.249	101
20.2499	101
20.2507	101
20.2515	101
20.2524	101
20.2532	101
20.2541	101
20.2549	101
20.2558	101
20.2566	101
20.2574	101
20.2583	101
20.2591	101
20.26	101
20.2608	101
20.2617	101
20.2625	101
20.2633	101
20.2642	101
20.265	101
20.2659	101
20.2667	101
20.2676	101
20.2684	101
20.2693	101
20.2701	101
20.2709	101
20.2718	101
20.2726	101
20.2735	101
20.2743	101
20.2752	101
20.276	101
20.2768	101
20.2777	101
20.2785	101
20.2794	101
20.2802	101
20.2811	101
20.2819	101
20.2827	101
20.2836	101
20.2844	101
20.2853	101
20.2861	101
20.287	101
20.2878	101
20.2886	101
20.2895	101
20.2903	101
20.2912	101
20.292	101
20.2929	101
20.2937	101
20.2945	101
20.2954	101
20.2962	101
20.2971	101
20.2979	101
20.2988	101
20.2996	101
20.3004	101
20.3013	101
20.3021	101
20.303	101
20.3038	101
20.3047	101
20.3055	101
20.3064	101
20.3072	101
20.308	101
20.3089	101
20.3097	101
20.3106	101
20.3114	101
20.3123	101
20.3131	101
20.3139	101
20.3148	101
20.3156	101
20.3166	101
20.3174	101
20.3183	101
20.3191	101
20.32	101
20.3208	101
20.3216	101
20.3225	101
20.3233	101
20.3242	101
20.325	101
20.3259	101
20.3267	101
20.3276	101
20.3284	101
20.3292	101
20.3301	101
20.3309	101
20.3318	101
20.3326	101
20.3335	101
20.3343	101
20.3351	101
20.336	101
20.3368	101
20.3377	101
20.3385	101
20.3394	101
20.3402	101
20.341	101
20.3419	101
20.3427	101
20.3436	101
20.3444	101
20.3453	101
20.3461	101
20.3469	101
20.3478	101
20.3486	101
20.3495	101
20.3503	101
20.3512	101
20.352	101
20.3528	101
20.3537	101
20.3545	101
20.3554	101
20.3562	101
20.3571	101
20.3579	101
20.3588	101
20.3596	101
20.3604	101
20.3613	101
20.3621	101
20.363	101
20.3638	101
20.3647	101
20.3655	101
20.3663	101
20.3672	101
20.368	101
20.3689	101
20.3697	101
20.3706	101
20.3714	101
20.3722	101
20.3731	101
20.3739	101
20.3748	101
20.3756	101
20.3765	101
20.3773	101
20.3781	101
20.379	101
20.3798	101
20.3807	101
20.3815	101
20.3824	101
20.3832	101
20.384	101
20.3849	101
20.3857	101
20.3866	101
20.3874	101
20.3883	101
20.3891	101
20.3899	101
20.3908	101
20.3916	101
20.3925	101
20.3933	101
20.3942	101
20.395	101
20.3959	101
20.3967	101
20.3975	101
20.3984	101
20.3992	101
20.4001	101
20.4009	101
20.4018	101
20.4026	101
20.4034	101
20.4043	101
20.4051	101
20.406	101
20.4068	101
20.4077	101
20.4085	101
20.4093	101
20.4102	101
20.411	101
20.4119	101
20.4127	101
20.4136	101
20.4144	101
20.4152	101
20.4161	101
20.4169	101
20.4178	101
20.4186	101
20.4195	101
20.4203	101
20.4211	101
20.422	101
20.4228	101
20.4237	101
20.4245	101
20.4254	101
20.4262	101
20.427	101
20.4279	101
20.4287	101
20.4296	101
20.4304	101
20.4313	101
20.4321	101
20.433	101
20.4338	101
20.4346	101
20.4355	101
20.4363	101
20.4372	101
20.438	101
20.4389	101
20.4397	101
20.4405	101
20.4414	101
20.4422	101
20.4431	101
20.4439	101
20.4448	101
20.4456	101
20.4464	101
20.4473	101
20.4481	101
20.449	101
20.4498	101
20.4507	101
20.4515	101
20.4523	101
20.4532	101
20.454	101
20.4549	101
20.4557	101
20.4566	101
20.4574	101
20.4582	101
20.4591	101
20.4599	101
20.4608	101
20.4616	101
20.4625	101
20.4633	101
20.4642	101
20.465	101
20.4658	101
20.4667	101
20.4675	101
20.4684	101
20.4692	101
20.4701	101
20.4709	101
20.4717	101
20.4726	101
20.4734	101
20.4743	101
20.4751	101
20.476	101
20.4768	101
20.4776	101
20.4785	101
20.4793	101
20.4802	101
20.481	101
20.4819	101
20.4827	101
20.4835	101
20.4844	101
20.4852	101
20.4861	101
20.4869	101
20.4878	101
20.4886	101
20.4894	101
20.4903	101
20.4911	101
20.492	101
20.4928	101
20.4937	101
20.4945	101
20.4953	101
20.4962	101
20.497	101
20.4979	101
20.4987	101
20.4996	101
20.5004	101
20.5013	101
20.5021	101
20.5029	101
20.5038	101
20.5046	101
20.5055	101
20.5063	101
20.5072	101
20.508	101
20.5088	101
20.5097	101
20.5105	101
20.5114	101
20.5122	101
20.5131	101
20.5139	101
20.5147	101
20.5156	101
20.5164	101
20.5173	101
20.5181	101
20.519	101
20.5198	101
20.5206	101
20.5215	101
20.5223	101
20.5232	101
20.524	101
20.5249	101
20.5257	101
20.5265	101
20.5274	101
20.5282	101
20.5291	101
20.5299	101
20.5308	101
20.5316	101
20.5324	101
20.5333	101
20.5341	101
20.535	101
20.5358	101
20.5367	101
20.5375	101
20.5384	101
20.5392	101
20.54	101
20.5409	101
20.5417	101
20.5426	101
20.5434	101
20.5443	101
20.5451	101
20.5459	101
20.5468	101
20.5476	101
20.5485	101
20.5493	101
20.5502	101
20.551	102
20.5518	102
20.5527	102
20.5535	102
20.5544	102
20.5552	102
20.5561	102
20.5569	102
20.5577	102
20.5586	102
20.5594	102
20.5603	102
20.5611	102
20.562	102
20.5628	102
20.5636	102
20.5645	102
20.5653	102
20.5662	102
20.567	102
20.5679	102
20.5687	102
20.5696	102
20.5704	102
20.5712	102
20.5721	102
20.5729	102
20.5738	102
20.5746	102
20.5755	102
20.5763	102
20.5771	102
20.578	102
20.5788	102
20.5797	102
20.5805	102
20.5814	102
20.5822	102
20.583	102
20.5839	102
20.5847	102
20.5856	102
20.5864	102
20.5873	102
20.5881	102
20.5889	102
20.5898	102
20.5906	102
20.5915	102
20.5923	102
20.5932	102
20.594	102
20.5948	102
20.5957	102
20.5965	102
20.5974	102
20.5982	102
20.5991	102
20.5999	102
20.6007	102
20.6016	102
20.6024	102
20.6033	102
20.6041	102
20.605	102
20.6058	102
20.6067	102
20.6075	102
20.6083	102
20.6092	102
20.61	102
20.6109	102
20.6117	102
20.6126	102
20.6134	102
20.6142	102
20.6151	102
20.6159	102
20.6168	102
20.6176	102
20.6185	102
20.6193	102
20.6201	102
20.621	102
20.6218	102
20.6227	102
20.6235	102
20.6244	102
20.6252	102
20.626	102
20.6269	102
20.6277	102
20.6286	102
20.6294	102
20.6303	102
20.6311	102
20.6319	102
20.6328	102
20.6336	102
20.6345	102
20.6353	102
20.6362	102
20.637	102
20.6378	102
20.6387	102
20.6395	102
20.6404	102
20.6412	102
20.6421	102
20.6429	102
20.6438	102
20.6446	102
20.6454	102
20.6463	102
20.6471	102
20.648	102
20.6488	102
20.6497	102
20.6505	102
20.6513	102
20.6522	102
20.653	102
20.6539	102
20.6547	102
20.6556	102
20.6564	102
20.6572	102
20.6581	102
20.6589	102
20.6598	102
20.6606	102
20.6615	102
20.6623	102
20.6631	102
20.664	102
20.6648	102
20.6657	102
20.6665	102
20.6674	102
20.6682	102
20.669	102
20.6699	102
20.6707	102
20.6716	102
20.6724	102
20.6733	102
20.6741	102
20.675	102
20.6758	102
20.6766	102
20.6775	102
20.6783	102
20.6792	102
20.68	102
20.6809	102
20.6817	102
20.6825	102
20.6834	102
20.6842	102
20.6851	102
20.6859	102
20.6868	102
20.6876	102
20.6884	102
20.6893	102
20.6901	102
20.691	102
20.6918	102
20.6927	102
20.6935	102
20.6943	102
20.6952	102
20.696	102
20.6969	102
20.6977	102
20.6986	102
20.6994	102
20.7002	102
20.7011	102
20.7019	102
20.7028	102
20.7036	102
20.7045	102
20.7053	102
20.7061	102
20.707	102
20.7078	102
20.7087	102
20.7095	102
20.7104	102
20.7112	102
20.7121	102
20.7129	102
20.7137	102
20.7146	102
20.7154	102
20.7163	102
20.7171	102
20.718	102
20.7188	102
20.7196	102
20.7205	102
20.7213	102
20.7222	102
20.723	102
20.7239	102
20.7247	102
20.7255	102
20.7264	102
20.7272	102
20.7281	102
20.7289	102
20.7298	102
20.7306	102
20.7314	102
20.7323	102
20.7331	102
20.734	102
20.7348	102
20.7357	102
20.7365	102
20.7373	102
20.7382	102
20.739	102
20.7399	102
20.7407	102
20.7416	102
20.7424	102
20.7432	102
20.7441	102
20.7449	102
20.7458	102
20.7466	102
20.7475	102
20.7483	102
20.7492	102
20.75	102
20.7508	102
20.7517	102
20.7525	102
20.7534	102
20.7542	102
20.7551	102
20.7559	102
20.7567	102
20.7576	102
20.7584	102
20.7593	102
20.7601	102
20.761	102
20.7618	102
20.7626	102
20.7635	102
20.7643	102
20.7652	102
20.766	102
20.7669	102
20.7677	102
20.7685	102
20.7694	102
20.7702	102
20.7711	102
20.7719	102
20.7728	102
20.7736	102
20.7744	102
20.7753	102
20.7761	102
20.777	102
20.7778	102
20.7787	102
20.7795	102
20.7804	102
20.7812	102
20.782	102
20.7829	102
20.7837	102
20.7846	102
20.7854	102
20.7863	102
20.7871	102
20.7879	102
20.7888	102
20.7896	102
20.7905	102
20.7913	102
20.7922	102
20.793	102
20.7938	102
20.7947	102
20.7955	102
20.7964	102
20.7972	102
20.7981	102
20.7989	102
20.7997	102
20.8006	102
20.8014	102
20.8023	102
20.8031	102
20.804	102
20.8048	102
20.8056	102
20.8065	102
20.8073	102
20.8082	102
20.809	102
20.8099	102
20.8107	102
20.8115	102
20.8124	102
20.8132	102
20.8141	102
20.8149	102
20.8158	102
20.8166	102
20.8175	102
20.8183	102
20.8191	102
20.82	102
20.8208	102
20.8217	102
20.8225	102
20.8234	102
20.8242	102
20.825	102
20.8259	102
20.8267	102
20.8276	102
20.8284	102
20.8293	102
20.8301	102
20.8309	102
20.8318	102
20.8326	102
20.8335	102
20.8343	102
20.8352	102
20.836	102
20.8368	102
20.8377	102
20.8385	102
20.8394	102
20.8402	102
20.8411	102
20.8419	102
20.8427	102
20.8436	102
20.8444	102
20.8453	102
20.8461	102
20.847	102
20.8478	102
20.8486	102
20.8495	102
20.8503	102
20.8512	102
20.852	102
20.8529	102
20.8537	102
20.8546	102
20.8554	102
20.8562	102
20.8571	102
20.8579	102
20.8588	102
20.8596	102
20.8605	102
20.8613	102
20.8621	102
20.863	102
20.8638	102
20.8647	102
20.8655	102
20.8664	102
20.8672	102
20.868	102
20.8689	102
20.8697	102
20.8706	102
20.8714	102
20.8723	102
20.8731	102
20.8739	102
20.8748	102
20.8756	102
20.8765	102
20.8773	102
20.8782	102
20.879	102
20.8798	102
20.8807	102
20.8815	102
20.8824	102
20.8832	102
20.8841	102
20.8849	102
20.8858	102
20.8866	102
20.8874	102
20.8883	102
20.8891	102
20.89	102
20.8908	102
20.8917	102
20.8925	102
20.8933	102
20.8942	102
20.895	102
20.8959	102
20.8967	102
20.8976	102
20.8984	102
20.8992	102
20.9001	102
20.9009	102
20.9018	102
20.9026	102
20.9035	102
20.9043	102
20.9051	102
20.906	102
20.9068	102
20.9077	102
20.9085	102
20.9094	102
20.9102	102
20.911	102
20.9119	102
20.9127	102
20.9136	102
20.9144	102
20.9153	102
20.9161	102
20.9169	102
20.9178	102
20.9186	102
20.9195	102
20.9203	102
20.9212	102
20.922	102
20.9229	102
20.9237	102
20.9245	102
20.9254	102
20.9262	102
20.9271	102
20.9279	102
20.9288	102
20.9296	102
20.9304	102
20.9313	102
20.9321	102
20.933	102
20.9338	102
20.9347	102
20.9355	102
20.9363	102
20.9372	102
20.938	102
20.9389	102
20.9397	102
20.9406	102
20.9414	102
20.9422	102
20.9431	102
20.9439	102
20.9448	102
20.9456	102
20.9465	102
20.9473	102
20.9481	102
20.949	102
20.9498	102
20.9507	102
20.9515	102
20.9524	102
20.9532	102
20.954	102
20.9549	102
20.9557	102
20.9566	102
20.9574	102
20.9583	102
20.9591	102
20.96	102
20.9608	102
20.9616	102
20.9625	102
20.9633	102
20.9642	102
20.965	102
20.9659	102
20.9667	102
20.9675	102
20.9684	102
20.9692	102
20.9701	102
20.9709	102
20.9718	102
20.9726	102
20.9734	102
20.9743	102
20.9751	102
20.976	102
20.9768	102
20.9777	102
20.9785	102
20.9793	102
20.9802	102
20.981	102
20.9819	102
20.9827	102
20.9836	102
20.9844	102
20.9852	102
20.9861	102
20.9869	102
20.9878	102
20.9886	102
20.9895	102
20.9903	102
20.9912	102
20.992	102
20.9928	102
20.9937	102
20.9945	102
20.9954	102
20.9962	102
20.9971	102
20.9979	102
20.9987	102
20.9996	102
21.0004	102
21.0013	102
21.0021	102
21.003	102
21.0038	102
21.0046	102
21.0055	102
21.0063	102
21.0072	102
21.008	102
21.0089	102
21.0097	102
21.0105	102
21.0114	102
21.0122	102
21.0131	102
21.0139	102
21.0148	102
21.0156	102
21.0164	102
21.0173	102
21.0181	102
21.019	102
21.0198	102
21.0207	102
21.0215	102
21.0223	102
21.0232	102
21.024	102
21.0249	101
21.0257	101
21.0266	101
21.0274	101
21.0283	101
21.0291	101
21.0299	101
21.0308	101
21.0316	101
21.0325	101
21.0333	101
21.0342	101
21.035	101
21.0358	101
21.0367	101
21.0375	101
21.0384	101
21.0392	101
21.0401	101
21.0409	101
21.0417	101
21.0426	101
21.0434	101
21.0443	101
21.0451	101
21.046	101
21.0468	101
21.0476	101
21.0485	101
21.0493	101
21.0502	101
21.051	101
21.0519	101
21.0527	101
21.0535	101
21.0544	101
21.0552	101
21.0561	101
21.0569	101
21.0578	101
21.0586	101
21.0594	101
21.0603	101
21.0611	101
21.062	101
21.0628	101
21.0637	101
21.0645	101
21.0654	101
21.0662	101
21.067	101
21.0679	101
21.0687	101
21.0696	101
21.0704	101
21.0713	101
21.0721	101
21.0729	101
21.0738	101
21.0746	101
21.0755	101
21.0763	101
21.0772	101
21.078	101
21.0788	101
21.0797	101
21.0805	101
21.0814	101
21.0822	101
21.0831	101
21.0839	101
21.0847	101
21.0856	101
21.0864	101
21.0873	101
21.0881	101
21.089	101
21.0898	101
21.0906	101
21.0915	101
21.0923	101
21.0932	101
21.094	101
21.0949	101
21.0957	101
21.0966	101
21.0974	101
21.0982	101
21.0991	101
21.0999	101
21.1008	101
21.1016	101
21.1025	101
21.1033	101
21.1041	101
21.105	101
21.1058	101
21.1067	101
21.1075	101
21.1084	101
21.1092	101
21.11	101
21.1109	101
21.1117	101
21.1126	101
21.1134	101
21.1143	101
21.1151	101
21.1159	101
21.1168	101
21.1176	101
21.1185	101
21.1193	101
21.1202	101
21.121	101
21.1218	101
21.1227	101
21.1235	101
21.1245	101
21.1253	101
21.1262	101
21.127	101
21.1279	101
21.1287	101
21.1296	101
21.1304	101
21.1312	101
21.1321	101
21.1329	101
21.1338	101
21.1346	101
21.1355	101
21.1363	101
21.1371	101
21.138	101
21.1388	101
21.1397	101
21.1405	101
21.1414	101
21.1422	101
21.143	101
21.1439	101
21.1447	101
21.1456	101
21.1464	101
21.1473	101
21.1481	101
21.1489	101
21.1498	101
21.1506	101
21.1515	101
21.1523	101
21.1532	101
21.154	101
21.1549	101
21.1557	101
21.1565	101
21.1574	101
21.1582	101
21.1591	101
21.1599	101
21.1608	101
21.1616	101
21.1624	101
21.1633	101
21.1641	101
21.165	101
21.1658	101
21.1667	101
21.1675	101
21.1683	101
21.1692	101
21.17	101
21.1709	101
21.1717	101
21.1726	101
21.1734	101
21.1742	101
21.1751	101
21.1759	101
21.1768	101
21.1776	101
21.1785	101
21.1793	101
21.1801	101
21.181	101
21.1818	101
21.1827	101
21.1835	101
21.1844	101
21.1852	101
21.186	101
21.1869	101
21.1877	101
21.1886	101
21.1894	101
21.1903	101
21.1911	101
21.192	101
21.1928	101
21.1936	101
21.1945	101
21.1953	101
21.1962	101
21.197	101
21.1979	101
21.1987	101
21.1995	101
21.2004	101
21.2012	101
21.2021	101
21.2029	101
21.2038	101
21.2046	101
21.2054	101
21.2063	101
21.2071	101
21.208	101
21.2088	101
21.2097	101
21.2105	101
21.2113	101
21.2122	101
21.213	101
21.2139	101
21.2147	101
21.2156	101
21.2164	101
21.2172	101
21.2181	101
21.2189	101
21.2198	101
21.2206	101
21.2215	101
21.2223	101
21.2232	101
21.224	101
21.2248	101
21.2257	101
21.2265	101
21.2274	101
21.2282	101
21.2291	101
21.2299	101
21.2307	101
21.2316	101
21.2324	101
21.2333	101
21.2341	101
21.235	101
21.2358	101
21.2366	101
21.2375	101
21.2383	101
21.2392	101
21.24	101
21.2409	101
21.2417	101
21.2425	101
21.2434	101
21.2442	101
21.2451	101
21.2459	101
21.2468	101
21.2476	101
21.2484	101
21.2493	101
21.2501	101
21.251	101
21.2518	101
21.2527	101
21.2535	101
21.2543	101
21.2552	101
21.256	101
21.2569	101
21.2577	101
21.2586	101
21.2594	101
21.2603	101
21.2611	101
21.2619	101
21.2628	101
21.2636	101
21.2645	101
21.2653	101
21.2662	101
21.267	101
21.2678	101
21.2687	101
21.2695	101
21.2704	101
21.2712	101
21.2721	101
21.2729	101
21.2737	101
21.2746	101
21.2754	101
21.2763	101
21.2771	101
21.278	101
21.2788	101
21.2796	101
21.2805	101
21.2813	101
21.2822	101
21.283	101
21.2839	101
21.2847	101
21.2855	101
21.2864	101
21.2872	101
21.2881	101
21.2889	101
21.2898	101
21.2906	101
21.2914	101
21.2923	101
21.2931	101
21.294	101
21.2948	101
21.2957	101
21.2965	101
21.2974	101
21.2982	101
21.299	101
21.2999	101
21.3007	101
21.3016	101
21.3024	101
21.3033	101
21.3041	101
21.3049	101
21.3058	101
21.3066	101
21.3075	101
21.3083	101
21.3092	101
21.31	101
21.3108	101
21.3117	101
21.3125	101
21.3134	101
21.3142	101
21.3151	101
21.3159	101
21.3167	101
21.3176	101
21.3184	101
21.3193	101
21.3201	101
21.321	101
21.3218	101
21.3226	101
21.3235	101
21.3243	101
21.3252	101
21.326	101
21.3269	101
21.3277	101
21.3286	101
21.3294	101
21.3302	101
21.3311	101
21.3319	101
21.3328	101
21.3336	101
21.3345	101
21.3353	101
21.3361	101
21.337	101
21.3378	101
21.3387	101
21.3395	101
21.3404	101
21.3412	101
21.342	101
21.3429	101
21.3437	101
21.3446	101
21.3454	101
21.3463	101
21.3471	101
21.3479	101
21.3488	101
21.3496	101
21.3505	101
21.3513	101
21.3522	101
21.353	102
21.3538	102
21.3547	102
21.3555	102
21.3564	102
21.3572	102
21.3581	102
21.3589	102
21.3597	102
21.3606	102
21.3614	102
21.3623	102
21.3631	102
21.364	102
21.3648	102
21.3657	102
21.3665	102
21.3673	102
21.3682	102
21.369	102
21.3699	102
21.3707	102
21.3716	102
21.3724	102
21.3732	102
21.3741	102
21.3749	102
21.3758	102
21.3766	102
21.3775	102
21.3783	102
21.3791	102
21.38	102
21.3808	102
21.3817	102
21.3825	102
21.3834	102
21.3842	102
21.385	102
21.3859	102
21.3867	102
21.3876	102
21.3884	102
21.3893	102
21.3901	102
21.3909	102
21.3918	102
21.3926	102
21.3935	102
21.3943	102
21.3952	102
21.396	102
21.3968	102
21.3977	102
21.3985	102
21.3994	102
21.4002	102
21.4011	102
21.4019	102
21.4028	102
21.4036	102
21.4044	102
21.4053	102
21.4061	102
21.407	102
21.4078	102
21.4087	102
21.4095	102
21.4103	102
21.4112	102
21.412	102
21.4129	102
21.4137	102
21.4146	102
21.4154	102
21.4162	102
21.4171	102
21.4179	102
21.4188	102
21.4196	102
21.4205	102
21.4213	102
21.4221	102
21.423	102
21.4238	102
21.4247	102
21.4255	102
21.4264	102
21.4272	102
21.428	102
21.4289	102
21.4297	102
21.4306	102
21.4314	102
21.4323	102
21.4331	102
21.434	102
21.4348	102
21.4356	102
21.4365	102
21.4373	102
21.4382	102
21.439	102
21.4399	102
21.4407	102
21.4415	102
21.4424	102
21.4432	102
21.4441	102
21.4449	102
21.4458	102
21.4466	102
21.4474	102
21.4483	102
21.4491	102
21.45	102
21.4508	102
21.4517	102
21.4525	102
21.4533	102
21.4542	102
21.455	102
21.4559	102
21.4567	102
21.4576	102
21.4584	102
21.4592	102
21.4601	102
21.4609	102
21.4618	102
21.4626	102
21.4635	102
21.4643	102
21.4651	102
21.466	102
21.4668	102
21.4677	102
21.4685	102
21.4694	102
21.4702	102
21.4711	102
21.4719	102
21.4727	102
21.4736	102
21.4744	102
21.4753	102
21.4761	102
21.477	102
21.4778	102
21.4786	102
21.4795	102
21.4803	102
21.4812	102
21.482	102
21.4829	102
21.4837	102
21.4845	102
21.4854	102
21.4862	102
21.4871	102
21.4879	102
21.4888	102
21.4896	102
21.4904	102
21.4913	102
21.4921	102
21.493	102
21.4938	102
21.4947	102
21.4955	102
21.4963	102
21.4972	102
21.498	102
21.4989	102
21.4997	102
21.5006	102
21.5014	102
21.5022	102
21.5031	102
21.5039	102
21.5048	102
21.5056	102
21.5065	102
21.5073	102
21.5082	102
21.509	102
21.5098	102
21.5107	102
21.5115	102
21.5124	102
21.5132	102
21.5141	102
21.5149	102
21.5157	102
21.5166	102
21.5174	102
21.5183	102
21.5191	102
21.52	102
21.5208	102
21.5216	102
21.5225	102
21.5233	102
21.5242	102
21.525	102
21.5259	102
21.5267	102
21.5275	102
21.5284	102
21.5292	102
21.5301	102
21.5309	102
21.5318	102
21.5326	102
21.5334	102
21.5343	102
21.5351	102
21.536	102
21.5368	102
21.5377	102
21.5385	102
21.5394	102
21.5402	102
21.541	102
21.5419	102
21.5427	102
21.5436	102
21.5444	102
21.5453	102
21.5461	102
21.5469	102
21.5478	102
21.5486	102
21.5495	102
21.5503	102
21.5512	102
21.552	102
21.5528	102
21.5537	102
21.5545	102
21.5554	102
21.5562	102
21.5571	102
21.5579	102
21.5587	102
21.5596	102
21.5604	102
21.5613	102
21.5621	102
21.563	102
21.5638	102
21.5646	102
21.5655	102
21.5663	102
21.5672	102
21.568	102
21.5689	102
21.5697	102
21.5705	102
21.5714	102
21.5722	102
21.5731	102
21.5739	102
21.5748	102
21.5756	102
21.5765	102
21.5773	102
21.5781	102
21.579	102
21.5798	102
21.5807	102
21.5815	102
21.5824	102
21.5832	102
21.584	102
21.5849	102
21.5857	102
21.5866	102
21.5874	102
21.5883	102
21.5891	102
21.5899	102
21.5908	102
21.5916	102
21.5925	102
21.5933	102
21.5942	102
21.595	102
21.5958	102
21.5967	102
21.5975	102
21.5984	102
21.5992	102
21.6001	102
21.6009	102
21.6017	102
21.6026	102
21.6034	102
21.6043	102
21.6051	102
21.606	102
21.6068	102
21.6076	102
21.6085	102
21.6093	102
21.6102	102
21.611	102
21.6119	102
21.6127	102
21.6136	102
21.6144	102
21.6152	102
21.6161	102
21.6169	102
21.6178	102
21.6186	102
21.6195	102
21.6203	102
21.6211	102
21.622	102
21.6228	102
21.6237	102
21.6245	102
21.6254	102
21.6262	102
21.627	102
21.6279	102
21.6287	102
21.6296	102
21.6304	102
21.6313	102
21.6321	102
21.6329	102
21.6338	102
21.6346	102
21.6355	102
21.6363	102
21.6372	102
21.638	102
21.6388	102
21.6397	102
21.6405	102
21.6414	102
21.6422	102
21.6431	102
21.6439	102
21.6448	102
21.6456	102
21.6464	102
21.6473	102
21.6481	102
21.649	102
21.6498	102
21.6507	102
21.6515	102
21.6523	102
21.6532	102
21.654	102
21.6549	102
21.6557	102
21.6566	102
21.6574	102
21.6582	102
21.6591	102
21.6599	102
21.6608	102
21.6616	102
21.6625	102
21.6633	102
21.6641	102
21.665	102
21.6658	102
21.6667	102
21.6675	102
21.6684	102
21.6692	102
21.67	102
21.6709	102
21.6717	102
21.6726	102
21.6734	102
21.6743	102
21.6751	102
21.6759	102
21.6768	102
21.6776	102
21.6785	102
21.6793	102
21.6802	102
21.681	102
21.6819	102
21.6827	102
21.6835	102
21.6844	102
21.6852	102
21.6861	102
21.6869	102
21.6878	102
21.6886	102
21.6894	102
21.6903	102
21.6911	102
21.692	102
21.6928	102
21.6937	102
21.6945	102
21.6953	102
21.6962	102
21.697	102
21.6979	102
21.6987	102
21.6996	102
21.7004	102
21.7012	102
21.7021	102
21.7029	102
21.7038	102
21.7046	102
21.7055	102
21.7063	102
21.7071	102
21.708	102
21.7088	102
21.7097	102
21.7105	102
21.7114	102
21.7122	102
21.713	102
21.7139	102
21.7147	102
21.7156	102
21.7164	102
21.7173	102
21.7181	102
21.719	102
21.7198	102
21.7206	102
21.7215	102
21.7223	102
21.7232	102
21.724	102
21.7249	102
21.7257	102
21.7265	102
21.7274	102
21.7282	102
21.7291	102
21.7299	102
21.7308	102
21.7316	102
21.7324	102
21.7333	102
21.7341	102
21.735	102
21.7358	102
21.7367	102
21.7375	102
21.7383	102
21.7392	102
21.74	102
21.7409	102
21.7417	102
21.7426	102
21.7434	102
21.7442	102
21.7451	102
21.7459	102
21.7468	102
21.7476	102
21.7485	102
21.7493	102
21.7502	102
21.751	102
21.7518	102
21.7527	102
21.7535	102
21.7544	102
21.7552	102
21.7561	102
21.7569	102
21.7577	102
21.7586	102
21.7594	102
21.7603	102
21.7611	102
21.762	102
21.7628	102
21.7636	102
21.7645	102
21.7653	102
21.7662	102
21.767	102
21.7679	102
21.7687	102
21.7695	102
21.7704	102
21.7712	102
21.7721	102
21.7729	102
21.7738	102
21.7746	102
21.7754	102
21.7763	102
21.7771	102
21.778	102
21.7788	102
21.7797	102
21.7805	102
21.7813	102
21.7822	102
21.783	102
21.7839	102
21.7847	102
21.7856	102
21.7864	102
21.7873	102
21.7881	102
21.7889	102
21.7898	102
21.7906	102
21.7915	102
21.7923	102
21.7932	102
21.794	102
21.7948	102
21.7957	102
21.7965	102
21.7974	102
21.7982	102
21.7991	102
21.7999	102
21.8007	102
21.8016	102
21.8024	102
21.8033	102
21.8041	102
21.805	102
21.8058	102
21.8066	102
21.8075	102
21.8083	102
21.8092	102
21.81	102
21.8109	102
21.8117	102
21.8125	102
21.8134	102
21.8142	102
21.8151	102
21.8159	102
21.8168	102
21.8176	102
21.8184	102
21.8193	102
21.8201	102
21.821	102
21.8218	102
21.8227	102
21.8235	102
21.8244	102
21.8252	102
21.826	102
21.8269	102
21.8277	102
21.8286	102
21.8294	102
21.8303	102
21.8311	102
21.8319	101
21.8328	101
21.8336	101
21.8345	101
21.8353	101
21.8362	101
21.837	101
21.8378	101
21.8387	101
21.8395	101
21.8404	101
21.8412	101
21.8421	101
21.8429	101
21.8437	101
21.8446	101
21.8454	101
21.8463	101
21.8471	101
21.848	101
21.8488	101
21.8496	101
21.8505	101
21.8513	101
21.8522	101
21.853	101
21.8539	101
21.8547	101
21.8556	101
21.8564	101
21.8572	101
21.8581	101
21.8589	101
21.8598	101
21.8606	101
21.8615	101
21.8623	101
21.8631	101
21.864	101
21.8648	101
21.8657	101
21.8665	101
21.8674	101
21.8682	101
21.869	101
21.8699	101
21.8707	101
21.8716	101
21.8724	101
21.8733	101
21.8741	101
21.8749	101
21.8758	101
21.8766	101
21.8775	101
21.8783	101
21.8792	101
21.88	101
21.8808	101
21.8817	101
21.8825	101
21.8834	101
21.8842	101
21.8851	101
21.8859	101
21.8867	101
21.8876	101
21.8884	101
21.8893	101
21.8901	101
21.891	101
21.8918	101
21.8927	101
21.8935	101
21.8943	101
21.8952	101
21.896	101
21.8969	101
21.8977	101
21.8986	101
21.8994	101
21.9002	101
21.9011	101
21.9019	101
21.9028	101
21.9036	101
21.9045	101
21.9053	101
21.9061	101
21.907	101
21.9078	101
21.9087	101
21.9095	101
21.9104	101
21.9112	101
21.912	101
21.9129	101
21.9137	101
21.9146	101
21.9154	101
21.9163	101
21.9171	101
21.9179	101
21.9188	101
21.9196	101
21.9205	101
21.9213	101
21.9222	101
21.923	101
21.9238	101
21.9247	101
21.9255	101
21.9264	101
21.9272	101
21.9281	101
21.9289	101
21.9298	101
21.9306	101
21.9314	101
21.9324	101
21.9332	101
21.9341	101
21.9349	101
21.9358	101
21.9366	101
21.9375	101
21.9383	101
21.9391	101
21.94	101
21.9408	101
21.9417	101
21.9425	101
21.9434	101
21.9442	101
21.945	101
21.9459	101
21.9467	101
21.9476	101
21.9484	101
21.9493	101
21.9501	101
21.951	101
21.9518	101
21.9526	101
21.9535	101
21.9543	101
21.9552	101
21.956	101
21.9569	101
21.9577	101
21.9585	101
21.9594	101
21.9602	101
21.9611	101
21.9619	101
21.9628	101
21.9636	101
21.9644	101
21.9653	101
21.9661	101
21.967	101
21.9678	101
21.9687	101
21.9695	101
21.9703	101
21.9712	101
21.972	101
21.9729	101
21.9737	101
21.9746	101
21.9754	101
21.9762	101
21.9771	101
21.9779	101
21.9788	101
21.9796	101
21.9805	101
21.9813	101
21.9822	101
21.983	101
21.9838	101
21.9847	101
21.9855	101
21.9864	101
21.9872	101
21.9881	101
21.9889	101
21.9897	101
21.9906	101
21.9914	101
21.9923	101
21.9931	101
21.994	101
21.9948	101
21.9956	101
21.9965	101
21.9973	101
21.9982	101
21.999	101
21.9999	101
22.0007	101
22.0015	101
22.0024	101
22.0032	101
22.0041	101
22.0049	101
22.0058	101
22.0066	101
22.0074	101
22.0083	101
22.0091	101
22.01	101
22.0108	101
22.0117	101
22.0125	101
22.0133	101
22.0142	101
22.015	101
22.0159	101
22.0167	101
22.0176	101
22.0184	101
22.0193	101
22.0201	101
22.0209	101
22.0218	101
22.0226	101
22.0235	101
22.0243	101
22.0252	101
22.026	101
22.0268	101
22.0277	101
22.0285	101
22.0294	101
22.0302	101
22.0311	101
22.0319	101
22.0327	101
22.0336	101
22.0344	101
22.0353	101
22.0361	101
22.037	101
22.0378	101
22.0386	101
22.0395	101
22.0403	101
22.0412	101
22.042	101
22.0429	101
22.0437	101
22.0445	101
22.0454	101
22.0462	101
22.0471	101
22.0479	101
22.0488	101
22.0496	101
22.0504	101
22.0513	101
22.0521	101
22.053	101
22.0538	101
22.0547	101
22.0555	101
22.0564	101
22.0572	101
22.058	101
22.0589	101
22.0597	101
22.0606	101
22.0614	101
22.0623	101
22.0631	101
22.0639	101
22.0648	101
22.0656	101
22.0665	101
22.0673	101
22.0682	101
22.069	101
22.0698	101
22.0707	101
22.0715	101
22.0724	101
22.0732	101
22.0741	101
22.0749	101
22.0757	101
22.0766	101
22.0774	101
22.0783	101
22.0791	101
22.08	101
22.0808	101
22.0816	101
22.0825	101
22.0833	101
22.0842	101
22.085	101
22.0859	101
22.0867	101
22.0876	101
22.0884	101
22.0892	101
22.0901	101
22.0909	101
22.0918	101
22.0926	101
22.0935	101
22.0943	101
22.0951	101
22.096	101
22.0968	101
22.0977	101
22.0985	101
22.0994	101
22.1002	101
22.101	101
22.1019	101
22.1027	101
22.1036	101
22.1044	101
22.1053	101
22.1061	101
22.1069	101
22.1078	101
22.1086	101
22.1095	101
22.1103	101
22.1112	101
22.112	101
22.1128	101
22.1137	101
22.1145	101
22.1154	101
22.1162	101
22.1171	101
22.1179	101
22.1187	101
22.1196	101
22.1204	101
22.1213	101
22.1221	101
22.123	101
22.1238	101
22.1247	101
22.1255	101
22.1263	101
22.1272	101
22.128	101
22.1289	101
22.1297	101
22.1306	101
22.1314	101
22.1322	101
22.1331	101
22.1339	101
22.1348	101
22.1356	101
22.1365	101
22.1373	101
22.1381	101
22.139	101
22.1398	101
22.1407	101
22.1415	101
22.1424	101
22.1432	101
22.144	101
22.1449	101
22.1457	101
22.1466	101
22.1474	101
22.1483	101
22.1491	101
22.1499	101
22.1508	101
22.1516	101
22.1525	101
22.1533	101
22.1542	101
22.155	102
22.1558	102
22.1567	102
22.1575	102
22.1584	102
22.1592	102
22.1601	102
22.1609	102
22.1618	102
22.1626	102
22.1634	102
22.1643	102
22.1651	102
22.166	102
22.1668	102
22.1677	102
22.1685	102
22.1693	102
22.1702	102
22.171	102
22.1719	102
22.1727	102
22.1736	102
22.1744	102
22.1752	102
22.1761	102
22.1769	102
22.1778	102
22.1786	102
22.1795	102
22.1803	102
22.1811	102
22.182	102
22.1828	102
22.1837	102
22.1845	102
22.1854	102
22.1862	102
22.187	102
22.1879	102
22.1887	102
22.1896	102
22.1904	102
22.1913	102
22.1921	102
22.193	102
22.1938	102
22.1946	102
22.1955	102
22.1963	102
22.1972	102
22.198	102
22.1989	102
22.1997	102
22.2005	102
22.2014	102
22.2022	102
22.2031	102
22.2039	102
22.2048	102
22.2056	102
22.2064	102
22.2073	102
22.2081	102
22.209	102
22.2098	102
22.2107	102
22.2115	102
22.2123	102
22.2132	102
22.214	102
22.2149	102
22.2157	102
22.2166	102
22.2174	102
22.2182	102
22.2191	102
22.2199	102
22.2208	102
22.2216	102
22.2225	102
22.2233	102
22.2241	102
22.225	102
22.2258	102
22.2267	102
22.2275	102
22.2284	102
22.2292	102
22.2301	102
22.2309	102
22.2317	102
22.2326	102
22.2334	102
22.2343	102
22.2351	102
22.236	102
22.2368	102
22.2376	102
22.2385	102
22.2393	102
22.2402	102
22.241	102
22.2419	102
22.2427	102
22.2435	102
22.2444	102
22.2452	102
22.2461	102
22.2469	102
22.2478	102
22.2486	102
22.2494	102
22.2503	102
22.2511	102
22.252	102
22.2528	102
22.2537	102
22.2545	102
22.2553	102
22.2562	102
22.257	102
22.2579	102
22.2587	102
22.2596	102
22.2604	102
22.2612	102
22.2621	102
22.2629	102
22.2638	102
22.2646	102
22.2655	102
22.2663	102
22.2672	102
22.268	102
22.2688	102
22.2697	102
22.2705	102
22.2714	102
22.2722	102
22.2731	102
22.2739	102
22.2747	102
22.2756	102
22.2764	102
22.2773	102
22.2781	102
22.279	102
22.2798	102
22.2806	102
22.2815	102
22.2823	102
22.2832	102
22.284	102
22.2849	102
22.2857	102
22.2865	102
22.2874	102
22.2882	102
22.2891	102
22.2899	102
22.2908	102
22.2916	102
22.2924	102
22.2933	102
22.2941	102
22.295	102
22.2958	102
22.2967	102
22.2975	102
22.2984	102
22.2992	102
22.3	102
22.3009	102
22.3017	102
22.3026	102
22.3034	102
22.3043	102
22.3051	102
22.3059	102
22.3068	102
22.3076	102
22.3085	102
22.3093	102
22.3102	102
22.311	102
22.3118	102
22.3127	102
22.3135	102
22.3144	102
22.3152	102
22.3161	102
22.3169	102
22.3177	102
22.3186	102
22.3194	102
22.3203	102
22.3211	102
22.322	102
22.3228	102
22.3236	102
22.3245	102
22.3253	102
22.3262	102
22.327	102
22.3279	102
22.3287	102
22.3295	102
22.3304	102
22.3312	102
22.3321	102
22.3329	102
22.3338	102
22.3346	102
22.3355	102
22.3363	102
22.3371	102
22.338	102
22.3388	102
22.3397	102
22.3405	102
22.3414	102
22.3422	102
22.343	102
22.3439	102
22.3447	102
22.3456	102
22.3464	102
22.3473	102
22.3481	102
22.3489	102
22.3498	102
22.3506	102
22.3515	102
22.3523	102
22.3532	102
22.354	102
22.3548	102
22.3557	102
22.3565	102
22.3574	102
22.3582	102
22.3591	102
22.3599	102
22.3607	102
22.3616	102
22.3624	102
22.3633	102
22.3641	102
22.365	102
22.3658	102
22.3666	102
22.3675	102
22.3683	102
22.3692	102
22.37	102
22.3709	102
22.3717	102
22.3726	102
22.3734	102
22.3742	102
22.3751	102
22.3759	102
22.3768	102
22.3776	102
22.3785	102
22.3793	102
22.3801	102
22.381	102
22.3818	102
22.3827	102
22.3835	102
22.3844	102
22.3852	102
22.386	102
22.3869	102
22.3877	102
22.3886	102
22.3894	102
22.3903	102
22.3911	102
22.3919	102
22.3928	102
22.3936	102
22.3945	102
22.3953	102
22.3962	102
22.397	102
22.3978	102
22.3987	102
22.3995	102
22.4004	102
22.4012	102
22.4021	102
22.4029	102
22.4038	102
22.4046	102
22.4054	102
22.4063	102
22.4071	102
22.408	102
22.4088	102
22.4097	102
22.4105	102
22.4113	102
22.4122	102
22.413	102
22.4139	102
22.4147	102
22.4156	102
22.4164	102
22.4172	102
22.4181	102
22.4189	102
22.4198	102
22.4206	102
22.4215	102
22.4223	102
22.4231	102
22.424	102
22.4248	102
22.4257	102
22.4265	102
22.4274	102
22.4282	102
22.429	102
22.4299	102
22.4307	102
22.4316	102
22.4324	102
22.4333	102
22.4341	102
22.4349	102
22.4358	102
22.4366	102
22.4375	102
22.4383	102
22.4392	102
22.44	102
22.4409	102
22.4417	102
22.4425	102
22.4434	102
22.4442	102
22.4451	102
22.4459	102
22.4468	102
22.4476	102
22.4484	102
22.4493	102
22.4501	102
22.451	102
22.4518	102
22.4527	102
22.4535	102
22.4543	102
22.4552	102
22.456	102
22.4569	102
22.4577	102
22.4586	102
22.4594	102
22.4602	102
22.4611	102
22.4619	102
22.4628	102
22.4636	102
22.4645	102
22.4653	102
22.4661	102
22.467	102
22.4678	102
22.4687	102
22.4695	102
22.4704	102
22.4712	102
22.472	102
22.4729	102
22.4737	102
22.4746	102
22.4754	102
22.4763	102
22.4771	102
22.478	102
22.4788	102
22.4796	102
22.4805	102
22.4813	102
22.4822	102
22.483	102
22.4839	102
22.4847	102
22.4855	102
22.4864	102
22.4872	102
22.4881	102
22.4889	102
22.4898	102
22.4906	102
22.4914	102
22.4923	102
22.4931	102
22.494	102
22.4948	102
22.4957	102
22.4965	102
22.4973	102
22.4982	102
22.499	102
22.4999	102
22.5007	102
22.5016	102
22.5024	102
22.5032	102
22.5041	102
22.5049	102
22.5058	102
22.5066	102
22.5075	102
22.5083	102
22.5092	102
22.51	102
22.5108	102
22.5117	102
22.5125	102
22.5134	102
22.5142	102
22.5151	102
22.5159	102
22.5167	102
22.5176	102
22.5184	102
22.5193	102
22.5201	102
22.521	102
22.5218	102
22.5226	102
22.5235	102
22.5243	102
22.5252	102
22.526	102
22.5269	102
22.5277	102
22.5285	102
22.5294	102
22.5302	102
22.5311	102
22.5319	102
22.5328	102
22.5336	102
22.5344	102
22.5353	102
22.5361	102
22.537	102
22.5378	101
22.5387	101
22.5395	101
22.5403	101
22.5412	101
22.542	101
22.5429	101
22.5437	101
22.5446	101
22.5454	101
22.5463	101
22.5471	101
22.5479	101
22.5488	101
22.5496	101
22.5505	101
22.5513	101
22.5522	101
22.553	101
22.5538	101
22.5547	101
22.5555	101
22.5564	101
22.5572	101
22.5581	101
22.5589	101
22.5597	101
22.5606	101
22.5614	101
22.5623	101
22.5631	101
22.564	101
22.5648	101
22.5656	101
22.5665	101
22.5673	101
22.5682	101
22.569	101
22.5699	101
22.5707	101
22.5715	101
22.5724	101
22.5732	101
22.5741	101
22.5749	101
22.5758	101
22.5766	101
22.5774	101
22.5783	101
22.5791	101
22.58	101
22.5808	101
22.5817	101
22.5825	101
22.5834	101
22.5842	101
22.585	101
22.5859	101
22.5867	101
22.5876	101
22.5884	101
22.5893	101
22.5901	101
22.5909	101
22.5918	101
22.5926	101
22.5935	101
22.5943	101
22.5952	101
22.596	101
22.5968	101
22.5977	101
22.5985	101
22.5994	101
22.6002	101
22.6011	101
22.6019	101
22.6027	101
22.6036	101
22.6044	101
22.6053	101
22.6061	101
22.607	101
22.6078	101
22.6086	101
22.6095	101
22.6103	101
22.6112	101
22.612	101
22.6129	101
22.6137	101
22.6146	101
22.6154	101
22.6162	101
22.6171	101
22.6179	101
22.6188	101
22.6196	101
22.6205	101
22.6213	101
22.6221	101
22.623	101
22.6238	101
22.6247	101
22.6255	101
22.6264	101
22.6272	101
22.628	101
22.6289	101
22.6297	101
22.6306	101
22.6314	101
22.6323	101
22.6331	101
22.6339	101
22.6348	101
22.6356	101
22.6365	101
22.6373	101
22.6383	101
22.6391	101
22.64	101
22.6408	101
22.6417	101
22.6425	101
22.6433	101
22.6442	101
22.645	101
22.6459	101
22.6467	101
22.6476	101
22.6484	101
22.6492	101
22.6501	101
22.6509	101
22.6518	101
22.6526	101
22.6535	101
22.6543	101
22.6551	101
22.656	101
22.6568	101
22.6577	101
22.6585	101
22.6594	101
22.6602	101
22.661	101
22.6619	101
22.6627	101
22.6636	101
22.6644	101
22.6653	101
22.6661	101
22.6669	101
22.6678	101
22.6686	101
22.6695	101
22.6703	101
22.6712	101
22.672	101
22.6729	101
22.6737	101
22.6745	101
22.6754	101
22.6762	101
22.6771	101
22.6779	101
22.6788	101
22.6796	101
22.6804	101
22.6813	101
22.6821	101
22.683	101
22.6838	101
22.6847	101
22.6855	101
22.6863	101
22.6872	101
22.688	101
22.6889	101
22.6897	101
22.6906	101
22.6914	101
22.6922	101
22.6931	101
22.6939	101
22.6948	101
22.6956	101
22.6965	101
22.6973	101
22.6981	101
22.699	101
22.6998	101
22.7007	101
22.7015	101
22.7024	101
22.7032	101
22.7041	101
22.7049	101
22.7057	101
22.7066	101
22.7074	101
22.7083	101
22.7091	101
22.71	101
22.7108	101
22.7116	101
22.7125	101
22.7133	101
22.7142	101
22.715	101
22.7159	101
22.7167	101
22.7175	101
22.7184	101
22.7192	101
22.7201	101
22.7209	101
22.7218	101
22.7226	101
22.7234	101
22.7243	101
22.7251	101
22.726	101
22.7268	101
22.7277	101
22.7285	101
22.7293	101
22.7302	101
22.731	101
22.7319	101
22.7327	101
22.7336	101
22.7344	101
22.7352	101
22.7361	101
22.7369	101
22.7378	101
22.7386	101
22.7395	101
22.7403	101
22.7412	101
22.742	101
22.7428	101
22.7437	101
22.7445	101
22.7454	101
22.7462	101
22.7471	101
22.7479	101
22.7487	101
22.7496	101
22.7504	101
22.7513	101
22.7521	101
22.753	101
22.7538	101
22.7546	101
22.7555	101
22.7563	101
22.7572	101
22.758	101
22.7589	101
22.7597	101
22.7605	101
22.7614	101
22.7622	101
22.7631	101
22.7639	101
22.7648	101
22.7656	101
22.7664	101
22.7673	101
22.7681	101
22.769	101
22.7698	101
22.7707	101
22.7715	101
22.7723	101
22.7732	101
22.774	101
22.7749	101
22.7757	101
22.7766	101
22.7774	101
22.7783	101
22.7791	101
22.7799	101
22.7808	101
22.7816	101
22.7825	101
22.7833	101
22.7842	101
22.785	101
22.7858	101
22.7867	101
22.7875	101
22.7884	101
22.7892	101
22.7901	101
22.7909	101
22.7917	101
22.7926	101
22.7934	101
22.7943	101
22.7951	101
22.796	101
22.7968	101
22.7976	101
22.7985	101
22.7993	101
22.8002	101
22.801	101
22.8019	101
22.8027	101
22.8035	101
22.8044	101
22.8052	101
22.8061	101
22.8069	101
22.8078	101
22.8086	101
22.8095	101
22.8103	101
22.8111	101
22.812	101
22.8128	101
22.8137	101
22.8145	101
22.8154	101
22.8162	101
22.817	101
22.8179	101
22.8187	101
22.8196	101
22.8204	101
22.8213	101
22.8221	101
22.8229	101
22.8238	101
22.8246	101
22.8255	101
22.8263	101
22.8272	101
22.828	101
22.8288	101
22.8297	101
22.8305	101
22.8314	101
22.8322	101
22.8331	101
22.8339	101
22.8347	101
22.8356	101
22.8364	101
22.8373	101
22.8381	101
22.839	101
22.8398	101
22.8406	101
22.8415	101
22.8423	101
22.8432	101
22.844	101
22.8449	101
22.8457	101
22.8466	101
22.8474	101
22.8482	101
22.8491	101
22.8499	101
22.8508	101
22.8516	101
22.8525	101
22.8533	101
22.8541	101
22.855	101
22.8558	101
22.8567	101
22.8575	101
22.8584	101
22.8592	101
22.86	101
22.8609	101
22.8617	101
22.8626	101
22.8634	101
22.8643	101
22.8651	101
22.8659	101
22.8668	101
22.8676	101
22.8685	101
22.8693	101
22.8702	101
22.871	102
22.8718	102
22.8727	102
22.8735	102
22.8744	102
22.8752	102
22.8761	102
22.8769	102
22.8777	102
22.8786	102
22.8794	102
22.8803	102
22.8811	102
22.882	102
22.8828	102
22.8837	102
22.8845	102
22.8853	102
22.8862	102
22.887	102
22.8879	102
22.8887	102
22.8896	102
22.8904	102
22.8912	102
22.8921	102
22.8929	102
22.8938	102
22.8946	102
22.8955	102
22.8963	102
22.8971	102
22.898	102
22.8988	102
22.8997	102
22.9005	102
22.9014	102
22.9022	102
22.903	102
22.9039	102
22.9047	102
22.9056	102
22.9064	102
22.9073	102
22.9081	102
22.9089	102
22.9098	102
22.9106	102
22.9115	102
22.9123	102
22.9132	102
22.914	102
22.9149	102
22.9157	102
22.9165	102
22.9174	102
22.9182	102
22.9191	102
22.9199	102
22.9208	102
22.9216	102
22.9224	102
22.9233	102
22.9241	102
22.925	102
22.9258	102
22.9267	102
22.9275	102
22.9283	102
22.9292	102
22.93	102
22.9309	102
22.9317	102
22.9326	102
22.9334	102
22.9342	102
22.9351	102
22.9359	102
22.9368	102
22.9376	102
22.9385	102
22.9393	102
22.9401	102
22.941	102
22.9418	102
22.9427	102
22.9435	102
22.9444	102
22.9452	102
22.946	102
22.9469	102
22.9477	102
22.9486	102
22.9494	102
22.9503	102
22.9511	102
22.952	102
22.9528	102
22.9536	102
22.9545	102
22.9553	102
22.9562	102
22.957	102
22.9579	102
22.9587	102
22.9595	102
22.9604	102
22.9612	102
22.9621	102
22.9629	102
22.9638	102
22.9646	102
22.9654	102
22.9663	102
22.9671	102
22.968	102
22.9688	102
22.9697	102
22.9705	102
22.9713	102
22.9722	102
22.973	102
22.9739	102
22.9747	102
22.9756	102
22.9764	102
22.9772	102
22.9781	102
22.9789	102
22.9798	102
22.9806	102
22.9815	102
22.9823	102
22.9831	102
22.984	102
22.9848	102
22.9857	102
22.9865	102
22.9874	102
22.9882	102
22.9891	102
22.9899	102
22.9907	102
22.9916	102
22.9924	102
22.9933	102
22.9941	102
22.995	102
22.9958	102
22.9966	102
22.9975	102
22.9983	102
22.9992	102
23	102
23.0009	102
23.0017	102
23.0025	102
23.0034	102
23.0042	102
23.0051	102
23.0059	102
23.0068	102
23.0076	102
23.0084	102
23.0093	102
23.0101	102
23.011	102
23.0118	102
23.0127	102
23.0135	102
23.0143	102
23.0152	102
23.016	102
23.0169	102
23.0177	102
23.0186	102
23.0194	102
23.0203	102
23.0211	102
23.0219	102
23.0228	102
23.0236	102
23.0245	102
23.0253	102
23.0262	102
23.027	102
23.0278	102
23.0287	102
23.0295	102
23.0304	102
23.0312	102
23.0321	102
23.0329	102
23.0337	102
23.0346	102
23.0354	102
23.0363	102
23.0371	102
23.038	102
23.0388	102
23.0396	102
23.0405	102
23.0413	102
23.0422	102
23.043	102
23.0439	102
23.0447	102
23.0455	102
23.0464	102
23.0472	102
23.0481	102
23.0489	102
23.0498	102
23.0506	102
23.0514	102
23.0523	102
23.0531	102
23.054	102
23.0548	102
23.0557	102
23.0565	102
23.0574	102
23.0582	102
23.059	102
23.0599	102
23.0607	102
23.0616	102
23.0624	102
23.0633	102
23.0641	102
23.0649	102
23.0658	102
23.0666	102
23.0675	102
23.0683	102
23.0692	102
23.07	102
23.0708	102
23.0717	102
23.0725	102
23.0734	102
23.0742	102
23.0751	102
23.0759	102
23.0767	102
23.0776	102
23.0784	102
23.0793	102
23.0801	102
23.081	102
23.0818	102
23.0826	102
23.0835	102
23.0843	102
23.0852	102
23.086	102
23.0869	102
23.0877	102
23.0885	102
23.0894	102
23.0902	102
23.0911	102
23.0919	102
23.0928	102
23.0936	102
23.0945	102
23.0953	102
23.0961	102
23.097	102
23.0978	102
23.0987	102
23.0995	102
23.1004	102
23.1012	102
23.102	102
23.1029	102
23.1037	102
23.1046	102
23.1054	102
23.1063	102
23.1071	102
23.1079	102
23.1088	102
23.1096	102
23.1105	102
23.1113	102
23.1122	102
23.113	102
23.1138	102
23.1147	102
23.1155	102
23.1164	102
23.1172	102
23.1181	102
23.1189	102
23.1197	102
23.1206	102
23.1214	102
23.1223	102
23.1231	102
23.124	102
23.1248	102
23.1257	102
23.1265	102
23.1273	102
23.1282	102
23.129	102
23.1299	102
23.1307	102
23.1316	102
23.1324	102
23.1332	102
23.1341	102
23.1349	102
23.1358	102
23.1366	102
23.1375	102
23.1383	102
23.1391	102
23.14	102
23.1408	102
23.1417	102
23.1425	102
23.1434	102
23.1442	102
23.145	102
23.1459	102
23.1467	102
23.1476	102
23.1484	102
23.1493	102
23.1501	102
23.1509	102
23.1518	102
23.1526	102
23.1535	102
23.1543	102
23.1552	102
23.156	102
23.1568	102
23.1577	102
23.1585	102
23.1594	102
23.1602	102
23.1611	102
23.1619	102
23.1628	102
23.1636	102
23.1644	102
23.1653	102
23.1661	102
23.167	102
23.1678	102
23.1687	102
23.1695	102
23.1703	102
23.1712	102
23.172	102
23.1729	102
23.1737	102
23.1746	102
23.1754	102
23.1762	102
23.1771	102
23.1779	102
23.1788	102
23.1796	102
23.1805	102
23.1813	102
23.1821	102
23.183	102
23.1838	102
23.1847	102
23.1855	102
23.1864	102
23.1872	102
23.188	102
23.1889	102
23.1897	102
23.1906	102
23.1914	102
23.1923	102
23.1931	102
23.1939	102
23.1948	102
23.1956	102
23.1965	102
23.1973	102
23.1982	102
23.199	102
23.1999	102
23.2007	102
23.2015	102
23.2024	102
23.2032	102
23.2041	102
23.2049	102
23.2058	102
23.2066	102
23.2074	102
23.2083	102
23.2091	102
23.21	102
23.2108	102
23.2117	102
23.2125	102
23.2133	102
23.2142	102
23.215	102
23.2159	102
23.2167	102
23.2176	102
23.2184	102
23.2192	102
23.2201	102
23.2209	102
23.2218	102
23.2226	102
23.2235	102
23.2243	102
23.2251	102
23.226	102
23.2268	102
23.2277	102
23.2285	102
23.2294	102
23.2302	102
23.2311	102
23.2319	102
23.2327	102
23.2336	102
23.2344	102
23.2353	102
23.2361	102
23.237	102
23.2378	102
23.2386	102
23.2395	102
23.2403	102
23.2412	102
23.242	102
23.2429	102
23.2437	102
23.2445	102
23.2454	102
23.2462	102
23.2471	102
23.2479	102
23.2488	102
23.2496	102
23.2504	102
23.2513	102
23.2521	102
23.253	102
23.2538	102
23.2547	102
23.2555	102
23.2563	102
23.2572	102
23.258	102
23.2589	102
23.2597	102
23.2606	102
23.2614	102
23.2622	102
23.2631	102
23.2639	102
23.2648	102
23.2656	102
23.2665	102
23.2673	102
23.2682	102
23.269	102
23.2698	102
23.2707	102
23.2715	102
23.2724	102
23.2732	102
23.2741	102
23.2749	102
23.2757	102
23.2766	102
23.2774	102
23.2783	102
23.2791	102
23.28	102
23.2808	102
23.2816	102
23.2825	102
23.2833	102
23.2842	102
23.285	102
23.2859	102
23.2867	102
23.2875	102
23.2884	102
23.2892	102
23.2901	102
23.2909	102
23.2918	102
23.2926	102
23.2934	102
23.2943	102
23.2951	102
23.296	102
23.2968	102
23.2977	102
23.2985	102
23.2993	102
23.3002	102
23.301	102
23.3019	102
23.3027	102
23.3036	102
23.3044	102
23.3053	102
23.3061	102
23.3069	102
23.3078	102
23.3086	102
23.3095	102
23.3103	102
23.3112	102
23.312	102
23.3128	102
23.3137	102
23.3145	102
23.3154	102
23.3162	102
23.3171	102
23.3179	102
23.3187	102
23.3196	102
23.3204	102
23.3213	102
23.3221	102
23.323	102
23.3238	102
23.3246	102
23.3255	102
23.3263	102
23.3272	102
23.328	102
23.3289	102
23.3297	102
23.3305	102
23.3314	102
23.3322	102
23.3331	102
23.3339	102
23.3348	102
23.3356	102
23.3365	102
23.3373	102
23.3381	102
23.339	102
23.3398	102
23.3407	102
23.3415	102
23.3424	102
23.3432	102
23.344	102
23.3449	102
23.3457	101
23.3466	101
23.3474	101
23.3483	101
23.3491	101
23.3499	101
23.3508	101
23.3516	101
23.3525	101
23.3533	101
23.3542	101
23.355	101
23.3558	101
23.3567	101
23.3575	101
23.3584	101
23.3592	101
23.3601	101
23.3609	101
23.3617	101
23.3626	101
23.3634	101
23.3643	101
23.3651	101
23.366	101
23.3668	101
23.3676	101
23.3685	101
23.3693	101
23.3702	101
23.371	101
23.3719	101
23.3727	101
23.3736	101
23.3744	101
23.3752	101
23.3761	101
23.3769	101
23.3778	101
23.3786	101
23.3795	101
23.3803	101
23.3811	101
23.382	101
23.3828	101
23.3837	101
23.3845	101
23.3854	101
23.3862	101
23.387	101
23.3879	101
23.3887	101
23.3896	101
23.3904	101
23.3913	101
23.3921	101
23.3929	101
23.3938	101
23.3946	101
23.3955	101
23.3963	101
23.3972	101
23.398	101
23.3988	101
23.3997	101
23.4005	101
23.4014	101
23.4022	101
23.4031	101
23.4039	101
23.4047	101
23.4056	101
23.4064	101
23.4073	101
23.4081	101
23.409	101
23.4098	101
23.4107	101
23.4115	101
23.4123	101
23.4132	101
23.414	101
23.4149	101
23.4157	101
23.4166	101
23.4174	101
23.4182	101
23.4191	101
23.4199	101
23.4208	101
23.4216	101
23.4225	101
23.4233	101
23.4241	101
23.425	101
23.4258	101
23.4267	101
23.4275	101
23.4284	101
23.4292	101
23.43	101
23.4309	101
23.4317	101
23.4326	101
23.4334	101
23.4343	101
23.4351	101
23.4359	101
23.4368	101
23.4376	101
23.4385	101
23.4393	101
23.4402	101
23.441	101
23.4419	101
23.4427	101
23.4435	101
23.4444	101
23.4452	101
23.4462	101
23.447	101
23.4479	101
23.4487	101
23.4496	101
23.4504	101
23.4512	101
23.4521	101
23.4529	101
23.4538	101
23.4546	101
23.4555	101
23.4563	101
23.4571	101
23.458	101
23.4588	101
23.4597	101
23.4605	101
23.4614	101
23.4622	101
23.4631	101
23.4639	101
23.4647	101
23.4656	101
23.4664	101
23.4673	101
23.4681	101
23.469	101
23.4698	101
23.4706	101
23.4715	101
23.4723	101
23.4732	101
23.474	101
23.4749	101
23.4757	101
23.4765	101
23.4774	101
23.4782	101
23.4791	101
23.4799	101
23.4808	101
23.4816	101
23.4824	101
23.4833	101
23.4841	101
23.485	101
23.4858	101
23.4867	101
23.4875	101
23.4883	101
23.4892	101
23.49	101
23.4909	101
23.4917	101
23.4926	101
23.4934	101
23.4942	101
23.4951	101
23.4959	101
23.4968	101
23.4976	101
23.4985	101
23.4993	101
23.5002	101
23.501	101
23.5018	101
23.5027	101
23.5035	101
23.5044	101
23.5052	101
23.5061	101
23.5069	101
23.5077	101
23.5086	101
23.5094	101
23.5103	101
23.5111	101
23.512	101
23.5128	101
23.5136	101
23.5145	101
23.5153	101
23.5162	101
23.517	101
23.5179	101
23.5187	101
23.5195	101
23.5204	101
23.5212	101
23.5221	101
23.5229	101
23.5238	101
23.5246	101
23.5254	101
23.5263	101
23.5271	101
23.528	101
23.5288	101
23.5297	101
23.5305	101
23.5313	101
23.5322	101
23.533	101
23.5339	101
23.5347	101
23.5356	101
23.5364	101
23.5373	101
23.5381	101
23.5389	101
23.5398	101
23.5406	101
23.5415	101
23.5423	101
23.5432	101
23.544	101
23.5448	101
23.5457	101
23.5465	101
23.5474	101
23.5482	101
23.5491	101
23.5499	101
23.5507	101
23.5516	101
23.5524	101
23.5533	101
23.5541	101
23.555	101
23.5558	101
23.5566	101
23.5575	101
23.5583	101
23.5592	101
23.56	101
23.5609	101
23.5617	101
23.5625	101
23.5634	101
23.5642	101
23.5651	101
23.5659	101
23.5668	101
23.5676	101
23.5685	101
23.5693	101
23.5701	101
23.571	101
23.5718	101
23.5727	101
23.5735	101
23.5744	101
23.5752	101
23.576	101
23.5769	101
23.5777	101
23.5786	101
23.5794	101
23.5803	101
23.5811	101
23.5819	101
23.5828	101
23.5836	101
23.5845	101
23.5853	101
23.5862	101
23.587	101
23.5878	101
23.5887	101
23.5895	101
23.5904	101
23.5912	101
23.5921	101
23.5929	101
23.5937	101
23.5946	101
23.5954	101
23.5963	101
23.5971	101
23.598	101
23.5988	101
23.5996	101
23.6005	101
23.6013	101
23.6022	101
23.603	101
23.6039	101
23.6047	101
23.6056	101
23.6064	101
23.6072	101
23.6081	101
23.6089	101
23.6098	101
23.6106	101
23.6115	101
23.6123	101
23.6131	101
23.614	101
23.6148	101
23.6157	101
23.6165	101
23.6174	101
23.6182	101
23.619	101
23.6199	101
23.6207	101
23.6216	101
23.6224	101
23.6233	101
23.6241	101
23.6249	101
23.6258	101
23.6266	101
23.6275	101
23.6283	101
23.6292	101
23.63	101
23.6308	101
23.6317	101
23.6325	101
23.6334	101
23.6342	101
23.6351	101
23.6359	101
23.6367	101
23.6376	101
23.6384	101
23.6393	101
23.6401	101
23.641	101
23.6418	101
23.6427	101
23.6435	101
23.6443	101
23.6452	101
23.646	101
23.6469	101
23.6477	101
23.6486	101
23.6494	101
23.6502	101
23.6511	101
23.6519	101
23.6528	101
23.6536	101
23.6545	101
23.6553	101
23.6561	101
23.657	101
23.6578	101
23.6587	101
23.6595	101
23.6604	101
23.6612	101
23.662	101
23.6629	101
23.6637	101
23.6646	101
23.6654	101
23.6663	101
23.6671	101
23.6679	101
23.6688	101
23.6696	101
23.6705	101
23.6713	101
23.6722	101
23.673	102
23.6739	102
23.6747	102
23.6755	102
23.6764	102
23.6772	102
23.6781	102
23.6789	102
23.6798	102
23.6806	102
23.6814	102
23.6823	102
23.6831	102
23.684	102
23.6848	102
23.6857	102
23.6865	102
23.6873	102
23.6882	102
23.689	102
23.6899	102
23.6907	102
23.6916	102
23.6924	102
23.6932	102
23.6941	102
23.6949	102
23.6958	102
23.6966	102
23.6975	102
23.6983	102
23.6991	102
23.7	102
23.7008	102
23.7017	102
23.7025	102
23.7034	102
23.7042	102
23.705	102
23.7059	102
23.7067	102
23.7076	102
23.7084	102
23.7093	102
23.7101	102
23.711	102
23.7118	102
23.7126	102
23.7135	102
23.7143	102
23.7152	102
23.716	102
23.7169	102
23.7177	102
23.7185	102
23.7194	102
23.7202	102
23.7211	102
23.7219	102
23.7228	102
23.7236	102
23.7244	102
23.7253	102
23.7261	102
23.727	102
23.7278	102
23.7287	102
23.7295	102
23.7303	102
23.7312	102
23.732	102
23.7329	102
23.7337	102
23.7346	102
23.7354	102
23.7362	102
23.7371	102
23.7379	102
23.7388	102
23.7396	102
23.7405	102
23.7413	102
23.7421	102
23.743	102
23.7438	102
23.7447	102
23.7455	102
23.7464	102
23.7472	102
23.7481	102
23.7489	102
23.7497	102
23.7506	102
23.7514	102
23.7523	102
23.7531	102
23.754	102
23.7548	102
23.7556	102
23.7565	102
23.7573	102
23.7582	102
23.759	102
23.7599	102
23.7607	102
23.7615	102
23.7624	102
23.7632	102
23.7641	102
23.7649	102
23.7658	102
23.7666	102
23.7674	102
23.7683	102
23.7691	102
23.77	102
23.7708	102
23.7717	102
23.7725	102
23.7733	102
23.7742	102
23.775	102
23.7759	102
23.7767	102
23.7776	102
23.7784	102
23.7793	102
23.7801	102
23.7809	102
23.7818	102
23.7826	102
23.7835	102
23.7843	102
23.7852	102
23.786	102
23.7868	102
23.7877	102
23.7885	102
23.7894	102
23.7902	102
23.7911	102
23.7919	102
23.7927	102
23.7936	102
23.7944	102
23.7953	102
23.7961	102
23.797	102
23.7978	102
23.7986	102
23.7995	102
23.8003	102
23.8012	102
23.802	102
23.8029	102
23.8037	102
23.8045	102
23.8054	102
23.8062	102
23.8071	102
23.8079	102
23.8088	102
23.8096	102
23.8104	102
23.8113	102
23.8121	102
23.813	102
23.8138	102
23.8147	102
23.8155	102
23.8164	102
23.8172	102
23.818	102
23.8189	102
23.8197	102
23.8206	102
23.8214	102
23.8223	102
23.8231	102
23.8239	102
23.8248	102
23.8256	102
23.8265	102
23.8273	102
23.8282	102
23.829	102
23.8298	102
23.8307	102
23.8315	102
23.8324	102
23.8332	102
23.8341	102
23.8349	102
23.8357	102
23.8366	102
23.8374	102
23.8383	102
23.8391	102
23.84	102
23.8408	102
23.8416	102
23.8425	102
23.8433	102
23.8442	102
23.845	102
23.8459	102
23.8467	102
23.8475	102
23.8484	102
23.8492	102
23.8501	102
23.8509	102
23.8518	102
23.8526	102
23.8535	102
23.8543	102
23.8551	102
23.856	102
23.8568	102
23.8577	102
23.8585	102
23.8594	102
23.8602	102
23.861	102
23.8619	102
23.8627	102
23.8636	102
23.8644	102
23.8653	102
23.8661	102
23.8669	102
23.8678	102
23.8686	102
23.8695	102
23.8703	102
23.8712	102
23.872	102
23.8728	102
23.8737	102
23.8745	102
23.8754	102
23.8762	102
23.8771	102
23.8779	102
23.8787	102
23.8796	102
23.8804	102
23.8813	102
23.8821	102
23.883	102
23.8838	102
23.8847	102
23.8855	102
23.8863	102
23.8872	102
23.888	102
23.8889	102
23.8897	102
23.8906	102
23.8914	102
23.8922	102
23.8931	102
23.8939	102
23.8948	102
23.8956	102
23.8965	102
23.8973	102
23.8981	102
23.899	102
23.8998	102
23.9007	102
23.9015	102
23.9024	102
23.9032	102
23.904	102
23.9049	102
23.9057	102
23.9066	102
23.9074	102
23.9083	102
23.9091	102
23.9099	102
23.9108	102
23.9116	102
23.9125	102
23.9133	102
23.9142	102
23.915	102
23.9158	102
23.9167	102
23.9175	102
23.9184	102
23.9192	102
23.9201	102
23.9209	102
23.9218	102
23.9226	102
23.9234	102
23.9243	102
23.9251	102
23.926	102
23.9268	102
23.9277	102
23.9285	102
23.9293	102
23.9302	102
23.931	102
23.9319	102
23.9327	102
23.9336	102
23.9344	102
23.9352	102
23.9361	102
23.9369	102
23.9378	102
23.9386	102
23.9395	102
23.9403	102
23.9411	102
23.942	102
23.9428	102
23.9437	102
23.9445	102
23.9454	102
23.9462	102
23.947	102
23.9479	102
23.9487	102
23.9496	102
23.9504	102
23.9513	102
23.9521	102
23.9529	102
23.9538	102
23.9546	102
23.9555	102
23.9563	102
23.9572	102
23.958	102
23.9589	102
23.9597	102
23.9605	102
23.9614	102
23.9622	102
23.9631	102
23.9639	102
23.9648	102
23.9656	102
23.9664	102
23.9673	102
23.9681	102
23.969	102
23.9698	102
23.9707	102
23.9715	102
23.9723	102
23.9732	102
23.974	102
23.9749	102
23.9757	102
23.9766	102
23.9774	102
23.9782	102
23.9791	102
23.9799	102
23.9808	102
23.9816	102
23.9825	102
23.9833	102
23.9841	102
23.985	102
23.9858	102
23.9867	102
23.9875	102
23.9884	102
23.9892	102
23.9901	102
23.9909	102
23.9917	102
23.9926	102
23.9934	102
23.9943	102
23.9951	102
23.996	102
23.9968	102
23.9976	102
23.9985	102
23.9993	102
24.0002	102
24.001	102
24.0019	102
24.0027	102
24.0035	102
24.0044	102
24.0052	102
24.0061	102
24.0069	102
24.0078	102
24.0086	102
24.0094	102
24.0103	102
24.0111	102
24.012	102
24.0128	102
24.0137	102
24.0145	102
24.0153	102
24.0162	102
24.017	102
24.0179	102
24.0187	102
24.0196	102
24.0204	102
24.0212	102
24.0221	102
24.0229	102
24.0238	102
24.0246	102
24.0255	102
24.0263	102
24.0272	102
24.028	102
24.0288	102
24.0297	102
24.0305	102
24.0314	102
24.0322	102
24.0331	102
24.0339	102
24.0347	102
24.0356	102
24.0364	102
24.0373	102
24.0381	102
24.039	102
24.0398	102
24.0406	102
24.0415	102
24.0423	102
24.0432	102
24.044	102
24.0449	102
24.0457	102
24.0465	102
24.0474	102
24.0482	102
24.0491	102
24.0499	102
24.0508	102
24.0516	101
24.0524	101
24.0533	101
24.0541	101
24.055	101
24.0558	101
24.0567	101
24.0575	101
24.0583	101
24.0592	101
24.06	101
24.0609	101
24.0617	101
24.0626	101
24.0634	101
24.0643	101
24.0651	101
24.0659	101
24.0668	101
24.0676	101
24.0685	101
24.0693	101
24.0702	101
24.071	101
24.0718	101
24.0727	101
24.0735	101
24.0744	101
24.0752	101
24.0761	101
24.0769	101
24.0777	101
24.0786	101
24.0794	101
24.0803	101
24.0811	101
24.082	101
24.0828	101
24.0836	101
24.0845	101
24.0853	101
24.0862	101
24.087	101
24.0879	101
24.0887	101
24.0895	101
24.0904	101
24.0912	101
24.0921	101
24.0929	101
24.0938	101
24.0946	101
24.0955	101
24.0963	101
24.0971	101
24.098	101
24.0988	101
24.0997	101
24.1005	101
24.1014	101
24.1022	101
24.103	101
24.1039	101
24.1047	101
24.1056	101
24.1064	101
24.1073	101
24.1081	101
24.1089	101
24.1098	101
24.1106	101
24.1115	101
24.1123	101
24.1132	101
24.114	101
24.1148	101
24.1157	101
24.1165	101
24.1174	101
24.1182	101
24.1191	101
24.1199	101
24.1207	101
24.1216	101
24.1224	101
24.1233	101
24.1241	101
24.125	101
24.1258	101
24.1266	101
24.1275	101
24.1283	101
24.1292	101
24.13	101
24.1309	101
24.1317	101
24.1326	101
24.1334	101
24.1342	101
24.1351	101
24.1359	101
24.1368	101
24.1376	101
24.1385	101
24.1393	101
24.1401	101
24.141	101
24.1418	101
24.1427	101
24.1435	101
24.1444	101
24.1452	101
24.146	101
24.1469	101
24.1477	101
24.1486	101
24.1494	101
24.1503	101
24.1511	101
24.1521	101
24.1529	101
24.1538	101
24.1546	101
24.1554	101
24.1563	101
24.1571	101
24.158	101
24.1588	101
24.1597	101
24.1605	101
24.1613	101
24.1622	101
24.163	101
24.1639	101
24.1647	101
24.1656	101
24.1664	101
24.1672	101
24.1681	101
24.1689	101
24.1698	101
24.1706	101
24.1715	101
24.1723	101
24.1731	101
24.174	101
24.1748	101
24.1757	101
24.1765	101
24.1774	101
24.1782	101
24.179	101
24.1799	101
24.1807	101
24.1816	101
24.1824	101
24.1833	101
24.1841	101
24.1849	101
24.1858	101
24.1866	101
24.1875	101
24.1883	101
24.1892	101
24.19	101
24.1909	101
24.1917	101
24.1925	101
24.1934	101
24.1942	101
24.1951	101
24.1959	101
24.1968	101
24.1976	101
24.1984	101
24.1993	101
24.2001	101
24.201	101
24.2018	101
24.2027	101
24.2035	101
24.2043	101
24.2052	101
24.206	101
24.2069	101
24.2077	101
24.2086	101
24.2094	101
24.2102	101
24.2111	101
24.2119	101
24.2128	101
24.2136	101
24.2145	101
24.2153	101
24.2161	101
24.217	101
24.2178	101
24.2187	101
24.2195	101
24.2204	101
24.2212	101
24.2221	101
24.2229	101
24.2237	101
24.2246	101
24.2254	101
24.2263	101
24.2271	101
24.228	101
24.2288	101
24.2296	101
24.2305	101
24.2313	101
24.2322	101
24.233	101
24.2339	101
24.2347	101
24.2355	101
24.2364	101
24.2372	101
24.2381	101
24.2389	101
24.2398	101
24.2406	101
24.2414	101
24.2423	101
24.2431	101
24.244	101
24.2448	101
24.2457	101
24.2465	101
24.2473	101
24.2482	101
24.249	101
24.2499	101
24.2507	101
24.2516	101
24.2524	101
24.2532	101
24.2541	101
24.2549	101
24.2558	101
24.2566	101
24.2575	101
24.2583	101
24.2592	101
24.26	101
24.2608	101
24.2617	101
24.2625	101
24.2634	101
24.2642	101
24.2651	101
24.2659	101
24.2667	101
24.2676	101
24.2684	101
24.2693	101
24.2701	101
24.271	101
24.2718	101
24.2726	101
24.2735	101
24.2743	101
24.2752	101
24.276	101
24.2769	101
24.2777	101
24.2785	101
24.2794	101
24.2802	101
24.2811	101
24.2819	101
24.2828	101
24.2836	101
24.2844	101
24.2853	101
24.2861	101
24.287	101
24.2878	101
24.2887	101
24.2895	101
24.2903	101
24.2912	101
24.292	101
24.2929	101
24.2937	101
24.2946	101
24.2954	101
24.2963	101
24.2971	101
24.2979	101
24.2988	101
24.2996	101
24.3005	101
24.3013	101
24.3022	101
24.303	101
24.3038	101
24.3047	101
24.3055	101
24.3064	101
24.3072	101
24.3081	101
24.3089	101
24.3097	101
24.3106	101
24.3114	101
24.3123	101
24.3131	101
24.314	101
24.3148	101
24.3156	101
24.3165	101
24.3173	101
24.3182	101
24.319	101
24.3199	101
24.3207	101
24.3215	101
24.3224	101
24.3232	101
24.3241	101
24.3249	101
24.3258	101
24.3266	101
24.3275	101
24.3283	101
24.3291	101
24.33	101
24.3308	101
24.3317	101
24.3325	101
24.3334	101
24.3342	101
24.335	101
24.3359	101
24.3367	101
24.3376	101
24.3384	101
24.3393	101
24.3401	101
24.3409	101
24.3418	101
24.3426	101
24.3435	101
24.3443	101
24.3452	101
24.346	101
24.3468	101
24.3477	101
24.3485	101
24.3494	101
24.3502	101
24.3511	101
24.3519	101
24.3527	101
24.3536	101
24.3544	101
24.3553	101
24.3561	101
24.357	101
24.3578	101
24.3586	101
24.3595	101
24.3603	101
24.3612	101
24.362	101
24.3629	101
24.3637	101
24.3646	101
24.3654	101
24.3662	101
24.3671	101
24.3679	101
24.3688	101
24.3696	101
24.3705	101
24.3713	101
24.3721	101
24.373	101
24.3738	101
24.3747	101
24.3755	101
24.3764	101
24.3772	101
24.378	101
24.3789	101
24.3797	101
24.3806	101
24.3814	101
24.3823	101
24.3831	101
24.3839	101
24.3848	101
24.3856	101
24.3865	101
24.3873	101
24.3882	101
24.389	102
24.3898	102
24.3907	102
24.3915	102
24.3924	102
24.3932	102
24.3941	102
24.3949	102
24.3957	102
24.3966	102
24.3974	102
24.3983	102
24.3991	102
24.4	102
24.4008	102
24.4017	102
24.4025	102
24.4033	102
24.4042	102
24.405	102
24.4059	102
24.4067	102
24.4076	102
24.4084	102
24.4092	102
24.4101	102
24.4109	102
24.4118	102
24.4126	102
24.4135	102
24.4143	102
24.4151	102
24.416	102
24.4168	102
24.4177	102
24.4185	102
24.4194	102
24.4202	102
24.421	102
24.4219	102
24.4227	102
24.4236	102
24.4244	102
24.4253	102
24.4261	102
24.4269	102
24.4278	102
24.4286	102
24.4295	102
24.4303	102
24.4312	102
24.432	102
24.4329	102
24.4337	102
24.4345	102
24.4354	102
24.4362	102
24.4371	102
24.4379	102
24.4388	102
24.4396	102
24.4404	102
24.4413	102
24.4421	102
24.443	102
24.4438	102
24.4447	102
24.4455	102
24.4463	102
24.4472	102
24.448	102
24.4489	102
24.4497	102
24.4506	102
24.4514	102
24.4522	102
24.4531	102
24.4539	102
24.4548	102
24.4556	102
24.4565	102
24.4573	102
24.4581	102
24.459	102
24.4598	102
24.4607	102
24.4615	102
24.4624	102
24.4632	102
24.464	102
24.4649	102
24.4657	102
24.4666	102
24.4674	102
24.4683	102
24.4691	102
24.47	102
24.4708	102
24.4716	102
24.4725	102
24.4733	102
24.4742	102
24.475	102
24.4759	102
24.4767	102
24.4775	102
24.4784	102
24.4792	102
24.4801	102
24.4809	102
24.4818	102
24.4826	102
24.4834	102
24.4843	102
24.4851	102
24.486	102
24.4868	102
24.4877	102
24.4885	102
24.4893	102
24.4902	102
24.491	102
24.4919	102
24.4927	102
24.4936	102
24.4944	102
24.4952	102
24.4961	102
24.4969	102
24.4978	102
24.4986	102
24.4995	102
24.5003	102
24.5011	102
24.502	102
24.5028	102
24.5037	102
24.5045	102
24.5054	102
24.5062	102
24.5071	102
24.5079	102
24.5087	102
24.5096	102
24.5104	102
24.5113	102
24.5121	102
24.513	102
24.5138	102
24.5146	102
24.5155	102
24.5163	102
24.5172	102
24.518	102
24.5189	102
24.5197	102
24.5205	102
24.5214	102
24.5222	102
24.5231	102
24.5239	102
24.5248	102
24.5256	102
24.5264	102
24.5273	102
24.5281	102
24.529	102
24.5298	102
24.5307	102
24.5315	102
24.5323	102
24.5332	102
24.534	102
24.5349	102
24.5357	102
24.5366	102
24.5374	102
24.5383	102
24.5391	102
24.5399	102
24.5408	102
24.5416	102
24.5425	102
24.5433	102
24.5442	102
24.545	102
24.5458	102
24.5467	102
24.5475	102
24.5484	102
24.5492	102
24.5501	102
24.5509	102
24.5517	102
24.5526	102
24.5534	102
24.5543	102
24.5551	102
24.556	102
24.5568	102
24.5576	102
24.5585	102
24.5593	102
24.5602	102
24.561	102
24.5619	102
24.5627	102
24.5635	102
24.5644	102
24.5652	102
24.5661	102
24.5669	102
24.5678	102
24.5686	102
24.5694	102
24.5703	102
24.5711	102
24.572	102
24.5728	102
24.5737	102
24.5745	102
24.5754	102
24.5762	102
24.577	102
24.5779	102
24.5787	102
24.5796	102
24.5804	102
24.5813	102
24.5821	102
24.5829	102
24.5838	102
24.5846	102
24.5855	102
24.5863	102
24.5872	102
24.588	102
24.5888	102
24.5897	102
24.5905	102
24.5914	102
24.5922	102
24.5931	102
24.5939	102
24.5947	102
24.5956	102
24.5964	102
24.5973	102
24.5981	102
24.599	102
24.5998	102
24.6006	102
24.6015	102
24.6023	102
24.6032	102
24.604	102
24.6049	102
24.6057	102
24.6065	102
24.6074	102
24.6082	102
24.6091	102
24.6099	102
24.6108	102
24.6116	102
24.6125	102
24.6133	102
24.6141	102
24.615	102
24.6158	102
24.6167	102
24.6175	102
24.6184	102
24.6192	102
24.62	102
24.6209	102
24.6217	102
24.6226	102
24.6234	102
24.6243	102
24.6251	102
24.6259	102
24.6268	102
24.6276	102
24.6285	102
24.6293	102
24.6302	102
24.631	102
24.6318	102
24.6327	102
24.6335	102
24.6344	102
24.6352	102
24.6361	102
24.6369	102
24.6377	102
24.6386	102
24.6394	102
24.6403	102
24.6411	102
24.642	102
24.6428	102
24.6437	102
24.6445	102
24.6453	102
24.6462	102
24.647	102
24.6479	102
24.6487	102
24.6496	102
24.6504	102
24.6512	102
24.6521	102
24.6529	102
24.6538	102
24.6546	102
24.6555	102
24.6563	102
24.6571	102
24.658	102
24.6588	102
24.6597	102
24.6605	102
24.6614	102
24.6622	102
24.663	102
24.6639	102
24.6647	102
24.6656	102
24.6664	102
24.6673	102
24.6681	102
24.6689	102
24.6698	102
24.6706	102
24.6715	102
24.6723	102
24.6732	102
24.674	102
24.6748	102
24.6757	102
24.6765	102
24.6774	102
24.6782	102
24.6791	102
24.6799	102
24.6808	102
24.6816	102
24.6824	102
24.6833	102
24.6841	102
24.685	102
24.6858	102
24.6867	102
24.6875	102
24.6883	102
24.6892	102
24.69	102
24.6909	102
24.6917	102
24.6926	102
24.6934	102
24.6942	102
24.6951	102
24.6959	102
24.6968	102
24.6976	102
24.6985	102
24.6993	102
24.7001	102
24.701	102
24.7018	102
24.7027	102
24.7035	102
24.7044	102
24.7052	102
24.706	102
24.7069	102
24.7077	102
24.7086	102
24.7094	102
24.7103	102
24.7111	102
24.7119	102
24.7128	102
24.7136	102
24.7145	102
24.7153	102
24.7162	102
24.717	102
24.7179	102
24.7187	102
24.7195	102
24.7204	102
24.7212	102
24.7221	102
24.7229	102
24.7238	102
24.7246	102
24.7254	102
24.7263	102
24.7271	102
24.728	102
24.7288	102
24.7297	102
24.7305	102
24.7313	102
24.7322	102
24.733	102
24.7339	102
24.7347	102
24.7356	102
24.7364	102
24.7372	102
24.7381	102
24.7389	102
24.7398	102
24.7406	102
24.7415	102
24.7423	102
24.7431	102
24.744	102
24.7448	102
24.7457	102
24.7465	102
24.7474	102
24.7482	102
24.7491	102
24.7499	102
24.7507	102
24.7516	102
24.7524	102
24.7533	102
24.7541	102
24.755	102
24.7558	102
24.7566	102
24.7575	102
24.7583	102
24.7592	102
24.76	102
24.7609	102
24.7617	102
24.7625	102
24.7634	102
24.7642	102
24.7651	102
24.7659	102
24.7668	102
24.7676	102
24.7684	102
24.7693	102
24.7701	102
24.771	102
24.7718	102
24.7727	102
24.7735	102
24.7743	102
24.7752	102
24.776	102
24.7769	102
24.7777	102
24.7786	102
24.7794	102
24.7802	102
24.7811	102
24.7819	102
24.7828	102
24.7836	102
24.7845	102
24.7853	102
24.7862	102
24.787	102
24.7878	102
24.7887	102
24.7895	102
24.7904	102
24.7912	102
24.7921	102
24.7929	102
24.7937	102
24.7946	102
24.7954	102
24.7963	102
24.7971	102
24.798	102
24.7988	102
24.7996	102
24.8005	102
24.8013	102
24.8022	102
24.803	102
24.8039	102
24.8047	102
24.8055	102
24.8064	102
24.8072	102
24.8081	102
24.8089	102
24.8098	102
24.8106	102
24.8114	102
24.8123	102
24.8131	102
24.814	102
24.8148	102
24.8157	102
24.8165	102
24.8173	102
24.8182	102
24.819	102
24.8199	102
24.8207	102
24.8216	102
24.8224	102
24.8233	102
24.8241	102
24.8249	102
24.8258	102
24.8266	102
24.8275	102
24.8283	102
24.8292	102
24.83	102
24.8308	102
24.8317	102
24.8325	102
24.8334	102
24.8342	102
24.8351	102
24.8359	102
24.8367	102
24.8376	102
24.8384	102
24.8393	102
24.8401	102
24.841	102
24.8418	102
24.8426	102
24.8435	102
24.8443	102
24.8452	102
24.846	102
24.8469	102
24.8477	102
24.8485	102
24.8494	102
24.8502	102
24.8511	102
24.8519	102
24.8528	102
24.8536	102
24.8545	102
24.8553	102
24.8561	102
24.857	102
24.8578	102
24.8587	102
24.8595	101
24.8604	101
24.8612	101
24.862	101
24.8629	101
24.8637	101
24.8646	101
24.8654	101
24.8663	101
24.8671	101
24.8679	101
24.8688	101
24.8696	101
24.8705	101
24.8713	101
24.8722	101
24.873	101
24.8738	101
24.8747	101
24.8755	101
24.8764	101
24.8772	101
24.8781	101
24.8789	101
24.8797	101
24.8806	101
24.8814	101
24.8823	101
24.8831	101
24.884	101
24.8848	101
24.8856	101
24.8865	101
24.8873	101
24.8882	101
24.889	101
24.8899	101
24.8907	101
24.8916	101
24.8924	101
24.8932	101
24.8941	101
24.8949	101
24.8958	101
24.8966	101
24.8975	101
24.8983	101
24.8991	101
24.9	101
24.9008	101
24.9017	101
24.9025	101
24.9034	101
24.9042	101
24.905	101
24.9059	101
24.9067	101
24.9076	101
24.9084	101
24.9093	101
24.9101	101
24.9109	101
24.9118	101
24.9126	101
24.9135	101
24.9143	101
24.9152	101
24.916	101
24.9168	101
24.9177	101
24.9185	101
24.9194	101
24.9202	101
24.9211	101
24.9219	101
24.9227	101
24.9236	101
24.9244	101
24.9253	101
24.9261	101
24.927	101
24.9278	101
24.9287	101
24.9295	101
24.9303	101
24.9312	101
24.932	101
24.9329	101
24.9337	101
24.9346	101
24.9354	101
24.9362	101
24.9371	101
24.9379	101
24.9388	101
24.9396	101
24.9405	101
24.9413	101
24.9421	101
24.943	101
24.9438	101
24.9447	101
24.9455	101
24.9464	101
24.9472	101
24.948	101
24.9489	101
24.9497	101
24.9506	101
24.9514	101
24.9523	101
24.9531	101
24.9539	101
24.9548	101
24.9556	101
24.9565	101
24.9573	101
24.9582	101
24.959	101
24.96	101
24.9608	101
24.9617	101
24.9625	101
24.9633	101
24.9642	101
24.965	101
24.9659	101
24.9667	101
24.9676	101
24.9684	101
24.9692	101
24.9701	101
24.9709	101
24.9718	101
24.9726	101
24.9735	101
24.9743	101
24.9751	101
24.976	101
24.9768	101
24.9777	101
24.9785	101
24.9794	101
24.9802	101
24.9811	101
24.9819	101
24.9827	101
24.9836	101
24.9844	101
24.9853	101
24.9861	101
24.987	101
24.9878	101
24.9886	101
24.9895	101
24.9903	101
24.9912	101
24.992	101
24.9929	101
24.9937	101
24.9945	101
24.9954	101
24.9962	101
24.9971	101
24.9979	101
24.9988	101
24.9996	101
25.0004	101
25.0013	101
25.0021	101
25.003	101
25.0038	101
25.0047	101
25.0055	101
25.0063	101
25.0072	101
25.008	101
25.0089	101
25.0097	101
25.0106	101
25.0114	101
25.0122	101
25.0131	101
25.0139	101
25.0148	101
25.0156	101
25.0165	101
25.0173	101
25.0182	101
25.019	101
25.0198	101
25.0207	101
25.0215	101
25.0224	101
25.0232	101
25.0241	101
25.0249	101
25.0257	101
25.0266	101
25.0274	101
25.0283	101
25.0291	101
25.03	101
25.0308	101
25.0316	101
25.0325	101
25.0333	101
25.0342	101
25.035	101
25.0359	101
25.0367	101
25.0375	101
25.0384	101
25.0392	101
25.0401	101
25.0409	101
25.0418	101
25.0426	101
25.0434	101
25.0443	101
25.0451	101
25.046	101
25.0468	101
25.0477	101
25.0485	101
25.0493	101
25.0502	101
25.051	101
25.0519	101
25.0527	101
25.0536	101
25.0544	101
25.0553	101
25.0561	101
25.0569	101
25.0578	101
25.0586	101
25.0595	101
25.0603	101
25.0612	101
25.062	101
25.0628	101
25.0637	101
25.0645	101
25.0654	101
25.0662	101
25.0671	101
25.0679	101
25.0687	101
25.0696	101
25.0704	101
25.0713	101
25.0721	101
25.073	101
25.0738	101
25.0746	101
25.0755	101
25.0763	101
25.0772	101
25.078	101
25.0789	101
25.0797	101
25.0805	101
25.0814	101
25.0822	101
25.0831	101
25.0839	101
25.0848	101
25.0856	101
25.0865	101
25.0873	101
25.0881	101
25.089	101
25.0898	101
25.0907	101
25.0915	101
25.0924	101
25.0932	101
25.094	101
25.0949	101
25.0957	101
25.0966	101
25.0974	101
25.0983	101
25.0991	101
25.0999	101
25.1008	101
25.1016	101
25.1025	101
25.1033	101
25.1042	101
25.105	101
25.1058	101
25.1067	101
25.1075	101
25.1084	101
25.1092	101
25.1101	101
25.1109	101
25.1117	101
25.1126	101
25.1134	101
25.1143	101
25.1151	101
25.116	101
25.1168	101
25.1176	101
25.1185	101
25.1193	101
25.1202	101
25.121	101
25.1219	101
25.1227	101
25.1236	101
25.1244	101
25.1252	101
25.1261	101
25.1269	101
25.1278	101
25.1286	101
25.1295	101
25.1303	101
25.1311	101
25.132	101
25.1328	101
25.1337	101
25.1345	101
25.1354	101
25.1362	101
25.137	101
25.1379	101
25.1387	101
25.1396	101
25.1404	101
25.1413	101
25.1421	101
25.1429	101
25.1438	101
25.1446	101
25.1455	101
25.1463	101
25.1472	101
25.148	101
25.1488	101
25.1497	101
25.1505	101
25.1514	101
25.1522	101
25.1531	101
25.1539	101
25.1547	101
25.1556	101
25.1564	101
25.1573	101
25.1581	101
25.159	101
25.1598	101
25.1607	101
25.1615	101
25.1623	101
25.1632	101
25.164	101
25.1649	101
25.1657	101
25.1666	101
25.1674	101
25.1682	101
25.1691	101
25.1699	101
25.1708	101
25.1716	101
25.1725	101
25.1733	101
25.1741	101
25.175	101
25.1758	101
25.1767	101
25.1775	101
25.1784	101
25.1792	101
25.18	101
25.1809	101
25.1817	101
25.1826	101
25.1834	101
25.1843	101
25.1851	101
25.1859	101
25.1868	101
25.1876	101
25.1885	101
25.1893	101
25.1902	101
25.191	102
25.1919	102
25.1927	102
25.1935	102
25.1944	102
25.1952	102
25.1961	102
25.1969	102
25.1978	102
25.1986	102
25.1994	102
25.2003	102
25.2011	102
25.202	102
25.2028	102
25.2037	102
25.2045	102
25.2053	102
25.2062	102
25.207	102
25.2079	102
25.2087	102
25.2096	102
25.2104	102
25.2112	102
25.2121	102
25.2129	102
25.2138	102
25.2146	102
25.2155	102
25.2163	102
25.2171	102
25.218	102
25.2188	102
25.2197	102
25.2205	102
25.2214	102
25.2222	102
25.223	102
25.2239	102
25.2247	102
25.2256	102
25.2264	102
25.2273	102
25.2281	102
25.229	102
25.2298	102
25.2306	102
25.2315	102
25.2323	102
25.2332	102
25.234	102
25.2349	102
25.2357	102
25.2365	102
25.2374	102
25.2382	102
25.2391	102
25.2399	102
25.2408	102
25.2416	102
25.2424	102
25.2433	102
25.2441	102
25.245	102
25.2458	102
25.2467	102
25.2475	102
25.2483	102
25.2492	102
25.25	102
25.2509	102
25.2517	102
25.2526	102
25.2534	102
25.2542	102
25.2551	102
25.2559	102
25.2568	102
25.2576	102
25.2585	102
25.2593	102
25.2601	102
25.261	102
25.2618	102
25.2627	102
25.2635	102
25.2644	102
25.2652	102
25.2661	102
25.2669	102
25.2677	102
25.2686	102
25.2694	102
25.2703	102
25.2711	102
25.272	102
25.2728	102
25.2736	102
25.2745	102
25.2753	102
25.2762	102
25.277	102
25.2779	102
25.2787	102
25.2795	102
25.2804	102
25.2812	102
25.2821	102
25.2829	102
25.2838	102
25.2846	102
25.2854	102
25.2863	102
25.2871	102
25.288	102
25.2888	102
25.2897	102
25.2905	102
25.2913	102
25.2922	102
25.293	102
25.2939	102
25.2947	102
25.2956	102
25.2964	102
25.2973	102
25.2981	102
25.2989	102
25.2998	102
25.3006	102
25.3015	102
25.3023	102
25.3032	102
25.304	102
25.3048	102
25.3057	102
25.3065	102
25.3074	102
25.3082	102
25.3091	102
25.3099	102
25.3107	102
25.3116	102
25.3124	102
25.3133	102
25.3141	102
25.315	102
25.3158	102
25.3166	102
25.3175	102
25.3183	102
25.3192	102
25.32	102
25.3209	102
25.3217	102
25.3225	102
25.3234	102
25.3242	102
25.3251	102
25.3259	102
25.3268	102
25.3276	102
25.3284	102
25.3293	102
25.3301	102
25.331	102
25.3318	102
25.3327	102
25.3335	102
25.3344	102
25.3352	102
25.336	102
25.3369	102
25.3377	102
25.3386	102
25.3394	102
25.3403	102
25.3411	102
25.3419	102
25.3428	102
25.3436	102
25.3445	102
25.3453	102
25.3462	102
25.347	102
25.3478	102
25.3487	102
25.3495	102
25.3504	102
25.3512	102
25.3521	102
25.3529	102
25.3537	102
25.3546	102
25.3554	102
25.3563	102
25.3571	102
25.358	102
25.3588	102
25.3596	102
25.3605	102
25.3613	102
25.3622	102
25.363	102
25.3639	102
25.3647	102
25.3655	102
25.3664	102
25.3672	102
25.3681	102
25.3689	102
25.3698	102
25.3706	102
25.3715	102
25.3723	102
25.3731	102
25.374	102
25.3748	102
25.3757	102
25.3765	102
25.3774	102
25.3782	102
25.379	102
25.3799	102
25.3807	102
25.3816	102
25.3824	102
25.3833	102
25.3841	102
25.3849	102
25.3858	102
25.3866	102
25.3875	102
25.3883	102
25.3892	102
25.39	102
25.3908	102
25.3917	102
25.3925	102
25.3934	102
25.3942	102
25.3951	102
25.3959	102
25.3967	102
25.3976	102
25.3984	102
25.3993	102
25.4001	102
25.401	102
25.4018	102
25.4027	102
25.4035	102
25.4043	102
25.4052	102
25.406	102
25.4069	102
25.4077	102
25.4086	102
25.4094	102
25.4102	102
25.4111	102
25.4119	102
25.4128	102
25.4136	102
25.4145	102
25.4153	102
25.4161	102
25.417	102
25.4178	102
25.4187	102
25.4195	102
25.4204	102
25.4212	102
25.422	102
25.4229	102
25.4237	102
25.4246	102
25.4254	102
25.4263	102
25.4271	102
25.4279	102
25.4288	102
25.4296	102
25.4305	102
25.4313	102
25.4322	102
25.433	102
25.4338	102
25.4347	102
25.4355	102
25.4364	102
25.4372	102
25.4381	102
25.4389	102
25.4398	102
25.4406	102
25.4414	102
25.4423	102
25.4431	102
25.444	102
25.4448	102
25.4457	102
25.4465	102
25.4473	102
25.4482	102
25.449	102
25.4499	102
25.4507	102
25.4516	102
25.4524	102
25.4532	102
25.4541	102
25.4549	102
25.4558	102
25.4566	102
25.4575	102
25.4583	102
25.4591	102
25.46	102
25.4608	102
25.4617	102
25.4625	102
25.4634	102
25.4642	102
25.465	102
25.4659	102
25.4667	102
25.4676	102
25.4684	102
25.4693	102
25.4701	102
25.4709	102
25.4718	102
25.4726	102
25.4735	102
25.4743	102
25.4752	102
25.476	102
25.4769	102
25.4777	102
25.4785	102
25.4794	102
25.4802	102
25.4811	102
25.4819	102
25.4828	102
25.4836	102
25.4844	102
25.4853	102
25.4861	102
25.487	102
25.4878	102
25.4887	102
25.4895	102
25.4903	102
25.4912	102
25.492	102
25.4929	102
25.4937	102
25.4946	102
25.4954	102
25.4962	102
25.4971	102
25.4979	102
25.4988	102
25.4996	102
25.5005	102
25.5013	102
25.5021	102
25.503	102
25.5038	102
25.5047	102
25.5055	102
25.5064	102
25.5072	102
25.5081	102
25.5089	102
25.5097	102
25.5106	102
25.5114	102
25.5123	102
25.5131	102
25.514	102
25.5148	102
25.5156	102
25.5165	102
25.5173	102
25.5182	102
25.519	102
25.5199	102
25.5207	102
25.5215	102
25.5224	102
25.5232	102
25.5241	102
25.5249	102
25.5258	102
25.5266	102
25.5274	102
25.5283	102
25.5291	102
25.53	102
25.5308	102
25.5317	102
25.5325	102
25.5333	102
25.5342	102
25.535	102
25.5359	102
25.5367	102
25.5376	102
25.5384	102
25.5392	102
25.5401	102
25.5409	102
25.5418	102
25.5426	102
25.5435	102
25.5443	102
25.5452	102
25.546	102
25.5468	102
25.5477	102
25.5485	102
25.5494	102
25.5502	102
25.5511	102
25.5519	102
25.5527	102
25.5536	102
25.5544	102
25.5553	102
25.5561	102
25.557	102
25.5578	102
25.5586	102
25.5595	102
25.5603	102
25.5612	102
25.562	102
25.5629	102
25.5637	102
25.5645	102
25.5654	102
25.5662	101
25.5671	101
25.5679	101
25.5688	101
25.5696	101
25.5704	101
25.5713	101
25.5721	101
25.573	101
25.5738	101
25.5747	101
25.5755	101
25.5763	101
25.5772	101
25.578	101
25.5789	101
25.5797	101
25.5806	101
25.5814	101
25.5823	101
25.5831	101
25.5839	101
25.5848	101
25.5856	101
25.5865	101
25.5873	101
25.5882	101
25.589	101
25.5898	101
25.5907	101
25.5915	101
25.5924	101
25.5932	101
25.5941	101
25.5949	101
25.5957	101
25.5966	101
25.5974	101
25.5983	101
25.5991	101
25.6	101
25.6008	101
25.6016	101
25.6025	101
25.6033	101
25.6042	101
25.605	101
25.6059	101
25.6067	101
25.6075	101
25.6084	101
25.6092	101
25.6101	101
25.6109	101
25.6118	101
25.6126	101
25.6135	101
25.6143	101
25.6151	101
25.616	101
25.6168	101
25.6177	101
25.6185	101
25.6194	101
25.6202	101
25.621	101
25.6219	101
25.6227	101
25.6236	101
25.6244	101
25.6253	101
25.6261	101
25.6269	101
25.6278	101
25.6286	101
25.6295	101
25.6303	101
25.6312	101
25.632	101
25.6328	101
25.6337	101
25.6345	101
25.6354	101
25.6362	101
25.6371	101
25.6379	101
25.6387	101
25.6396	101
25.6404	101
25.6413	101
25.6421	101
25.643	101
25.6438	101
25.6446	101
25.6455	101
25.6463	101
25.6472	101
25.648	101
25.6489	101
25.6497	101
25.6506	101
25.6514	101
25.6522	101
25.6531	101
25.6539	101
25.6548	101
25.6556	101
25.6565	101
25.6573	101
25.6581	101
25.659	101
25.6598	101
25.6607	101
25.6615	101
25.6624	101
25.6632	101
25.664	101
25.6649	101
25.6657	101
25.6667	101
25.6675	101
25.6684	101
25.6692	101
25.6701	101
25.6709	101
25.6718	101
25.6726	101
25.6734	101
25.6743	101
25.6751	101
25.676	101
25.6768	101
25.6777	101
25.6785	101
25.6793	101
25.6802	101
25.681	101
25.6819	101
25.6827	101
25.6836	101
25.6844	101
25.6852	101
25.6861	101
25.6869	101
25.6878	101
25.6886	101
25.6895	101
25.6903	101
25.6911	101
25.692	101
25.6928	101
25.6937	101
25.6945	101
25.6954	101
25.6962	101
25.697	101
25.6979	101
25.6987	101
25.6996	101
25.7004	101
25.7013	101
25.7021	101
25.7029	101
25.7038	101
25.7046	101
25.7055	101
25.7063	101
25.7072	101
25.708	101
25.7089	101
25.7097	101
25.7105	101
25.7114	101
25.7122	101
25.7131	101
25.7139	101
25.7148	101
25.7156	101
25.7164	101
25.7173	101
25.7181	101
25.719	101
25.7198	101
25.7207	101
25.7215	101
25.7223	101
25.7232	101
25.724	101
25.7249	101
25.7257	101
25.7266	101
25.7274	101
25.7282	101
25.7291	101
25.7299	101
25.7308	101
25.7316	101
25.7325	101
25.7333	101
25.7341	101
25.735	101
25.7358	101
25.7367	101
25.7375	101
25.7384	101
25.7392	101
25.7401	101
25.7409	101
25.7417	101
25.7426	101
25.7434	101
25.7443	101
25.7451	101
25.746	101
25.7468	101
25.7476	101
25.7485	101
25.7493	101
25.7502	101
25.751	101
25.7519	101
25.7527	101
25.7535	101
25.7544	101
25.7552	101
25.7561	101
25.7569	101
25.7578	101
25.7586	101
25.7594	101
25.7603	101
25.7611	101
25.762	101
25.7628	101
25.7637	101
25.7645	101
25.7653	101
25.7662	101
25.767	101
25.7679	101
25.7687	101
25.7696	101
25.7704	101
25.7712	101
25.7721	101
25.7729	101
25.7738	101
25.7746	101
25.7755	101
25.7763	101
25.7772	101
25.778	101
25.7788	101
25.7797	101
25.7805	101
25.7814	101
25.7822	101
25.7831	101
25.7839	101
25.7847	101
25.7856	101
25.7864	101
25.7873	101
25.7881	101
25.789	101
25.7898	101
25.7906	101
25.7915	101
25.7923	101
25.7932	101
25.794	101
25.7949	101
25.7957	101
25.7965	101
25.7974	101
25.7982	101
25.7991	101
25.7999	101
25.8008	101
25.8016	101
25.8024	101
25.8033	101
25.8041	101
25.805	101
25.8058	101
25.8067	101
25.8075	101
25.8083	101
25.8092	101
25.81	101
25.8109	101
25.8117	101
25.8126	101
25.8134	101
25.8143	101
25.8151	101
25.8159	101
25.8168	101
25.8176	101
25.8185	101
25.8193	101
25.8202	101
25.821	101
25.8218	101
25.8227	101
25.8235	101
25.8244	101
25.8252	101
25.8261	101
25.8269	101
25.8277	101
25.8286	101
25.8294	101
25.8303	101
25.8311	101
25.832	101
25.8328	101
25.8336	101
25.8345	101
25.8353	101
25.8362	101
25.837	101
25.8379	101
25.8387	101
25.8395	101
25.8404	101
25.8412	101
25.8421	101
25.8429	101
25.8438	101
25.8446	101
25.8455	101
25.8463	101
25.8471	101
25.848	101
25.8488	101
25.8497	101
25.8505	101
25.8514	101
25.8522	101
25.853	101
25.8539	101
25.8547	101
25.8556	101
25.8564	101
25.8573	101
25.8581	101
25.8589	101
25.8598	101
25.8606	101
25.8615	101
25.8623	101
25.8632	101
25.864	101
25.8648	101
25.8657	101
25.8665	101
25.8674	101
25.8682	101
25.8691	101
25.8699	101
25.8707	101
25.8716	101
25.8724	101
25.8733	101
25.8741	101
25.875	101
25.8758	101
25.8766	101
25.8775	101
25.8783	101
25.8792	101
25.88	102
25.8809	102
25.8817	102
25.8826	102
25.8834	102
25.8842	102
25.8851	102
25.8859	102
25.8868	102
25.8876	102
25.8885	102
25.8893	102
25.8901	102
25.891	102
25.8918	102
25.8927	102
25.8935	102
25.8944	102
25.8952	102
25.896	102
25.8969	102
25.8977	102
25.8986	102
25.8994	102
25.9003	102
25.9011	102
25.9019	102
25.9028	102
25.9036	102
25.9045	102
25.9053	102
25.9062	102
25.907	102
25.9078	102
25.9087	102
25.9095	102
25.9104	102
25.9112	102
25.9121	102
25.9129	102
25.9137	102
25.9146	102
25.9154	102
25.9163	102
25.9171	102
25.918	102
25.9188	102
25.9197	102
25.9205	102
25.9213	102
25.9222	102
25.923	102
25.9239	102
25.9247	102
25.9256	102
25.9264	102
25.9272	102
25.9281	102
25.9289	102
25.9298	102
25.9306	102
25.9315	102
25.9323	102
25.9331	102
25.934	102
25.9348	102
25.9357	102
25.9365	102
25.9374	102
25.9382	102
25.939	102
25.9399	102
25.9407	102
25.9416	102
25.9424	102
25.9433	102
25.9441	102
25.9449	102
25.9458	102
25.9466	102
25.9475	102
25.9483	102
25.9492	102
25.95	102
25.9509	102
25.9517	102
25.9525	102
25.9534	102
25.9542	102
25.9551	102
25.9559	102
25.9568	102
25.9576	102
25.9584	102
25.9593	102
25.9601	102
25.961	102
25.9618	102
25.9627	102
25.9635	102
25.9643	102
25.9652	102
25.966	102
25.9669	102
25.9677	102
25.9686	102
25.9694	102
25.9702	102
25.9711	102
25.9719	102
25.9728	102
25.9736	102
25.9745	102
25.9753	102
25.9761	102
25.977	102
25.9778	102
25.9787	102
25.9795	102
25.9804	102
25.9812	102
25.982	102
25.9829	102
25.9837	102
25.9846	102
25.9854	102
25.9863	102
25.9871	102
25.988	102
25.9888	102
25.9896	102
25.9905	102
25.9913	102
25.9922	102
25.993	102
25.9939	102
25.9947	102
25.9955	102
25.9964	102
25.9972	102
25.9981	102
25.9989	102
25.9998	102
26.0006	102
26.0014	102
26.0023	102
26.0031	102
26.004	102
26.0048	102
26.0057	102
26.0065	102
26.0073	102
26.0082	102
26.009	102
26.0099	102
26.0107	102
26.0116	102
26.0124	102
26.0132	102
26.0141	102
26.0149	102
26.0158	102
26.0166	102
26.0175	102
26.0183	102
26.0191	102
26.02	102
26.0208	102
26.0217	102
26.0225	102
26.0234	102
26.0242	102
26.0251	102
26.0259	102
26.0267	102
26.0276	102
26.0284	102
26.0293	102
26.0301	102
26.031	102
26.0318	102
26.0326	102
26.0335	102
26.0343	102
26.0352	102
26.036	102
26.0369	102
26.0377	102
26.0385	102
26.0394	102
26.0402	102
26.0411	102
26.0419	102
26.0428	102
26.0436	102
26.0444	102
26.0453	102
26.0461	102
26.047	102
26.0478	102
26.0487	102
26.0495	102
26.0503	102
26.0512	102
26.052	102
26.0529	102
26.0537	102
26.0546	102
26.0554	102
26.0563	102
26.0571	102
26.0579	102
26.0588	102
26.0596	102
26.0605	102
26.0613	102
26.0622	102
26.063	102
26.0638	102
26.0647	102
26.0655	102
26.0664	102
26.0672	102
26.0681	102
26.0689	102
26.0697	102
26.0706	102
26.0714	102
26.0723	102
26.0731	102
26.074	102
26.0748	102
26.0756	102
26.0765	102
26.0773	102
26.0782	102
26.079	102
26.0799	102
26.0807	102
26.0815	102
26.0824	102
26.0832	102
26.0841	102
26.0849	102
26.0858	102
26.0866	102
26.0874	102
26.0883	102
26.0891	102
26.09	102
26.0908	102
26.0917	102
26.0925	102
26.0934	102
26.0942	102
26.095	102
26.0959	102
26.0967	102
26.0976	102
26.0984	102
26.0993	102
26.1001	102
26.1009	102
26.1018	102
26.1026	102
26.1035	102
26.1043	102
26.1052	102
26.106	102
26.1068	102
26.1077	102
26.1085	102
26.1094	102
26.1102	102
26.1111	102
26.1119	102
26.1127	102
26.1136	102
26.1144	102
26.1153	102
26.1161	102
26.117	102
26.1178	102
26.1186	102
26.1195	102
26.1203	102
26.1212	102
26.122	102
26.1229	102
26.1237	102
26.1245	102
26.1254	102
26.1262	102
26.1271	102
26.1279	102
26.1288	102
26.1296	102
26.1305	102
26.1313	102
26.1321	102
26.133	102
26.1338	102
26.1347	102
26.1355	102
26.1364	102
26.1372	102
26.138	102
26.1389	102
26.1397	102
26.1406	102
26.1414	102
26.1423	102
26.1431	102
26.1439	102
26.1448	102
26.1456	102
26.1465	102
26.1473	102
26.1482	102
26.149	102
26.1498	102
26.1507	102
26.1515	102
26.1524	102
26.1532	102
26.1541	102
26.1549	102
26.1557	102
26.1566	102
26.1574	102
26.1583	102
26.1591	102
26.16	102
26.1608	102
26.1617	102
26.1625	102
26.1633	102
26.1642	102
26.165	102
26.1659	102
26.1667	102
26.1676	102
26.1684	102
26.1692	102
26.1701	102
26.1709	102
26.1718	102
26.1726	102
26.1735	102
26.1743	102
26.1751	102
26.176	102
26.1768	102
26.1777	102
26.1785	102
26.1794	102
26.1802	102
26.181	102
26.1819	102
26.1827	102
26.1836	102
26.1844	102
26.1853	102
26.1861	102
26.1869	102
26.1878	102
26.1886	102
26.1895	102
26.1903	102
26.1912	102
26.192	102
26.1928	102
26.1937	102
26.1945	102
26.1954	102
26.1962	102
26.1971	102
26.1979	102
26.1988	102
26.1996	102
26.2004	102
26.2013	102
26.2021	102
26.203	102
26.2038	102
26.2047	102
26.2055	102
26.2063	102
26.2072	102
26.208	102
26.2089	102
26.2097	102
26.2106	102
26.2114	102
26.2122	102
26.2131	102
26.2139	102
26.2148	102
26.2156	102
26.2165	102
26.2173	102
26.2181	102
26.219	102
26.2198	102
26.2207	102
26.2215	102
26.2224	102
26.2232	102
26.224	102
26.2249	102
26.2257	102
26.2266	102
26.2274	102
26.2283	102
26.2291	102
26.2299	102
26.2308	102
26.2316	102
26.2325	102
26.2333	102
26.2342	102
26.235	102
26.2359	102
26.2367	102
26.2375	102
26.2384	102
26.2392	102
26.2401	102
26.2409	102
26.2418	102
26.2426	102
26.2434	102
26.2443	102
26.2451	102
26.246	102
26.2468	102
26.2477	102
26.2485	102
26.2493	102
26.2502	102
26.251	102
26.2519	102
26.2527	102
26.2536	102
26.2544	102
26.2552	102
26.2561	102
26.2569	102
26.2578	102
26.2586	102
26.2595	102
26.2603	102
26.2611	102
26.262	102
26.2628	102
26.2637	102
26.2645	102
26.2654	102
26.2662	102
26.2671	102
26.2679	102
26.2687	102
26.2696	102
26.2704	102
26.2713	102
26.2721	102
26.273	102
26.2738	102
26.2746	102
26.2755	102
26.2763	102
26.2772	102
26.278	102
26.2789	102
26.2797	102
26.2805	102
26.2814	102
26.2822	102
26.2831	102
26.2839	102
26.2848	102
26.2856	102
26.2864	102
26.2873	102
26.2881	102
26.289	102
26.2898	102
26.2907	102
26.2915	102
26.2923	102
26.2932	102
26.294	102
26.2949	102
26.2957	102
26.2966	102
26.2974	102
26.2982	102
26.2991	102
26.2999	102
26.3008	102
26.3016	102
26.3025	102
26.3033	102
26.3042	102
26.305	102
26.3058	102
26.3067	102
26.3075	102
26.3084	102
26.3092	102
26.3101	102
26.3109	102
26.3117	102
26.3126	102
26.3134	102
26.3143	102
26.3151	102
26.316	102
26.3168	102
26.3176	102
26.3185	102
26.3193	102
26.3202	102
26.321	102
26.3219	102
26.3227	102
26.3235	102
26.3244	102
26.3252	102
26.3261	102
26.3269	102
26.3278	102
26.3286	102
26.3294	102
26.3303	102
26.3311	102
26.332	102
26.3328	102
26.3337	102
26.3345	102
26.3353	102
26.3362	102
26.337	102
26.3379	102
26.3387	102
26.3396	102
26.3404	102
26.3413	102
26.3421	102
26.3429	102
26.3438	102
26.3446	102
26.3455	102
26.3463	102
26.3472	102
26.348	102
26.3488	102
26.3497	102
26.3505	102
26.3514	102
26.3522	102
26.3531	102
26.3539	102
26.3547	102
26.3556	102
26.3564	102
26.3573	102
26.3581	102
26.359	102
26.3598	102
26.3606	102
26.3615	102
26.3623	102
26.3632	102
26.364	102
26.3649	102
26.3657	102
26.3665	102
26.3674	102
26.3682	102
26.3691	102
26.3699	102
26.3708	102
26.3716	102
26.3725	102
26.3733	102
26.3741	102
26.375	101
26.3758	101
26.3767	101
26.3775	101
26.3784	101
26.3792	101
26.38	101
26.3809	101
26.3817	101
26.3826	101
26.3834	101
26.3843	101
26.3851	101
26.3859	101
26.3868	101
26.3876	101
26.3885	101
26.3893	101
26.3902	101
26.391	101
26.3918	101
26.3927	101
26.3935	101
26.3944	101
26.3952	101
26.3961	101
26.3969	101
26.3977	101
26.3986	101
26.3994	101
26.4003	101
26.4011	101
26.402	101
26.4028	101
26.4036	101
26.4045	101
26.4053	101
26.4062	101
26.407	101
26.4079	101
26.4087	101
26.4096	101
26.4104	101
26.4112	101
26.4121	101
26.4129	101
26.4138	101
26.4146	101
26.4155	101
26.4163	101
26.4171	101
26.418	101
26.4188	101
26.4197	101
26.4205	101
26.4214	101
26.4222	101
26.423	101
26.4239	101
26.4247	101
26.4256	101
26.4264	101
26.4273	101
26.4281	101
26.4289	101
26.4298	101
26.4306	101
26.4315	101
26.4323	101
26.4332	101
26.434	101
26.4348	101
26.4357	101
26.4365	101
26.4374	101
26.4382	101
26.4391	101
26.4399	101
26.4407	101
26.4416	101
26.4424	101
26.4433	101
26.4441	101
26.445	101
26.4458	101
26.4467	101
26.4475	101
26.4483	101
26.4492	101
26.45	101
26.4509	101
26.4517	101
26.4526	101
26.4534	101
26.4542	101
26.4551	101
26.4559	101
26.4568	101
26.4576	101
26.4585	101
26.4593	101
26.4601	101
26.461	101
26.4618	101
26.4627	101
26.4635	101
26.4644	101
26.4652	101
26.466	101
26.4669	101
26.4677	101
26.4686	101
26.4694	101
26.4703	101
26.4711	101
26.4719	101
26.4728	101
26.4736	101
26.4746	101
26.4754	101
26.4763	101
26.4771	101
26.478	101
26.4788	101
26.4797	101
26.4805	101
26.4813	101
26.4822	101
26.483	101
26.4839	101
26.4847	101
26.4856	101
26.4864	101
26.4872	101
26.4881	101
26.4889	101
26.4898	101
26.4906	101
26.4915	101
26.4923	101
26.4931	101
26.494	101
26.4948	101
26.4957	101
26.4965	101
26.4974	101
26.4982	101
26.4991	101
26.4999	101
26.5007	101
26.5016	101
26.5024	101
26.5033	101
26.5041	101
26.505	101
26.5058	101
26.5066	101
26.5075	101
26.5083	101
26.5092	101
26.51	101
26.5109	101
26.5117	101
26.5125	101
26.5134	101
26.5142	101
26.5151	101
26.5159	101
26.5168	101
26.5176	101
26.5184	101
26.5193	101
26.5201	101
26.521	101
26.5218	101
26.5227	101
26.5235	101
26.5243	101
26.5252	101
26.526	101
26.5269	101
26.5277	101
26.5286	101
26.5294	101
26.5302	101
26.5311	101
26.5319	101
26.5328	101
26.5336	101
26.5345	101
26.5353	101
26.5362	101
26.537	101
26.5378	101
26.5387	101
26.5395	101
26.5404	101
26.5412	101
26.5421	101
26.5429	101
26.5437	101
26.5446	101
26.5454	101
26.5463	101
26.5471	101
26.548	101
26.5488	101
26.5496	101
26.5505	101
26.5513	101
26.5522	101
26.553	101
26.5539	101
26.5547	101
26.5555	101
26.5564	101
26.5572	101
26.5581	101
26.5589	101
26.5598	101
26.5606	101
26.5614	101
26.5623	101
26.5631	101
26.564	101
26.5648	101
26.5657	101
26.5665	101
26.5673	101
26.5682	101
26.569	101
26.5699	101
26.5707	101
26.5716	101
26.5724	101
26.5733	101
26.5741	101
26.5749	101
26.5758	101
26.5766	101
26.5775	101
26.5783	101
26.5792	101
26.58	101
26.5808	101
26.5817	101
26.5825	101
26.5834	101
26.5842	101
26.5851	101
26.5859	101
26.5867	101
26.5876	101
26.5884	101
26.5893	101
26.5901	101
26.591	101
26.5918	101
26.5926	101
26.5935	101
26.5943	101
26.5952	101
26.596	101
26.5969	101
26.5977	101
26.5985	101
26.5994	101
26.6002	101
26.6011	101
26.6019	101
26.6028	101
26.6036	101
26.6045	101
26.6053	101
26.6061	101
26.607	101
26.6078	101
26.6087	101
26.6095	101
26.6104	101
26.6112	101
26.612	101
26.6129	101
26.6137	101
26.6146	101
26.6154	101
26.6163	101
26.6171	101
26.6179	101
26.6188	101
26.6196	101
26.6205	101
26.6213	101
26.6222	101
26.623	101
26.6238	101
26.6247	101
26.6255	101
26.6264	101
26.6272	101
26.6281	101
26.6289	101
26.6297	101
26.6306	101
26.6314	101
26.6323	101
26.6331	101
26.634	101
26.6348	101
26.6356	101
26.6365	101
26.6373	101
26.6382	101
26.639	101
26.6399	101
26.6407	101
26.6416	101
26.6424	101
26.6432	101
26.6441	101
26.6449	101
26.6458	101
26.6466	101
26.6475	101
26.6483	101
26.6491	101
26.65	101
26.6508	101
26.6517	101
26.6525	101
26.6534	101
26.6542	101
26.655	101
26.6559	101
26.6567	101
26.6576	101
26.6584	101
26.6593	101
26.6601	101
26.6609	101
26.6618	101
26.6626	101
26.6635	101
26.6643	101
26.6652	101
26.666	101
26.6668	101
26.6677	101
26.6685	101
26.6694	101
26.6702	101
26.6711	101
26.6719	101
26.6727	101
26.6736	101
26.6744	101
26.6753	101
26.6761	101
26.677	101
26.6778	101
26.6787	101
26.6795	101
26.6803	101
26.6812	101
26.682	101
26.6829	101
26.6837	101
26.6846	101
26.6854	101
26.6862	101
26.6871	101
26.6879	101
26.6888	101
26.6896	101
26.6905	101
26.6913	101
26.6921	101
26.693	101
26.6938	101
26.6947	101
26.6955	101
26.6964	101
26.6972	101
26.698	101
26.6989	101
26.6997	101
26.7006	101
26.7014	101
26.7023	101
26.7031	101
26.7039	101
26.7048	101
26.7056	101
26.7065	101
26.7073	101
26.7082	101
26.709	102
26.7099	102
26.7107	102
26.7115	102
26.7124	102
26.7132	102
26.7141	102
26.7149	102
26.7158	102
26.7166	102
26.7174	102
26.7183	102
26.7191	102
26.72	102
26.7208	102
26.7217	102
26.7225	102
26.7233	102
26.7242	102
26.725	102
26.7259	102
26.7267	102
26.7276	102
26.7284	102
26.7292	102
26.7301	102
26.7309	102
26.7318	102
26.7326	102
26.7335	102
26.7343	102
26.7351	102
26.736	102
26.7368	102
26.7377	102
26.7385	102
26.7394	102
26.7402	102
26.741	102
26.7419	102
26.7427	102
26.7436	102
26.7444	102
26.7453	102
26.7461	102
26.747	102
26.7478	102
26.7486	102
26.7495	102
26.7503	102
26.7512	102
26.752	102
26.7529	102
26.7537	102
26.7545	102
26.7554	102
26.7562	102
26.7571	102
26.7579	102
26.7588	102
26.7596	102
26.7604	102
26.7613	102
26.7621	102
26.763	102
26.7638	102
26.7647	102
26.7655	102
26.7663	102
26.7672	102
26.768	102
26.7689	102
26.7697	102
26.7706	102
26.7714	102
26.7722	102
26.7731	102
26.7739	102
26.7748	102
26.7756	102
26.7765	102
26.7773	102
26.7781	102
26.779	102
26.7798	102
26.7807	102
26.7815	102
26.7824	102
26.7832	102
26.7841	102
26.7849	102
26.7857	102
26.7866	102
26.7874	102
26.7883	102
26.7891	102
26.79	102
26.7908	102
26.7916	102
26.7925	102
26.7933	102
26.7942	102
26.795	102
26.7959	102
26.7967	102
26.7975	102
26.7984	102
26.7992	102
26.8001	102
26.8009	102
26.8018	102
26.8026	102
26.8034	102
26.8043	102
26.8051	102
26.806	102
26.8068	102
26.8077	102
26.8085	102
26.8093	102
26.8102	102
26.811	102
26.8119	102
26.8127	102
26.8136	102
26.8144	102
26.8153	102
26.8161	102
26.8169	102
26.8178	102
26.8186	102
26.8195	102
26.8203	102
26.8212	102
26.822	102
26.8228	102
26.8237	102
26.8245	102
26.8254	102
26.8262	102
26.8271	102
26.8279	102
26.8287	102
26.8296	102
26.8304	102
26.8313	102
26.8321	102
26.833	102
26.8338	102
26.8346	102
26.8355	102
26.8363	102
26.8372	102
26.838	102
26.8389	102
26.8397	102
26.8405	102
26.8414	102
26.8422	102
26.8431	102
26.8439	102
26.8448	102
26.8456	102
26.8464	102
26.8473	102
26.8481	102
26.849	102
26.8498	102
26.8507	102
26.8515	102
26.8524	102
26.8532	102
26.854	102
26.8549	102
26.8557	102
26.8566	102
26.8574	102
26.8583	102
26.8591	102
26.8599	102
26.8608	102
26.8616	102
26.8625	102
26.8633	102
26.8642	102
26.865	102
26.8658	102
26.8667	102
26.8675	102
26.8684	102
26.8692	102
26.8701	102
26.8709	102
26.8717	102
26.8726	102
26.8734	102
26.8743	102
26.8751	102
26.876	102
26.8768	102
26.8776	102
26.8785	102
26.8793	102
26.8802	102
26.881	102
26.8819	102
26.8827	102
26.8835	102
26.8844	102
26.8852	102
26.8861	102
26.8869	102
26.8878	102
26.8886	102
26.8895	102
26.8903	102
26.8911	102
26.892	102
26.8928	102
26.8937	102
26.8945	102
26.8954	102
26.8962	102
26.897	102
26.8979	102
26.8987	102
26.8996	102
26.9004	102
26.9013	102
26.9021	102
26.9029	102
26.9038	102
26.9046	102
26.9055	102
26.9063	102
26.9072	102
26.908	102
26.9088	102
26.9097	102
26.9105	102
26.9114	102
26.9122	102
26.9131	102
26.9139	102
26.9147	102
26.9156	102
26.9164	102
26.9173	102
26.9181	102
26.919	102
26.9198	102
26.9207	102
26.9215	102
26.9223	102
26.9232	102
26.924	102
26.9249	102
26.9257	102
26.9266	102
26.9274	102
26.9282	102
26.9291	102
26.9299	102
26.9308	102
26.9316	102
26.9325	102
26.9333	102
26.9341	102
26.935	102
26.9358	102
26.9367	102
26.9375	102
26.9384	102
26.9392	102
26.94	102
26.9409	102
26.9417	102
26.9426	102
26.9434	102
26.9443	102
26.9451	102
26.9459	102
26.9468	102
26.9476	102
26.9485	102
26.9493	102
26.9502	102
26.951	102
26.9518	102
26.9527	102
26.9535	102
26.9544	102
26.9552	102
26.9561	102
26.9569	102
26.9578	102
26.9586	102
26.9594	102
26.9603	102
26.9611	102
26.962	102
26.9628	102
26.9637	102
26.9645	102
26.9653	102
26.9662	102
26.967	102
26.9679	102
26.9687	102
26.9696	102
26.9704	102
26.9712	102
26.9721	102
26.9729	102
26.9738	102
26.9746	102
26.9755	102
26.9763	102
26.9771	102
26.978	102
26.9788	102
26.9797	102
26.9805	102
26.9814	102
26.9822	102
26.983	102
26.9839	102
26.9847	102
26.9856	102
26.9864	102
26.9873	102
26.9881	102
26.9889	102
26.9898	102
26.9906	102
26.9915	102
26.9923	102
26.9932	102
26.994	102
26.9949	102
26.9957	102
26.9965	102
26.9974	102
26.9982	102
26.9991	102
26.9999	102
27.0008	102
27.0016	102
27.0024	102
27.0033	102
27.0041	102
27.005	102
27.0058	102
27.0067	102
27.0075	102
27.0083	102
27.0092	102
27.01	102
27.0109	102
27.0117	102
27.0126	102
27.0134	102
27.0142	102
27.0151	102
27.0159	102
27.0168	102
27.0176	102
27.0185	102
27.0193	102
27.0201	102
27.021	102
27.0218	102
27.0227	102
27.0235	102
27.0244	102
27.0252	102
27.0261	102
27.0269	102
27.0277	102
27.0286	102
27.0294	102
27.0303	102
27.0311	102
27.032	102
27.0328	102
27.0336	102
27.0345	102
27.0353	102
27.0362	102
27.037	102
27.0379	102
27.0387	102
27.0395	102
27.0404	102
27.0412	102
27.0421	102
27.0429	102
27.0438	102
27.0446	102
27.0454	102
27.0463	102
27.0471	102
27.048	102
27.0488	102
27.0497	102
27.0505	102
27.0513	102
27.0522	102
27.053	102
27.0539	102
27.0547	102
27.0556	102
27.0564	102
27.0572	102
27.0581	102
27.0589	102
27.0598	102
27.0606	102
27.0615	102
27.0623	102
27.0632	102
27.064	102
27.0648	102
27.0657	102
27.0665	102
27.0674	102
27.0682	102
27.0691	102
27.0699	102
27.0707	102
27.0716	102
27.0724	102
27.0733	102
27.0741	102
27.075	102
27.0758	102
27.0766	102
27.0775	102
27.0783	102
27.0792	102
27.08	102
27.0809	102
27.0817	102
27.0825	102
27.0834	102
27.0842	102
27.0851	102
27.0859	102
27.0868	102
27.0876	102
27.0884	102
27.0893	102
27.0901	102
27.091	102
27.0918	102
27.0927	102
27.0935	102
27.0943	102
27.0952	102
27.096	102
27.0969	102
27.0977	102
27.0986	102
27.0994	102
27.1003	102
27.1011	102
27.1019	102
27.1028	102
27.1036	102
27.1045	102
27.1053	102
27.1062	102
27.107	102
27.1078	102
27.1087	102
27.1095	102
27.1104	102
27.1112	102
27.1121	102
27.1129	102
27.1137	102
27.1146	102
27.1154	102
27.1163	102
27.1171	102
27.118	102
27.1188	102
27.1196	102
27.1205	102
27.1213	102
27.1222	102
27.123	102
27.1239	102
27.1247	102
27.1255	102
27.1264	102
27.1272	102
27.1281	102
27.1289	102
27.1298	102
27.1306	102
27.1315	102
27.1323	102
27.1331	102
27.134	102
27.1348	102
27.1357	102
27.1365	102
27.1374	102
27.1382	102
27.139	102
27.1399	102
27.1407	102
27.1416	102
27.1424	102
27.1433	102
27.1441	102
27.1449	102
27.1458	102
27.1466	102
27.1475	102
27.1483	102
27.1492	102
27.15	102
27.1508	102
27.1517	102
27.1525	102
27.1534	102
27.1542	102
27.1551	102
27.1559	102
27.1567	102
27.1576	102
27.1584	102
27.1593	102
27.1601	102
27.161	102
27.1618	102
27.1626	102
27.1635	102
27.1643	102
27.1652	102
27.166	102
27.1669	102
27.1677	102
27.1686	102
27.1694	102
27.1702	102
27.1711	102
27.1719	102
27.1728	102
27.1736	102
27.1745	102
27.1753	102
27.1761	102
27.177	102
27.1778	102
27.1787	102
27.1795	102
27.1804	102
27.1812	102
27.182	102
27.1829	101
27.1837	101
27.1846	101
27.1854	101
27.1863	101
27.1871	101
27.1879	101
27.1888	101
27.1896	101
27.1905	101
27.1913	101
27.1922	101
27.193	101
27.1938	101
27.1947	101
27.1955	101
27.1964	101
27.1972	101
27.1981	101
27.1989	101
27.1997	101
27.2006	101
27.2014	101
27.2023	101
27.2031	101
27.204	101
27.2048	101
27.2057	101
27.2065	101
27.2073	101
27.2082	101
27.209	101
27.2099	101
27.2107	101
27.2116	101
27.2124	101
27.2132	101
27.2141	101
27.2149	101
27.2158	101
27.2166	101
27.2175	101
27.2183	101
27.2191	101
27.22	101
27.2208	101
27.2217	101
27.2225	101
27.2234	101
27.2242	101
27.225	101
27.2259	101
27.2267	101
27.2276	101
27.2284	101
27.2293	101
27.2301	101
27.2309	101
27.2318	101
27.2326	101
27.2335	101
27.2343	101
27.2352	101
27.236	101
27.2369	101
27.2377	101
27.2385	101
27.2394	101
27.2402	101
27.2411	101
27.2419	101
27.2428	101
27.2436	101
27.2444	101
27.2453	101
27.2461	101
27.247	101
27.2478	101
27.2487	101
27.2495	101
27.2503	101
27.2512	101
27.252	101
27.2529	101
27.2537	101
27.2546	101
27.2554	101
27.2562	101
27.2571	101
27.2579	101
27.2588	101
27.2596	101
27.2605	101
27.2613	101
27.2621	101
27.263	101
27.2638	101
27.2647	101
27.2655	101
27.2664	101
27.2672	101
27.268	101
27.2689	101
27.2697	101
27.2706	101
27.2714	101
27.2723	101
27.2731	101
27.274	101
27.2748	101
27.2756	101
27.2765	101
27.2773	101
27.2782	101
27.279	101
27.2799	101
27.2807	101
27.2815	101
27.2825	101
27.2833	101
27.2842	101
27.285	101
27.2859	101
27.2867	101
27.2876	101
27.2884	101
27.2892	101
27.2901	101
27.2909	101
27.2918	101
27.2926	101
27.2935	101
27.2943	101
27.2952	101
27.296	101
27.2968	101
27.2977	101
27.2985	101
27.2994	101
27.3002	101
27.3011	101
27.3019	101
27.3027	101
27.3036	101
27.3044	101
27.3053	101
27.3061	101
27.307	101
27.3078	101
27.3086	101
27.3095	101
27.3103	101
27.3112	101
27.312	101
27.3129	101
27.3137	101
27.3145	101
27.3154	101
27.3162	101
27.3171	101
27.3179	101
27.3188	101
27.3196	101
27.3204	101
27.3213	101
27.3221	101
27.323	101
27.3238	101
27.3247	101
27.3255	101
27.3264	101
27.3272	101
27.328	101
27.3289	101
27.3297	101
27.3306	101
27.3314	101
27.3323	101
27.3331	101
27.3339	101
27.3348	101
27.3356	101
27.3365	101
27.3373	101
27.3382	101
27.339	101
27.3398	101
27.3407	101
27.3415	101
27.3424	101
27.3432	101
27.3441	101
27.3449	101
27.3457	101
27.3466	101
27.3474	101
27.3483	101
27.3491	101
27.35	101
27.3508	101
27.3516	101
27.3525	101
27.3533	101
27.3542	101
27.355	101
27.3559	101
27.3567	101
27.3575	101
27.3584	101
27.3592	101
27.3601	101
27.3609	101
27.3618	101
27.3626	101
27.3635	101
27.3643	101
27.3651	101
27.366	101
27.3668	101
27.3677	101
27.3685	101
27.3694	101
27.3702	101
27.371	101
27.3719	101
27.3727	101
27.3736	101
27.3744	101
27.3753	101
27.3761	101
27.3769	101
27.3778	101
27.3786	101
27.3795	101
27.3803	101
27.3812	101
27.382	101
27.3828	101
27.3837	101
27.3845	101
27.3854	101
27.3862	101
27.3871	101
27.3879	101
27.3887	101
27.3896	101
27.3904	101
27.3913	101
27.3921	101
27.393	101
27.3938	101
27.3946	101
27.3955	101
27.3963	101
27.3972	101
27.398	101
27.3989	101
27.3997	101
27.4006	101
27.4014	101
27.4022	101
27.4031	101
27.4039	101
27.4048	101
27.4056	101
27.4065	101
27.4073	101
27.4081	101
27.409	101
27.4098	101
27.4107	101
27.4115	101
27.4124	101
27.4132	101
27.414	101
27.4149	101
27.4157	101
27.4166	101
27.4174	101
27.4183	101
27.4191	101
27.4199	101
27.4208	101
27.4216	101
27.4225	101
27.4233	101
27.4242	101
27.425	101
27.4258	101
27.4267	101
27.4275	101
27.4284	101
27.4292	101
27.4301	101
27.4309	101
27.4318	101
27.4326	101
27.4334	101
27.4343	101
27.4351	101
27.436	101
27.4368	101
27.4377	101
27.4385	101
27.4393	101
27.4402	101
27.441	101
27.4419	101
27.4427	101
27.4436	101
27.4444	101
27.4452	101
27.4461	101
27.4469	101
27.4478	101
27.4486	101
27.4495	101
27.4503	101
27.4511	101
27.452	101
27.4528	101
27.4537	101
27.4545	101
27.4554	101
27.4562	101
27.457	101
27.4579	101
27.4587	101
27.4596	101
27.4604	101
27.4613	101
27.4621	101
27.4629	101
27.4638	101
27.4646	101
27.4655	101
27.4663	101
27.4672	101
27.468	101
27.4689	101
27.4697	101
27.4705	101
27.4714	101
27.4722	101
27.4731	101
27.4739	101
27.4748	101
27.4756	101
27.4764	101
27.4773	101
27.4781	101
27.479	101
27.4798	101
27.4807	101
27.4815	101
27.4823	101
27.4832	101
27.484	101
27.4849	101
27.4857	101
27.4866	101
27.4874	101
27.4882	101
27.4891	101
27.4899	101
27.4908	101
27.4916	101
27.4925	101
27.4933	101
27.4941	101
27.495	101
27.4958	101
27.4967	101
27.4975	101
27.4984	101
27.4992	101
27.5	101
27.5009	101
27.5017	101
27.5026	101
27.5034	101
27.5043	101
27.5051	101
27.506	101
27.5068	101
27.5076	101
27.5085	101
27.5093	101
27.5102	101
27.511	102
27.5119	102
27.5127	102
27.5135	102
27.5144	102
27.5152	102
27.5161	102
27.5169	102
27.5178	102
27.5186	102
27.5194	102
27.5203	102
27.5211	102
27.522	102
27.5228	102
27.5237	102
27.5245	102
27.5253	102
27.5262	102
27.527	102
27.5279	102
27.5287	102
27.5296	102
27.5304	102
27.5312	102
27.5321	102
27.5329	102
27.5338	102
27.5346	102
27.5355	102
27.5363	102
27.5372	102
27.538	102
27.5388	102
27.5397	102
27.5405	102
27.5414	102
27.5422	102
27.5431	102
27.5439	102
27.5447	102
27.5456	102
27.5464	102
27.5473	102
27.5481	102
27.549	102
27.5498	102
27.5506	102
27.5515	102
27.5523	102
27.5532	102
27.554	102
27.5549	102
27.5557	102
27.5565	102
27.5574	102
27.5582	102
27.5591	102
27.5599	102
27.5608	102
27.5616	102
27.5624	102
27.5633	102
27.5641	102
27.565	102
27.5658	102
27.5667	102
27.5675	102
27.5683	102
27.5692	102
27.57	102
27.5709	102
27.5717	102
27.5726	102
27.5734	102
27.5743	102
27.5751	102
27.5759	102
27.5768	102
27.5776	102
27.5785	102
27.5793	102
27.5802	102
27.581	102
27.5818	102
27.5827	102
27.5835	102
27.5844	102
27.5852	102
27.5861	102
27.5869	102
27.5877	102
27.5886	102
27.5894	102
27.5903	102
27.5911	102
27.592	102
27.5928	102
27.5936	102
27.5945	102
27.5953	102
27.5962	102
27.597	102
27.5979	102
27.5987	102
27.5995	102
27.6004	102
27.6012	102
27.6021	102
27.6029	102
27.6038	102
27.6046	102
27.6054	102
27.6063	102
27.6071	102
27.608	102
27.6088	102
27.6097	102
27.6105	102
27.6114	102
27.6122	102
27.613	102
27.6139	102
27.6147	102
27.6156	102
27.6164	102
27.6173	102
27.6181	102
27.6189	102
27.6198	102
27.6206	102
27.6215	102
27.6223	102
27.6232	102
27.624	102
27.6248	102
27.6257	102
27.6265	102
27.6274	102
27.6282	102
27.6291	102
27.6299	102
27.6307	102
27.6316	102
27.6324	102
27.6333	102
27.6341	102
27.635	102
27.6358	102
27.6366	102
27.6375	102
27.6383	102
27.6392	102
27.64	102
27.6409	102
27.6417	102
27.6426	102
27.6434	102
27.6442	102
27.6451	102
27.6459	102
27.6468	102
27.6476	102
27.6485	102
27.6493	102
27.6501	102
27.651	102
27.6518	102
27.6527	102
27.6535	102
27.6544	102
27.6552	102
27.656	102
27.6569	102
27.6577	102
27.6586	102
27.6594	102
27.6603	102
27.6611	102
27.6619	102
27.6628	102
27.6636	102
27.6645	102
27.6653	102
27.6662	102
27.667	102
27.6678	102
27.6687	102
27.6695	102
27.6704	102
27.6712	102
27.6721	102
27.6729	102
27.6737	102
27.6746	102
27.6754	102
27.6763	102
27.6771	102
27.678	102
27.6788	102
27.6797	102
27.6805	102
27.6813	102
27.6822	102
27.683	102
27.6839	102
27.6847	102
27.6856	102
27.6864	102
27.6872	102
27.6881	102
27.6889	102
27.6898	102
27.6906	102
27.6915	102
27.6923	102
27.6931	102
27.694	102
27.6948	102
27.6957	102
27.6965	102
27.6974	102
27.6982	102
27.699	102
27.6999	102
27.7007	102
27.7016	102
27.7024	102
27.7033	102
27.7041	102
27.7049	102
27.7058	102
27.7066	102
27.7075	102
27.7083	102
27.7092	102
27.71	102
27.7108	102
27.7117	102
27.7125	102
27.7134	102
27.7142	102
27.7151	102
27.7159	102
27.7168	102
27.7176	102
27.7184	102
27.7193	102
27.7201	102
27.721	102
27.7218	102
27.7227	102
27.7235	102
27.7243	102
27.7252	102
27.726	102
27.7269	102
27.7277	102
27.7286	102
27.7294	102
27.7302	102
27.7311	102
27.7319	102
27.7328	102
27.7336	102
27.7345	102
27.7353	102
27.7361	102
27.737	102
27.7378	102
27.7387	102
27.7395	102
27.7404	102
27.7412	102
27.742	102
27.7429	102
27.7437	102
27.7446	102
27.7454	102
27.7463	102
27.7471	102
27.748	102
27.7488	102
27.7496	102
27.7505	102
27.7513	102
27.7522	102
27.753	102
27.7539	102
27.7547	102
27.7555	102
27.7564	102
27.7572	102
27.7581	102
27.7589	102
27.7598	102
27.7606	102
27.7614	102
27.7623	102
27.7631	102
27.764	102
27.7648	102
27.7657	102
27.7665	102
27.7673	102
27.7682	102
27.769	102
27.7699	102
27.7707	102
27.7716	102
27.7724	102
27.7732	102
27.7741	102
27.7749	102
27.7758	102
27.7766	102
27.7775	102
27.7783	102
27.7791	102
27.78	102
27.7808	102
27.7817	102
27.7825	102
27.7834	102
27.7842	102
27.7851	102
27.7859	102
27.7867	102
27.7876	102
27.7884	102
27.7893	102
27.7901	102
27.791	102
27.7918	102
27.7926	102
27.7935	102
27.7943	102
27.7952	102
27.796	102
27.7969	102
27.7977	102
27.7985	102
27.7994	102
27.8002	102
27.8011	102
27.8019	102
27.8028	102
27.8036	102
27.8044	102
27.8053	102
27.8061	102
27.807	102
27.8078	102
27.8087	102
27.8095	102
27.8103	102
27.8112	102
27.812	102
27.8129	102
27.8137	102
27.8146	102
27.8154	102
27.8162	102
27.8171	102
27.8179	102
27.8188	102
27.8196	102
27.8205	102
27.8213	102
27.8222	102
27.823	102
27.8238	102
27.8247	102
27.8255	102
27.8264	102
27.8272	102
27.8281	102
27.8289	102
27.8297	102
27.8306	102
27.8314	102
27.8323	102
27.8331	102
27.834	102
27.8348	102
27.8356	102
27.8365	102
27.8373	102
27.8382	102
27.839	102
27.8399	102
27.8407	102
27.8415	102
27.8424	102
27.8432	102
27.8441	102
27.8449	102
27.8458	102
27.8466	102
27.8474	102
27.8483	102
27.8491	102
27.85	102
27.8508	102
27.8517	102
27.8525	102
27.8534	102
27.8542	102
27.855	102
27.8559	102
27.8567	102
27.8576	102
27.8584	102
27.8593	102
27.8601	102
27.8609	102
27.8618	102
27.8626	102
27.8635	102
27.8643	102
27.8652	102
27.866	102
27.8668	102
27.8677	102
27.8685	102
27.8694	102
27.8702	102
27.8711	102
27.8719	102
27.8727	102
27.8736	102
27.8744	102
27.8753	102
27.8761	102
27.877	102
27.8778	102
27.8786	102
27.8795	102
27.8803	102
27.8812	102
27.882	102
27.8829	102
27.8837	102
27.8845	102
27.8854	102
27.8862	102
27.8871	102
27.8879	102
27.8888	102
27.8896	102
27.8905	102
27.8913	102
27.8921	102
27.893	102
27.8938	102
27.8947	102
27.8955	102
27.8964	102
27.8972	102
27.898	102
27.8989	102
27.8997	102
27.9006	102
27.9014	102
27.9023	102
27.9031	102
27.9039	102
27.9048	102
27.9056	102
27.9065	102
27.9073	102
27.9082	102
27.909	102
27.9098	102
27.9107	102
27.9115	102
27.9124	102
27.9132	102
27.9141	102
27.9149	102
27.9157	102
27.9166	102
27.9174	102
27.9183	102
27.9191	102
27.92	102
27.9208	102
27.9216	102
27.9225	102
27.9233	102
27.9242	102
27.925	102
27.9259	102
27.9267	102
27.9276	102
27.9284	102
27.9292	102
27.9301	102
27.9309	102
27.9318	102
27.9326	102
27.9335	102
27.9343	102
27.9351	102
27.936	102
27.9368	102
27.9377	102
27.9385	102
27.9394	102
27.9402	102
27.941	102
27.9419	102
27.9427	102
27.9436	102
27.9444	102
27.9453	102
27.9461	102
27.9469	102
27.9478	102
27.9486	102
27.9495	102
27.9503	102
27.9512	102
27.952	102
27.9528	102
27.9537	102
27.9545	102
27.9554	102
27.9562	102
27.9571	102
27.9579	102
27.9588	102
27.9596	102
27.9604	102
27.9613	102
27.9621	102
27.963	102
27.9638	102
27.9647	102
27.9655	102
27.9663	102
27.9672	102
27.968	102
27.9689	102
27.9697	102
27.9706	102
27.9714	102
27.9722	102
27.9731	102
27.9739	102
27.9748	102
27.9756	102
27.9765	102
27.9773	102
27.9781	102
27.979	102
27.9798	102
27.9807	102
27.9815	102
27.9824	102
27.9832	102
27.984	102
27.9849	102
27.9857	102
27.9866	102
27.9874	102
27.9883	102
27.9891	102
27.9899	101
27.9908	101
27.9916	101
27.9925	101
27.9933	101
27.9942	101
27.995	101
27.9959	101
27.9967	101
27.9975	101
27.9984	101
27.9992	101
28.0001	101
28.0009	101
28.0018	101
28.0026	101
28.0034	101
28.0043	101
28.0051	101
28.006	101
28.0068	101
28.0077	101
28.0085	101
28.0093	101
28.0102	101
28.011	101
28.0119	101
28.0127	101
28.0136	101
28.0144	101
28.0152	101
28.0161	101
28.0169	101
28.0178	101
28.0186	101
28.0195	101
28.0203	101
28.0211	101
28.022	101
28.0228	101
28.0237	101
28.0245	101
28.0254	101
28.0262	101
28.027	101
28.0279	101
28.0287	101
28.0296	101
28.0304	101
28.0313	101
28.0321	101
28.033	101
28.0338	101
28.0346	101
28.0355	101
28.0363	101
28.0372	101
28.038	101
28.0389	101
28.0397	101
28.0405	101
28.0414	101
28.0422	101
28.0431	101
28.0439	101
28.0448	101
28.0456	101
28.0464	101
28.0473	101
28.0481	101
28.049	101
28.0498	101
28.0507	101
28.0515	101
28.0523	101
28.0532	101
28.054	101
28.0549	101
28.0557	101
28.0566	101
28.0574	101
28.0582	101
28.0591	101
28.0599	101
28.0608	101
28.0616	101
28.0625	101
28.0633	101
28.0642	101
28.065	101
28.0658	101
28.0667	101
28.0675	101
28.0684	101
28.0692	101
28.0701	101
28.0709	101
28.0717	101
28.0726	101
28.0734	101
28.0743	101
28.0751	101
28.076	101
28.0768	101
28.0776	101
28.0785	101
28.0793	101
28.0802	101
28.081	101
28.0819	101
28.0827	101
28.0835	101
28.0844	101
28.0852	101
28.0861	101
28.0869	101
28.0878	101
28.0886	101
28.0894	101
28.0904	101
28.0913	101
28.0921	101
28.0929	101
28.0938	101
28.0946	101
28.0955	101
28.0963	101
28.0972	101
28.098	101
28.0988	101
28.0997	101
28.1005	101
28.1014	101
28.1022	101
28.1031	101
28.1039	101
28.1047	101
28.1056	101
28.1064	101
28.1073	101
28.1081	101
28.109	101
28.1098	101
28.1106	101
28.1115	101
28.1123	101
28.1132	101
28.114	101
28.1149	101
28.1157	101
28.1165	101
28.1174	101
28.1182	101
28.1191	101
28.1199	101
28.1208	101
28.1216	101
28.1225	101
28.1233	101
28.1241	101
28.125	101
28.1258	101
28.1267	101
28.1275	101
28.1284	101
28.1292	101
28.13	101
28.1309	101
28.1317	101
28.1326	101
28.1334	101
28.1343	101
28.1351	101
28.1359	101
28.1368	101
28.1376	101
28.1385	101
28.1393	101
28.1402	101
28.141	101
28.1418	101
28.1427	101
28.1435	101
28.1444	101
28.1452	101
28.1461	101
28.1469	101
28.1477	101
28.1486	101
28.1494	101
28.1503	101
28.1511	101
28.152	101
28.1528	101
28.1536	101
28.1545	101
28.1553	101
28.1562	101
28.157	101
28.1579	101
28.1587	101
28.1596	101
28.1604	101
28.1612	101
28.1621	101
28.1629	101
28.1638	101
28.1646	101
28.1655	101
28.1663	101
28.1671	101
28.168	101
28.1688	101
28.1697	101
28.1705	101
28.1714	101
28.1722	101
28.173	101
28.1739	101
28.1747	101
28.1756	101
28.1764	101
28.1773	101
28.1781	101
28.1789	101
28.1798	101
28.1806	101
28.1815	101
28.1823	101
28.1832	101
28.184	101
28.1848	101
28.1857	101
28.1865	101
28.1874	101
28.1882	101
28.1891	101
28.1899	101
28.1908	101
28.1916	101
28.1924	101
28.1933	101
28.1941	101
28.195	101
28.1958	101
28.1967	101
28.1975	101
28.1983	101
28.1992	101
28.2	101
28.2009	101
28.2017	101
28.2026	101
28.2034	101
28.2042	101
28.2051	101
28.2059	101
28.2068	101
28.2076	101
28.2085	101
28.2093	101
28.2101	101
28.211	101
28.2118	101
28.2127	101
28.2135	101
28.2144	101
28.2152	101
28.216	101
28.2169	101
28.2177	101
28.2186	101
28.2194	101
28.2203	101
28.2211	101
28.2219	101
28.2228	101
28.2236	101
28.2245	101
28.2253	101
28.2262	101
28.227	101
28.2279	101
28.2287	101
28.2295	101
28.2304	101
28.2312	101
28.2321	101
28.2329	101
28.2338	101
28.2346	101
28.2354	101
28.2363	101
28.2371	101
28.238	101
28.2388	101
28.2397	101
28.2405	101
28.2413	101
28.2422	101
28.243	101
28.2439	101
28.2447	101
28.2456	101
28.2464	101
28.2472	101
28.2481	101
28.2489	101
28.2498	101
28.2506	101
28.2515	101
28.2523	101
28.2531	101
28.254	101
28.2548	101
28.2557	101
28.2565	101
28.2574	101
28.2582	101
28.259	101
28.2599	101
28.2607	101
28.2616	101
28.2624	101
28.2633	101
28.2641	101
28.265	101
28.2658	101
28.2666	101
28.2675	101
28.2683	101
28.2692	101
28.27	101
28.2709	101
28.2717	101
28.2725	101
28.2734	101
28.2742	101
28.2751	101
28.2759	101
28.2768	101
28.2776	101
28.2784	101
28.2793	101
28.2801	101
28.281	101
28.2818	101
28.2827	101
28.2835	101
28.2843	101
28.2852	101
28.286	101
28.2869	101
28.2877	101
28.2886	101
28.2894	101
28.2902	101
28.2911	101
28.2919	101
28.2928	101
28.2936	101
28.2945	101
28.2953	101
28.2962	101
28.297	101
28.2978	101
28.2987	101
28.2995	101
28.3004	101
28.3012	101
28.3021	101
28.3029	101
28.3037	101
28.3046	101
28.3054	101
28.3063	101
28.3071	101
28.308	101
28.3088	101
28.3096	101
28.3105	101
28.3113	101
28.3122	101
28.313	102
28.3139	102
28.3147	102
28.3155	102
28.3164	102
28.3172	102
28.3181	102
28.3189	102
28.3198	102
28.3206	102
28.3214	102
28.3223	102
28.3231	102
28.324	102
28.3248	102
28.3257	102
28.3265	102
28.3273	102
28.3282	102
28.329	102
28.3299	102
28.3307	102
28.3316	102
28.3324	102
28.3333	102
28.3341	102
28.3349	102
28.3358	102
28.3366	102
28.3375	102
28.3383	102
28.3392	102
28.34	102
28.3408	102
28.3417	102
28.3425	102
28.3434	102
28.3442	102
28.3451	102
28.3459	102
28.3467	102
28.3476	102
28.3484	102
28.3493	102
28.3501	102
28.351	102
28.3518	102
28.3526	102
28.3535	102
28.3543	102
28.3552	102
28.356	102
28.3569	102
28.3577	102
28.3585	102
28.3594	102
28.3602	102
28.3611	102
28.3619	102
28.3628	102
28.3636	102
28.3644	102
28.3653	102
28.3661	102
28.367	102
28.3678	102
28.3687	102
28.3695	102
28.3704	102
28.3712	102
28.372	102
28.3729	102
28.3737	102
28.3746	102
28.3754	102
28.3763	102
28.3771	102
28.3779	102
28.3788	102
28.3796	102
28.3805	102
28.3813	102
28.3822	102
28.383	102
28.3838	102
28.3847	102
28.3855	102
28.3864	102
28.3872	102
28.3881	102
28.3889	102
28.3897	102
28.3906	102
28.3914	102
28.3923	102
28.3931	102
28.394	102
28.3948	102
28.3956	102
28.3965	102
28.3973	102
28.3982	102
28.399	102
28.3999	102
28.4007	102
28.4016	102
28.4024	102
28.4032	102
28.4041	102
28.4049	102
28.4058	102
28.4066	102
28.4075	102
28.4083	102
28.4091	102
28.41	102
28.4108	102
28.4117	102
28.4125	102
28.4134	102
28.4142	102
28.415	102
28.4159	102
28.4167	102
28.4176	102
28.4184	102
28.4193	102
28.4201	102
28.4209	102
28.4218	102
28.4226	102
28.4235	102
28.4243	102
28.4252	102
28.426	102
28.4268	102
28.4277	102
28.4285	102
28.4294	102
28.4302	102
28.4311	102
28.4319	102
28.4327	102
28.4336	102
28.4344	102
28.4353	102
28.4361	102
28.437	102
28.4378	102
28.4387	102
28.4395	102
28.4403	102
28.4412	102
28.442	102
28.4429	102
28.4437	102
28.4446	102
28.4454	102
28.4462	102
28.4471	102
28.4479	102
28.4488	102
28.4496	102
28.4505	102
28.4513	102
28.4521	102
28.453	102
28.4538	102
28.4547	102
28.4555	102
28.4564	102
28.4572	102
28.458	102
28.4589	102
28.4597	102
28.4606	102
28.4614	102
28.4623	102
28.4631	102
28.4639	102
28.4648	102
28.4656	102
28.4665	102
28.4673	102
28.4682	102
28.469	102
28.4698	102
28.4707	102
28.4715	102
28.4724	102
28.4732	102
28.4741	102
28.4749	102
28.4758	102
28.4766	102
28.4774	102
28.4783	102
28.4791	102
28.48	102
28.4808	102
28.4817	102
28.4825	102
28.4833	102
28.4842	102
28.485	102
28.4859	102
28.4867	102
28.4876	102
28.4884	102
28.4892	102
28.4901	102
28.4909	102
28.4918	102
28.4926	102
28.4935	102
28.4943	102
28.4951	102
28.496	102
28.4968	102
28.4977	102
28.4985	102
28.4994	102
28.5002	102
28.501	102
28.5019	102
28.5027	102
28.5036	102
28.5044	102
28.5053	102
28.5061	102
28.507	102
28.5078	102
28.5086	102
28.5095	102
28.5103	102
28.5112	102
28.512	102
28.5129	102
28.5137	102
28.5145	102
28.5154	102
28.5162	102
28.5171	102
28.5179	102
28.5188	102
28.5196	102
28.5204	102
28.5213	102
28.5221	102
28.523	102
28.5238	102
28.5247	102
28.5255	102
28.5263	102
28.5272	102
28.528	102
28.5289	102
28.5297	102
28.5306	102
28.5314	102
28.5322	102
28.5331	102
28.5339	102
28.5348	102
28.5356	102
28.5365	102
28.5373	102
28.5381	102
28.539	102
28.5398	102
28.5407	102
28.5415	102
28.5424	102
28.5432	102
28.5441	102
28.5449	102
28.5457	102
28.5466	102
28.5474	102
28.5483	102
28.5491	102
28.55	102
28.5508	102
28.5516	102
28.5525	102
28.5533	102
28.5542	102
28.555	102
28.5559	102
28.5567	102
28.5575	102
28.5584	102
28.5592	102
28.5601	102
28.5609	102
28.5618	102
28.5626	102
28.5634	102
28.5643	102
28.5651	102
28.566	102
28.5668	102
28.5677	102
28.5685	102
28.5693	102
28.5702	102
28.571	102
28.5719	102
28.5727	102
28.5736	102
28.5744	102
28.5752	102
28.5761	102
28.5769	102
28.5778	102
28.5786	102
28.5795	102
28.5803	102
28.5812	102
28.582	102
28.5828	102
28.5837	102
28.5845	102
28.5854	102
28.5862	102
28.5871	102
28.5879	102
28.5887	102
28.5896	102
28.5904	102
28.5913	102
28.5921	102
28.593	102
28.5938	102
28.5946	102
28.5955	102
28.5963	102
28.5972	102
28.598	102
28.5989	102
28.5997	102
28.6005	102
28.6014	102
28.6022	102
28.6031	102
28.6039	102
28.6048	102
28.6056	102
28.6064	102
28.6073	102
28.6081	102
28.609	102
28.6098	102
28.6107	102
28.6115	102
28.6124	102
28.6132	102
28.614	102
28.6149	102
28.6157	102
28.6166	102
28.6174	102
28.6183	102
28.6191	102
28.6199	102
28.6208	102
28.6216	102
28.6225	102
28.6233	102
28.6242	102
28.625	102
28.6258	102
28.6267	102
28.6275	102
28.6284	102
28.6292	102
28.6301	102
28.6309	102
28.6317	102
28.6326	102
28.6334	102
28.6343	102
28.6351	102
28.636	102
28.6368	102
28.6376	102
28.6385	102
28.6393	102
28.6402	102
28.641	102
28.6419	102
28.6427	102
28.6435	102
28.6444	102
28.6452	102
28.6461	102
28.6469	102
28.6478	102
28.6486	102
28.6495	102
28.6503	102
28.6511	102
28.652	102
28.6528	102
28.6537	102
28.6545	102
28.6554	102
28.6562	102
28.657	102
28.6579	102
28.6587	102
28.6596	102
28.6604	102
28.6613	102
28.6621	102
28.6629	102
28.6638	102
28.6646	102
28.6655	102
28.6663	102
28.6672	102
28.668	102
28.6688	102
28.6697	102
28.6705	102
28.6714	102
28.6722	102
28.6731	102
28.6739	102
28.6747	102
28.6756	102
28.6764	102
28.6773	102
28.6781	102
28.679	102
28.6798	102
28.6806	102
28.6815	102
28.6823	102
28.6832	102
28.684	102
28.6849	102
28.6857	102
28.6866	102
28.6874	102
28.6882	102
28.6891	102
28.6899	102
28.6908	102
28.6916	102
28.6925	102
28.6933	102
28.6941	102
28.695	102
28.6958	102
28.6967	102
28.6975	102
28.6984	102
28.6992	102
28.7	102
28.7009	102
28.7017	102
28.7026	102
28.7034	102
28.7043	102
28.7051	102
28.7059	102
28.7068	102
28.7076	102
28.7085	102
28.7093	102
28.7102	102
28.711	102
28.7118	102
28.7127	102
28.7135	102
28.7144	102
28.7152	102
28.7161	102
28.7169	102
28.7178	102
28.7186	102
28.7194	102
28.7203	102
28.7211	102
28.722	102
28.7228	102
28.7237	102
28.7245	102
28.7253	102
28.7262	102
28.727	102
28.7279	102
28.7287	102
28.7296	102
28.7304	102
28.7312	102
28.7321	102
28.7329	102
28.7338	102
28.7346	102
28.7355	102
28.7363	102
28.7371	102
28.738	102
28.7388	102
28.7397	102
28.7405	102
28.7414	102
28.7422	102
28.743	102
28.7439	102
28.7447	102
28.7456	102
28.7464	102
28.7473	102
28.7481	102
28.7489	102
28.7498	102
28.7506	102
28.7515	102
28.7523	102
28.7532	102
28.754	102
28.7549	102
28.7557	102
28.7565	102
28.7574	102
28.7582	102
28.7591	102
28.7599	102
28.7608	102
28.7616	102
28.7624	102
28.7633	102
28.7641	102
28.765	102
28.7658	102
28.7667	102
28.7675	102
28.7683	102
28.7692	102
28.77	102
28.7709	102
28.7717	102
28.7726	102
28.7734	102
28.7742	102
28.7751	102
28.7759	102
28.7768	102
28.7776	102
28.7785	102
28.7793	102
28.7801	102
28.781	102
28.7818	102
28.7827	102
28.7835	102
28.7844	102
28.7852	102
28.786	102
28.7869	102
28.7877	102
28.7886	102
28.7894	102
28.7903	102
28.7911	102
28.792	102
28.7928	102
28.7936	102
28.7945	102
28.7953	102
28.7962	102
28.797	102
28.7979	101
28.7987	101
28.7995	101
28.8004	101
28.8012	101
28.8021	101
28.8029	101
28.8038	101
28.8046	101
28.8054	101
28.8063	101
28.8071	101
28.808	101
28.8088	101
28.8097	101
28.8105	101
28.8113	101
28.8122	101
28.813	101
28.8139	101
28.8147	101
28.8156	101
28.8164	101
28.8172	101
28.8181	101
28.8189	101
28.8198	101
28.8206	101
28.8215	101
28.8223	101
28.8232	101
28.824	101
28.8248	101
28.8257	101
28.8265	101
28.8274	101
28.8282	101
28.8291	101
28.8299	101
28.8307	101
28.8316	101
28.8324	101
28.8333	101
28.8341	101
28.835	101
28.8358	101
28.8366	101
28.8375	101
28.8383	101
28.8392	101
28.84	101
28.8409	101
28.8417	101
28.8425	101
28.8434	101
28.8442	101
28.8451	101
28.8459	101
28.8468	101
28.8476	101
28.8484	101
28.8493	101
28.8501	101
28.851	101
28.8518	101
28.8527	101
28.8535	101
28.8543	101
28.8552	101
28.856	101
28.8569	101
28.8577	101
28.8586	101
28.8594	101
28.8603	101
28.8611	101
28.8619	101
28.8628	101
28.8636	101
28.8645	101
28.8653	101
28.8662	101
28.867	101
28.8678	101
28.8687	101
28.8695	101
28.8704	101
28.8712	101
28.8721	101
28.8729	101
28.8737	101
28.8746	101
28.8754	101
28.8763	101
28.8771	101
28.878	101
28.8788	101
28.8796	101
28.8805	101
28.8813	101
28.8822	101
28.883	101
28.8839	101
28.8847	101
28.8855	101
28.8864	101
28.8872	101
28.8881	101
28.8889	101
28.8898	101
28.8906	101
28.8914	101
28.8923	101
28.8931	101
28.894	101
28.8948	101
28.8957	101
28.8965	101
28.8974	101
28.8983	101
28.8992	101
28.9	101
28.9008	101
28.9017	101
28.9025	101
28.9034	101
28.9042	101
28.9051	101
28.9059	101
28.9067	101
28.9076	101
28.9084	101
28.9093	101
28.9101	101
28.911	101
28.9118	101
28.9126	101
28.9135	101
28.9143	101
28.9152	101
28.916	101
28.9169	101
28.9177	101
28.9186	101
28.9194	101
28.9202	101
28.9211	101
28.9219	101
28.9228	101
28.9236	101
28.9245	101
28.9253	101
28.9261	101
28.927	101
28.9278	101
28.9287	101
28.9295	101
28.9304	101
28.9312	101
28.932	101
28.9329	101
28.9337	101
28.9346	101
28.9354	101
28.9363	101
28.9371	101
28.9379	101
28.9388	101
28.9396	101
28.9405	101
28.9413	101
28.9422	101
28.943	101
28.9438	101
28.9447	101
28.9455	101
28.9464	101
28.9472	101
28.9481	101
28.9489	101
28.9498	101
28.9506	101
28.9514	101
28.9523	101
28.9531	101
28.954	101
28.9548	101
28.9557	101
28.9565	101
28.9573	101
28.9582	101
28.959	101
28.9599	101
28.9607	101
28.9616	101
28.9624	101
28.9632	101
28.9641	101
28.9649	101
28.9658	101
28.9666	101
28.9675	101
28.9683	101
28.9691	101
28.97	101
28.9708	101
28.9717	101
28.9725	101
28.9734	101
28.9742	101
28.975	101
28.9759	101
28.9767	101
28.9776	101
28.9784	101
28.9793	101
28.9801	101
28.9809	101
28.9818	101
28.9826	101
28.9835	101
28.9843	101
28.9852	101
28.986	101
28.9869	101
28.9877	101
28.9885	101
28.9894	101
28.9902	101
28.9911	101
28.9919	101
28.9928	101
28.9936	101
28.9944	101
28.9953	101
28.9961	101
28.997	101
28.9978	101
28.9987	101
28.9995	101
29.0003	101
29.0012	101
29.002	101
29.0029	101
29.0037	101
29.0046	101
29.0054	101
29.0062	101
29.0071	101
29.0079	101
29.0088	101
29.0096	101
29.0105	101
29.0113	101
29.0121	101
29.013	101
29.0138	101
29.0147	101
29.0155	101
29.0164	101
29.0172	101
29.018	101
29.0189	101
29.0197	101
29.0206	101
29.0214	101
29.0223	101
29.0231	101
29.024	101
29.0248	101
29.0256	101
29.0265	101
29.0273	101
29.0282	101
29.029	101
29.0299	101
29.0307	101
29.0315	101
29.0324	101
29.0332	101
29.0341	101
29.0349	101
29.0358	101
29.0366	101
29.0374	101
29.0383	101
29.0391	101
29.04	101
29.0408	101
29.0417	101
29.0425	101
29.0433	101
29.0442	101
29.045	101
29.0459	101
29.0467	101
29.0476	101
29.0484	101
29.0492	101
29.0501	101
29.0509	101
29.0518	101
29.0526	101
29.0535	101
29.0543	101
29.0552	101
29.056	101
29.0568	101
29.0577	101
29.0585	101
29.0594	101
29.0602	101
29.0611	101
29.0619	101
29.0627	101
29.0636	101
29.0644	101
29.0653	101
29.0661	101
29.067	101
29.0678	101
29.0686	101
29.0695	101
29.0703	101
29.0712	101
29.072	101
29.0729	101
29.0737	101
29.0745	101
29.0754	101
29.0762	101
29.0771	101
29.0779	101
29.0788	101
29.0796	101
29.0804	101
29.0813	101
29.0821	101
29.083	101
29.0838	101
29.0847	101
29.0855	101
29.0863	101
29.0872	101
29.088	101
29.0889	101
29.0897	101
29.0906	101
29.0914	101
29.0923	101
29.0931	101
29.0939	101
29.0948	101
29.0956	101
29.0965	101
29.0973	101
29.0982	101
29.099	101
29.0998	101
29.1007	101
29.1015	101
29.1024	101
29.1032	101
29.1041	101
29.1049	101
29.1057	101
29.1066	101
29.1074	101
29.1083	101
29.1091	101
29.11	101
29.1108	101
29.1116	101
29.1125	101
29.1133	101
29.1142	101
29.115	102
29.1159	102
29.1167	102
29.1175	102
29.1184	102
29.1192	102
29.1201	102
29.1209	102
29.1218	102
29.1226	102
29.1234	102
29.1243	102
29.1251	102
29.126	102
29.1268	102
29.1277	102
29.1285	102
29.1294	102
29.1302	102
29.131	102
29.1319	102
29.1327	102
29.1336	102
29.1344	102
29.1353	102
29.1361	102
29.1369	102
29.1378	102
29.1386	102
29.1395	102
29.1403	102
29.1412	102
29.142	102
29.1428	102
29.1437	102
29.1445	102
29.1454	102
29.1462	102
29.1471	102
29.1479	102
29.1487	102
29.1496	102
29.1504	102
29.1513	102
29.1521	102
29.153	102
29.1538	102
29.1546	102
29.1555	102
29.1563	102
29.1572	102
29.158	102
29.1589	102
29.1597	102
29.1606	102
29.1614	102
29.1622	102
29.1631	102
29.1639	102
29.1648	102
29.1656	102
29.1665	102
29.1673	102
29.1681	102
29.169	102
29.1698	102
29.1707	102
29.1715	102
29.1724	102
29.1732	102
29.174	102
29.1749	102
29.1757	102
29.1766	102
29.1774	102
29.1783	102
29.1791	102
29.1799	102
29.1808	102
29.1816	102
29.1825	102
29.1833	102
29.1842	102
29.185	102
29.1858	102
29.1867	102
29.1875	102
29.1884	102
29.1892	102
29.1901	102
29.1909	102
29.1917	102
29.1926	102
29.1934	102
29.1943	102
29.1951	102
29.196	102
29.1968	102
29.1977	102
29.1985	102
29.1993	102
29.2002	102
29.201	102
29.2019	102
29.2027	102
29.2036	102
29.2044	102
29.2052	102
29.2061	102
29.2069	102
29.2078	102
29.2086	102
29.2095	102
29.2103	102
29.2111	102
29.212	102
29.2128	102
29.2137	102
29.2145	102
29.2154	102
29.2162	102
29.217	102
29.2179	102
29.2187	102
29.2196	102
29.2204	102
29.2213	102
29.2221	102
29.2229	102
29.2238	102
29.2246	102
29.2255	102
29.2263	102
29.2272	102
29.228	102
29.2288	102
29.2297	102
29.2305	102
29.2314	102
29.2322	102
29.2331	102
29.2339	102
29.2348	102
29.2356	102
29.2364	102
29.2373	102
29.2381	102
29.239	102
29.2398	102
29.2407	102
29.2415	102
29.2423	102
29.2432	102
29.244	102
29.2449	102
29.2457	102
29.2466	102
29.2474	102
29.2482	102
29.2491	102
29.2499	102
29.2508	102
29.2516	102
29.2525	102
29.2533	102
29.2541	102
29.255	102
29.2558	102
29.2567	102
29.2575	102
29.2584	102
29.2592	102
29.26	102
29.2609	102
29.2617	102
29.2626	102
29.2634	102
29.2643	102
29.2651	102
29.266	102
29.2668	102
29.2676	102
29.2685	102
29.2693	102
29.2702	102
29.271	102
29.2719	102
29.2727	102
29.2735	102
29.2744	102
29.2752	102
29.2761	102
29.2769	102
29.2778	102
29.2786	102
29.2794	102
29.2803	102
29.2811	102
29.282	102
29.2828	102
29.2837	102
29.2845	102
29.2853	102
29.2862	102
29.287	102
29.2879	102
29.2887	102
29.2896	102
29.2904	102
29.2912	102
29.2921	102
29.2929	102
29.2938	102
29.2946	102
29.2955	102
29.2963	102
29.2971	102
29.298	102
29.2988	102
29.2997	102
29.3005	102
29.3014	102
29.3022	102
29.3031	102
29.3039	102
29.3047	102
29.3056	102
29.3064	102
29.3073	102
29.3081	102
29.309	102
29.3098	102
29.3106	102
29.3115	102
29.3123	102
29.3132	102
29.314	102
29.3149	102
29.3157	102
29.3165	102
29.3174	102
29.3182	102
29.3191	102
29.3199	102
29.3208	102
29.3216	102
29.3224	102
29.3233	102
29.3241	102
29.325	102
29.3258	102
29.3267	102
29.3275	102
29.3283	102
29.3292	102
29.33	102
29.3309	102
29.3317	102
29.3326	102
29.3334	102
29.3342	102
29.3351	102
29.3359	102
29.3368	102
29.3376	102
29.3385	102
29.3393	102
29.3402	102
29.341	102
29.3418	102
29.3427	102
29.3435	102
29.3444	102
29.3452	102
29.3461	102
29.3469	102
29.3477	102
29.3486	102
29.3494	102
29.3503	102
29.3511	102
29.352	102
29.3528	102
29.3536	102
29.3545	102
29.3553	102
29.3562	102
29.357	102
29.3579	102
29.3587	102
29.3595	102
29.3604	102
29.3612	102
29.3621	102
29.3629	102
29.3638	102
29.3646	102
29.3654	102
29.3663	102
29.3671	102
29.368	102
29.3688	102
29.3697	102
29.3705	102
29.3714	102
29.3722	102
29.373	102
29.3739	102
29.3747	102
29.3756	102
29.3764	102
29.3773	102
29.3781	102
29.3789	102
29.3798	102
29.3806	102
29.3815	102
29.3823	102
29.3832	102
29.384	102
29.3848	102
29.3857	102
29.3865	102
29.3874	102
29.3882	102
29.3891	102
29.3899	102
29.3907	102
29.3916	102
29.3924	102
29.3933	102
29.3941	102
29.395	102
29.3958	102
29.3966	102
29.3975	102
29.3983	102
29.3992	102
29.4	102
29.4009	102
29.4017	102
29.4025	102
29.4034	102
29.4042	102
29.4051	102
29.4059	102
29.4068	102
29.4076	102
29.4085	102
29.4093	102
29.4101	102
29.411	102
29.4118	102
29.4127	102
29.4135	102
29.4144	102
29.4152	102
29.416	102
29.4169	102
29.4177	102
29.4186	102
29.4194	102
29.4203	102
29.4211	102
29.4219	102
29.4228	102
29.4236	102
29.4245	102
29.4253	102
29.4262	102
29.427	102
29.4278	102
29.4287	102
29.4295	102
29.4304	102
29.4312	102
29.4321	102
29.4329	102
29.4337	102
29.4346	102
29.4354	102
29.4363	102
29.4371	102
29.438	102
29.4388	102
29.4396	102
29.4405	102
29.4413	102
29.4422	102
29.443	102
29.4439	102
29.4447	102
29.4456	102
29.4464	102
29.4472	102
29.4481	102
29.4489	102
29.4498	102
29.4506	102
29.4515	102
29.4523	102
29.4531	102
29.454	102
29.4548	102
29.4557	102
29.4565	102
29.4574	102
29.4582	102
29.459	102
29.4599	102
29.4607	102
29.4616	102
29.4624	102
29.4633	102
29.4641	102
29.4649	102
29.4658	102
29.4666	102
29.4675	102
29.4683	102
29.4692	102
29.47	102
29.4708	102
29.4717	102
29.4725	102
29.4734	102
29.4742	102
29.4751	102
29.4759	102
29.4768	102
29.4776	102
29.4784	102
29.4793	102
29.4801	102
29.481	102
29.4818	102
29.4827	102
29.4835	102
29.4843	102
29.4852	102
29.486	102
29.4869	102
29.4877	102
29.4886	102
29.4894	102
29.4902	102
29.4911	102
29.4919	102
29.4928	102
29.4936	102
29.4945	102
29.4953	102
29.4961	102
29.497	102
29.4978	102
29.4987	102
29.4995	102
29.5004	102
29.5012	102
29.502	102
29.5029	102
29.5037	102
29.5046	102
29.5054	102
29.5063	102
29.5071	102
29.5079	102
29.5088	102
29.5096	102
29.5105	102
29.5113	102
29.5122	102
29.513	102
29.5139	102
29.5147	102
29.5155	102
29.5164	102
29.5172	102
29.5181	102
29.5189	102
29.5198	102
29.5206	102
29.5214	102
29.5223	102
29.5231	102
29.524	102
29.5248	102
29.5257	102
29.5265	102
29.5273	102
29.5282	102
29.529	102
29.5299	102
29.5307	102
29.5316	102
29.5324	102
29.5332	102
29.5341	102
29.5349	102
29.5358	102
29.5366	102
29.5375	102
29.5383	102
29.5391	102
29.54	102
29.5408	102
29.5417	102
29.5425	102
29.5434	102
29.5442	102
29.545	102
29.5459	102
29.5467	102
29.5476	102
29.5484	102
29.5493	102
29.5501	102
29.551	102
29.5518	102
29.5526	102
29.5535	102
29.5543	102
29.5552	102
29.556	102
29.5569	102
29.5577	102
29.5585	102
29.5594	102
29.5602	102
29.5611	102
29.5619	102
29.5628	102
29.5636	102
29.5644	102
29.5653	102
29.5661	102
29.567	102
29.5678	102
29.5687	102
29.5695	102
29.5703	102
29.5712	102
29.572	102
29.5729	102
29.5737	102
29.5746	102
29.5754	102
29.5762	102
29.5771	102
29.5779	102
29.5788	102
29.5796	102
29.5805	102
29.5813	102
29.5822	102
29.583	102
29.5838	102
29.5847	102
29.5855	102
29.5864	102
29.5872	102
29.5881	102
29.5889	102
29.5897	102
29.5906	102
29.5914	102
29.5923	102
29.5931	102
29.594	102
29.5948	102
29.5956	102
29.5965	102
29.5973	102
29.5982	102
29.599	102
29.5999	102
29.6007	102
29.6015	102
29.6024	102
29.6032	102
29.6041	102
29.6049	102
29.6058	101
29.6066	101
29.6074	101
29.6083	101
29.6091	101
29.61	101
29.6108	101
29.6117	101
29.6125	101
29.6133	101
29.6142	101
29.615	101
29.6159	101
29.6167	101
29.6176	101
29.6184	101
29.6193	101
29.6201	101
29.6209	101
29.6218	101
29.6226	101
29.6235	101
29.6243	101
29.6252	101
29.626	101
29.6268	101
29.6277	101
29.6285	101
29.6294	101
29.6302	101
29.6311	101
29.6319	101
29.6327	101
29.6336	101
29.6344	101
29.6353	101
29.6361	101
29.637	101
29.6378	101
29.6386	101
29.6395	101
29.6403	101
29.6412	101
29.642	101
29.6429	101
29.6437	101
29.6445	101
29.6454	101
29.6462	101
29.6471	101
29.6479	101
29.6488	101
29.6496	101
29.6504	101
29.6513	101
29.6521	101
29.653	101
29.6538	101
29.6547	101
29.6555	101
29.6564	101
29.6572	101
29.658	101
29.6589	101
29.6597	101
29.6606	101
29.6614	101
29.6623	101
29.6631	101
29.6639	101
29.6648	101
29.6656	101
29.6665	101
29.6673	101
29.6682	101
29.669	101
29.6698	101
29.6707	101
29.6715	101
29.6724	101
29.6732	101
29.6741	101
29.6749	101
29.6757	101
29.6766	101
29.6774	101
29.6783	101
29.6791	101
29.68	101
29.6808	101
29.6816	101
29.6825	101
29.6833	101
29.6842	101
29.685	101
29.6859	101
29.6867	101
29.6876	101
29.6884	101
29.6892	101
29.6901	101
29.6909	101
29.6918	101
29.6926	101
29.6935	101
29.6943	101
29.6951	101
29.696	101
29.6968	101
29.6977	101
29.6985	101
29.6994	101
29.7002	101
29.701	101
29.7019	101
29.7027	101
29.7036	101
29.7044	101
29.7053	101
29.7062	101
29.7071	101
29.7079	101
29.7088	101
29.7096	101
29.7104	101
29.7113	101
29.7121	101
29.713	101
29.7138	101
29.7147	101
29.7155	101
29.7163	101
29.7172	101
29.718	101
29.7189	101
29.7197	101
29.7206	101
29.7214	101
29.7222	101
29.7231	101
29.7239	101
29.7248	101
29.7256	101
29.7265	101
29.7273	101
29.7281	101
29.729	101
29.7298	101
29.7307	101
29.7315	101
29.7324	101
29.7332	101
29.734	101
29.7349	101
29.7357	101
29.7366	101
29.7374	101
29.7383	101
29.7391	101
29.7399	101
29.7408	101
29.7416	101
29.7425	101
29.7433	101
29.7442	101
29.745	101
29.7459	101
29.7467	101
29.7475	101
29.7484	101
29.7492	101
29.7501	101
29.7509	101
29.7518	101
29.7526	101
29.7534	101
29.7543	101
29.7551	101
29.756	101
29.7568	101
29.7577	101
29.7585	101
29.7593	101
29.7602	101
29.761	101
29.7619	101
29.7627	101
29.7636	101
29.7644	101
29.7652	101
29.7661	101
29.7669	101
29.7678	101
29.7686	101
29.7695	101
29.7703	101
29.7711	101
29.772	101
29.7728	101
29.7737	101
29.7745	101
29.7754	101
29.7762	101
29.777	101
29.7779	101
29.7787	101
29.7796	101
29.7804	101
29.7813	101
29.7821	101
29.783	101
29.7838	101
29.7846	101
29.7855	101
29.7863	101
29.7872	101
29.788	101
29.7889	101
29.7897	101
29.7905	101
29.7914	101
29.7922	101
29.7931	101
29.7939	101
29.7948	101
29.7956	101
29.7964	101
29.7973	101
29.7981	101
29.799	101
29.7998	101
29.8007	101
29.8015	101
29.8023	101
29.8032	101
29.804	101
29.8049	101
29.8057	101
29.8066	101
29.8074	101
29.8082	101
29.8091	101
29.8099	101
29.8108	101
29.8116	101
29.8125	101
29.8133	101
29.8142	101
29.815	101
29.8158	101
29.8167	101
29.8175	101
29.8184	101
29.8192	101
29.8201	101
29.8209	101
29.8217	101
29.8226	101
29.8234	101
29.8243	101
29.8251	101
29.826	101
29.8268	101
29.8276	101
29.8285	101
29.8293	101
29.8302	101
29.831	101
29.8319	101
29.8327	101
29.8335	101
29.8344	101
29.8352	101
29.8361	101
29.8369	101
29.8378	101
29.8386	101
29.8394	101
29.8403	101
29.8411	101
29.842	101
29.8428	101
29.8437	101
29.8445	101
29.8453	101
29.8462	101
29.847	101
29.8479	101
29.8487	101
29.8496	101
29.8504	101
29.8513	101
29.8521	101
29.8529	101
29.8538	101
29.8546	101
29.8555	101
29.8563	101
29.8572	101
29.858	101
29.8588	101
29.8597	101
29.8605	101
29.8614	101
29.8622	101
29.8631	101
29.8639	101
29.8647	101
29.8656	101
29.8664	101
29.8673	101
29.8681	101
29.869	101
29.8698	101
29.8706	101
29.8715	101
29.8723	101
29.8732	101
29.874	101
29.8749	101
29.8757	101
29.8765	101
29.8774	101
29.8782	101
29.8791	101
29.8799	101
29.8808	101
29.8816	101
29.8824	101
29.8833	101
29.8841	101
29.885	101
29.8858	101
29.8867	101
29.8875	101
29.8884	101
29.8892	101
29.89	101
29.8909	101
29.8917	101
29.8926	101
29.8934	101
29.8943	101
29.8951	101
29.8959	101
29.8968	101
29.8976	101
29.8985	101
29.8993	101
29.9002	101
29.901	101
29.9018	101
29.9027	101
29.9035	101
29.9044	101
29.9052	101
29.9061	101
29.9069	101
29.9077	101
29.9086	101
29.9094	101
29.9103	101
29.9111	101
29.912	101
29.9128	101
29.9136	101
29.9145	101
29.9153	101
29.9162	101
29.917	101
29.9179	101
29.9187	101
29.9196	101
29.9204	101
29.9212	101
29.9221	101
29.9229	101
29.9238	101
29.9246	101
29.9255	101
29.9263	101
29.9271	101
29.928	101
29.9288	101
29.9297	101
29.9305	101
29.9314	101
29.9322	101
29.933	101
29.9339	101
29.9347	101
29.9356	101
29.9364	101
29.9373	101
29.9381	101
29.9389	101
29.9398	101
29.9406	101
29.9415	101
29.9423	101
29.9432	101
29.944	102
29.9448	102
29.9457	102
29.9465	102
29.9474	102
29.9482	102
29.9491	102
29.9499	102
29.9507	102
29.9516	102
29.9524	102
29.9533	102
29.9541	102
29.955	102
29.9558	102
29.9567	102
29.9575	102
29.9583	102
29.9592	102
29.96	102
29.9609	102
29.9617	102
29.9626	102
29.9634	102
29.9642	102
29.9651	102
29.9659	102
29.9668	102
29.9676	102
29.9685	102
29.9693	102
29.9701	102
29.971	102
29.9718	102
29.9727	102
29.9735	102
29.9744	102
29.9752	102
29.976	102
29.9769	102
29.9777	102
29.9786	102
29.9794	102
29.9803	102
29.9811	102
29.9819	102
29.9828	102
29.9836	102
29.9845	102
29.9853	102
29.9862	102
29.987	102
29.9878	102
29.9887	102
29.9895	102
29.9904	102
29.9912	102
29.9921	102
29.9929	102
29.9938	102
29.9946	102
29.9954	102
29.9963	102
29.9971	102
29.998	102
29.9988	102
29.9997	102
30.0005	102
30.0013	102
30.0022	102
30.003	102
30.0039	102
30.0047	102
30.0056	102
30.0064	102
30.0072	102
30.0081	102
30.0089	102
30.0098	102
30.0106	102
30.0115	102
30.0123	102
30.0131	102
30.014	102
30.0148	102
30.0157	102
30.0165	102
30.0174	102
30.0182	102
30.019	102
30.0199	102
30.0207	102
30.0216	102
30.0224	102
30.0233	102
30.0241	102
30.025	102
30.0258	102
30.0266	102
30.0275	102
30.0283	102
30.0292	102
30.03	102
30.0309	102
30.0317	102
30.0325	102
30.0334	102
30.0342	102
30.0351	102
30.0359	102
30.0368	102
30.0376	102
30.0384	102
30.0393	102
30.0401	102
30.041	102
30.0418	102
30.0427	102
30.0435	102
30.0443	102
30.0452	102
30.046	102
30.0469	102
30.0477	102
30.0486	102
30.0494	102
30.0502	102
30.0511	102
30.0519	102
30.0528	102
30.0536	102
30.0545	102
30.0553	102
30.0561	102
30.057	102
30.0578	102
30.0587	102
30.0595	102
30.0604	102
30.0612	102
30.0621	102
30.0629	102
30.0637	102
30.0646	102
30.0654	102
30.0663	102
30.0671	102
30.068	102
30.0688	102
30.0696	102
30.0705	102
30.0713	102
30.0722	102
30.073	102
30.0739	102
30.0747	102
30.0755	102
30.0764	102
30.0772	102
30.0781	102
30.0789	102
30.0798	102
30.0806	102
30.0814	102
30.0823	102
30.0831	102
30.084	102
30.0848	102
30.0857	102
30.0865	102
30.0873	102
30.0882	102
30.089	102
30.0899	102
30.0907	102
30.0916	102
30.0924	102
30.0932	102
30.0941	102
30.0949	102
30.0958	102
30.0966	102
30.0975	102
30.0983	102
30.0992	102
30.1	102
30.1008	102
30.1017	102
30.1025	102
30.1034	102
30.1042	102
30.1051	102
30.1059	102
30.1067	102
30.1076	102
30.1084	102
30.1093	102
30.1101	102
30.111	102
30.1118	102
30.1126	102
30.1135	102
30.1143	102
30.1152	102
30.116	102
30.1169	102
30.1177	102
30.1185	102
30.1194	102
30.1202	102
30.1211	102
30.1219	102
30.1228	102
30.1236	102
30.1244	102
30.1253	102
30.1261	102
30.127	102
30.1278	102
30.1287	102
30.1295	102
30.1304	102
30.1312	102
30.132	102
30.1329	102
30.1337	102
30.1346	102
30.1354	102
30.1363	102
30.1371	102
30.1379	102
30.1388	102
30.1396	102
30.1405	102
30.1413	102
30.1422	102
30.143	102
30.1438	102
30.1447	102
30.1455	102
30.1464	102
30.1472	102
30.1481	102
30.1489	102
30.1497	102
30.1506	102
30.1514	102
30.1523	102
30.1531	102
30.154	102
30.1548	102
30.1556	102
30.1565	102
30.1573	102
30.1582	102
30.159	102
30.1599	102
30.1607	102
30.1615	102
30.1624	102
30.1632	102
30.1641	102
30.1649	102
30.1658	102
30.1666	102
30.1675	102
30.1683	102
30.1691	102
30.17	102
30.1708	102
30.1717	102
30.1725	102
30.1734	102
30.1742	102
30.175	102
30.1759	102
30.1767	102
30.1776	102
30.1784	102
30.1793	102
30.1801	102
30.1809	102
30.1818	102
30.1826	102
30.1835	102
30.1843	102
30.1852	102
30.186	102
30.1868	102
30.1877	102
30.1885	102
30.1894	102
30.1902	102
30.1911	102
30.1919	102
30.1927	102
30.1936	102
30.1944	102
30.1953	102
30.1961	102
30.197	102
30.1978	102
30.1986	102
30.1995	102
30.2003	102
30.2012	102
30.202	102
30.2029	102
30.2037	102
30.2046	102
30.2054	102
30.2062	102
30.2071	102
30.2079	102
30.2088	102
30.2096	102
30.2105	102
30.2113	102
30.2121	102
30.213	102
30.2138	102
30.2147	102
30.2155	102
30.2164	102
30.2172	102
30.218	102
30.2189	102
30.2197	102
30.2206	102
30.2214	102
30.2223	102
30.2231	102
30.2239	102
30.2248	102
30.2256	102
30.2265	102
30.2273	102
30.2282	102
30.229	102
30.2298	102
30.2307	102
30.2315	102
30.2324	102
30.2332	102
30.2341	102
30.2349	102
30.2358	102
30.2366	102
30.2374	102
30.2383	102
30.2391	102
30.24	102
30.2408	102
30.2417	102
30.2425	102
30.2433	102
30.2442	102
30.245	102
30.2459	102
30.2467	102
30.2476	102
30.2484	102
30.2492	102
30.2501	102
30.2509	102
30.2518	102
30.2526	102
30.2535	102
30.2543	102
30.2551	102
30.256	102
30.2568	102
30.2577	102
30.2585	102
30.2594	102
30.2602	102
30.261	102
30.2619	102
30.2627	102
30.2636	102
30.2644	102
30.2653	102
30.2661	102
30.2669	102
30.2678	102
30.2686	102
30.2695	102
30.2703	102
30.2712	102
30.272	102
30.2729	102
30.2737	102
30.2745	102
30.2754	102
30.2762	102
30.2771	102
30.2779	102
30.2788	102
30.2796	102
30.2804	102
30.2813	102
30.2821	102
30.283	102
30.2838	102
30.2847	102
30.2855	102
30.2863	102
30.2872	102
30.288	102
30.2889	102
30.2897	102
30.2906	102
30.2914	102
30.2922	102
30.2931	102
30.2939	102
30.2948	102
30.2956	102
30.2965	102
30.2973	102
30.2981	102
30.299	102
30.2998	102
30.3007	102
30.3015	102
30.3024	102
30.3032	102
30.304	102
30.3049	102
30.3057	102
30.3066	102
30.3074	102
30.3083	102
30.3091	102
30.31	102
30.3108	102
30.3116	102
30.3125	102
30.3133	102
30.3142	102
30.315	102
30.3159	102
30.3167	102
30.3175	102
30.3184	102
30.3192	102
30.3201	102
30.3209	102
30.3218	102
30.3226	102
30.3234	102
30.3243	102
30.3251	102
30.326	102
30.3268	102
30.3277	102
30.3285	102
30.3293	102
30.3302	102
30.331	102
30.3319	102
30.3327	102
30.3336	102
30.3344	102
30.3352	102
30.3361	102
30.3369	102
30.3378	102
30.3386	102
30.3395	102
30.3403	102
30.3412	102
30.342	102
30.3428	102
30.3437	102
30.3445	102
30.3454	102
30.3462	102
30.3471	102
30.3479	102
30.3487	102
30.3496	102
30.3504	102
30.3513	102
30.3521	102
30.353	102
30.3538	102
30.3546	102
30.3555	102
30.3563	102
30.3572	102
30.358	102
30.3589	102
30.3597	102
30.3605	102
30.3614	102
30.3622	102
30.3631	102
30.3639	102
30.3648	102
30.3656	102
30.3664	102
30.3673	102
30.3681	102
30.369	102
30.3698	102
30.3707	102
30.3715	102
30.3723	102
30.3732	102
30.374	102
30.3749	102
30.3757	102
30.3766	102
30.3774	102
30.3783	102
30.3791	102
30.3799	102
30.3808	102
30.3816	102
30.3825	102
30.3833	102
30.3842	102
30.385	102
30.3858	102
30.3867	102
30.3875	102
30.3884	102
30.3892	102
30.3901	102
30.3909	102
30.3917	102
30.3926	102
30.3934	102
30.3943	102
30.3951	102
30.396	102
30.3968	102
30.3976	102
30.3985	102
30.3993	102
30.4002	102
30.401	102
30.4019	102
30.4027	102
30.4035	102
30.4044	102
30.4052	102
30.4061	102
30.4069	102
30.4078	102
30.4086	102
30.4094	102
30.4103	102
30.4111	102
30.412	102
30.4128	102
30.4137	101
30.4145	101
30.4154	101
30.4162	101
30.417	101
30.4179	101
30.4187	101
30.4196	101
30.4204	101
30.4213	101
30.4221	101
30.4229	101
30.4238	101
30.4246	101
30.4255	101
30.4263	101
30.4272	101
30.428	101
30.4288	101
30.4297	101
30.4305	101
30.4314	101
30.4322	101
30.4331	101
30.4339	101
30.4347	101
30.4356	101
30.4364	101
30.4373	101
30.4381	101
30.439	101
30.4398	101
30.4406	101
30.4415	101
30.4423	101
30.4432	101
30.444	101
30.4449	101
30.4457	101
30.4466	101
30.4474	101
30.4482	101
30.4491	101
30.4499	101
30.4508	101
30.4516	101
30.4525	101
30.4533	101
30.4541	101
30.455	101
30.4558	101
30.4567	101
30.4575	101
30.4584	101
30.4592	101
30.46	101
30.4609	101
30.4617	101
30.4626	101
30.4634	101
30.4643	101
30.4651	101
30.4659	101
30.4668	101
30.4676	101
30.4685	101
30.4693	101
30.4702	101
30.471	101
30.4718	101
30.4727	101
30.4735	101
30.4744	101
30.4752	101
30.4761	101
30.4769	101
30.4777	101
30.4786	101
30.4794	101
30.4803	101
30.4811	101
30.482	101
30.4828	101
30.4837	101
30.4845	101
30.4853	101
30.4862	101
30.487	101
30.4879	101
30.4887	101
30.4896	101
30.4904	101
30.4912	101
30.4921	101
30.4929	101
30.4938	101
30.4946	101
30.4955	101
30.4963	101
30.4971	101
30.498	101
30.4988	101
30.4997	101
30.5005	101
30.5014	101
30.5022	101
30.503	101
30.5039	101
30.5047	101
30.5056	101
30.5064	101
30.5073	101
30.5081	101
30.5089	101
30.5098	101
30.5106	101
30.5115	101
30.5123	101
30.5132	101
30.5141	101
30.515	101
30.5158	101
30.5167	101
30.5175	101
30.5183	101
30.5192	101
30.52	101
30.5209	101
30.5217	101
30.5226	101
30.5234	101
30.5242	101
30.5251	101
30.5259	101
30.5268	101
30.5276	101
30.5285	101
30.5293	101
30.5301	101
30.531	101
30.5318	101
30.5327	101
30.5335	101
30.5344	101
30.5352	101
30.536	101
30.5369	101
30.5377	101
30.5386	101
30.5394	101
30.5403	101
30.5411	101
30.542	101
30.5428	101
30.5436	101
30.5445	101
30.5453	101
30.5462	101
30.547	101
30.5479	101
30.5487	101
30.5495	101
30.5504	101
30.5512	101
30.5521	101
30.5529	101
30.5538	101
30.5546	101
30.5554	101
30.5563	101
30.5571	101
30.558	101
30.5588	101
30.5597	101
30.5605	101
30.5613	101
30.5622	101
30.563	101
30.5639	101
30.5647	101
30.5656	101
30.5664	101
30.5672	101
30.5681	101
30.5689	101
30.5698	101
30.5706	101
30.5715	101
30.5723	101
30.5732	101
30.574	101
30.5748	101
30.5757	101
30.5765	101
30.5774	101
30.5782	101
30.5791	101
30.5799	101
30.5807	101
30.5816	101
30.5824	101
30.5833	101
30.5841	101
30.585	101
30.5858	101
30.5866	101
30.5875	101
30.5883	101
30.5892	101
30.59	101
30.5909	101
30.5917	101
30.5925	101
30.5934	101
30.5942	101
30.5951	101
30.5959	101
30.5968	101
30.5976	101
30.5984	101
30.5993	101
30.6001	101
30.601	101
30.6018	101
30.6027	101
30.6035	101
30.6043	101
30.6052	101
30.606	101
30.6069	101
30.6077	101
30.6086	101
30.6094	101
30.6103	101
30.6111	101
30.6119	101
30.6128	101
30.6136	101
30.6145	101
30.6153	101
30.6162	101
30.617	101
30.6178	101
30.6187	101
30.6195	101
30.6204	101
30.6212	101
30.6221	101
30.6229	101
30.6237	101
30.6246	101
30.6254	101
30.6263	101
30.6271	101
30.628	101
30.6288	101
30.6296	101
30.6305	101
30.6313	101
30.6322	101
30.633	101
30.6339	101
30.6347	101
30.6355	101
30.6364	101
30.6372	101
30.6381	101
30.6389	101
30.6398	101
30.6406	101
30.6414	101
30.6423	101
30.6431	101
30.644	101
30.6448	101
30.6457	101
30.6465	101
30.6474	101
30.6482	101
30.649	101
30.6499	101
30.6507	101
30.6516	101
30.6524	101
30.6533	101
30.6541	101
30.6549	101
30.6558	101
30.6566	101
30.6575	101
30.6583	101
30.6592	101
30.66	101
30.6608	101
30.6617	101
30.6625	101
30.6634	101
30.6642	101
30.6651	101
30.6659	101
30.6667	101
30.6676	101
30.6684	101
30.6693	101
30.6701	101
30.671	101
30.6718	101
30.6726	101
30.6735	101
30.6743	101
30.6752	101
30.676	101
30.6769	101
30.6777	101
30.6786	101
30.6794	101
30.6802	101
30.6811	101
30.6819	101
30.6828	101
30.6836	101
30.6845	101
30.6853	101
30.6861	101
30.687	101
30.6878	101
30.6887	101
30.6895	101
30.6904	101
30.6912	101
30.692	101
30.6929	101
30.6937	101
30.6946	101
30.6954	101
30.6963	101
30.6971	101
30.6979	101
30.6988	101
30.6996	101
30.7005	101
30.7013	101
30.7022	101
30.703	101
30.7038	101
30.7047	101
30.7055	101
30.7064	101
30.7072	101
30.7081	101
30.7089	101
30.7097	101
30.7106	101
30.7114	101
30.7123	101
30.7131	101
30.714	101
30.7148	101
30.7157	101
30.7165	101
30.7173	101
30.7182	101
30.719	101
30.7199	101
30.7207	101
30.7216	101
30.7224	101
30.7232	101
30.7241	101
30.7249	101
30.7258	101
30.7266	101
30.7275	101
30.7283	101
30.7291	101
30.73	101
30.7308	101
30.7317	101
30.7325	101
30.7334	101
30.7342	101
30.735	101
30.7359	101
30.7367	101
30.7376	101
30.7384	101
30.7393	101
30.7401	101
30.7409	101
30.7418	101
30.7426	101
30.7435	101
30.7443	101
30.7452	101
30.746	102
30.7468	102
30.7477	102
30.7485	102
30.7494	102
30.7502	102
30.7511	102
30.7519	102
30.7528	102
30.7536	102
30.7544	102
30.7553	102
30.7561	102
30.757	102
30.7578	102
30.7587	102
30.7595	102
30.7603	102
30.7612	102
30.762	102
30.7629	102
30.7637	102
30.7646	102
30.7654	102
30.7662	102
30.7671	102
30.7679	102
30.7688	102
30.7696	102
30.7705	102
30.7713	102
30.7721	102
30.773	102
30.7738	102
30.7747	102
30.7755	102
30.7764	102
30.7772	102
30.778	102
30.7789	102
30.7797	102
30.7806	102
30.7814	102
30.7823	102
30.7831	102
30.784	102
30.7848	102
30.7856	102
30.7865	102
30.7873	102
30.7882	102
30.789	102
30.7899	102
30.7907	102
30.7915	102
30.7924	102
30.7932	102
30.7941	102
30.7949	102
30.7958	102
30.7966	102
30.7974	102
30.7983	102
30.7991	102
30.8	102
30.8008	102
30.8017	102
30.8025	102
30.8033	102
30.8042	102
30.805	102
30.8059	102
30.8067	102
30.8076	102
30.8084	102
30.8092	102
30.8101	102
30.8109	102
30.8118	102
30.8126	102
30.8135	102
30.8143	102
30.8151	102
30.816	102
30.8168	102
30.8177	102
30.8185	102
30.8194	102
30.8202	102
30.8211	102
30.8219	102
30.8227	102
30.8236	102
30.8244	102
30.8253	102
30.8261	102
30.827	102
30.8278	102
30.8286	102
30.8295	102
30.8303	102
30.8312	102
30.832	102
30.8329	102
30.8337	102
30.8345	102
30.8354	102
30.8362	102
30.8371	102
30.8379	102
30.8388	102
30.8396	102
30.8404	102
30.8413	102
30.8421	102
30.843	102
30.8438	102
30.8447	102
30.8455	102
30.8463	102
30.8472	102
30.848	102
30.8489	102
30.8497	102
30.8506	102
30.8514	102
30.8522	102
30.8531	102
30.8539	102
30.8548	102
30.8556	102
30.8565	102
30.8573	102
30.8582	102
30.859	102
30.8598	102
30.8607	102
30.8615	102
30.8624	102
30.8632	102
30.8641	102
30.8649	102
30.8657	102
30.8666	102
30.8674	102
30.8683	102
30.8691	102
30.87	102
30.8708	102
30.8716	102
30.8725	102
30.8733	102
30.8742	102
30.875	102
30.8759	102
30.8767	102
30.8775	102
30.8784	102
30.8792	102
30.8801	102
30.8809	102
30.8818	102
30.8826	102
30.8834	102
30.8843	102
30.8851	102
30.886	102
30.8868	102
30.8877	102
30.8885	102
30.8894	102
30.8902	102
30.891	102
30.8919	102
30.8927	102
30.8936	102
30.8944	102
30.8953	102
30.8961	102
30.8969	102
30.8978	102
30.8986	102
30.8995	102
30.9003	102
30.9012	102
30.902	102
30.9028	102
30.9037	102
30.9045	102
30.9054	102
30.9062	102
30.9071	102
30.9079	102
30.9087	102
30.9096	102
30.9104	102
30.9113	102
30.9121	102
30.913	102
30.9138	102
30.9146	102
30.9155	102
30.9163	102
30.9172	102
30.918	102
30.9189	102
30.9197	102
30.9205	102
30.9214	102
30.9222	102
30.9231	102
30.9239	102
30.9248	102
30.9256	102
30.9265	102
30.9273	102
30.9281	102
30.929	102
30.9298	102
30.9307	102
30.9315	102
30.9324	102
30.9332	102
30.934	102
30.9349	102
30.9357	102
30.9366	102
30.9374	102
30.9383	102
30.9391	102
30.9399	102
30.9408	102
30.9416	102
30.9425	102
30.9433	102
30.9442	102
30.945	102
30.9458	102
30.9467	102
30.9475	102
30.9484	102
30.9492	102
30.9501	102
30.9509	102
30.9517	102
30.9526	102
30.9534	102
30.9543	102
30.9551	102
30.956	102
30.9568	102
30.9576	102
30.9585	102
30.9593	102
30.9602	102
30.961	102
30.9619	102
30.9627	102
30.9636	102
30.9644	102
30.9652	102
30.9661	102
30.9669	102
30.9678	102
30.9686	102
30.9695	102
30.9703	102
30.9711	102
30.972	102
30.9728	102
30.9737	102
30.9745	102
30.9754	102
30.9762	102
30.977	102
30.9779	102
30.9787	102
30.9796	102
30.9804	102
30.9813	102
30.9821	102
30.9829	102
30.9838	102
30.9846	102
30.9855	102
30.9863	102
30.9872	102
30.988	102
30.9888	102
30.9897	102
30.9905	102
30.9914	102
30.9922	102
30.9931	102
30.9939	102
30.9948	102
30.9956	102
30.9964	102
30.9973	102
30.9981	102
30.999	102
30.9998	102
31.0007	102
31.0015	102
31.0023	102
31.0032	102
31.004	102
31.0049	102
31.0057	102
31.0066	102
31.0074	102
31.0082	102
31.0091	102
31.0099	102
31.0108	102
31.0116	102
31.0125	102
31.0133	102
31.0141	102
31.015	102
31.0158	102
31.0167	102
31.0175	102
31.0184	102
31.0192	102
31.02	102
31.0209	102
31.0217	102
31.0226	102
31.0234	102
31.0243	102
31.0251	102
31.0259	102
31.0268	102
31.0276	102
31.0285	102
31.0293	102
31.0302	102
31.031	102
31.0319	102
31.0327	102
31.0335	102
31.0344	102
31.0352	102
31.0361	102
31.0369	102
31.0378	102
31.0386	102
31.0394	102
31.0403	102
31.0411	102
31.042	102
31.0428	102
31.0437	102
31.0445	102
31.0453	102
31.0462	102
31.047	102
31.0479	102
31.0487	102
31.0496	102
31.0504	102
31.0512	102
31.0521	102
31.0529	102
31.0538	102
31.0546	102
31.0555	102
31.0563	102
31.0571	102
31.058	102
31.0588	102
31.0597	102
31.0605	102
31.0614	102
31.0622	102
31.063	102
31.0639	102
31.0647	102
31.0656	102
31.0664	102
31.0673	102
31.0681	102
31.069	102
31.0698	102
31.0706	102
31.0715	102
31.0723	102
31.0732	102
31.074	102
31.0749	102
31.0757	102
31.0765	102
31.0774	102
31.0782	102
31.0791	102
31.0799	102
31.0808	102
31.0816	102
31.0824	102
31.0833	102
31.0841	102
31.085	102
31.0858	102
31.0867	102
31.0875	102
31.0883	102
31.0892	102
31.09	102
31.0909	102
31.0917	102
31.0926	102
31.0934	102
31.0942	102
31.0951	102
31.0959	102
31.0968	102
31.0976	102
31.0985	102
31.0993	102
31.1002	102
31.101	102
31.1018	102
31.1027	102
31.1035	102
31.1044	102
31.1052	102
31.1061	102
31.1069	102
31.1077	102
31.1086	102
31.1094	102
31.1103	102
31.1111	102
31.112	102
31.1128	102
31.1136	102
31.1145	102
31.1153	102
31.1162	102
31.117	102
31.1179	102
31.1187	102
31.1195	102
31.1204	102
31.1212	102
31.1221	102
31.1229	102
31.1238	102
31.1246	102
31.1254	102
31.1263	102
31.1271	102
31.128	102
31.1288	102
31.1297	102
31.1305	102
31.1313	102
31.1322	102
31.133	102
31.1339	102
31.1347	102
31.1356	102
31.1364	102
31.1373	102
31.1381	102
31.1389	102
31.1398	102
31.1406	102
31.1415	102
31.1423	102
31.1432	102
31.144	102
31.1448	102
31.1457	102
31.1465	102
31.1474	102
31.1482	102
31.1491	102
31.1499	102
31.1507	102
31.1516	102
31.1524	102
31.1533	102
31.1541	102
31.155	102
31.1558	102
31.1566	102
31.1575	102
31.1583	102
31.1592	102
31.16	102
31.1609	102
31.1617	102
31.1625	102
31.1634	102
31.1642	102
31.1651	102
31.1659	102
31.1668	102
31.1676	102
31.1684	102
31.1693	102
31.1701	102
31.171	102
31.1718	102
31.1727	102
31.1735	102
31.1744	102
31.1752	102
31.176	102
31.1769	102
31.1777	102
31.1786	102
31.1794	102
31.1803	102
31.1811	102
31.1819	102
31.1828	102
31.1836	102
31.1845	102
31.1853	102
31.1862	102
31.187	102
31.1878	102
31.1887	102
31.1895	102
31.1904	102
31.1912	102
31.1921	102
31.1929	102
31.1937	102
31.1946	102
31.1954	102
31.1963	102
31.1971	102
31.198	102
31.1988	102
31.1996	102
31.2005	102
31.2013	102
31.2022	102
31.203	102
31.2039	102
31.2047	102
31.2056	102
31.2064	102
31.2072	102
31.2081	102
31.2089	102
31.2098	102
31.2106	102
31.2115	102
31.2123	102
31.2131	102
31.214	102
31.2148	102
31.2157	102
31.2165	102
31.2174	102
31.2182	102
31.219	102
31.2199	102
31.2207	102
31.2216	101
31.2224	101
31.2233	101
31.2241	101
31.2249	101
31.2258	101
31.2266	101
31.2275	101
31.2283	101
31.2292	101
31.23	101
31.2308	101
31.2317	101
31.2325	101
31.2334	101
31.2342	101
31.2351	101
31.2359	101
31.2367	101
31.2376	101
31.2384	101
31.2393	101
31.2401	101
31.241	101
31.2418	101
31.2427	101
31.2435	101
31.2443	101
31.2452	101
31.246	101
31.2469	101
31.2477	101
31.2486	101
31.2494	101
31.2502	101
31.2511	101
31.2519	101
31.2528	101
31.2536	101
31.2545	101
31.2553	101
31.2561	101
31.257	101
31.2578	101
31.2587	101
31.2595	101
31.2604	101
31.2612	101
31.262	101
31.2629	101
31.2637	101
31.2646	101
31.2654	101
31.2663	101
31.2671	101
31.2679	101
31.2688	101
31.2696	101
31.2705	101
31.2713	101
31.2722	101
31.273	101
31.2738	101
31.2747	101
31.2755	101
31.2764	101
31.2772	101
31.2781	101
31.2789	101
31.2798	101
31.2806	101
31.2814	101
31.2823	101
31.2831	101
31.284	101
31.2848	101
31.2857	101
31.2865	101
31.2873	101
31.2882	101
31.289	101
31.2899	101
31.2907	101
31.2916	101
31.2924	101
31.2932	101
31.2941	101
31.2949	101
31.2958	101
31.2966	101
31.2975	101
31.2983	101
31.2991	101
31.3	101
31.3008	101
31.3017	101
31.3025	101
31.3034	101
31.3042	101
31.305	101
31.3059	101
31.3067	101
31.3076	101
31.3084	101
31.3093	101
31.3101	101
31.311	101
31.3118	101
31.3126	101
31.3135	101
31.3143	101
31.3152	101
31.316	101
31.3169	101
31.3177	101
31.3185	101
31.3194	101
31.3202	101
31.3211	101
31.322	101
31.3229	101
31.3237	101
31.3246	101
31.3254	101
31.3262	101
31.3271	101
31.3279	101
31.3288	101
31.3296	101
31.3305	101
31.3313	101
31.3322	101
31.333	101
31.3338	101
31.3347	101
31.3355	101
31.3364	101
31.3372	101
31.3381	101
31.3389	101
31.3397	101
31.3406	101
31.3414	101
31.3423	101
31.3431	101
31.344	101
31.3448	101
31.3456	101
31.3465	101
31.3473	101
31.3482	101
31.349	101
31.3499	101
31.3507	101
31.3515	101
31.3524	101
31.3532	101
31.3541	101
31.3549	101
31.3558	101
31.3566	101
31.3574	101
31.3583	101
31.3591	101
31.36	101
31.3608	101
31.3617	101
31.3625	101
31.3633	101
31.3642	101
31.365	101
31.3659	101
31.3667	101
31.3676	101
31.3684	101
31.3693	101
31.3701	101
31.3709	101
31.3718	101
31.3726	101
31.3735	101
31.3743	101
31.3752	101
31.376	101
31.3768	101
31.3777	101
31.3785	101
31.3794	101
31.3802	101
31.3811	101
31.3819	101
31.3827	101
31.3836	101
31.3844	101
31.3853	101
31.3861	101
31.387	101
31.3878	101
31.3886	101
31.3895	101
31.3903	101
31.3912	101
31.392	101
31.3929	101
31.3937	101
31.3945	101
31.3954	101
31.3962	101
31.3971	101
31.3979	101
31.3988	101
31.3996	101
31.4004	101
31.4013	101
31.4021	101
31.403	101
31.4038	101
31.4047	101
31.4055	101
31.4064	101
31.4072	101
31.408	101
31.4089	101
31.4097	101
31.4106	101
31.4114	101
31.4123	101
31.4131	101
31.4139	101
31.4148	101
31.4156	101
31.4165	101
31.4173	101
31.4182	101
31.419	101
31.4198	101
31.4207	101
31.4215	101
31.4224	101
31.4232	101
31.4241	101
31.4249	101
31.4257	101
31.4266	101
31.4274	101
31.4283	101
31.4291	101
31.43	101
31.4308	101
31.4316	101
31.4325	101
31.4333	101
31.4342	101
31.435	101
31.4359	101
31.4367	101
31.4376	101
31.4384	101
31.4392	101
31.4401	101
31.4409	101
31.4418	101
31.4426	101
31.4435	101
31.4443	101
31.4451	101
31.446	101
31.4468	101
31.4477	101
31.4485	101
31.4494	101
31.4502	101
31.451	101
31.4519	101
31.4527	101
31.4536	101
31.4544	101
31.4553	101
31.4561	101
31.4569	101
31.4578	101
31.4586	101
31.4595	101
31.4603	101
31.4612	101
31.462	101
31.4628	101
31.4637	101
31.4645	101
31.4654	101
31.4662	101
31.4671	101
31.4679	101
31.4687	101
31.4696	101
31.4704	101
31.4713	101
31.4721	101
31.473	101
31.4738	101
31.4747	101
31.4755	101
31.4763	101
31.4772	101
31.478	101
31.4789	101
31.4797	101
31.4806	101
31.4814	101
31.4822	101
31.4831	101
31.4839	101
31.4848	101
31.4856	101
31.4865	101
31.4873	101
31.4881	101
31.489	101
31.4898	101
31.4907	101
31.4915	101
31.4924	101
31.4932	101
31.494	101
31.4949	101
31.4957	101
31.4966	101
31.4974	101
31.4983	101
31.4991	101
31.4999	101
31.5008	101
31.5016	101
31.5025	101
31.5033	101
31.5042	101
31.505	101
31.5058	101
31.5067	101
31.5075	101
31.5084	101
31.5092	101
31.5101	101
31.5109	101
31.5118	101
31.5126	101
31.5134	101
31.5143	101
31.5151	101
31.516	101
31.5168	101
31.5177	101
31.5185	101
31.5193	101
31.5202	101
31.521	101
31.5219	101
31.5227	101
31.5236	101
31.5244	101
31.5252	101
31.5261	101
31.5269	101
31.5278	101
31.5286	101
31.5295	101
31.5303	101
31.5311	101
31.532	101
31.5328	101
31.5337	101
31.5345	101
31.5354	101
31.5362	101
31.537	101
31.5379	101
31.5387	101
31.5396	101
31.5404	101
31.5413	101
31.5421	101
31.543	101
31.5438	101
31.5446	101
31.5455	101
31.5463	101
31.5472	101
31.548	102
31.5489	102
31.5497	102
31.5505	102
31.5514	102
31.5522	102
31.5531	102
31.5539	102
31.5548	102
31.5556	102
31.5564	102
31.5573	102
31.5581	102
31.559	102
31.5598	102
31.5607	102
31.5615	102
31.5623	102
31.5632	102
31.564	102
31.5649	102
31.5657	102
31.5666	102
31.5674	102
31.5682	102
31.5691	102
31.5699	102
31.5708	102
31.5716	102
31.5725	102
31.5733	102
31.5741	102
31.575	102
31.5758	102
31.5767	102
31.5775	102
31.5784	102
31.5792	102
31.5801	102
31.5809	102
31.5817	102
31.5826	102
31.5834	102
31.5843	102
31.5851	102
31.586	102
31.5868	102
31.5876	102
31.5885	102
31.5893	102
31.5902	102
31.591	102
31.5919	102
31.5927	102
31.5935	102
31.5944	102
31.5952	102
31.5961	102
31.5969	102
31.5978	102
31.5986	102
31.5994	102
31.6003	102
31.6011	102
31.602	102
31.6028	102
31.6037	102
31.6045	102
31.6053	102
31.6062	102
31.607	102
31.6079	102
31.6087	102
31.6096	102
31.6104	102
31.6112	102
31.6121	102
31.6129	102
31.6138	102
31.6146	102
31.6155	102
31.6163	102
31.6172	102
31.618	102
31.6188	102
31.6197	102
31.6205	102
31.6214	102
31.6222	102
31.6231	102
31.6239	102
31.6247	102
31.6256	102
31.6264	102
31.6273	102
31.6281	102
31.629	102
31.6298	102
31.6306	102
31.6315	102
31.6323	102
31.6332	102
31.634	102
31.6349	102
31.6357	102
31.6365	102
31.6374	102
31.6382	102
31.6391	102
31.6399	102
31.6408	102
31.6416	102
31.6424	102
31.6433	102
31.6441	102
31.645	102
31.6458	102
31.6467	102
31.6475	102
31.6484	102
31.6492	102
31.65	102
31.6509	102
31.6517	102
31.6526	102
31.6534	102
31.6543	102
31.6551	102
31.6559	102
31.6568	102
31.6576	102
31.6585	102
31.6593	102
31.6602	102
31.661	102
31.6618	102
31.6627	102
31.6635	102
31.6644	102
31.6652	102
31.6661	102
31.6669	102
31.6677	102
31.6686	102
31.6694	102
31.6703	102
31.6711	102
31.672	102
31.6728	102
31.6736	102
31.6745	102
31.6753	102
31.6762	102
31.677	102
31.6779	102
31.6787	102
31.6795	102
31.6804	102
31.6812	102
31.6821	102
31.6829	102
31.6838	102
31.6846	102
31.6855	102
31.6863	102
31.6871	102
31.688	102
31.6888	102
31.6897	102
31.6905	102
31.6914	102
31.6922	102
31.693	102
31.6939	102
31.6947	102
31.6956	102
31.6964	102
31.6973	102
31.6981	102
31.6989	102
31.6998	102
31.7006	102
31.7015	102
31.7023	102
31.7032	102
31.704	102
31.7048	102
31.7057	102
31.7065	102
31.7074	102
31.7082	102
31.7091	102
31.7099	102
31.7107	102
31.7116	102
31.7124	102
31.7133	102
31.7141	102
31.715	102
31.7158	102
31.7166	102
31.7175	102
31.7183	102
31.7192	102
31.72	102
31.7209	102
31.7217	102
31.7226	102
31.7234	102
31.7242	102
31.7251	102
31.7259	102
31.7268	102
31.7276	102
31.7285	102
31.7293	102
31.7301	102
31.731	102
31.7318	102
31.7327	102
31.7335	102
31.7344	102
31.7352	102
31.736	102
31.7369	102
31.7377	102
31.7386	102
31.7394	102
31.7403	102
31.7411	102
31.7419	102
31.7428	102
31.7436	102
31.7445	102
31.7453	102
31.7462	102
31.747	102
31.7478	102
31.7487	102
31.7495	102
31.7504	102
31.7512	102
31.7521	102
31.7529	102
31.7538	102
31.7546	102
31.7554	102
31.7563	102
31.7571	102
31.758	102
31.7588	102
31.7597	102
31.7605	102
31.7613	102
31.7622	102
31.763	102
31.7639	102
31.7647	102
31.7656	102
31.7664	102
31.7672	102
31.7681	102
31.7689	102
31.7698	102
31.7706	102
31.7715	102
31.7723	102
31.7731	102
31.774	102
31.7748	102
31.7757	102
31.7765	102
31.7774	102
31.7782	102
31.779	102
31.7799	102
31.7807	102
31.7816	102
31.7824	102
31.7833	102
31.7841	102
31.7849	102
31.7858	102
31.7866	102
31.7875	102
31.7883	102
31.7892	102
31.79	102
31.7909	102
31.7917	102
31.7925	102
31.7934	102
31.7942	102
31.7951	102
31.7959	102
31.7968	102
31.7976	102
31.7984	102
31.7993	102
31.8001	102
31.801	102
31.8018	102
31.8027	102
31.8035	102
31.8043	102
31.8052	102
31.806	102
31.8069	102
31.8077	102
31.8086	102
31.8094	102
31.8102	102
31.8111	102
31.8119	102
31.8128	102
31.8136	102
31.8145	102
31.8153	102
31.8161	102
31.817	102
31.8178	102
31.8187	102
31.8195	102
31.8204	102
31.8212	102
31.822	102
31.8229	102
31.8237	102
31.8246	102
31.8254	102
31.8263	102
31.8271	102
31.828	102
31.8288	102
31.8296	102
31.8305	102
31.8313	102
31.8322	102
31.833	102
31.8339	102
31.8347	102
31.8355	102
31.8364	102
31.8372	102
31.8381	102
31.8389	102
31.8398	102
31.8406	102
31.8414	102
31.8423	102
31.8431	102
31.844	102
31.8448	102
31.8457	102
31.8465	102
31.8473	102
31.8482	102
31.849	102
31.8499	102
31.8507	102
31.8516	102
31.8524	102
31.8532	102
31.8541	102
31.8549	102
31.8558	102
31.8566	102
31.8575	102
31.8583	102
31.8592	102
31.86	102
31.8608	102
31.8617	102
31.8625	102
31.8634	102
31.8642	102
31.8651	102
31.8659	102
31.8667	102
31.8676	102
31.8684	102
31.8693	102
31.8701	102
31.871	102
31.8718	102
31.8726	102
31.8735	102
31.8743	102
31.8752	102
31.876	102
31.8769	102
31.8777	102
31.8785	102
31.8794	102
31.8802	102
31.8811	102
31.8819	102
31.8828	102
31.8836	102
31.8844	102
31.8853	102
31.8861	102
31.887	102
31.8878	102
31.8887	102
31.8895	102
31.8903	102
31.8912	102
31.892	102
31.8929	102
31.8937	102
31.8946	102
31.8954	102
31.8963	102
31.8971	102
31.8979	102
31.8988	102
31.8996	102
31.9005	102
31.9013	102
31.9022	102
31.903	102
31.9038	102
31.9047	102
31.9055	102
31.9064	102
31.9072	102
31.9081	102
31.9089	102
31.9097	102
31.9106	102
31.9114	102
31.9123	102
31.9131	102
31.914	102
31.9148	102
31.9156	102
31.9165	102
31.9173	102
31.9182	102
31.919	102
31.9199	102
31.9207	102
31.9215	102
31.9224	102
31.9232	102
31.9241	102
31.9249	102
31.9258	102
31.9266	102
31.9274	102
31.9283	102
31.9291	102
31.93	102
31.9308	102
31.9317	102
31.9325	102
31.9334	102
31.9342	102
31.935	102
31.9359	102
31.9367	102
31.9376	102
31.9384	102
31.9393	102
31.9401	102
31.9409	102
31.9418	102
31.9426	102
31.9435	102
31.9443	102
31.9452	102
31.946	102
31.9468	102
31.9477	102
31.9485	102
31.9494	102
31.9502	102
31.9511	102
31.9519	102
31.9527	102
31.9536	102
31.9544	102
31.9553	102
31.9561	102
31.957	102
31.9578	102
31.9586	102
31.9595	102
31.9603	102
31.9612	102
31.962	102
31.9629	102
31.9637	102
31.9646	102
31.9654	102
31.9662	102
31.9671	102
31.9679	102
31.9688	102
31.9696	102
31.9705	102
31.9713	102
31.9721	102
31.973	102
31.9738	102
31.9747	102
31.9755	102
31.9764	102
31.9772	102
31.978	102
31.9789	102
31.9797	102
31.9806	102
31.9814	102
31.9823	102
31.9831	102
31.9839	102
31.9848	102
31.9856	102
31.9865	102
31.9873	102
31.9882	102
31.989	102
31.9898	102
31.9907	102
31.9915	102
31.9924	102
31.9932	102
31.9941	102
31.9949	102
31.9957	102
31.9966	102
31.9974	102
31.9983	102
31.9991	102
32	102
32.0008	102
32.0017	102
32.0025	102
32.0033	102
32.0042	102
32.005	102
32.0059	102
32.0067	102
32.0076	102
32.0084	102
32.0092	102
32.0101	102
32.0109	102
32.0118	102
32.0126	102
32.0135	102
32.0143	102
32.0151	102
32.016	102
32.0168	102
32.0177	102
32.0185	102
32.0194	102
32.0202	102
32.021	102
32.0219	102
32.0227	102
32.0236	102
32.0244	102
32.0253	102
32.0261	102
32.0269	102
32.0278	102
32.0286	102
32.0295	101
32.0303	101
32.0312	101
32.032	101
32.0328	101
32.0337	101
32.0345	101
32.0354	101
32.0362	101
32.0371	101
32.0379	101
32.0388	101
32.0396	101
32.0404	101
32.0413	101
32.0421	101
32.043	101
32.0438	101
32.0447	101
32.0455	101
32.0463	101
32.0472	101
32.048	101
32.0489	101
32.0497	101
32.0506	101
32.0514	101
32.0522	101
32.0531	101
32.0539	101
32.0548	101
32.0556	101
32.0565	101
32.0573	101
32.0581	101
32.059	101
32.0598	101
32.0607	101
32.0615	101
32.0624	101
32.0632	101
32.064	101
32.0649	101
32.0657	101
32.0666	101
32.0674	101
32.0683	101
32.0691	101
32.07	101
32.0708	101
32.0716	101
32.0725	101
32.0733	101
32.0742	101
32.075	101
32.0759	101
32.0767	101
32.0775	101
32.0784	101
32.0792	101
32.0801	101
32.0809	101
32.0818	101
32.0826	101
32.0834	101
32.0843	101
32.0851	101
32.086	101
32.0868	101
32.0877	101
32.0885	101
32.0893	101
32.0902	101
32.091	101
32.0919	101
32.0927	101
32.0936	101
32.0944	101
32.0952	101
32.0961	101
32.0969	101
32.0978	101
32.0986	101
32.0995	101
32.1003	101
32.1011	101
32.102	101
32.1028	101
32.1037	101
32.1045	101
32.1054	101
32.1062	101
32.1071	101
32.1079	101
32.1087	101
32.1096	101
32.1104	101
32.1113	101
32.1121	101
32.113	101
32.1138	101
32.1146	101
32.1155	101
32.1163	101
32.1172	101
32.118	101
32.1189	101
32.1197	101
32.1205	101
32.1214	101
32.1222	101
32.1231	101
32.1239	101
32.1248	101
32.1256	101
32.1264	101
32.1273	101
32.1281	101
32.129	101
32.1299	101
32.1308	101
32.1316	101
32.1325	101
32.1333	101
32.1342	101
32.135	101
32.1358	101
32.1367	101
32.1375	101
32.1384	101
32.1392	101
32.1401	101
32.1409	101
32.1417	101
32.1426	101
32.1434	101
32.1443	101
32.1451	101
32.146	101
32.1468	101
32.1476	101
32.1485	101
32.1493	101
32.1502	101
32.151	101
32.1519	101
32.1527	101
32.1535	101
32.1544	101
32.1552	101
32.1561	101
32.1569	101
32.1578	101
32.1586	101
32.1595	101
32.1603	101
32.1611	101
32.162	101
32.1628	101
32.1637	101
32.1645	101
32.1654	101
32.1662	101
32.167	101
32.1679	101
32.1687	101
32.1696	101
32.1704	101
32.1713	101
32.1721	101
32.1729	101
32.1738	101
32.1746	101
32.1755	101
32.1763	101
32.1772	101
32.178	101
32.1788	101
32.1797	101
32.1805	101
32.1814	101
32.1822	101
32.1831	101
32.1839	101
32.1847	101
32.1856	101
32.1864	101
32.1873	101
32.1881	101
32.189	101
32.1898	101
32.1906	101
32.1915	101
32.1923	101
32.1932	101
32.194	101
32.1949	101
32.1957	101
32.1966	101
32.1974	101
32.1982	101
32.1991	101
32.1999	101
32.2008	101
32.2016	101
32.2025	101
32.2033	101
32.2041	101
32.205	101
32.2058	101
32.2067	101
32.2075	101
32.2084	101
32.2092	101
32.21	101
32.2109	101
32.2117	101
32.2126	101
32.2134	101
32.2143	101
32.2151	101
32.2159	101
32.2168	101
32.2176	101
32.2185	101
32.2193	101
32.2202	101
32.221	101
32.2218	101
32.2227	101
32.2235	101
32.2244	101
32.2252	101
32.2261	101
32.2269	101
32.2277	101
32.2286	101
32.2294	101
32.2303	101
32.2311	101
32.232	101
32.2328	101
32.2337	101
32.2345	101
32.2353	101
32.2362	101
32.237	101
32.2379	101
32.2387	101
32.2396	101
32.2404	101
32.2412	101
32.2421	101
32.2429	101
32.2438	101
32.2446	101
32.2455	101
32.2463	101
32.2471	101
32.248	101
32.2488	101
32.2497	101
32.2505	101
32.2514	101
32.2522	101
32.253	101
32.2539	101
32.2547	101
32.2556	101
32.2564	101
32.2573	101
32.2581	101
32.2589	101
32.2598	101
32.2606	101
32.2615	101
32.2623	101
32.2632	101
32.264	101
32.2649	101
32.2657	101
32.2665	101
32.2674	101
32.2682	101
32.2691	101
32.2699	101
32.2708	101
32.2716	101
32.2724	101
32.2733	101
32.2741	101
32.275	101
32.2758	101
32.2767	101
32.2775	101
32.2783	101
32.2792	101
32.28	101
32.2809	101
32.2817	101
32.2826	101
32.2834	101
32.2842	101
32.2851	101
32.2859	101
32.2868	101
32.2876	101
32.2885	101
32.2893	101
32.2901	101
32.291	101
32.2918	101
32.2927	101
32.2935	101
32.2944	101
32.2952	101
32.296	101
32.2969	101
32.2977	101
32.2986	101
32.2994	101
32.3003	101
32.3011	101
32.302	101
32.3028	101
32.3036	101
32.3045	101
32.3053	101
32.3062	101
32.307	101
32.3079	101
32.3087	101
32.3095	101
32.3104	101
32.3112	101
32.3121	101
32.3129	101
32.3138	101
32.3146	101
32.3154	101
32.3163	101
32.3171	101
32.318	101
32.3188	101
32.3197	101
32.3205	101
32.3213	101
32.3222	101
32.323	101
32.3239	101
32.3247	101
32.3256	101
32.3264	101
32.3272	101
32.3281	101
32.3289	101
32.3298	101
32.3306	101
32.3315	101
32.3323	101
32.3331	101
32.334	101
32.3348	101
32.3357	101
32.3365	101
32.3374	101
32.3382	101
32.3391	101
32.3399	101
32.3407	101
32.3416	101
32.3424	101
32.3433	101
32.3441	101
32.345	101
32.3458	101
32.3466	101
32.3475	101
32.3483	101
32.3492	101
32.35	102
32.3509	102
32.3517	102
32.3525	102
32.3534	102
32.3542	102
32.3551	102
32.3559	102
32.3568	102
32.3576	102
32.3584	102
32.3593	102
32.3601	102
32.361	102
32.3618	102
32.3627	102
32.3635	102
32.3643	102
32.3652	102
32.366	102
32.3669	102
32.3677	102
32.3686	102
32.3694	102
32.3703	102
32.3711	102
32.3719	102
32.3728	102
32.3736	102
32.3745	102
32.3753	102
32.3762	102
32.377	102
32.3778	102
32.3787	102
32.3795	102
32.3804	102
32.3812	102
32.3821	102
32.3829	102
32.3837	102
32.3846	102
32.3854	102
32.3863	102
32.3871	102
32.388	102
32.3888	102
32.3896	102
32.3905	102
32.3913	102
32.3922	102
32.393	102
32.3939	102
32.3947	102
32.3955	102
32.3964	102
32.3972	102
32.3981	102
32.3989	102
32.3998	102
32.4006	102
32.4014	102
32.4023	102
32.4031	102
32.404	102
32.4048	102
32.4057	102
32.4065	102
32.4074	102
32.4082	102
32.409	102
32.4099	102
32.4107	102
32.4116	102
32.4124	102
32.4133	102
32.4141	102
32.4149	102
32.4158	102
32.4166	102
32.4175	102
32.4183	102
32.4192	102
32.42	102
32.4208	102
32.4217	102
32.4225	102
32.4234	102
32.4242	102
32.4251	102
32.4259	102
32.4267	102
32.4276	102
32.4284	102
32.4293	102
32.4301	102
32.431	102
32.4318	102
32.4326	102
32.4335	102
32.4343	102
32.4352	102
32.436	102
32.4369	102
32.4377	102
32.4385	102
32.4394	102
32.4402	102
32.4411	102
32.4419	102
32.4428	102
32.4436	102
32.4445	102
32.4453	102
32.4461	102
32.447	102
32.4478	102
32.4487	102
32.4495	102
32.4504	102
32.4512	102
32.452	102
32.4529	102
32.4537	102
32.4546	102
32.4554	102
32.4563	102
32.4571	102
32.4579	102
32.4588	102
32.4596	102
32.4605	102
32.4613	102
32.4622	102
32.463	102
32.4638	102
32.4647	102
32.4655	102
32.4664	102
32.4672	102
32.4681	102
32.4689	102
32.4697	102
32.4706	102
32.4714	102
32.4723	102
32.4731	102
32.474	102
32.4748	102
32.4757	102
32.4765	102
32.4773	102
32.4782	102
32.479	102
32.4799	102
32.4807	102
32.4816	102
32.4824	102
32.4832	102
32.4841	102
32.4849	102
32.4858	102
32.4866	102
32.4875	102
32.4883	102
32.4891	102
32.49	102
32.4908	102
32.4917	102
32.4925	102
32.4934	102
32.4942	102
32.495	102
32.4959	102
32.4967	102
32.4976	102
32.4984	102
32.4993	102
32.5001	102
32.5009	102
32.5018	102
32.5026	102
32.5035	102
32.5043	102
32.5052	102
32.506	102
32.5068	102
32.5077	102
32.5085	102
32.5094	102
32.5102	102
32.5111	102
32.5119	102
32.5128	102
32.5136	102
32.5144	102
32.5153	102
32.5161	102
32.517	102
32.5178	102
32.5187	102
32.5195	102
32.5203	102
32.5212	102
32.522	102
32.5229	102
32.5237	102
32.5246	102
32.5254	102
32.5262	102
32.5271	102
32.5279	102
32.5288	102
32.5296	102
32.5305	102
32.5313	102
32.5321	102
32.533	102
32.5338	102
32.5347	102
32.5355	102
32.5364	102
32.5372	102
32.538	102
32.5389	102
32.5397	102
32.5406	102
32.5414	102
32.5423	102
32.5431	102
32.5439	102
32.5448	102
32.5456	102
32.5465	102
32.5473	102
32.5482	102
32.549	102
32.5499	102
32.5507	102
32.5515	102
32.5524	102
32.5532	102
32.5541	102
32.5549	102
32.5558	102
32.5566	102
32.5574	102
32.5583	102
32.5591	102
32.56	102
32.5608	102
32.5617	102
32.5625	102
32.5633	102
32.5642	102
32.565	102
32.5659	102
32.5667	102
32.5676	102
32.5684	102
32.5692	102
32.5701	102
32.5709	102
32.5718	102
32.5726	102
32.5735	102
32.5743	102
32.5751	102
32.576	102
32.5768	102
32.5777	102
32.5785	102
32.5794	102
32.5802	102
32.5811	102
32.5819	102
32.5827	102
32.5836	102
32.5844	102
32.5853	102
32.5861	102
32.587	102
32.5878	102
32.5886	102
32.5895	102
32.5903	102
32.5912	102
32.592	102
32.5929	102
32.5937	102
32.5945	102
32.5954	102
32.5962	102
32.5971	102
32.5979	102
32.5988	102
32.5996	102
32.6004	102
32.6013	102
32.6021	102
32.603	102
32.6038	102
32.6047	102
32.6055	102
32.6063	102
32.6072	102
32.608	102
32.6089	102
32.6097	102
32.6106	102
32.6114	102
32.6122	102
32.6131	102
32.6139	102
32.6148	102
32.6156	102
32.6165	102
32.6173	102
32.6182	102
32.619	102
32.6198	102
32.6207	102
32.6215	102
32.6224	102
32.6232	102
32.6241	102
32.6249	102
32.6257	102
32.6266	102
32.6274	102
32.6283	102
32.6291	102
32.63	102
32.6308	102
32.6316	102
32.6325	102
32.6333	102
32.6342	102
32.635	102
32.6359	102
32.6367	102
32.6375	102
32.6384	102
32.6392	102
32.6401	102
32.6409	102
32.6418	102
32.6426	102
32.6434	102
32.6443	102
32.6451	102
32.646	102
32.6468	102
32.6477	102
32.6485	102
32.6493	102
32.6502	102
32.651	102
32.6519	102
32.6527	102
32.6536	102
32.6544	102
32.6553	102
32.6561	102
32.6569	102
32.6578	102
32.6586	102
32.6595	102
32.6603	102
32.6612	102
32.662	102
32.6628	102
32.6637	102
32.6645	102
32.6654	102
32.6662	102
32.6671	102
32.6679	102
32.6687	102
32.6696	102
32.6704	102
32.6713	102
32.6721	102
32.673	102
32.6738	102
32.6746	102
32.6755	102
32.6763	102
32.6772	102
32.678	102
32.6789	102
32.6797	102
32.6805	102
32.6814	102
32.6822	102
32.6831	102
32.6839	102
32.6848	102
32.6856	102
32.6865	102
32.6873	102
32.6881	102
32.689	102
32.6898	102
32.6907	102
32.6915	102
32.6924	102
32.6932	102
32.694	102
32.6949	102
32.6957	102
32.6966	102
32.6974	102
32.6983	102
32.6991	102
32.6999	102
32.7008	102
32.7016	102
32.7025	102
32.7033	102
32.7042	102
32.705	102
32.7058	102
32.7067	102
32.7075	102
32.7084	102
32.7092	102
32.7101	102
32.7109	102
32.7117	102
32.7126	102
32.7134	102
32.7143	102
32.7151	102
32.716	102
32.7168	102
32.7176	102
32.7185	102
32.7193	102
32.7202	102
32.721	102
32.7219	102
32.7227	102
32.7236	102
32.7244	102
32.7252	102
32.7261	102
32.7269	102
32.7278	102
32.7286	102
32.7295	102
32.7303	102
32.7311	102
32.732	102
32.7328	102
32.7337	102
32.7345	102
32.7354	102
32.7362	102
32.737	102
32.7379	102
32.7387	102
32.7396	102
32.7404	102
32.7413	102
32.7421	102
32.7429	102
32.7438	102
32.7446	102
32.7455	102
32.7463	102
32.7472	102
32.748	102
32.7488	102
32.7497	102
32.7505	102
32.7514	102
32.7522	102
32.7531	102
32.7539	102
32.7547	102
32.7556	102
32.7564	102
32.7573	102
32.7581	102
32.759	102
32.7598	102
32.7607	102
32.7615	102
32.7623	102
32.7632	102
32.764	102
32.7649	102
32.7657	102
32.7666	102
32.7674	102
32.7682	102
32.7691	102
32.7699	102
32.7708	102
32.7716	102
32.7725	102
32.7733	102
32.7741	102
32.775	102
32.7758	102
32.7767	102
32.7775	102
32.7784	102
32.7792	102
32.78	102
32.7809	102
32.7817	102
32.7826	102
32.7834	102
32.7843	102
32.7851	102
32.7859	102
32.7868	102
32.7876	102
32.7885	102
32.7893	102
32.7902	102
32.791	102
32.7919	102
32.7927	102
32.7935	102
32.7944	102
32.7952	102
32.7961	102
32.7969	102
32.7978	102
32.7986	102
32.7994	102
32.8003	102
32.8011	102
32.802	102
32.8028	102
32.8037	102
32.8045	102
32.8053	102
32.8062	102
32.807	102
32.8079	102
32.8087	102
32.8096	102
32.8104	102
32.8112	102
32.8121	102
32.8129	102
32.8138	102
32.8146	102
32.8155	102
32.8163	102
32.8171	102
32.818	102
32.8188	102
32.8197	102
32.8205	102
32.8214	102
32.8222	102
32.823	102
32.8239	102
32.8247	102
32.8256	102
32.8264	102
32.8273	102
32.8281	102
32.829	102
32.8298	102
32.8306	102
32.8315	102
32.8323	102
32.8332	102
32.834	102
32.8349	102
32.8357	102
32.8365	102
32.8374	101
32.8382	101
32.8391	101
32.8399	101
32.8408	101
32.8416	101
32.8424	101
32.8433	101
32.8441	101
32.845	101
32.8458	101
32.8467	101
32.8475	101
32.8483	101
32.8492	101
32.85	101
32.8509	101
32.8517	101
32.8526	101
32.8534	101
32.8542	101
32.8551	101
32.8559	101
32.8568	101
32.8576	101
32.8585	101
32.8593	101
32.8601	101
32.861	101
32.8618	101
32.8627	101
32.8635	101
32.8644	101
32.8652	101
32.8661	101
32.8669	101
32.8677	101
32.8686	101
32.8694	101
32.8703	101
32.8711	101
32.872	101
32.8728	101
32.8736	101
32.8745	101
32.8753	101
32.8762	101
32.877	101
32.8779	101
32.8787	101
32.8795	101
32.8804	101
32.8812	101
32.8821	101
32.8829	101
32.8838	101
32.8846	101
32.8854	101
32.8863	101
32.8871	101
32.888	101
32.8888	101
32.8897	101
32.8905	101
32.8913	101
32.8922	101
32.893	101
32.8939	101
32.8947	101
32.8956	101
32.8964	101
32.8973	101
32.8981	101
32.8989	101
32.8998	101
32.9006	101
32.9015	101
32.9023	101
32.9032	101
32.904	101
32.9048	101
32.9057	101
32.9065	101
32.9074	101
32.9082	101
32.9091	101
32.9099	101
32.9107	101
32.9116	101
32.9124	101
32.9133	101
32.9141	101
32.915	101
32.9158	101
32.9166	101
32.9175	101
32.9183	101
32.9192	101
32.92	101
32.9209	101
32.9217	101
32.9225	101
32.9234	101
32.9242	101
32.9251	101
32.9259	101
32.9268	101
32.9276	101
32.9284	101
32.9293	101
32.9301	101
32.931	101
32.9318	101
32.9327	101
32.9335	101
32.9344	101
32.9352	101
32.936	101
32.9369	101
32.9378	101
32.9387	101
32.9395	101
32.9404	101
32.9412	101
32.9421	101
32.9429	101
32.9437	101
32.9446	101
32.9454	101
32.9463	101
32.9471	101
32.948	101
32.9488	101
32.9496	101
32.9505	101
32.9513	101
32.9522	101
32.953	101
32.9539	101
32.9547	101
32.9556	101
32.9564	101
32.9572	101
32.9581	101
32.9589	101
32.9598	101
32.9606	101
32.9615	101
32.9623	101
32.9631	101
32.964	101
32.9648	101
32.9657	101
32.9665	101
32.9674	101
32.9682	101
32.969	101
32.9699	101
32.9707	101
32.9716	101
32.9724	101
32.9733	101
32.9741	101
32.9749	101
32.9758	101
32.9766	101
32.9775	101
32.9783	101
32.9792	101
32.98	101
32.9808	101
32.9817	101
32.9825	101
32.9834	101
32.9842	101
32.9851	101
32.9859	101
32.9867	101
32.9876	101
32.9884	101
32.9893	101
32.9901	101
32.991	101
32.9918	101
32.9927	101
32.9935	101
32.9943	101
32.9952	101
32.996	101
32.9969	101
32.9977	101
32.9986	101
32.9994	101
33.0002	101
33.0011	101
33.0019	101
33.0028	101
33.0036	101
33.0045	101
33.0053	101
33.0061	101
33.007	101
33.0078	101
33.0087	101
33.0095	101
33.0104	101
33.0112	101
33.012	101
33.0129	101
33.0137	101
33.0146	101
33.0154	101
33.0163	101
33.0171	101
33.0179	101
33.0188	101
33.0196	101
33.0205	101
33.0213	101
33.0222	101
33.023	101
33.0239	101
33.0247	101
33.0255	101
33.0264	101
33.0272	101
33.0281	101
33.0289	101
33.0298	101
33.0306	101
33.0314	101
33.0323	101
33.0331	101
33.034	101
33.0348	101
33.0357	101
33.0365	101
33.0373	101
33.0382	101
33.039	101
33.0399	101
33.0407	101
33.0416	101
33.0424	101
33.0432	101
33.0441	101
33.0449	101
33.0458	101
33.0466	101
33.0475	101
33.0483	101
33.0491	101
33.05	101
33.0508	101
33.0517	101
33.0525	101
33.0534	101
33.0542	101
33.055	101
33.0559	101
33.0567	101
33.0576	101
33.0584	101
33.0593	101
33.0601	101
33.061	101
33.0618	101
33.0626	101
33.0635	101
33.0643	101
33.0652	101
33.066	101
33.0669	101
33.0677	101
33.0685	101
33.0694	101
33.0702	101
33.0711	101
33.0719	101
33.0728	101
33.0736	101
33.0744	101
33.0753	101
33.0761	101
33.077	101
33.0778	101
33.0787	101
33.0795	101
33.0803	101
33.0812	101
33.082	101
33.0829	101
33.0837	101
33.0846	101
33.0854	101
33.0862	101
33.0871	101
33.0879	101
33.0888	101
33.0896	101
33.0905	101
33.0913	101
33.0921	101
33.093	101
33.0938	101
33.0947	101
33.0955	101
33.0964	101
33.0972	101
33.0981	101
33.0989	101
33.0997	101
33.1006	101
33.1014	101
33.1023	101
33.1031	101
33.104	101
33.1048	101
33.1056	101
33.1065	101
33.1073	101
33.1082	101
33.109	101
33.1099	101
33.1107	101
33.1115	101
33.1124	101
33.1132	101
33.1141	101
33.1149	101
33.1158	101
33.1166	101
33.1174	101
33.1183	101
33.1191	101
33.12	101
33.1208	101
33.1217	101
33.1225	101
33.1233	101
33.1242	101
33.125	101
33.1259	101
33.1267	101
33.1276	101
33.1284	101
33.1293	101
33.1301	101
33.1309	101
33.1318	101
33.1326	101
33.1335	101
33.1343	101
33.1352	101
33.136	101
33.1368	101
33.1377	101
33.1385	101
33.1394	101
33.1402	101
33.1411	101
33.1419	101
33.1427	101
33.1436	101
33.1444	101
33.1453	101
33.1461	101
33.147	101
33.1478	101
33.1486	101
33.1495	101
33.1503	101
33.1512	101
33.152	102
33.1529	102
33.1537	102
33.1545	102
33.1554	102
33.1562	102
33.1571	102
33.1579	102
33.1588	102
33.1596	102
33.1604	102
33.1613	102
33.1621	102
33.163	102
33.1638	102
33.1647	102
33.1655	102
33.1664	102
33.1672	102
33.168	102
33.1689	102
33.1697	102
33.1706	102
33.1714	102
33.1723	102
33.1731	102
33.1739	102
33.1748	102
33.1756	102
33.1765	102
33.1773	102
33.1782	102
33.179	102
33.1798	102
33.1807	102
33.1815	102
33.1824	102
33.1832	102
33.1841	102
33.1849	102
33.1857	102
33.1866	102
33.1874	102
33.1883	102
33.1891	102
33.19	102
33.1908	102
33.1916	102
33.1925	102
33.1933	102
33.1942	102
33.195	102
33.1959	102
33.1967	102
33.1975	102
33.1984	102
33.1992	102
33.2001	102
33.2009	102
33.2018	102
33.2026	102
33.2035	102
33.2043	102
33.2051	102
33.206	102
33.2068	102
33.2077	102
33.2085	102
33.2094	102
33.2102	102
33.211	102
33.2119	102
33.2127	102
33.2136	102
33.2144	102
33.2153	102
33.2161	102
33.2169	102
33.2178	102
33.2186	102
33.2195	102
33.2203	102
33.2212	102
33.222	102
33.2228	102
33.2237	102
33.2245	102
33.2254	102
33.2262	102
33.2271	102
33.2279	102
33.2287	102
33.2296	102
33.2304	102
33.2313	102
33.2321	102
33.233	102
33.2338	102
33.2347	102
33.2355	102
33.2363	102
33.2372	102
33.238	102
33.2389	102
33.2397	102
33.2406	102
33.2414	102
33.2422	102
33.2431	102
33.2439	102
33.2448	102
33.2456	102
33.2465	102
33.2473	102
33.2481	102
33.249	102
33.2498	102
33.2507	102
33.2515	102
33.2524	102
33.2532	102
33.254	102
33.2549	102
33.2557	102
33.2566	102
33.2574	102
33.2583	102
33.2591	102
33.2599	102
33.2608	102
33.2616	102
33.2625	102
33.2633	102
33.2642	102
33.265	102
33.2658	102
33.2667	102
33.2675	102
33.2684	102
33.2692	102
33.2701	102
33.2709	102
33.2718	102
33.2726	102
33.2734	102
33.2743	102
33.2751	102
33.276	102
33.2768	102
33.2777	102
33.2785	102
33.2793	102
33.2802	102
33.281	102
33.2819	102
33.2827	102
33.2836	102
33.2844	102
33.2852	102
33.2861	102
33.2869	102
33.2878	102
33.2886	102
33.2895	102
33.2903	102
33.2911	102
33.292	102
33.2928	102
33.2937	102
33.2945	102
33.2954	102
33.2962	102
33.297	102
33.2979	102
33.2987	102
33.2996	102
33.3004	102
33.3013	102
33.3021	102
33.3029	102
33.3038	102
33.3046	102
33.3055	102
33.3063	102
33.3072	102
33.308	102
33.3089	102
33.3097	102
33.3105	102
33.3114	102
33.3122	102
33.3131	102
33.3139	102
33.3148	102
33.3156	102
33.3164	102
33.3173	102
33.3181	102
33.319	102
33.3198	102
33.3207	102
33.3215	102
33.3223	102
33.3232	102
33.324	102
33.3249	102
33.3257	102
33.3266	102
33.3274	102
33.3282	102
33.3291	102
33.3299	102
33.3308	102
33.3316	102
33.3325	102
33.3333	102
33.3341	102
33.335	102
33.3358	102
33.3367	102
33.3375	102
33.3384	102
33.3392	102
33.3401	102
33.3409	102
33.3417	102
33.3426	102
33.3434	102
33.3443	102
33.3451	102
33.346	102
33.3468	102
33.3476	102
33.3485	102
33.3493	102
33.3502	102
33.351	102
33.3519	102
33.3527	102
33.3535	102
33.3544	102
33.3552	102
33.3561	102
33.3569	102
33.3578	102
33.3586	102
33.3594	102
33.3603	102
33.3611	102
33.362	102
33.3628	102
33.3637	102
33.3645	102
33.3653	102
33.3662	102
33.367	102
33.3679	102
33.3687	102
33.3696	102
33.3704	102
33.3712	102
33.3721	102
33.3729	102
33.3738	102
33.3746	102
33.3755	102
33.3763	102
33.3772	102
33.378	102
33.3788	102
33.3797	102
33.3805	102
33.3814	102
33.3822	102
33.3831	102
33.3839	102
33.3847	102
33.3856	102
33.3864	102
33.3873	102
33.3881	102
33.389	102
33.3898	102
33.3906	102
33.3915	102
33.3923	102
33.3932	102
33.394	102
33.3949	102
33.3957	102
33.3965	102
33.3974	102
33.3982	102
33.3991	102
33.3999	102
33.4008	102
33.4016	102
33.4024	102
33.4033	102
33.4041	102
33.405	102
33.4058	102
33.4067	102
33.4075	102
33.4083	102
33.4092	102
33.41	102
33.4109	102
33.4117	102
33.4126	102
33.4134	102
33.4143	102
33.4151	102
33.4159	102
33.4168	102
33.4176	102
33.4185	102
33.4193	102
33.4202	102
33.421	102
33.4218	102
33.4227	102
33.4235	102
33.4244	102
33.4252	102
33.4261	102
33.4269	102
33.4277	102
33.4286	102
33.4294	102
33.4303	102
33.4311	102
33.432	102
33.4328	102
33.4336	102
33.4345	102
33.4353	102
33.4362	102
33.437	102
33.4379	102
33.4387	102
33.4395	102
33.4404	102
33.4412	102
33.4421	102
33.4429	102
33.4438	102
33.4446	102
33.4455	102
33.4463	102
33.4471	102
33.448	102
33.4488	102
33.4497	102
33.4505	102
33.4514	102
33.4522	102
33.453	102
33.4539	102
33.4547	102
33.4556	102
33.4564	102
33.4573	102
33.4581	102
33.4589	102
33.4598	102
33.4606	102
33.4615	102
33.4623	102
33.4632	102
33.464	102
33.4648	102
33.4657	102
33.4665	102
33.4674	102
33.4682	102
33.4691	102
33.4699	102
33.4707	102
33.4716	102
33.4724	102
33.4733	102
33.4741	102
33.475	102
33.4758	102
33.4766	102
33.4775	102
33.4783	102
33.4792	102
33.48	102
33.4809	102
33.4817	102
33.4826	102
33.4834	102
33.4842	102
33.4851	102
33.4859	102
33.4868	102
33.4876	102
33.4885	102
33.4893	102
33.4901	102
33.491	102
33.4918	102
33.4927	102
33.4935	102
33.4944	102
33.4952	102
33.496	102
33.4969	102
33.4977	102
33.4986	102
33.4994	102
33.5003	102
33.5011	102
33.5019	102
33.5028	102
33.5036	102
33.5045	102
33.5053	102
33.5062	102
33.507	102
33.5078	102
33.5087	102
33.5095	102
33.5104	102
33.5112	102
33.5121	102
33.5129	102
33.5137	102
33.5146	102
33.5154	102
33.5163	102
33.5171	102
33.518	102
33.5188	102
33.5197	102
33.5205	102
33.5213	102
33.5222	102
33.523	102
33.5239	102
33.5247	102
33.5256	102
33.5264	102
33.5272	102
33.5281	102
33.5289	102
33.5298	102
33.5306	102
33.5315	102
33.5323	102
33.5331	102
33.534	102
33.5348	102
33.5357	102
33.5365	102
33.5374	102
33.5382	102
33.539	102
33.5399	102
33.5407	102
33.5416	102
33.5424	102
33.5433	102
33.5441	102
33.5449	102
33.5458	102
33.5466	102
33.5475	102
33.5483	102
33.5492	102
33.55	102
33.5509	102
33.5517	102
33.5525	102
33.5534	102
33.5542	102
33.5551	102
33.5559	102
33.5568	102
33.5576	102
33.5584	102
33.5593	102
33.5601	102
33.561	102
33.5618	102
33.5627	102
33.5635	102
33.5643	102
33.5652	102
33.566	102
33.5669	102
33.5677	102
33.5686	102
33.5694	102
33.5702	102
33.5711	102
33.5719	102
33.5728	102
33.5736	102
33.5745	102
33.5753	102
33.5761	102
33.577	102
33.5778	102
33.5787	102
33.5795	102
33.5804	102
33.5812	102
33.582	102
33.5829	102
33.5837	102
33.5846	102
33.5854	102
33.5863	102
33.5871	102
33.588	102
33.5888	102
33.5896	102
33.5905	102
33.5913	102
33.5922	102
33.593	102
33.5939	102
33.5947	102
33.5955	102
33.5964	102
33.5972	102
33.5981	102
33.5989	102
33.5998	102
33.6006	102
33.6014	102
33.6023	102
33.6031	102
33.604	102
33.6048	102
33.6057	102
33.6065	102
33.6073	102
33.6082	102
33.609	102
33.6099	102
33.6107	102
33.6116	102
33.6124	102
33.6132	102
33.6141	102
33.6149	102
33.6158	102
33.6166	102
33.6175	102
33.6183	102
33.6191	102
33.62	102
33.6208	102
33.6217	102
33.6225	102
33.6234	102
33.6242	102
33.6251	102
33.6259	102
33.6267	102
33.6276	102
33.6284	102
33.6293	102
33.6301	102
33.631	102
33.6318	102
33.6326	102
33.6335	102
33.6343	102
33.6352	102
33.636	102
33.6369	102
33.6377	102
33.6385	102
33.6394	102
33.6402	102
33.6411	102
33.6419	102
33.6428	102
33.6436	102
33.6444	102
33.6453	101
33.6461	101
33.647	101
33.6478	101
33.6487	101
33.6495	101
33.6503	101
33.6512	101
33.652	101
33.6529	101
33.6537	101
33.6546	101
33.6554	101
33.6563	101
33.6571	101
33.6579	101
33.6588	101
33.6596	101
33.6605	101
33.6613	101
33.6622	101
33.663	101
33.6638	101
33.6647	101
33.6655	101
33.6664	101
33.6672	101
33.6681	101
33.6689	101
33.6697	101
33.6706	101
33.6714	101
33.6723	101
33.6731	101
33.674	101
33.6748	101
33.6756	101
33.6765	101
33.6773	101
33.6782	101
33.679	101
33.6799	101
33.6807	101
33.6815	101
33.6824	101
33.6832	101
33.6841	101
33.6849	101
33.6858	101
33.6866	101
33.6874	101
33.6883	101
33.6891	101
33.69	101
33.6908	101
33.6917	101
33.6925	101
33.6934	101
33.6942	101
33.695	101
33.6959	101
33.6967	101
33.6976	101
33.6984	101
33.6993	101
33.7001	101
33.7009	101
33.7018	101
33.7026	101
33.7035	101
33.7043	101
33.7052	101
33.706	101
33.7068	101
33.7077	101
33.7085	101
33.7094	101
33.7102	101
33.7111	101
33.7119	101
33.7127	101
33.7136	101
33.7144	101
33.7153	101
33.7161	101
33.717	101
33.7178	101
33.7186	101
33.7195	101
33.7203	101
33.7212	101
33.722	101
33.7229	101
33.7237	101
33.7245	101
33.7254	101
33.7262	101
33.7271	101
33.7279	101
33.7288	101
33.7296	101
33.7305	101
33.7313	101
33.7321	101
33.733	101
33.7338	101
33.7347	101
33.7355	101
33.7364	101
33.7372	101
33.738	101
33.7389	101
33.7397	101
33.7406	101
33.7414	101
33.7423	101
33.7431	101
33.7439	101
33.7448	101
33.7457	101
33.7466	101
33.7474	101
33.7483	101
33.7491	101
33.75	101
33.7508	101
33.7517	101
33.7525	101
33.7533	101
33.7542	101
33.755	101
33.7559	101
33.7567	101
33.7576	101
33.7584	101
33.7592	101
33.7601	101
33.7609	101
33.7618	101
33.7626	101
33.7635	101
33.7643	101
33.7651	101
33.766	101
33.7668	101
33.7677	101
33.7685	101
33.7694	101
33.7702	101
33.771	101
33.7719	101
33.7727	101
33.7736	101
33.7744	101
33.7753	101
33.7761	101
33.7769	101
33.7778	101
33.7786	101
33.7795	101
33.7803	101
33.7812	101
33.782	101
33.7829	101
33.7837	101
33.7845	101
33.7854	101
33.7862	101
33.7871	101
33.7879	101
33.7888	101
33.7896	101
33.7904	101
33.7913	101
33.7921	101
33.793	101
33.7938	101
33.7947	101
33.7955	101
33.7963	101
33.7972	101
33.798	101
33.7989	101
33.7997	101
33.8006	101
33.8014	101
33.8022	101
33.8031	101
33.8039	101
33.8048	101
33.8056	101
33.8065	101
33.8073	101
33.8081	101
33.809	101
33.8098	101
33.8107	101
33.8115	101
33.8124	101
33.8132	101
33.814	101
33.8149	101
33.8157	101
33.8166	101
33.8174	101
33.8183	101
33.8191	101
33.82	101
33.8208	101
33.8216	101
33.8225	101
33.8233	101
33.8242	101
33.825	101
33.8259	101
33.8267	101
33.8275	101
33.8284	101
33.8292	101
33.8301	101
33.8309	101
33.8318	101
33.8326	101
33.8334	101
33.8343	101
33.8351	101
33.836	101
33.8368	101
33.8377	101
33.8385	101
33.8393	101
33.8402	101
33.841	101
33.8419	101
33.8427	101
33.8436	101
33.8444	101
33.8452	101
33.8461	101
33.8469	101
33.8478	101
33.8486	101
33.8495	101
33.8503	101
33.8511	101
33.852	101
33.8528	101
33.8537	101
33.8545	101
33.8554	101
33.8562	101
33.8571	101
33.8579	101
33.8587	101
33.8596	101
33.8604	101
33.8613	101
33.8621	101
33.863	101
33.8638	101
33.8646	101
33.8655	101
33.8663	101
33.8672	101
33.868	101
33.8689	101
33.8697	101
33.8705	101
33.8714	101
33.8722	101
33.8731	101
33.8739	101
33.8748	101
33.8756	101
33.8764	101
33.8773	101
33.8781	101
33.879	101
33.8798	101
33.8807	101
33.8815	101
33.8823	101
33.8832	101
33.884	101
33.8849	101
33.8857	101
33.8866	101
33.8874	101
33.8883	101
33.8891	101
33.8899	101
33.8908	101
33.8916	101
33.8925	101
33.8933	101
33.8942	101
33.895	101
33.8958	101
33.8967	101
33.8975	101
33.8984	101
33.8992	101
33.9001	101
33.9009	101
33.9017	101
33.9026	101
33.9034	101
33.9043	101
33.9051	101
33.906	101
33.9068	101
33.9076	101
33.9085	101
33.9093	101
33.9102	101
33.911	101
33.9119	101
33.9127	101
33.9135	101
33.9144	101
33.9152	101
33.9161	101
33.9169	101
33.9178	101
33.9186	101
33.9194	101
33.9203	101
33.9211	101
33.922	101
33.9228	101
33.9237	101
33.9245	101
33.9254	101
33.9262	101
33.927	101
33.9279	101
33.9287	101
33.9296	101
33.9304	101
33.9313	101
33.9321	101
33.9329	101
33.9338	101
33.9346	101
33.9355	101
33.9363	101
33.9372	101
33.938	101
33.9388	101
33.9397	101
33.9405	101
33.9414	101
33.9422	101
33.9431	101
33.9439	101
33.9447	101
33.9456	101
33.9464	101
33.9473	101
33.9481	101
33.949	101
33.9498	101
33.9506	101
33.9515	101
33.9523	101
33.9532	101
33.954	101
33.9549	101
33.9557	101
33.9565	101
33.9574	101
33.9582	101
33.9591	101
33.9599	101
33.9608	101
33.9616	101
33.9625	101
33.9633	101
33.9641	101
33.965	101
33.9658	101
33.9667	101
33.9675	101
33.9684	101
33.9692	101
33.97	101
33.9709	101
33.9717	101
33.9726	101
33.9734	101
33.9743	101
33.9751	101
33.9759	101
33.9768	101
33.9776	101
33.9785	101
33.9793	101
33.9802	101
33.981	102
33.9818	102
33.9827	102
33.9835	102
33.9844	102
33.9852	102
33.9861	102
33.9869	102
33.9877	102
33.9886	102
33.9894	102
33.9903	102
33.9911	102
33.992	102
33.9928	102
33.9937	102
33.9945	102
33.9953	102
33.9962	102
33.997	102
33.9979	102
33.9987	102
33.9996	102
34.0004	102
34.0012	102
34.0021	102
34.0029	102
34.0038	102
34.0046	102
34.0055	102
34.0063	102
34.0071	102
34.008	102
34.0088	102
34.0097	102
34.0105	102
34.0114	102
34.0122	102
34.013	102
34.0139	102
34.0147	102
34.0156	102
34.0164	102
34.0173	102
34.0181	102
34.0189	102
34.0198	102
34.0206	102
34.0215	102
34.0223	102
34.0232	102
34.024	102
34.0248	102
34.0257	102
34.0265	102
34.0274	102
34.0282	102
34.0291	102
34.0299	102
34.0308	102
34.0316	102
34.0324	102
34.0333	102
34.0341	102
34.035	102
34.0358	102
34.0367	102
34.0375	102
34.0383	102
34.0392	102
34.04	102
34.0409	102
34.0417	102
34.0426	102
34.0434	102
34.0442	102
34.0451	102
34.0459	102
34.0468	102
34.0476	102
34.0485	102
34.0493	102
34.0501	102
34.051	102
34.0518	102
34.0527	102
34.0535	102
34.0544	102
34.0552	102
34.056	102
34.0569	102
34.0577	102
34.0586	102
34.0594	102
34.0603	102
34.0611	102
34.0619	102
34.0628	102
34.0636	102
34.0645	102
34.0653	102
34.0662	102
34.067	102
34.0679	102
34.0687	102
34.0695	102
34.0704	102
34.0712	102
34.0721	102
34.0729	102
34.0738	102
34.0746	102
34.0754	102
34.0763	102
34.0771	102
34.078	102
34.0788	102
34.0797	102
34.0805	102
34.0813	102
34.0822	102
34.083	102
34.0839	102
34.0847	102
34.0856	102
34.0864	102
34.0872	102
34.0881	102
34.0889	102
34.0898	102
34.0906	102
34.0915	102
34.0923	102
34.0931	102
34.094	102
34.0948	102
34.0957	102
34.0965	102
34.0974	102
34.0982	102
34.0991	102
34.0999	102
34.1007	102
34.1016	102
34.1024	102
34.1033	102
34.1041	102
34.105	102
34.1058	102
34.1066	102
34.1075	102
34.1083	102
34.1092	102
34.11	102
34.1109	102
34.1117	102
34.1125	102
34.1134	102
34.1142	102
34.1151	102
34.1159	102
34.1168	102
34.1176	102
34.1184	102
34.1193	102
34.1201	102
34.121	102
34.1218	102
34.1227	102
34.1235	102
34.1243	102
34.1252	102
34.126	102
34.1269	102
34.1277	102
34.1286	102
34.1294	102
34.1302	102
34.1311	102
34.1319	102
34.1328	102
34.1336	102
34.1345	102
34.1353	102
34.1362	102
34.137	102
34.1378	102
34.1387	102
34.1395	102
34.1404	102
34.1412	102
34.1421	102
34.1429	102
34.1437	102
34.1446	102
34.1454	102
34.1463	102
34.1471	102
34.148	102
34.1488	102
34.1496	102
34.1505	102
34.1513	102
34.1522	102
34.153	102
34.1539	102
34.1547	102
34.1555	102
34.1564	102
34.1572	102
34.1581	102
34.1589	102
34.1598	102
34.1606	102
34.1614	102
34.1623	102
34.1631	102
34.164	102
34.1648	102
34.1657	102
34.1665	102
34.1673	102
34.1682	102
34.169	102
34.1699	102
34.1707	102
34.1716	102
34.1724	102
34.1733	102
34.1741	102
34.1749	102
34.1758	102
34.1766	102
34.1775	102
34.1783	102
34.1792	102
34.18	102
34.1808	102
34.1817	102
34.1825	102
34.1834	102
34.1842	102
34.1851	102
34.1859	102
34.1867	102
34.1876	102
34.1884	102
34.1893	102
34.1901	102
34.191	102
34.1918	102
34.1926	102
34.1935	102
34.1943	102
34.1952	102
34.196	102
34.1969	102
34.1977	102
34.1985	102
34.1994	102
34.2002	102
34.2011	102
34.2019	102
34.2028	102
34.2036	102
34.2045	102
34.2053	102
34.2061	102
34.207	102
34.2078	102
34.2087	102
34.2095	102
34.2104	102
34.2112	102
34.212	102
34.2129	102
34.2137	102
34.2146	102
34.2154	102
34.2163	102
34.2171	102
34.2179	102
34.2188	102
34.2196	102
34.2205	102
34.2213	102
34.2222	102
34.223	102
34.2238	102
34.2247	102
34.2255	102
34.2264	102
34.2272	102
34.2281	102
34.2289	102
34.2297	102
34.2306	102
34.2314	102
34.2323	102
34.2331	102
34.234	102
34.2348	102
34.2356	102
34.2365	102
34.2373	102
34.2382	102
34.239	102
34.2399	102
34.2407	102
34.2416	102
34.2424	102
34.2432	102
34.2441	102
34.2449	102
34.2458	102
34.2466	102
34.2475	102
34.2483	102
34.2491	102
34.25	102
34.2508	102
34.2517	102
34.2525	102
34.2534	102
34.2542	102
34.255	102
34.2559	102
34.2567	102
34.2576	102
34.2584	102
34.2593	102
34.2601	102
34.2609	102
34.2618	102
34.2626	102
34.2635	102
34.2643	102
34.2652	102
34.266	102
34.2668	102
34.2677	102
34.2685	102
34.2694	102
34.2702	102
34.2711	102
34.2719	102
34.2727	102
34.2736	102
34.2744	102
34.2753	102
34.2761	102
34.277	102
34.2778	102
34.2787	102
34.2795	102
34.2803	102
34.2812	102
34.282	102
34.2829	102
34.2837	102
34.2846	102
34.2854	102
34.2862	102
34.2871	102
34.2879	102
34.2888	102
34.2896	102
34.2905	102
34.2913	102
34.2921	102
34.293	102
34.2938	102
34.2947	102
34.2955	102
34.2964	102
34.2972	102
34.298	102
34.2989	102
34.2997	102
34.3006	102
34.3014	102
34.3023	102
34.3031	102
34.3039	102
34.3048	102
34.3056	102
34.3065	102
34.3073	102
34.3082	102
34.309	102
34.3099	102
34.3107	102
34.3115	102
34.3124	102
34.3132	102
34.3141	102
34.3149	102
34.3158	102
34.3166	102
34.3174	102
34.3183	102
34.3191	102
34.32	102
34.3208	102
34.3217	102
34.3225	102
34.3233	102
34.3242	102
34.325	102
34.3259	102
34.3267	102
34.3276	102
34.3284	102
34.3292	102
34.3301	102
34.3309	102
34.3318	102
34.3326	102
34.3335	102
34.3343	102
34.3351	102
34.336	102
34.3368	102
34.3377	102
34.3385	102
34.3394	102
34.3402	102
34.341	102
34.3419	102
34.3427	102
34.3436	102
34.3444	102
34.3453	102
34.3461	102
34.347	102
34.3478	102
34.3486	102
34.3495	102
34.3503	102
34.3512	102
34.352	102
34.3529	102
34.3537	102
34.3545	102
34.3554	102
34.3562	102
34.3571	102
34.3579	102
34.3588	102
34.3596	102
34.3604	102
34.3613	102
34.3621	102
34.363	102
34.3638	102
34.3647	102
34.3655	102
34.3663	102
34.3672	102
34.368	102
34.3689	102
34.3697	102
34.3706	102
34.3714	102
34.3722	102
34.3731	102
34.3739	102
34.3748	102
34.3756	102
34.3765	102
34.3773	102
34.3781	102
34.379	102
34.3798	102
34.3807	102
34.3815	102
34.3824	102
34.3832	102
34.3841	102
34.3849	102
34.3857	102
34.3866	102
34.3874	102
34.3883	102
34.3891	102
34.39	102
34.3908	102
34.3916	102
34.3925	102
34.3933	102
34.3942	102
34.395	102
34.3959	102
34.3967	102
34.3975	102
34.3984	102
34.3992	102
34.4001	102
34.4009	102
34.4018	102
34.4026	102
34.4034	102
34.4043	102
34.4051	102
34.406	102
34.4068	102
34.4077	102
34.4085	102
34.4093	102
34.4102	102
34.411	102
34.4119	102
34.4127	102
34.4136	102
34.4144	102
34.4153	102
34.4161	102
34.4169	102
34.4178	102
34.4186	102
34.4195	102
34.4203	102
34.4212	102
34.422	102
34.4228	102
34.4237	102
34.4245	102
34.4254	102
34.4262	102
34.4271	102
34.4279	102
34.4287	102
34.4296	102
34.4304	102
34.4313	102
34.4321	102
34.433	102
34.4338	102
34.4346	102
34.4355	102
34.4363	102
34.4372	102
34.438	102
34.4389	102
34.4397	102
34.4405	102
34.4414	102
34.4422	102
34.4431	102
34.4439	102
34.4448	102
34.4456	102
34.4464	102
34.4473	102
34.4481	102
34.449	102
34.4498	102
34.4507	102
34.4515	102
34.4524	102
34.4532	101
34.454	101
34.4549	101
34.4557	101
34.4566	101
34.4574	101
34.4583	101
34.4591	101
34.4599	101
34.4608	101
34.4616	101
34.4625	101
34.4633	101
34.4642	101
34.465	101
34.4658	101
34.4667	101
34.4675	101
34.4684	101
34.4692	101
34.4701	101
34.4709	101
34.4717	101
34.4726	101
34.4734	101
34.4743	101
34.4751	101
34.476	101
34.4768	101
34.4776	101
34.4785	101
34.4793	101
34.4802	101
34.481	101
34.4819	101
34.4827	101
34.4835	101
34.4844	101
34.4852	101
34.4861	101
34.4869	101
34.4878	101
34.4886	101
34.4895	101
34.4903	101
34.4911	101
34.492	101
34.4928	101
34.4937	101
34.4945	101
34.4954	101
34.4962	101
34.497	101
34.4979	101
34.4987	101
34.4996	101
34.5004	101
34.5013	101
34.5021	101
34.5029	101
34.5038	101
34.5046	101
34.5055	101
34.5063	101
34.5072	101
34.508	101
34.5088	101
34.5097	101
34.5105	101
34.5114	101
34.5122	101
34.5131	101
34.5139	101
34.5147	101
34.5156	101
34.5164	101
34.5173	101
34.5181	101
34.519	101
34.5198	101
34.5207	101
34.5215	101
34.5223	101
34.5232	101
34.524	101
34.5249	101
34.5257	101
34.5266	101
34.5274	101
34.5282	101
34.5291	101
34.5299	101
34.5308	101
34.5316	101
34.5325	101
34.5333	101
34.5341	101
34.535	101
34.5358	101
34.5367	101
34.5375	101
34.5384	101
34.5392	101
34.54	101
34.5409	101
34.5417	101
34.5426	101
34.5434	101
34.5443	101
34.5451	101
34.5459	101
34.5468	101
34.5476	101
34.5485	101
34.5493	101
34.5502	101
34.551	101
34.5518	101
34.5527	101
34.5537	101
34.5545	101
34.5553	101
34.5562	101
34.557	101
34.5579	101
34.5587	101
34.5596	101
34.5604	101
34.5612	101
34.5621	101
34.5629	101
34.5638	101
34.5646	101
34.5655	101
34.5663	101
34.5671	101
34.568	101
34.5688	101
34.5697	101
34.5705	101
34.5714	101
34.5722	101
34.573	101
34.5739	101
34.5747	101
34.5756	101
34.5764	101
34.5773	101
34.5781	101
34.579	101
34.5798	101
34.5806	101
34.5815	101
34.5823	101
34.5832	101
34.584	101
34.5849	101
34.5857	101
34.5865	101
34.5874	101
34.5882	101
34.5891	101
34.5899	101
34.5908	101
34.5916	101
34.5924	101
34.5933	101
34.5941	101
34.595	101
34.5958	101
34.5967	101
34.5975	101
34.5983	101
34.5992	101
34.6	101
34.6009	101
34.6017	101
34.6026	101
34.6034	101
34.6042	101
34.6051	101
34.6059	101
34.6068	101
34.6076	101
34.6085	101
34.6093	101
34.6101	101
34.611	101
34.6118	101
34.6127	101
34.6135	101
34.6144	101
34.6152	101
34.6161	101
34.6169	101
34.6177	101
34.6186	101
34.6194	101
34.6203	101
34.6211	101
34.622	101
34.6228	101
34.6236	101
34.6245	101
34.6253	101
34.6262	101
34.627	101
34.6279	101
34.6287	101
34.6295	101
34.6304	101
34.6312	101
34.6321	101
34.6329	101
34.6338	101
34.6346	101
34.6354	101
34.6363	101
34.6371	101
34.638	101
34.6388	101
34.6397	101
34.6405	101
34.6413	101
34.6422	101
34.643	101
34.6439	101
34.6447	101
34.6456	101
34.6464	101
34.6473	101
34.6481	101
34.6489	101
34.6498	101
34.6506	101
34.6515	101
34.6523	101
34.6532	101
34.654	101
34.6548	101
34.6557	101
34.6565	101
34.6574	101
34.6582	101
34.6591	101
34.6599	101
34.6607	101
34.6616	101
34.6624	101
34.6633	101
34.6641	101
34.665	101
34.6658	101
34.6666	101
34.6675	101
34.6683	101
34.6692	101
34.67	101
34.6709	101
34.6717	101
34.6725	101
34.6734	101
34.6742	101
34.6751	101
34.6759	101
34.6768	101
34.6776	101
34.6784	101
34.6793	101
34.6801	101
34.681	101
34.6818	101
34.6827	101
34.6835	101
34.6844	101
34.6852	101
34.686	101
34.6869	101
34.6877	101
34.6886	101
34.6894	101
34.6903	101
34.6911	101
34.6919	101
34.6928	101
34.6936	101
34.6945	101
34.6953	101
34.6962	101
34.697	101
34.6978	101
34.6987	101
34.6995	101
34.7004	101
34.7012	101
34.7021	101
34.7029	101
34.7037	101
34.7046	101
34.7054	101
34.7063	101
34.7071	101
34.708	101
34.7088	101
34.7096	101
34.7105	101
34.7113	101
34.7122	101
34.713	101
34.7139	101
34.7147	101
34.7155	101
34.7164	101
34.7172	101
34.7181	101
34.7189	101
34.7198	101
34.7206	101
34.7215	101
34.7223	101
34.7231	101
34.724	101
34.7248	101
34.7257	101
34.7265	101
34.7274	101
34.7282	101
34.729	101
34.7299	101
34.7307	101
34.7316	101
34.7324	101
34.7333	101
34.7341	101
34.7349	101
34.7358	101
34.7366	101
34.7375	101
34.7383	101
34.7392	101
34.74	101
34.7408	101
34.7417	101
34.7425	101
34.7434	101
34.7442	101
34.7451	101
34.7459	101
34.7467	101
34.7476	101
34.7484	101
34.7493	101
34.7501	101
34.751	101
34.7518	101
34.7527	101
34.7535	101
34.7543	101
34.7552	101
34.756	101
34.7569	101
34.7577	101
34.7586	101
34.7594	101
34.7602	101
34.7611	101
34.7619	101
34.7628	101
34.7636	101
34.7645	101
34.7653	101
34.7661	101
34.767	101
34.7678	101
34.7687	101
34.7695	101
34.7704	101
34.7712	101
34.772	101
34.7729	101
34.7737	101
34.7746	101
34.7754	101
34.7763	101
34.7771	101
34.7779	101
34.7788	101
34.7796	101
34.7805	101
34.7813	101
34.7822	101
34.783	102
34.7838	102
34.7847	102
34.7855	102
34.7864	102
34.7872	102
34.7881	102
34.7889	102
34.7898	102
34.7906	102
34.7914	102
34.7923	102
34.7931	102
34.794	102
34.7948	102
34.7957	102
34.7965	102
34.7973	102
34.7982	102
34.799	102
34.7999	102
34.8007	102
34.8016	102
34.8024	102
34.8032	102
34.8041	102
34.8049	102
34.8058	102
34.8066	102
34.8075	102
34.8083	102
34.8091	102
34.81	102
34.8108	102
34.8117	102
34.8125	102
34.8134	102
34.8142	102
34.815	102
34.8159	102
34.8167	102
34.8176	102
34.8184	102
34.8193	102
34.8201	102
34.8209	102
34.8218	102
34.8226	102
34.8235	102
34.8243	102
34.8252	102
34.826	102
34.8269	102
34.8277	102
34.8285	102
34.8294	102
34.8302	102
34.8311	102
34.8319	102
34.8328	102
34.8336	102
34.8344	102
34.8353	102
34.8361	102
34.837	102
34.8378	102
34.8387	102
34.8395	102
34.8403	102
34.8412	102
34.842	102
34.8429	102
34.8437	102
34.8446	102
34.8454	102
34.8462	102
34.8471	102
34.8479	102
34.8488	102
34.8496	102
34.8505	102
34.8513	102
34.8521	102
34.853	102
34.8538	102
34.8547	102
34.8555	102
34.8564	102
34.8572	102
34.8581	102
34.8589	102
34.8597	102
34.8606	102
34.8614	102
34.8623	102
34.8631	102
34.864	102
34.8648	102
34.8656	102
34.8665	102
34.8673	102
34.8682	102
34.869	102
34.8699	102
34.8707	102
34.8715	102
34.8724	102
34.8732	102
34.8741	102
34.8749	102
34.8758	102
34.8766	102
34.8774	102
34.8783	102
34.8791	102
34.88	102
34.8808	102
34.8817	102
34.8825	102
34.8833	102
34.8842	102
34.885	102
34.8859	102
34.8867	102
34.8876	102
34.8884	102
34.8892	102
34.8901	102
34.8909	102
34.8918	102
34.8926	102
34.8935	102
34.8943	102
34.8952	102
34.896	102
34.8968	102
34.8977	102
34.8985	102
34.8994	102
34.9002	102
34.9011	102
34.9019	102
34.9027	102
34.9036	102
34.9044	102
34.9053	102
34.9061	102
34.907	102
34.9078	102
34.9086	102
34.9095	102
34.9103	102
34.9112	102
34.912	102
34.9129	102
34.9137	102
34.9145	102
34.9154	102
34.9162	102
34.9171	102
34.9179	102
34.9188	102
34.9196	102
34.9204	102
34.9213	102
34.9221	102
34.923	102
34.9238	102
34.9247	102
34.9255	102
34.9263	102
34.9272	102
34.928	102
34.9289	102
34.9297	102
34.9306	102
34.9314	102
34.9323	102
34.9331	102
34.9339	102
34.9348	102
34.9356	102
34.9365	102
34.9373	102
34.9382	102
34.939	102
34.9398	102
34.9407	102
34.9415	102
34.9424	102
34.9432	102
34.9441	102
34.9449	102
34.9457	102
34.9466	102
34.9474	102
34.9483	102
34.9491	102
34.95	102
34.9508	102
34.9516	102
34.9525	102
34.9533	102
34.9542	102
34.955	102
34.9559	102
34.9567	102
34.9575	102
34.9584	102
34.9592	102
34.9601	102
34.9609	102
34.9618	102
34.9626	102
34.9635	102
34.9643	102
34.9651	102
34.966	102
34.9668	102
34.9677	102
34.9685	102
34.9694	102
34.9702	102
34.971	102
34.9719	102
34.9727	102
34.9736	102
34.9744	102
34.9753	102
34.9761	102
34.9769	102
34.9778	102
34.9786	102
34.9795	102
34.9803	102
34.9812	102
34.982	102
34.9828	102
34.9837	102
34.9845	102
34.9854	102
34.9862	102
34.9871	102
34.9879	102
34.9887	102
34.9896	102
34.9904	102
34.9913	102
34.9921	102
34.993	102
34.9938	102
34.9946	102
34.9955	102
34.9963	102
34.9972	102
34.998	102
34.9989	102
34.9997	102
35.0006	102
35.0014	102
35.0022	102
35.0031	102
35.0039	102
35.0048	102
35.0056	102
35.0065	102
35.0073	102
35.0081	102
35.009	102
35.0098	102
35.0107	102
35.0115	102
35.0124	102
35.0132	102
35.014	102
35.0149	102
35.0157	102
35.0166	102
35.0174	102
35.0183	102
35.0191	102
35.0199	102
35.0208	102
35.0216	102
35.0225	102
35.0233	102
35.0242	102
35.025	102
35.0258	102
35.0267	102
35.0275	102
35.0284	102
35.0292	102
35.0301	102
35.0309	102
35.0317	102
35.0326	102
35.0334	102
35.0343	102
35.0351	102
35.036	102
35.0368	102
35.0377	102
35.0385	102
35.0393	102
35.0402	102
35.041	102
35.0419	102
35.0427	102
35.0436	102
35.0444	102
35.0452	102
35.0461	102
35.0469	102
35.0478	102
35.0486	102
35.0495	102
35.0503	102
35.0511	102
35.052	102
35.0528	102
35.0537	102
35.0545	102
35.0554	102
35.0562	102
35.057	102
35.0579	102
35.0587	102
35.0596	102
35.0604	102
35.0613	102
35.0621	102
35.0629	102
35.0638	102
35.0646	102
35.0655	102
35.0663	102
35.0672	102
35.068	102
35.0689	102
35.0697	102
35.0705	102
35.0714	102
35.0722	102
35.0731	102
35.0739	102
35.0748	102
35.0756	102
35.0764	102
35.0773	102
35.0781	102
35.079	102
35.0798	102
35.0807	102
35.0815	102
35.0823	102
35.0832	102
35.084	102
35.0849	102
35.0857	102
35.0866	102
35.0874	102
35.0882	102
35.0891	102
35.0899	102
35.0908	102
35.0916	102
35.0925	102
35.0933	102
35.0941	102
35.095	102
35.0958	102
35.0967	102
35.0975	102
35.0984	102
35.0992	102
35.1	102
35.1009	102
35.1017	102
35.1026	102
35.1034	102
35.1043	102
35.1051	102
35.106	102
35.1068	102
35.1076	102
35.1085	102
35.1093	102
35.1102	102
35.111	102
35.1119	102
35.1127	102
35.1135	102
35.1144	102
35.1152	102
35.1161	102
35.1169	102
35.1178	102
35.1186	102
35.1194	102
35.1203	102
35.1211	102
35.122	102
35.1228	102
35.1237	102
35.1245	102
35.1253	102
35.1262	102
35.127	102
35.1279	102
35.1287	102
35.1296	102
35.1304	102
35.1312	102
35.1321	102
35.1329	102
35.1338	102
35.1346	102
35.1355	102
35.1363	102
35.1371	102
35.138	102
35.1388	102
35.1397	102
35.1405	102
35.1414	102
35.1422	102
35.1431	102
35.1439	102
35.1447	102
35.1456	102
35.1464	102
35.1473	102
35.1481	102
35.149	102
35.1498	102
35.1506	102
35.1515	102
35.1523	102
35.1532	102
35.154	102
35.1549	102
35.1557	102
35.1565	102
35.1574	102
35.1582	102
35.1591	102
35.1599	102
35.1608	102
35.1616	102
35.1624	102
35.1633	102
35.1641	102
35.165	102
35.1658	102
35.1667	102
35.1675	102
35.1683	102
35.1692	102
35.17	102
35.1709	102
35.1717	102
35.1726	102
35.1734	102
35.1743	102
35.1751	102
35.1759	102
35.1768	102
35.1776	102
35.1785	102
35.1793	102
35.1802	102
35.181	102
35.1818	102
35.1827	102
35.1835	102
35.1844	102
35.1852	102
35.1861	102
35.1869	102
35.1877	102
35.1886	102
35.1894	102
35.1903	102
35.1911	102
35.192	102
35.1928	102
35.1936	102
35.1945	102
35.1953	102
35.1962	102
35.197	102
35.1979	102
35.1987	102
35.1995	102
35.2004	102
35.2012	102
35.2021	102
35.2029	102
35.2038	102
35.2046	102
35.2054	102
35.2063	102
35.2071	102
35.208	102
35.2088	102
35.2097	102
35.2105	102
35.2114	102
35.2122	102
35.213	102
35.2139	102
35.2147	102
35.2156	102
35.2164	102
35.2173	102
35.2181	102
35.2189	102
35.2198	102
35.2206	102
35.2215	102
35.2223	102
35.2232	102
35.224	102
35.2248	102
35.2257	102
35.2265	102
35.2274	102
35.2282	102
35.2291	102
35.2299	102
35.2307	102
35.2316	102
35.2324	102
35.2333	102
35.2341	102
35.235	102
35.2358	102
35.2366	102
35.2375	102
35.2383	102
35.2392	102
35.24	102
35.2409	102
35.2417	102
35.2425	102
35.2434	102
35.2442	102
35.2451	102
35.2459	102
35.2468	102
35.2476	102
35.2485	102
35.2493	102
35.2501	102
35.251	102
35.2518	102
35.2527	102
35.2535	102
35.2544	102
35.2552	102
35.256	102
35.2569	102
35.2577	102
35.2586	102
35.2594	102
35.2603	102
35.2611	102
35.2619	101
35.2628	101
35.2636	101
35.2645	101
35.2653	101
35.2662	101
35.267	101
35.2678	101
35.2687	101
35.2695	101
35.2704	101
35.2712	101
35.2721	101
35.2729	101
35.2737	101
35.2746	101
35.2754	101
35.2763	101
35.2771	101
35.278	101
35.2788	101
35.2797	101
35.2805	101
35.2813	101
35.2822	101
35.283	101
35.2839	101
35.2847	101
35.2856	101
35.2864	101
35.2872	101
35.2881	101
35.2889	101
35.2898	101
35.2906	101
35.2915	101
35.2923	101
35.2931	101
35.294	101
35.2948	101
35.2957	101
35.2965	101
35.2974	101
35.2982	101
35.299	101
35.2999	101
35.3007	101
35.3016	101
35.3024	101
35.3033	101
35.3041	101
35.3049	101
35.3058	101
35.3066	101
35.3075	101
35.3083	101
35.3092	101
35.31	101
35.3108	101
35.3117	101
35.3125	101
35.3134	101
35.3142	101
35.3151	101
35.3159	101
35.3168	101
35.3176	101
35.3184	101
35.3193	101
35.3201	101
35.321	101
35.3218	101
35.3227	101
35.3235	101
35.3243	101
35.3252	101
35.326	101
35.3269	101
35.3277	101
35.3286	101
35.3294	101
35.3302	101
35.3311	101
35.3319	101
35.3328	101
35.3336	101
35.3345	101
35.3353	101
35.3361	101
35.337	101
35.3378	101
35.3387	101
35.3395	101
35.3404	101
35.3412	101
35.342	101
35.3429	101
35.3437	101
35.3446	101
35.3454	101
35.3463	101
35.3471	101
35.3479	101
35.3488	101
35.3496	101
35.3505	101
35.3513	101
35.3522	101
35.353	101
35.3539	101
35.3547	101
35.3555	101
35.3564	101
35.3572	101
35.3581	101
35.3589	101
35.3598	101
35.3606	101
35.3616	101
35.3624	101
35.3632	101
35.3641	101
35.3649	101
35.3658	101
35.3666	101
35.3675	101
35.3683	101
35.3691	101
35.37	101
35.3708	101
35.3717	101
35.3725	101
35.3734	101
35.3742	101
35.3751	101
35.3759	101
35.3767	101
35.3776	101
35.3784	101
35.3793	101
35.3801	101
35.381	101
35.3818	101
35.3826	101
35.3835	101
35.3843	101
35.3852	101
35.386	101
35.3869	101
35.3877	101
35.3885	101
35.3894	101
35.3902	101
35.3911	101
35.3919	101
35.3928	101
35.3936	101
35.3944	101
35.3953	101
35.3961	101
35.397	101
35.3978	101
35.3987	101
35.3995	101
35.4003	101
35.4012	101
35.402	101
35.4029	101
35.4037	101
35.4046	101
35.4054	101
35.4063	101
35.4071	101
35.4079	101
35.4088	101
35.4096	101
35.4105	101
35.4113	101
35.4122	101
35.413	101
35.4138	101
35.4147	101
35.4155	101
35.4164	101
35.4172	101
35.4181	101
35.4189	101
35.4197	101
35.4206	101
35.4214	101
35.4223	101
35.4231	101
35.424	101
35.4248	101
35.4256	101
35.4265	101
35.4273	101
35.4282	101
35.429	101
35.4299	101
35.4307	101
35.4315	101
35.4324	101
35.4332	101
35.4341	101
35.4349	101
35.4358	101
35.4366	101
35.4374	101
35.4383	101
35.4391	101
35.44	101
35.4408	101
35.4417	101
35.4425	101
35.4434	101
35.4442	101
35.445	101
35.4459	101
35.4467	101
35.4476	101
35.4484	101
35.4493	101
35.4501	101
35.4509	101
35.4518	101
35.4526	101
35.4535	101
35.4543	101
35.4552	101
35.456	101
35.4568	101
35.4577	101
35.4585	101
35.4594	101
35.4602	101
35.4611	101
35.4619	101
35.4627	101
35.4636	101
35.4644	101
35.4653	101
35.4661	101
35.467	101
35.4678	101
35.4686	101
35.4695	101
35.4703	101
35.4712	101
35.472	101
35.4729	101
35.4737	101
35.4745	101
35.4754	101
35.4762	101
35.4771	101
35.4779	101
35.4788	101
35.4796	101
35.4805	101
35.4813	101
35.4821	101
35.483	101
35.4838	101
35.4847	101
35.4855	101
35.4864	101
35.4872	101
35.488	101
35.4889	101
35.4897	101
35.4906	101
35.4914	101
35.4923	101
35.4931	101
35.4939	101
35.4948	101
35.4956	101
35.4965	101
35.4973	101
35.4982	101
35.499	101
35.4998	101
35.5007	101
35.5015	101
35.5024	101
35.5032	101
35.5041	101
35.5049	101
35.5057	101
35.5066	101
35.5074	101
35.5083	101
35.5091	101
35.51	101
35.5108	101
35.5117	101
35.5125	101
35.5133	101
35.5142	101
35.515	101
35.5159	101
35.5167	101
35.5176	101
35.5184	101
35.5192	101
35.5201	101
35.5209	101
35.5218	101
35.5226	101
35.5235	101
35.5243	101
35.5251	101
35.526	101
35.5268	101
35.5277	101
35.5285	101
35.5294	101
35.5302	101
35.531	101
35.5319	101
35.5327	101
35.5336	101
35.5344	101
35.5353	101
35.5361	101
35.5369	101
35.5378	101
35.5386	101
35.5395	101
35.5403	101
35.5412	101
35.542	101
35.5428	101
35.5437	101
35.5445	101
35.5454	101
35.5462	101
35.5471	101
35.5479	101
35.5488	101
35.5496	101
35.5504	101
35.5513	101
35.5521	101
35.553	101
35.5538	101
35.5547	101
35.5555	101
35.5563	101
35.5572	101
35.558	101
35.5589	101
35.5597	101
35.5606	101
35.5614	101
35.5622	101
35.5631	101
35.5639	101
35.5648	101
35.5656	101
35.5665	101
35.5673	101
35.5681	101
35.569	101
35.5698	101
35.5707	101
35.5715	101
35.5724	101
35.5732	101
35.574	101
35.5749	101
35.5757	101
35.5766	101
35.5774	101
35.5783	101
35.5791	101
35.5799	101
35.5808	101
35.5816	101
35.5825	101
35.5833	101
35.5842	101
35.585	102
35.5859	102
35.5867	102
35.5875	102
35.5884	102
35.5892	102
35.5901	102
35.5909	102
35.5918	102
35.5926	102
35.5934	102
35.5943	102
35.5951	102
35.596	102
35.5968	102
35.5977	102
35.5985	102
35.5993	102
35.6002	102
35.601	102
35.6019	102
35.6027	102
35.6036	102
35.6044	102
35.6052	102
35.6061	102
35.6069	102
35.6078	102
35.6086	102
35.6095	102
35.6103	102
35.6111	102
35.612	102
35.6128	102
35.6137	102
35.6145	102
35.6154	102
35.6162	102
35.6171	102
35.6179	102
35.6187	102
35.6196	102
35.6204	102
35.6213	102
35.6221	102
35.623	102
35.6238	102
35.6246	102
35.6255	102
35.6263	102
35.6272	102
35.628	102
35.6289	102
35.6297	102
35.6305	102
35.6314	102
35.6322	102
35.6331	102
35.6339	102
35.6348	102
35.6356	102
35.6364	102
35.6373	102
35.6381	102
35.639	102
35.6398	102
35.6407	102
35.6415	102
35.6423	102
35.6432	102
35.644	102
35.6449	102
35.6457	102
35.6466	102
35.6474	102
35.6482	102
35.6491	102
35.6499	102
35.6508	102
35.6516	102
35.6525	102
35.6533	102
35.6542	102
35.655	102
35.6558	102
35.6567	102
35.6575	102
35.6584	102
35.6592	102
35.6601	102
35.6609	102
35.6617	102
35.6626	102
35.6634	102
35.6643	102
35.6651	102
35.666	102
35.6668	102
35.6676	102
35.6685	102
35.6693	102
35.6702	102
35.671	102
35.6719	102
35.6727	102
35.6735	102
35.6744	102
35.6752	102
35.6761	102
35.6769	102
35.6778	102
35.6786	102
35.6794	102
35.6803	102
35.6811	102
35.682	102
35.6828	102
35.6837	102
35.6845	102
35.6853	102
35.6862	102
35.687	102
35.6879	102
35.6887	102
35.6896	102
35.6904	102
35.6913	102
35.6921	102
35.6929	102
35.6938	102
35.6946	102
35.6955	102
35.6963	102
35.6972	102
35.698	102
35.6988	102
35.6997	102
35.7005	102
35.7014	102
35.7022	102
35.7031	102
35.7039	102
35.7047	102
35.7056	102
35.7064	102
35.7073	102
35.7081	102
35.709	102
35.7098	102
35.7106	102
35.7115	102
35.7123	102
35.7132	102
35.714	102
35.7149	102
35.7157	102
35.7165	102
35.7174	102
35.7182	102
35.7191	102
35.7199	102
35.7208	102
35.7216	102
35.7225	102
35.7233	102
35.7241	102
35.725	102
35.7258	102
35.7267	102
35.7275	102
35.7284	102
35.7292	102
35.73	102
35.7309	102
35.7317	102
35.7326	102
35.7334	102
35.7343	102
35.7351	102
35.7359	102
35.7368	102
35.7376	102
35.7385	102
35.7393	102
35.7402	102
35.741	102
35.7418	102
35.7427	102
35.7435	102
35.7444	102
35.7452	102
35.7461	102
35.7469	102
35.7477	102
35.7486	102
35.7494	102
35.7503	102
35.7511	102
35.752	102
35.7528	102
35.7536	102
35.7545	102
35.7553	102
35.7562	102
35.757	102
35.7579	102
35.7587	102
35.7596	102
35.7604	102
35.7612	102
35.7621	102
35.7629	102
35.7638	102
35.7646	102
35.7655	102
35.7663	102
35.7671	102
35.768	102
35.7688	102
35.7697	102
35.7705	102
35.7714	102
35.7722	102
35.773	102
35.7739	102
35.7747	102
35.7756	102
35.7764	102
35.7773	102
35.7781	102
35.7789	102
35.7798	102
35.7806	102
35.7815	102
35.7823	102
35.7832	102
35.784	102
35.7848	102
35.7857	102
35.7865	102
35.7874	102
35.7882	102
35.7891	102
35.7899	102
35.7907	102
35.7916	102
35.7924	102
35.7933	102
35.7941	102
35.795	102
35.7958	102
35.7967	102
35.7975	102
35.7983	102
35.7992	102
35.8	102
35.8009	102
35.8017	102
35.8026	102
35.8034	102
35.8042	102
35.8051	102
35.8059	102
35.8068	102
35.8076	102
35.8085	102
35.8093	102
35.8101	102
35.811	102
35.8118	102
35.8127	102
35.8135	102
35.8144	102
35.8152	102
35.816	102
35.8169	102
35.8177	102
35.8186	102
35.8194	102
35.8203	102
35.8211	102
35.8219	102
35.8228	102
35.8236	102
35.8245	102
35.8253	102
35.8262	102
35.827	102
35.8279	102
35.8287	102
35.8295	102
35.8304	102
35.8312	102
35.8321	102
35.8329	102
35.8338	102
35.8346	102
35.8354	102
35.8363	102
35.8371	102
35.838	102
35.8388	102
35.8397	102
35.8405	102
35.8413	102
35.8422	102
35.843	102
35.8439	102
35.8447	102
35.8456	102
35.8464	102
35.8472	102
35.8481	102
35.8489	102
35.8498	102
35.8506	102
35.8515	102
35.8523	102
35.8531	102
35.854	102
35.8548	102
35.8557	102
35.8565	102
35.8574	102
35.8582	102
35.859	102
35.8599	102
35.8607	102
35.8616	102
35.8624	102
35.8633	102
35.8641	102
35.865	102
35.8658	102
35.8666	102
35.8675	102
35.8683	102
35.8692	102
35.87	102
35.8709	102
35.8717	102
35.8725	102
35.8734	102
35.8742	102
35.8751	102
35.8759	102
35.8768	102
35.8776	102
35.8784	102
35.8793	102
35.8801	102
35.881	102
35.8818	102
35.8827	102
35.8835	102
35.8843	102
35.8852	102
35.886	102
35.8869	102
35.8877	102
35.8886	102
35.8894	102
35.8902	102
35.8911	102
35.8919	102
35.8928	102
35.8936	102
35.8945	102
35.8953	102
35.8961	102
35.897	102
35.8978	102
35.8987	102
35.8995	102
35.9004	102
35.9012	102
35.9021	102
35.9029	102
35.9037	102
35.9046	102
35.9054	102
35.9063	102
35.9071	102
35.908	102
35.9088	102
35.9096	102
35.9105	102
35.9113	102
35.9122	102
35.913	102
35.9139	102
35.9147	102
35.9155	102
35.9164	102
35.9172	102
35.9181	102
35.9189	102
35.9198	102
35.9206	102
35.9214	102
35.9223	102
35.9231	102
35.924	102
35.9248	102
35.9257	102
35.9265	102
35.9273	102
35.9282	102
35.929	102
35.9299	102
35.9307	102
35.9316	102
35.9324	102
35.9333	102
35.9341	102
35.9349	102
35.9358	102
35.9366	102
35.9375	102
35.9383	102
35.9392	102
35.94	102
35.9408	102
35.9417	102
35.9425	102
35.9434	102
35.9442	102
35.9451	102
35.9459	102
35.9467	102
35.9476	102
35.9484	102
35.9493	102
35.9501	102
35.951	102
35.9518	102
35.9526	102
35.9535	102
35.9543	102
35.9552	102
35.956	102
35.9569	102
35.9577	102
35.9585	102
35.9594	102
35.9602	102
35.9611	102
35.9619	102
35.9628	102
35.9636	102
35.9644	102
35.9653	102
35.9661	102
35.967	102
35.9678	102
35.9687	102
35.9695	102
35.9704	102
35.9712	102
35.972	102
35.9729	102
35.9737	102
35.9746	102
35.9754	102
35.9763	102
35.9771	102
35.9779	102
35.9788	102
35.9796	102
35.9805	102
35.9813	102
35.9822	102
35.983	102
35.9838	102
35.9847	102
35.9855	102
35.9864	102
35.9872	102
35.9881	102
35.9889	102
35.9897	102
35.9906	102
35.9914	102
35.9923	102
35.9931	102
35.994	102
35.9948	102
35.9956	102
35.9965	102
35.9973	102
35.9982	102
35.999	102
35.9999	102
36.0007	102
36.0015	102
36.0024	102
36.0032	102
36.0041	102
36.0049	102
36.0058	102
36.0066	102
36.0075	102
36.0083	102
36.0091	102
36.01	102
36.0108	102
36.0117	102
36.0125	102
36.0134	102
36.0142	102
36.015	102
36.0159	102
36.0167	102
36.0176	102
36.0184	102
36.0193	102
36.0201	102
36.0209	102
36.0218	102
36.0226	102
36.0235	102
36.0243	102
36.0252	102
36.026	102
36.0268	102
36.0277	102
36.0285	102
36.0294	102
36.0302	102
36.0311	102
36.0319	102
36.0327	102
36.0336	102
36.0344	102
36.0353	102
36.0361	102
36.037	102
36.0378	102
36.0387	102
36.0395	102
36.0403	102
36.0412	102
36.042	102
36.0429	102
36.0437	102
36.0446	102
36.0454	102
36.0462	102
36.0471	102
36.0479	102
36.0488	102
36.0496	102
36.0505	102
36.0513	102
36.0521	102
36.053	102
36.0538	102
36.0547	102
36.0555	102
36.0564	102
36.0572	102
36.058	102
36.0589	102
36.0597	102
36.0606	102
36.0614	102
36.0623	102
36.0631	102
36.0639	102
36.0648	102
36.0656	102
36.0665	102
36.0673	102
36.0682	102
36.069	102
36.0698	101
36.0707	101
36.0715	101
36.0724	101
36.0732	101
36.0741	101
36.0749	101
36.0758	101
36.0766	101
36.0774	101
36.0783	101
36.0791	101
36.08	101
36.0808	101
36.0817	101
36.0825	101
36.0833	101
36.0842	101
36.085	101
36.0859	101
36.0867	101
36.0876	101
36.0884	101
36.0892	101
36.0901	101
36.0909	101
36.0918	101
36.0926	101
36.0935	101
36.0943	101
36.0951	101
36.096	101
36.0968	101
36.0977	101
36.0985	101
36.0994	101
36.1002	101
36.101	101
36.1019	101
36.1027	101
36.1036	101
36.1044	101
36.1053	101
36.1061	101
36.1069	101
36.1078	101
36.1086	101
36.1095	101
36.1103	101
36.1112	101
36.112	101
36.1129	101
36.1137	101
36.1145	101
36.1154	101
36.1162	101
36.1171	101
36.1179	101
36.1188	101
36.1196	101
36.1204	101
36.1213	101
36.1221	101
36.123	101
36.1238	101
36.1247	101
36.1255	101
36.1263	101
36.1272	101
36.128	101
36.1289	101
36.1297	101
36.1306	101
36.1314	101
36.1322	101
36.1331	101
36.1339	101
36.1348	101
36.1356	101
36.1365	101
36.1373	101
36.1381	101
36.139	101
36.1398	101
36.1407	101
36.1415	101
36.1424	101
36.1432	101
36.1441	101
36.1449	101
36.1457	101
36.1466	101
36.1474	101
36.1483	101
36.1491	101
36.15	101
36.1508	101
36.1516	101
36.1525	101
36.1533	101
36.1542	101
36.155	101
36.1559	101
36.1567	101
36.1575	101
36.1584	101
36.1592	101
36.1601	101
36.1609	101
36.1618	101
36.1626	101
36.1634	101
36.1643	101
36.1651	101
36.166	101
36.1668	101
36.1677	101
36.1685	101
36.1695	101
36.1703	101
36.1712	101
36.172	101
36.1728	101
36.1737	101
36.1745	101
36.1754	101
36.1762	101
36.1771	101
36.1779	101
36.1787	101
36.1796	101
36.1804	101
36.1813	101
36.1821	101
36.183	101
36.1838	101
36.1846	101
36.1855	101
36.1863	101
36.1872	101
36.188	101
36.1889	101
36.1897	101
36.1905	101
36.1914	101
36.1922	101
36.1931	101
36.1939	101
36.1948	101
36.1956	101
36.1964	101
36.1973	101
36.1981	101
36.199	101
36.1998	101
36.2007	101
36.2015	101
36.2024	101
36.2032	101
36.204	101
36.2049	101
36.2057	101
36.2066	101
36.2074	101
36.2083	101
36.2091	101
36.2099	101
36.2108	101
36.2116	101
36.2125	101
36.2133	101
36.2142	101
36.215	101
36.2158	101
36.2167	101
36.2175	101
36.2184	101
36.2192	101
36.2201	101
36.2209	101
36.2217	101
36.2226	101
36.2234	101
36.2243	101
36.2251	101
36.226	101
36.2268	101
36.2276	101
36.2285	101
36.2293	101
36.2302	101
36.231	101
36.2319	101
36.2327	101
36.2335	101
36.2344	101
36.2352	101
36.2361	101
36.2369	101
36.2378	101
36.2386	101
36.2395	101
36.2403	101
36.2411	101
36.242	101
36.2428	101
36.2437	101
36.2445	101
36.2454	101
36.2462	101
36.247	101
36.2479	101
36.2487	101
36.2496	101
36.2504	101
36.2513	101
36.2521	101
36.2529	101
36.2538	101
36.2546	101
36.2555	101
36.2563	101
36.2572	101
36.258	101
36.2588	101
36.2597	101
36.2605	101
36.2614	101
36.2622	101
36.2631	101
36.2639	101
36.2647	101
36.2656	101
36.2664	101
36.2673	101
36.2681	101
36.269	101
36.2698	101
36.2707	101
36.2715	101
36.2723	101
36.2732	101
36.274	101
36.2749	101
36.2757	101
36.2766	101
36.2774	101
36.2782	101
36.2791	101
36.2799	101
36.2808	101
36.2816	101
36.2825	101
36.2833	101
36.2841	101
36.285	101
36.2858	101
36.2867	101
36.2875	101
36.2884	101
36.2892	101
36.29	101
36.2909	101
36.2917	101
36.2926	101
36.2934	101
36.2943	101
36.2951	101
36.2959	101
36.2968	101
36.2976	101
36.2985	101
36.2993	101
36.3002	101
36.301	101
36.3018	101
36.3027	101
36.3035	101
36.3044	101
36.3052	101
36.3061	101
36.3069	101
36.3078	101
36.3086	101
36.3094	101
36.3103	101
36.3111	101
36.312	101
36.3128	101
36.3137	101
36.3145	101
36.3153	101
36.3162	101
36.317	101
36.3179	101
36.3187	101
36.3196	101
36.3204	101
36.3212	101
36.3221	101
36.3229	101
36.3238	101
36.3246	101
36.3255	101
36.3263	101
36.3271	101
36.328	101
36.3288	101
36.3297	101
36.3305	101
36.3314	101
36.3322	101
36.333	101
36.3339	101
36.3347	101
36.3356	101
36.3364	101
36.3373	101
36.3381	101
36.3389	101
36.3398	101
36.3406	101
36.3415	101
36.3423	101
36.3432	101
36.344	101
36.3449	101
36.3457	101
36.3465	101
36.3474	101
36.3482	101
36.3491	101
36.3499	101
36.3508	101
36.3516	101
36.3524	101
36.3533	101
36.3541	101
36.355	101
36.3558	101
36.3567	101
36.3575	101
36.3583	101
36.3592	101
36.36	101
36.3609	101
36.3617	101
36.3626	101
36.3634	101
36.3642	101
36.3651	101
36.3659	101
36.3668	101
36.3676	101
36.3685	101
36.3693	101
36.3701	101
36.371	101
36.3718	101
36.3727	101
36.3735	101
36.3744	101
36.3752	101
36.3761	101
36.3769	101
36.3777	101
36.3786	101
36.3794	101
36.3803	101
36.3811	101
36.382	101
36.3828	101
36.3836	101
36.3845	101
36.3853	101
36.3862	101
36.387	102
36.3879	102
36.3887	102
36.3895	102
36.3904	102
36.3912	102
36.3921	102
36.3929	102
36.3938	102
36.3946	102
36.3954	102
36.3963	102
36.3971	102
36.398	102
36.3988	102
36.3997	102
36.4005	102
36.4013	102
36.4022	102
36.403	102
36.4039	102
36.4047	102
36.4056	102
36.4064	102
36.4072	102
36.4081	102
36.4089	102
36.4098	102
36.4106	102
36.4115	102
36.4123	102
36.4132	102
36.414	102
36.4148	102
36.4157	102
36.4165	102
36.4174	102
36.4182	102
36.4191	102
36.4199	102
36.4207	102
36.4216	102
36.4224	102
36.4233	102
36.4241	102
36.425	102
36.4258	102
36.4266	102
36.4275	102
36.4283	102
36.4292	102
36.43	102
36.4309	102
36.4317	102
36.4325	102
36.4334	102
36.4342	102
36.4351	102
36.4359	102
36.4368	102
36.4376	102
36.4384	102
36.4393	102
36.4401	102
36.441	102
36.4418	102
36.4427	102
36.4435	102
36.4443	102
36.4452	102
36.446	102
36.4469	102
36.4477	102
36.4486	102
36.4494	102
36.4503	102
36.4511	102
36.4519	102
36.4528	102
36.4536	102
36.4545	102
36.4553	102
36.4562	102
36.457	102
36.4578	102
36.4587	102
36.4595	102
36.4604	102
36.4612	102
36.4621	102
36.4629	102
36.4637	102
36.4646	102
36.4654	102
36.4663	102
36.4671	102
36.468	102
36.4688	102
36.4696	102
36.4705	102
36.4713	102
36.4722	102
36.473	102
36.4739	102
36.4747	102
36.4755	102
36.4764	102
36.4772	102
36.4781	102
36.4789	102
36.4798	102
36.4806	102
36.4815	102
36.4823	102
36.4831	102
36.484	102
36.4848	102
36.4857	102
36.4865	102
36.4874	102
36.4882	102
36.489	102
36.4899	102
36.4907	102
36.4916	102
36.4924	102
36.4933	102
36.4941	102
36.4949	102
36.4958	102
36.4966	102
36.4975	102
36.4983	102
36.4992	102
36.5	102
36.5008	102
36.5017	102
36.5025	102
36.5034	102
36.5042	102
36.5051	102
36.5059	102
36.5067	102
36.5076	102
36.5084	102
36.5093	102
36.5101	102
36.511	102
36.5118	102
36.5126	102
36.5135	102
36.5143	102
36.5152	102
36.516	102
36.5169	102
36.5177	102
36.5186	102
36.5194	102
36.5202	102
36.5211	102
36.5219	102
36.5228	102
36.5236	102
36.5245	102
36.5253	102
36.5261	102
36.527	102
36.5278	102
36.5287	102
36.5295	102
36.5304	102
36.5312	102
36.532	102
36.5329	102
36.5337	102
36.5346	102
36.5354	102
36.5363	102
36.5371	102
36.5379	102
36.5388	102
36.5396	102
36.5405	102
36.5413	102
36.5422	102
36.543	102
36.5438	102
36.5447	102
36.5455	102
36.5464	102
36.5472	102
36.5481	102
36.5489	102
36.5497	102
36.5506	102
36.5514	102
36.5523	102
36.5531	102
36.554	102
36.5548	102
36.5557	102
36.5565	102
36.5573	102
36.5582	102
36.559	102
36.5599	102
36.5607	102
36.5616	102
36.5624	102
36.5632	102
36.5641	102
36.5649	102
36.5658	102
36.5666	102
36.5675	102
36.5683	102
36.5691	102
36.57	102
36.5708	102
36.5717	102
36.5725	102
36.5734	102
36.5742	102
36.575	102
36.5759	102
36.5767	102
36.5776	102
36.5784	102
36.5793	102
36.5801	102
36.5809	102
36.5818	102
36.5826	102
36.5835	102
36.5843	102
36.5852	102
36.586	102
36.5869	102
36.5877	102
36.5885	102
36.5894	102
36.5902	102
36.5911	102
36.5919	102
36.5928	102
36.5936	102
36.5944	102
36.5953	102
36.5961	102
36.597	102
36.5978	102
36.5987	102
36.5995	102
36.6003	102
36.6012	102
36.602	102
36.6029	102
36.6037	102
36.6046	102
36.6054	102
36.6062	102
36.6071	102
36.6079	102
36.6088	102
36.6096	102
36.6105	102
36.6113	102
36.6121	102
36.613	102
36.6138	102
36.6147	102
36.6155	102
36.6164	102
36.6172	102
36.618	102
36.6189	102
36.6197	102
36.6206	102
36.6214	102
36.6223	102
36.6231	102
36.624	102
36.6248	102
36.6256	102
36.6265	102
36.6273	102
36.6282	102
36.629	102
36.6299	102
36.6307	102
36.6315	102
36.6324	102
36.6332	102
36.6341	102
36.6349	102
36.6358	102
36.6366	102
36.6374	102
36.6383	102
36.6391	102
36.64	102
36.6408	102
36.6417	102
36.6425	102
36.6433	102
36.6442	102
36.645	102
36.6459	102
36.6467	102
36.6476	102
36.6484	102
36.6492	102
36.6501	102
36.6509	102
36.6518	102
36.6526	102
36.6535	102
36.6543	102
36.6551	102
36.656	102
36.6568	102
36.6577	102
36.6585	102
36.6594	102
36.6602	102
36.6611	102
36.6619	102
36.6627	102
36.6636	102
36.6644	102
36.6653	102
36.6661	102
36.667	102
36.6678	102
36.6686	102
36.6695	102
36.6703	102
36.6712	102
36.672	102
36.6729	102
36.6737	102
36.6745	102
36.6754	102
36.6762	102
36.6771	102
36.6779	102
36.6788	102
36.6796	102
36.6804	102
36.6813	102
36.6821	102
36.683	102
36.6838	102
36.6847	102
36.6855	102
36.6863	102
36.6872	102
36.688	102
36.6889	102
36.6897	102
36.6906	102
36.6914	102
36.6923	102
36.6931	102
36.6939	102
36.6948	102
36.6956	102
36.6965	102
36.6973	102
36.6982	102
36.699	102
36.6998	102
36.7007	102
36.7015	102
36.7024	102
36.7032	102
36.7041	102
36.7049	102
36.7057	102
36.7066	102
36.7074	102
36.7083	102
36.7091	102
36.71	102
36.7108	102
36.7116	102
36.7125	102
36.7133	102
36.7142	102
36.715	102
36.7159	102
36.7167	102
36.7175	102
36.7184	102
36.7192	102
36.7201	102
36.7209	102
36.7218	102
36.7226	102
36.7234	102
36.7243	102
36.7251	102
36.726	102
36.7268	102
36.7277	102
36.7285	102
36.7294	102
36.7302	102
36.731	102
36.7319	102
36.7327	102
36.7336	102
36.7344	102
36.7353	102
36.7361	102
36.7369	102
36.7378	102
36.7386	102
36.7395	102
36.7403	102
36.7412	102
36.742	102
36.7428	102
36.7437	102
36.7445	102
36.7454	102
36.7462	102
36.7471	102
36.7479	102
36.7487	102
36.7496	102
36.7504	102
36.7513	102
36.7521	102
36.753	102
36.7538	102
36.7546	102
36.7555	102
36.7563	102
36.7572	102
36.758	102
36.7589	102
36.7597	102
36.7605	102
36.7614	102
36.7622	102
36.7631	102
36.7639	102
36.7648	102
36.7656	102
36.7665	102
36.7673	102
36.7681	102
36.769	102
36.7698	102
36.7707	102
36.7715	102
36.7724	102
36.7732	102
36.774	102
36.7749	102
36.7757	102
36.7766	102
36.7774	102
36.7783	102
36.7791	102
36.7799	102
36.7808	102
36.7816	102
36.7825	102
36.7833	102
36.7842	102
36.785	102
36.7858	102
36.7867	102
36.7875	102
36.7884	102
36.7892	102
36.7901	102
36.7909	102
36.7917	102
36.7926	102
36.7934	102
36.7943	102
36.7951	102
36.796	102
36.7968	102
36.7977	102
36.7985	102
36.7993	102
36.8002	102
36.801	102
36.8019	102
36.8027	102
36.8036	102
36.8044	102
36.8052	102
36.8061	102
36.8069	102
36.8078	102
36.8086	102
36.8095	102
36.8103	102
36.8111	102
36.812	102
36.8128	102
36.8137	102
36.8145	102
36.8154	102
36.8162	102
36.817	102
36.8179	102
36.8187	102
36.8196	102
36.8204	102
36.8213	102
36.8221	102
36.8229	102
36.8238	102
36.8246	102
36.8255	102
36.8263	102
36.8272	102
36.828	102
36.8288	102
36.8297	102
36.8305	102
36.8314	102
36.8322	102
36.8331	102
36.8339	102
36.8348	102
36.8356	102
36.8364	102
36.8373	102
36.8381	102
36.839	102
36.8398	102
36.8407	102
36.8415	102
36.8423	102
36.8432	102
36.844	102
36.8449	102
36.8457	102
36.8466	102
36.8474	102
36.8482	102
36.8491	102
36.8499	102
36.8508	102
36.8516	102
36.8525	102
36.8533	102
36.8541	102
36.855	102
36.8558	102
36.8567	102
36.8575	102
36.8584	102
36.8592	102
36.86	102
36.8609	102
36.8617	102
36.8626	102
36.8634	102
36.8643	102
36.8651	102
36.8659	102
36.8668	102
36.8676	102
36.8685	102
36.8693	102
36.8702	102
36.871	102
36.8719	102
36.8727	102
36.8735	102
36.8744	102
36.8752	102
36.8761	102
36.8769	101
36.8778	101
36.8786	101
36.8794	101
36.8803	101
36.8811	101
36.882	101
36.8828	101
36.8837	101
36.8845	101
36.8853	101
36.8862	101
36.887	101
36.8879	101
36.8887	101
36.8896	101
36.8904	101
36.8912	101
36.8921	101
36.8929	101
36.8938	101
36.8946	101
36.8955	101
36.8963	101
36.8971	101
36.898	101
36.8988	101
36.8997	101
36.9005	101
36.9014	101
36.9022	101
36.9031	101
36.9039	101
36.9047	101
36.9056	101
36.9064	101
36.9073	101
36.9081	101
36.909	101
36.9098	101
36.9106	101
36.9115	101
36.9123	101
36.9132	101
36.914	101
36.9149	101
36.9157	101
36.9165	101
36.9174	101
36.9182	101
36.9191	101
36.9199	101
36.9208	101
36.9216	101
36.9224	101
36.9233	101
36.9241	101
36.925	101
36.9258	101
36.9267	101
36.9275	101
36.9283	101
36.9292	101
36.93	101
36.9309	101
36.9317	101
36.9326	101
36.9334	101
36.9342	101
36.9351	101
36.9359	101
36.9368	101
36.9376	101
36.9385	101
36.9393	101
36.9402	101
36.941	101
36.9418	101
36.9427	101
36.9435	101
36.9444	101
36.9452	101
36.9461	101
36.9469	101
36.9477	101
36.9486	101
36.9494	101
36.9503	101
36.9511	101
36.952	101
36.9528	101
36.9536	101
36.9545	101
36.9553	101
36.9562	101
36.957	101
36.9579	101
36.9587	101
36.9595	101
36.9604	101
36.9612	101
36.9621	101
36.9629	101
36.9638	101
36.9646	101
36.9654	101
36.9663	101
36.9671	101
36.968	101
36.9688	101
36.9697	101
36.9705	101
36.9713	101
36.9722	101
36.973	101
36.9739	101
36.9747	101
36.9756	101
36.9764	101
36.9774	101
36.9782	101
36.9791	101
36.9799	101
36.9807	101
36.9816	101
36.9824	101
36.9833	101
36.9841	101
36.985	101
36.9858	101
36.9866	101
36.9875	101
36.9883	101
36.9892	101
36.99	101
36.9909	101
36.9917	101
36.9925	101
36.9934	101
36.9942	101
36.9951	101
36.9959	101
36.9968	101
36.9976	101
36.9985	101
36.9993	101
37.0001	101
37.001	101
37.0018	101
37.0027	101
37.0035	101
37.0044	101
37.0052	101
37.006	101
37.0069	101
37.0077	101
37.0086	101
37.0094	101
37.0103	101
37.0111	101
37.0119	101
37.0128	101
37.0136	101
37.0145	101
37.0153	101
37.0162	101
37.017	101
37.0178	101
37.0187	101
37.0195	101
37.0204	101
37.0212	101
37.0221	101
37.0229	101
37.0237	101
37.0246	101
37.0254	101
37.0263	101
37.0271	101
37.028	101
37.0288	101
37.0297	101
37.0305	101
37.0313	101
37.0322	101
37.033	101
37.0339	101
37.0347	101
37.0356	101
37.0364	101
37.0372	101
37.0381	101
37.0389	101
37.0398	101
37.0406	101
37.0415	101
37.0423	101
37.0431	101
37.044	101
37.0448	101
37.0457	101
37.0465	101
37.0474	101
37.0482	101
37.049	101
37.0499	101
37.0507	101
37.0516	101
37.0524	101
37.0533	101
37.0541	101
37.0549	101
37.0558	101
37.0566	101
37.0575	101
37.0583	101
37.0592	101
37.06	101
37.0608	101
37.0617	101
37.0625	101
37.0634	101
37.0642	101
37.0651	101
37.0659	101
37.0668	101
37.0676	101
37.0684	101
37.0693	101
37.0701	101
37.071	101
37.0718	101
37.0727	101
37.0735	101
37.0743	101
37.0752	101
37.076	101
37.0769	101
37.0777	101
37.0786	101
37.0794	101
37.0802	101
37.0811	101
37.0819	101
37.0828	101
37.0836	101
37.0845	101
37.0853	101
37.0861	101
37.087	101
37.0878	101
37.0887	101
37.0895	101
37.0904	101
37.0912	101
37.092	101
37.0929	101
37.0937	101
37.0946	101
37.0954	101
37.0963	101
37.0971	101
37.0979	101
37.0988	101
37.0996	101
37.1005	101
37.1013	101
37.1022	101
37.103	101
37.1039	101
37.1047	101
37.1055	101
37.1064	101
37.1072	101
37.1081	101
37.1089	101
37.1098	101
37.1106	101
37.1114	101
37.1123	101
37.1131	101
37.114	101
37.1148	101
37.1157	101
37.1165	101
37.1173	101
37.1182	101
37.119	101
37.1199	101
37.1207	101
37.1216	101
37.1224	101
37.1232	101
37.1241	101
37.1249	101
37.1258	101
37.1266	101
37.1275	101
37.1283	101
37.1291	101
37.13	101
37.1308	101
37.1317	101
37.1325	101
37.1334	101
37.1342	101
37.1351	101
37.1359	101
37.1367	101
37.1376	101
37.1384	101
37.1393	101
37.1401	101
37.141	101
37.1418	101
37.1426	101
37.1435	101
37.1443	101
37.1452	101
37.146	101
37.1469	101
37.1477	101
37.1485	101
37.1494	101
37.1502	101
37.1511	101
37.1519	101
37.1528	101
37.1536	101
37.1544	101
37.1553	101
37.1561	101
37.157	101
37.1578	101
37.1587	101
37.1595	101
37.1603	101
37.1612	101
37.162	101
37.1629	101
37.1637	101
37.1646	101
37.1654	101
37.1662	101
37.1671	101
37.1679	101
37.1688	101
37.1696	101
37.1705	101
37.1713	101
37.1722	101
37.173	101
37.1738	101
37.1747	101
37.1755	101
37.1764	101
37.1772	101
37.1781	101
37.1789	101
37.1797	101
37.1806	101
37.1814	101
37.1823	101
37.1831	101
37.184	101
37.1848	101
37.1856	101
37.1865	101
37.1873	101
37.1882	101
37.189	101
37.1899	101
37.1907	101
37.1915	101
37.1924	101
37.1932	101
37.1941	101
37.1949	101
37.1958	101
37.1966	101
37.1974	101
37.1983	101
37.1991	101
37.2	101
37.2008	101
37.2017	101
37.2025	101
37.2033	101
37.2042	101
37.205	101
37.2059	101
37.2067	101
37.2076	101
37.2084	101
37.2093	101
37.2101	101
37.2109	101
37.2118	101
37.2126	101
37.2135	101
37.2143	101
37.2152	101
37.216	101
37.2168	101
37.2177	101
37.2185	101
37.2194	101
37.2202	101
37.2211	101
37.2219	101
37.2227	101
37.2236	101
37.2244	101
37.2253	101
37.2261	101
37.227	101
37.2278	101
37.2286	101
37.2295	101
37.2303	101
37.2312	101
37.232	102
37.2329	102
37.2337	102
37.2345	102
37.2354	102
37.2362	102
37.2371	102
37.2379	102
37.2388	102
37.2396	102
37.2405	102
37.2413	102
37.2421	102
37.243	102
37.2438	102
37.2447	102
37.2455	102
37.2464	102
37.2472	102
37.248	102
37.2489	102
37.2497	102
37.2506	102
37.2514	102
37.2523	102
37.2531	102
37.2539	102
37.2548	102
37.2556	102
37.2565	102
37.2573	102
37.2582	102
37.259	102
37.2598	102
37.2607	102
37.2615	102
37.2624	102
37.2632	102
37.2641	102
37.2649	102
37.2657	102
37.2666	102
37.2674	102
37.2683	102
37.2691	102
37.27	102
37.2708	102
37.2716	102
37.2725	102
37.2733	102
37.2742	102
37.275	102
37.2759	102
37.2767	102
37.2776	102
37.2784	102
37.2792	102
37.2801	102
37.2809	102
37.2818	102
37.2826	102
37.2835	102
37.2843	102
37.2851	102
37.286	102
37.2868	102
37.2877	102
37.2885	102
37.2894	102
37.2902	102
37.291	102
37.2919	102
37.2927	102
37.2936	102
37.2944	102
37.2953	102
37.2961	102
37.2969	102
37.2978	102
37.2986	102
37.2995	102
37.3003	102
37.3012	102
37.302	102
37.3028	102
37.3037	102
37.3045	102
37.3054	102
37.3062	102
37.3071	102
37.3079	102
37.3087	102
37.3096	102
37.3104	102
37.3113	102
37.3121	102
37.313	102
37.3138	102
37.3147	102
37.3155	102
37.3163	102
37.3172	102
37.318	102
37.3189	102
37.3197	102
37.3206	102
37.3214	102
37.3222	102
37.3231	102
37.3239	102
37.3248	102
37.3256	102
37.3265	102
37.3273	102
37.3281	102
37.329	102
37.3298	102
37.3307	102
37.3315	102
37.3324	102
37.3332	102
37.334	102
37.3349	102
37.3357	102
37.3366	102
37.3374	102
37.3383	102
37.3391	102
37.3399	102
37.3408	102
37.3416	102
37.3425	102
37.3433	102
37.3442	102
37.345	102
37.3459	102
37.3467	102
37.3475	102
37.3484	102
37.3492	102
37.3501	102
37.3509	102
37.3518	102
37.3526	102
37.3534	102
37.3543	102
37.3551	102
37.356	102
37.3568	102
37.3577	102
37.3585	102
37.3593	102
37.3602	102
37.361	102
37.3619	102
37.3627	102
37.3636	102
37.3644	102
37.3652	102
37.3661	102
37.3669	102
37.3678	102
37.3686	102
37.3695	102
37.3703	102
37.3711	102
37.372	102
37.3728	102
37.3737	102
37.3745	102
37.3754	102
37.3762	102
37.377	102
37.3779	102
37.3787	102
37.3796	102
37.3804	102
37.3813	102
37.3821	102
37.383	102
37.3838	102
37.3846	102
37.3855	102
37.3863	102
37.3872	102
37.388	102
37.3889	102
37.3897	102
37.3905	102
37.3914	102
37.3922	102
37.3931	102
37.3939	102
37.3948	102
37.3956	102
37.3964	102
37.3973	102
37.3981	102
37.399	102
37.3998	102
37.4007	102
37.4015	102
37.4023	102
37.4032	102
37.404	102
37.4049	102
37.4057	102
37.4066	102
37.4074	102
37.4082	102
37.4091	102
37.4099	102
37.4108	102
37.4116	102
37.4125	102
37.4133	102
37.4141	102
37.415	102
37.4158	102
37.4167	102
37.4175	102
37.4184	102
37.4192	102
37.4201	102
37.4209	102
37.4217	102
37.4226	102
37.4234	102
37.4243	102
37.4251	102
37.426	102
37.4268	102
37.4276	102
37.4285	102
37.4293	102
37.4302	102
37.431	102
37.4319	102
37.4327	102
37.4335	102
37.4344	102
37.4352	102
37.4361	102
37.4369	102
37.4378	102
37.4386	102
37.4394	102
37.4403	102
37.4411	102
37.442	102
37.4428	102
37.4437	102
37.4445	102
37.4453	102
37.4462	102
37.447	102
37.4479	102
37.4487	102
37.4496	102
37.4504	102
37.4513	102
37.4521	102
37.4529	102
37.4538	102
37.4546	102
37.4555	102
37.4563	102
37.4572	102
37.458	102
37.4588	102
37.4597	102
37.4605	102
37.4614	102
37.4622	102
37.4631	102
37.4639	102
37.4647	102
37.4656	102
37.4664	102
37.4673	102
37.4681	102
37.469	102
37.4698	102
37.4706	102
37.4715	102
37.4723	102
37.4732	102
37.474	102
37.4749	102
37.4757	102
37.4765	102
37.4774	102
37.4782	102
37.4791	102
37.4799	102
37.4808	102
37.4816	102
37.4824	102
37.4833	102
37.4841	102
37.485	102
37.4858	102
37.4867	102
37.4875	102
37.4884	102
37.4892	102
37.49	102
37.4909	102
37.4917	102
37.4926	102
37.4934	102
37.4943	102
37.4951	102
37.4959	102
37.4968	102
37.4976	102
37.4985	102
37.4993	102
37.5002	102
37.501	102
37.5018	102
37.5027	102
37.5035	102
37.5044	102
37.5052	102
37.5061	102
37.5069	102
37.5077	102
37.5086	102
37.5094	102
37.5103	102
37.5111	102
37.512	102
37.5128	102
37.5136	102
37.5145	102
37.5153	102
37.5162	102
37.517	102
37.5179	102
37.5187	102
37.5195	102
37.5204	102
37.5212	102
37.5221	102
37.5229	102
37.5238	102
37.5246	102
37.5255	102
37.5263	102
37.5271	102
37.528	102
37.5288	102
37.5297	102
37.5305	102
37.5314	102
37.5322	102
37.533	102
37.5339	102
37.5347	102
37.5356	102
37.5364	102
37.5373	102
37.5381	102
37.5389	102
37.5398	102
37.5406	102
37.5415	102
37.5423	102
37.5432	102
37.544	102
37.5448	102
37.5457	102
37.5465	102
37.5474	102
37.5482	102
37.5491	102
37.5499	102
37.5507	102
37.5516	102
37.5524	102
37.5533	102
37.5541	102
37.555	102
37.5558	102
37.5567	102
37.5575	102
37.5583	102
37.5592	102
37.56	102
37.5609	102
37.5617	102
37.5626	102
37.5634	102
37.5642	102
37.5651	102
37.5659	102
37.5668	102
37.5676	102
37.5685	102
37.5693	102
37.5701	102
37.571	102
37.5718	102
37.5727	102
37.5735	102
37.5744	102
37.5752	102
37.576	102
37.5769	102
37.5777	102
37.5786	102
37.5794	102
37.5803	102
37.5811	102
37.5819	102
37.5828	102
37.5836	102
37.5845	102
37.5853	102
37.5862	102
37.587	102
37.5878	102
37.5887	102
37.5895	102
37.5904	102
37.5912	102
37.5921	102
37.5929	102
37.5938	102
37.5946	102
37.5954	102
37.5963	102
37.5971	102
37.598	102
37.5988	102
37.5997	102
37.6005	102
37.6013	102
37.6022	102
37.603	102
37.6039	102
37.6047	102
37.6056	102
37.6064	102
37.6072	102
37.6081	102
37.6089	102
37.6098	102
37.6106	102
37.6115	102
37.6123	102
37.6131	102
37.614	102
37.6148	102
37.6157	102
37.6165	102
37.6174	102
37.6182	102
37.619	102
37.6199	102
37.6207	102
37.6216	102
37.6224	102
37.6233	102
37.6241	102
37.6249	102
37.6258	102
37.6266	102
37.6275	102
37.6283	102
37.6292	102
37.63	102
37.6309	102
37.6317	102
37.6325	102
37.6334	102
37.6342	102
37.6351	102
37.6359	102
37.6368	102
37.6376	102
37.6384	102
37.6393	102
37.6401	102
37.641	102
37.6418	102
37.6427	102
37.6435	102
37.6443	102
37.6452	102
37.646	102
37.6469	102
37.6477	102
37.6486	102
37.6494	102
37.6502	102
37.6511	102
37.6519	102
37.6528	102
37.6536	102
37.6545	102
37.6553	102
37.6561	102
37.657	102
37.6578	102
37.6587	102
37.6595	102
37.6604	102
37.6612	102
37.6621	102
37.6629	102
37.6637	102
37.6646	102
37.6654	102
37.6663	102
37.6671	102
37.668	102
37.6688	102
37.6696	102
37.6705	102
37.6713	102
37.6722	102
37.673	102
37.6739	102
37.6747	102
37.6755	102
37.6764	102
37.6772	102
37.6781	102
37.6789	102
37.6798	102
37.6806	102
37.6814	102
37.6823	102
37.6831	102
37.684	102
37.6848	101
37.6857	101
37.6865	101
37.6873	101
37.6882	101
37.689	101
37.6899	101
37.6907	101
37.6916	101
37.6924	101
37.6932	101
37.6941	101
37.6949	101
37.6958	101
37.6966	101
37.6975	101
37.6983	101
37.6992	101
37.7	101
37.7008	101
37.7017	101
37.7025	101
37.7034	101
37.7042	101
37.7051	101
37.7059	101
37.7067	101
37.7076	101
37.7084	101
37.7093	101
37.7101	101
37.711	101
37.7118	101
37.7126	101
37.7135	101
37.7143	101
37.7152	101
37.716	101
37.7169	101
37.7177	101
37.7185	101
37.7194	101
37.7202	101
37.7211	101
37.7219	101
37.7228	101
37.7236	101
37.7244	101
37.7253	101
37.7261	101
37.727	101
37.7278	101
37.7287	101
37.7295	101
37.7303	101
37.7312	101
37.732	101
37.7329	101
37.7337	101
37.7346	101
37.7354	101
37.7363	101
37.7371	101
37.7379	101
37.7388	101
37.7396	101
37.7405	101
37.7413	101
37.7422	101
37.743	101
37.7438	101
37.7447	101
37.7455	101
37.7464	101
37.7472	101
37.7481	101
37.7489	101
37.7497	101
37.7506	101
37.7514	101
37.7523	101
37.7531	101
37.754	101
37.7548	101
37.7556	101
37.7565	101
37.7573	101
37.7582	101
37.759	101
37.7599	101
37.7607	101
37.7615	101
37.7624	101
37.7632	101
37.7641	101
37.7649	101
37.7658	101
37.7666	101
37.7675	101
37.7683	101
37.7691	101
37.77	101
37.7708	101
37.7717	101
37.7725	101
37.7734	101
37.7742	101
37.775	101
37.7759	101
37.7767	101
37.7776	101
37.7784	101
37.7793	101
37.7801	101
37.7809	101
37.7818	101
37.7826	101
37.7835	101
37.7843	101
37.7853	101
37.7861	101
37.787	101
37.7878	101
37.7887	101
37.7895	101
37.7903	101
37.7912	101
37.792	101
37.7929	101
37.7937	101
37.7946	101
37.7954	101
37.7962	101
37.7971	101
37.7979	101
37.7988	101
37.7996	101
37.8005	101
37.8013	101
37.8021	101
37.803	101
37.8038	101
37.8047	101
37.8055	101
37.8064	101
37.8072	101
37.808	101
37.8089	101
37.8097	101
37.8106	101
37.8114	101
37.8123	101
37.8131	101
37.8139	101
37.8148	101
37.8156	101
37.8165	101
37.8173	101
37.8182	101
37.819	101
37.8198	101
37.8207	101
37.8215	101
37.8224	101
37.8232	101
37.8241	101
37.8249	101
37.8258	101
37.8266	101
37.8274	101
37.8283	101
37.8291	101
37.83	101
37.8308	101
37.8317	101
37.8325	101
37.8333	101
37.8342	101
37.835	101
37.8359	101
37.8367	101
37.8376	101
37.8384	101
37.8392	101
37.8401	101
37.8409	101
37.8418	101
37.8426	101
37.8435	101
37.8443	101
37.8451	101
37.846	101
37.8468	101
37.8477	101
37.8485	101
37.8494	101
37.8502	101
37.851	101
37.8519	101
37.8527	101
37.8536	101
37.8544	101
37.8553	101
37.8561	101
37.857	101
37.8578	101
37.8586	101
37.8595	101
37.8603	101
37.8612	101
37.862	101
37.8629	101
37.8637	101
37.8645	101
37.8654	101
37.8662	101
37.8671	101
37.8679	101
37.8688	101
37.8696	101
37.8704	101
37.8713	101
37.8721	101
37.873	101
37.8738	101
37.8747	101
37.8755	101
37.8763	101
37.8772	101
37.878	101
37.8789	101
37.8797	101
37.8806	101
37.8814	101
37.8822	101
37.8831	101
37.8839	101
37.8848	101
37.8856	101
37.8865	101
37.8873	101
37.8881	101
37.889	101
37.8898	101
37.8907	101
37.8915	101
37.8924	101
37.8932	101
37.8941	101
37.8949	101
37.8957	101
37.8966	101
37.8974	101
37.8983	101
37.8991	101
37.9	101
37.9008	101
37.9016	101
37.9025	101
37.9033	101
37.9042	101
37.905	101
37.9059	101
37.9067	101
37.9075	101
37.9084	101
37.9092	101
37.9101	101
37.9109	101
37.9118	101
37.9126	101
37.9134	101
37.9143	101
37.9151	101
37.916	101
37.9168	101
37.9177	101
37.9185	101
37.9193	101
37.9202	101
37.921	101
37.9219	101
37.9227	101
37.9236	101
37.9244	101
37.9252	101
37.9261	101
37.9269	101
37.9278	101
37.9286	101
37.9295	101
37.9303	101
37.9312	101
37.932	101
37.9328	101
37.9337	101
37.9345	101
37.9354	101
37.9362	101
37.9371	101
37.9379	101
37.9387	101
37.9396	101
37.9404	101
37.9413	101
37.9421	101
37.943	101
37.9438	101
37.9446	101
37.9455	101
37.9463	101
37.9472	101
37.948	101
37.9489	101
37.9497	101
37.9505	101
37.9514	101
37.9522	101
37.9531	101
37.9539	101
37.9548	101
37.9556	101
37.9564	101
37.9573	101
37.9581	101
37.959	101
37.9598	101
37.9607	101
37.9615	101
37.9624	101
37.9632	101
37.964	101
37.9649	101
37.9657	101
37.9666	101
37.9674	101
37.9683	101
37.9691	101
37.9699	101
37.9708	101
37.9716	101
37.9725	101
37.9733	101
37.9742	101
37.975	101
37.9758	101
37.9767	101
37.9775	101
37.9784	101
37.9792	101
37.9801	101
37.9809	101
37.9817	101
37.9826	101
37.9834	101
37.9843	101
37.9851	101
37.986	101
37.9868	101
37.9876	101
37.9885	101
37.9893	101
37.9902	101
37.991	101
37.9919	101
37.9927	101
37.9935	101
37.9944	101
37.9952	101
37.9961	101
37.9969	101
37.9978	101
37.9986	101
37.9995	101
38.0003	101
38.0011	101
38.002	101
38.0028	101
38.0037	101
38.0045	101
38.0054	101
38.0062	101
38.007	101
38.0079	101
38.0087	101
38.0096	101
38.0104	101
38.0113	101
38.0121	101
38.0129	101
38.0138	101
38.0146	101
38.0155	101
38.0163	101
38.0172	101
38.018	102
38.0188	102
38.0197	102
38.0205	102
38.0214	102
38.0222	102
38.0231	102
38.0239	102
38.0247	102
38.0256	102
38.0264	102
38.0273	102
38.0281	102
38.029	102
38.0298	102
38.0306	102
38.0315	102
38.0323	102
38.0332	102
38.034	102
38.0349	102
38.0357	102
38.0366	102
38.0374	102
38.0382	102
38.0391	102
38.0399	102
38.0408	102
38.0416	102
38.0425	102
38.0433	102
38.0441	102
38.045	102
38.0458	102
38.0467	102
38.0475	102
38.0484	102
38.0492	102
38.05	102
38.0509	102
38.0517	102
38.0526	102
38.0534	102
38.0543	102
38.0551	102
38.0559	102
38.0568	102
38.0576	102
38.0585	102
38.0593	102
38.0602	102
38.061	102
38.0618	102
38.0627	102
38.0635	102
38.0644	102
38.0652	102
38.0661	102
38.0669	102
38.0678	102
38.0686	102
38.0694	102
38.0703	102
38.0711	102
38.072	102
38.0728	102
38.0737	102
38.0745	102
38.0753	102
38.0762	102
38.077	102
38.0779	102
38.0787	102
38.0796	102
38.0804	102
38.0812	102
38.0821	102
38.0829	102
38.0838	102
38.0846	102
38.0855	102
38.0863	102
38.0871	102
38.088	102
38.0888	102
38.0897	102
38.0905	102
38.0914	102
38.0922	102
38.093	102
38.0939	102
38.0947	102
38.0956	102
38.0964	102
38.0973	102
38.0981	102
38.0989	102
38.0998	102
38.1006	102
38.1015	102
38.1023	102
38.1032	102
38.104	102
38.1049	102
38.1057	102
38.1065	102
38.1074	102
38.1082	102
38.1091	102
38.1099	102
38.1108	102
38.1116	102
38.1124	102
38.1133	102
38.1141	102
38.115	102
38.1158	102
38.1167	102
38.1175	102
38.1183	102
38.1192	102
38.12	102
38.1209	102
38.1217	102
38.1226	102
38.1234	102
38.1242	102
38.1251	102
38.1259	102
38.1268	102
38.1276	102
38.1285	102
38.1293	102
38.1301	102
38.131	102
38.1318	102
38.1327	102
38.1335	102
38.1344	102
38.1352	102
38.136	102
38.1369	102
38.1377	102
38.1386	102
38.1394	102
38.1403	102
38.1411	102
38.142	102
38.1428	102
38.1436	102
38.1445	102
38.1453	102
38.1462	102
38.147	102
38.1479	102
38.1487	102
38.1495	102
38.1504	102
38.1512	102
38.1521	102
38.1529	102
38.1538	102
38.1546	102
38.1554	102
38.1563	102
38.1571	102
38.158	102
38.1588	102
38.1597	102
38.1605	102
38.1613	102
38.1622	102
38.163	102
38.1639	102
38.1647	102
38.1656	102
38.1664	102
38.1672	102
38.1681	102
38.1689	102
38.1698	102
38.1706	102
38.1715	102
38.1723	102
38.1732	102
38.174	102
38.1748	102
38.1757	102
38.1765	102
38.1774	102
38.1782	102
38.1791	102
38.1799	102
38.1807	102
38.1816	102
38.1824	102
38.1833	102
38.1841	102
38.185	102
38.1858	102
38.1866	102
38.1875	102
38.1883	102
38.1892	102
38.19	102
38.1909	102
38.1917	102
38.1925	102
38.1934	102
38.1942	102
38.1951	102
38.1959	102
38.1968	102
38.1976	102
38.1984	102
38.1993	102
38.2001	102
38.201	102
38.2018	102
38.2027	102
38.2035	102
38.2043	102
38.2052	102
38.206	102
38.2069	102
38.2077	102
38.2086	102
38.2094	102
38.2103	102
38.2111	102
38.2119	102
38.2128	102
38.2136	102
38.2145	102
38.2153	102
38.2162	102
38.217	102
38.2178	102
38.2187	102
38.2195	102
38.2204	102
38.2212	102
38.2221	102
38.2229	102
38.2237	102
38.2246	102
38.2254	102
38.2263	102
38.2271	102
38.228	102
38.2288	102
38.2296	102
38.2305	102
38.2313	102
38.2322	102
38.233	102
38.2339	102
38.2347	102
38.2355	102
38.2364	102
38.2372	102
38.2381	102
38.2389	102
38.2398	102
38.2406	102
38.2414	102
38.2423	102
38.2431	102
38.244	102
38.2448	102
38.2457	102
38.2465	102
38.2474	102
38.2482	102
38.249	102
38.2499	102
38.2507	102
38.2516	102
38.2524	102
38.2533	102
38.2541	102
38.2549	102
38.2558	102
38.2566	102
38.2575	102
38.2583	102
38.2592	102
38.26	102
38.2608	102
38.2617	102
38.2625	102
38.2634	102
38.2642	102
38.2651	102
38.2659	102
38.2667	102
38.2676	102
38.2684	102
38.2693	102
38.2701	102
38.271	102
38.2718	102
38.2726	102
38.2735	102
38.2743	102
38.2752	102
38.276	102
38.2769	102
38.2777	102
38.2786	102
38.2794	102
38.2802	102
38.2811	102
38.2819	102
38.2828	102
38.2836	102
38.2845	102
38.2853	102
38.2861	102
38.287	102
38.2878	102
38.2887	102
38.2895	102
38.2904	102
38.2912	102
38.292	102
38.2929	102
38.2937	102
38.2946	102
38.2954	102
38.2963	102
38.2971	102
38.2979	102
38.2988	102
38.2996	102
38.3005	102
38.3013	102
38.3022	102
38.303	102
38.3038	102
38.3047	102
38.3055	102
38.3064	102
38.3072	102
38.3081	102
38.3089	102
38.3097	102
38.3106	102
38.3114	102
38.3123	102
38.3131	102
38.314	102
38.3148	102
38.3157	102
38.3165	102
38.3173	102
38.3182	102
38.319	102
38.3199	102
38.3207	102
38.3216	102
38.3224	102
38.3232	102
38.3241	102
38.3249	102
38.3258	102
38.3266	102
38.3275	102
38.3283	102
38.3291	102
38.33	102
38.3308	102
38.3317	102
38.3325	102
38.3334	102
38.3342	102
38.335	102
38.3359	102
38.3367	102
38.3376	102
38.3384	102
38.3393	102
38.3401	102
38.3409	102
38.3418	102
38.3426	102
38.3435	102
38.3443	102
38.3452	102
38.346	102
38.3468	102
38.3477	102
38.3485	102
38.3494	102
38.3502	102
38.3511	102
38.3519	102
38.3528	102
38.3536	102
38.3544	102
38.3553	102
38.3561	102
38.357	102
38.3578	102
38.3587	102
38.3595	102
38.3603	102
38.3612	102
38.362	102
38.3629	102
38.3637	102
38.3646	102
38.3654	102
38.3662	102
38.3671	102
38.3679	102
38.3688	102
38.3696	102
38.3705	102
38.3713	102
38.3721	102
38.373	102
38.3738	102
38.3747	102
38.3755	102
38.3764	102
38.3772	102
38.378	102
38.3789	102
38.3797	102
38.3806	102
38.3814	102
38.3823	102
38.3831	102
38.384	102
38.3848	102
38.3856	102
38.3865	102
38.3873	102
38.3882	102
38.389	102
38.3899	102
38.3907	102
38.3915	102
38.3924	102
38.3932	102
38.3941	102
38.3949	102
38.3958	102
38.3966	102
38.3974	102
38.3983	102
38.3991	102
38.4	102
38.4008	102
38.4017	102
38.4025	102
38.4033	102
38.4042	102
38.405	102
38.4059	102
38.4067	102
38.4076	102
38.4084	102
38.4092	102
38.4101	102
38.4109	102
38.4118	102
38.4126	102
38.4135	102
38.4143	102
38.4151	102
38.416	102
38.4168	102
38.4177	102
38.4185	102
38.4194	102
38.4202	102
38.4211	102
38.4219	102
38.4227	102
38.4236	102
38.4244	102
38.4253	102
38.4261	102
38.427	102
38.4278	102
38.4286	102
38.4295	102
38.4303	102
38.4312	102
38.432	102
38.4329	102
38.4337	102
38.4345	102
38.4354	102
38.4362	102
38.4371	102
38.4379	102
38.4388	102
38.4396	102
38.4404	102
38.4413	102
38.4421	102
38.443	102
38.4438	102
38.4447	102
38.4455	102
38.4463	102
38.4472	102
38.448	102
38.4489	102
38.4497	102
38.4506	102
38.4514	102
38.4522	102
38.4531	102
38.4539	102
38.4548	102
38.4556	102
38.4565	102
38.4573	102
38.4582	102
38.459	102
38.4598	102
38.4607	102
38.4615	102
38.4624	102
38.4632	102
38.4641	102
38.4649	102
38.4657	102
38.4666	102
38.4674	102
38.4683	102
38.4691	102
38.47	102
38.4708	102
38.4716	102
38.4725	102
38.4733	102
38.4742	102
38.475	102
38.4759	102
38.4767	102
38.4775	102
38.4784	102
38.4792	102
38.4801	102
38.4809	102
38.4818	102
38.4826	102
38.4834	102
38.4843	102
38.4851	102
38.486	102
38.4868	102
38.4877	102
38.4885	102
38.4894	102
38.4902	102
38.491	102
38.4919	102
38.4927	101
38.4936	101
38.4944	101
38.4953	101
38.4961	101
38.4969	101
38.4978	101
38.4986	101
38.4995	101
38.5003	101
38.5012	101
38.502	101
38.5028	101
38.5037	101
38.5045	101
38.5054	101
38.5062	101
38.5071	101
38.5079	101
38.5087	101
38.5096	101
38.5104	101
38.5113	101
38.5121	101
38.513	101
38.5138	101
38.5146	101
38.5155	101
38.5163	101
38.5172	101
38.518	101
38.5189	101
38.5197	101
38.5205	101
38.5214	101
38.5222	101
38.5231	101
38.5239	101
38.5248	101
38.5256	101
38.5265	101
38.5273	101
38.5281	101
38.529	101
38.5298	101
38.5307	101
38.5315	101
38.5324	101
38.5332	101
38.534	101
38.5349	101
38.5357	101
38.5366	101
38.5374	101
38.5383	101
38.5391	101
38.5399	101
38.5408	101
38.5416	101
38.5425	101
38.5433	101
38.5442	101
38.545	101
38.5458	101
38.5467	101
38.5475	101
38.5484	101
38.5492	101
38.5501	101
38.5509	101
38.5517	101
38.5526	101
38.5534	101
38.5543	101
38.5551	101
38.556	101
38.5568	101
38.5576	101
38.5585	101
38.5593	101
38.5602	101
38.561	101
38.5619	101
38.5627	101
38.5636	101
38.5644	101
38.5652	101
38.5661	101
38.5669	101
38.5678	101
38.5686	101
38.5695	101
38.5703	101
38.5711	101
38.572	101
38.5728	101
38.5737	101
38.5745	101
38.5754	101
38.5762	101
38.577	101
38.5779	101
38.5787	101
38.5796	101
38.5804	101
38.5813	101
38.5821	101
38.5829	101
38.5838	101
38.5846	101
38.5855	101
38.5863	101
38.5872	101
38.588	101
38.5888	101
38.5897	101
38.5905	101
38.5914	101
38.5922	101
38.5932	101
38.594	101
38.5949	101
38.5957	101
38.5966	101
38.5974	101
38.5982	101
38.5991	101
38.5999	101
38.6008	101
38.6016	101
38.6025	101
38.6033	101
38.6041	101
38.605	101
38.6058	101
38.6067	101
38.6075	101
38.6084	101
38.6092	101
38.61	101
38.6109	101
38.6117	101
38.6126	101
38.6134	101
38.6143	101
38.6151	101
38.616	101
38.6168	101
38.6176	101
38.6185	101
38.6193	101
38.6202	101
38.621	101
38.6219	101
38.6227	101
38.6235	101
38.6244	101
38.6252	101
38.6261	101
38.6269	101
38.6278	101
38.6286	101
38.6294	101
38.6303	101
38.6311	101
38.632	101
38.6328	101
38.6337	101
38.6345	101
38.6353	101
38.6362	101
38.637	101
38.6379	101
38.6387	101
38.6396	101
38.6404	101
38.6412	101
38.6421	101
38.6429	101
38.6438	101
38.6446	101
38.6455	101
38.6463	101
38.6471	101
38.648	101
38.6488	101
38.6497	101
38.6505	101
38.6514	101
38.6522	101
38.6531	101
38.6539	101
38.6547	101
38.6556	101
38.6564	101
38.6573	101
38.6581	101
38.659	101
38.6598	101
38.6606	101
38.6615	101
38.6623	101
38.6632	101
38.664	101
38.6649	101
38.6657	101
38.6665	101
38.6674	101
38.6682	101
38.6691	101
38.6699	101
38.6708	101
38.6716	101
38.6724	101
38.6733	101
38.6741	101
38.675	101
38.6758	101
38.6767	101
38.6775	101
38.6783	101
38.6792	101
38.68	101
38.6809	101
38.6817	101
38.6826	101
38.6834	101
38.6842	101
38.6851	101
38.6859	101
38.6868	101
38.6876	101
38.6885	101
38.6893	101
38.6902	101
38.691	101
38.6918	101
38.6927	101
38.6935	101
38.6944	101
38.6952	101
38.6961	101
38.6969	101
38.6977	101
38.6986	101
38.6994	101
38.7003	101
38.7011	101
38.702	101
38.7028	101
38.7036	101
38.7045	101
38.7053	101
38.7062	101
38.707	101
38.7079	101
38.7087	101
38.7095	101
38.7104	101
38.7112	101
38.7121	101
38.7129	101
38.7138	101
38.7146	101
38.7154	101
38.7163	101
38.7171	101
38.718	101
38.7188	101
38.7197	101
38.7205	101
38.7214	101
38.7222	101
38.723	101
38.7239	101
38.7247	101
38.7256	101
38.7264	101
38.7273	101
38.7281	101
38.7289	101
38.7298	101
38.7306	101
38.7315	101
38.7323	101
38.7332	101
38.734	101
38.7348	101
38.7357	101
38.7365	101
38.7374	101
38.7382	101
38.7391	101
38.7399	101
38.7407	101
38.7416	101
38.7424	101
38.7433	101
38.7441	101
38.745	101
38.7458	101
38.7466	101
38.7475	101
38.7483	101
38.7492	101
38.75	101
38.7509	101
38.7517	101
38.7525	101
38.7534	101
38.7542	101
38.7551	101
38.7559	101
38.7568	101
38.7576	101
38.7585	101
38.7593	101
38.7601	101
38.761	101
38.7618	101
38.7627	101
38.7635	101
38.7644	101
38.7652	101
38.766	101
38.7669	101
38.7677	101
38.7686	101
38.7694	101
38.7703	101
38.7711	101
38.7719	101
38.7728	101
38.7736	101
38.7745	101
38.7753	101
38.7762	101
38.777	101
38.7778	101
38.7787	101
38.7795	101
38.7804	101
38.7812	101
38.7821	101
38.7829	101
38.7837	101
38.7846	101
38.7854	101
38.7863	101
38.7871	101
38.788	101
38.7888	101
38.7896	101
38.7905	101
38.7913	101
38.7922	101
38.793	101
38.7939	101
38.7947	101
38.7956	101
38.7964	101
38.7972	101
38.7981	101
38.7989	101
38.7998	101
38.8006	101
38.8015	101
38.8023	101
38.8031	101
38.804	101
38.8048	101
38.8057	101
38.8065	101
38.8074	101
38.8082	101
38.809	101
38.8099	101
38.8107	101
38.8116	101
38.8124	101
38.8133	101
38.8141	101
38.8149	101
38.8158	101
38.8166	101
38.8175	101
38.8183	101
38.8192	101
38.82	102
38.8208	102
38.8217	102
38.8225	102
38.8234	102
38.8242	102
38.8251	102
38.8259	102
38.8268	102
38.8276	102
38.8284	102
38.8293	102
38.8301	102
38.831	102
38.8318	102
38.8327	102
38.8335	102
38.8343	102
38.8352	102
38.836	102
38.8369	102
38.8377	102
38.8386	102
38.8394	102
38.8402	102
38.8411	102
38.8419	102
38.8428	102
38.8436	102
38.8445	102
38.8453	102
38.8461	102
38.847	102
38.8478	102
38.8487	102
38.8495	102
38.8504	102
38.8512	102
38.852	102
38.8529	102
38.8537	102
38.8546	102
38.8554	102
38.8563	102
38.8571	102
38.8579	102
38.8588	102
38.8596	102
38.8605	102
38.8613	102
38.8622	102
38.863	102
38.8639	102
38.8647	102
38.8655	102
38.8664	102
38.8672	102
38.8681	102
38.8689	102
38.8698	102
38.8706	102
38.8714	102
38.8723	102
38.8731	102
38.874	102
38.8748	102
38.8757	102
38.8765	102
38.8773	102
38.8782	102
38.879	102
38.8799	102
38.8807	102
38.8816	102
38.8824	102
38.8832	102
38.8841	102
38.8849	102
38.8858	102
38.8866	102
38.8875	102
38.8883	102
38.8891	102
38.89	102
38.8908	102
38.8917	102
38.8925	102
38.8934	102
38.8942	102
38.895	102
38.8959	102
38.8967	102
38.8976	102
38.8984	102
38.8993	102
38.9001	102
38.901	102
38.9018	102
38.9026	102
38.9035	102
38.9043	102
38.9052	102
38.906	102
38.9069	102
38.9077	102
38.9085	102
38.9094	102
38.9102	102
38.9111	102
38.9119	102
38.9128	102
38.9136	102
38.9144	102
38.9153	102
38.9161	102
38.917	102
38.9178	102
38.9187	102
38.9195	102
38.9203	102
38.9212	102
38.922	102
38.9229	102
38.9237	102
38.9246	102
38.9254	102
38.9262	102
38.9271	102
38.9279	102
38.9288	102
38.9296	102
38.9305	102
38.9313	102
38.9322	102
38.933	102
38.9338	102
38.9347	102
38.9355	102
38.9364	102
38.9372	102
38.9381	102
38.9389	102
38.9397	102
38.9406	102
38.9414	102
38.9423	102
38.9431	102
38.944	102
38.9448	102
38.9456	102
38.9465	102
38.9473	102
38.9482	102
38.949	102
38.9499	102
38.9507	102
38.9515	102
38.9524	102
38.9532	102
38.9541	102
38.9549	102
38.9558	102
38.9566	102
38.9574	102
38.9583	102
38.9591	102
38.96	102
38.9608	102
38.9617	102
38.9625	102
38.9633	102
38.9642	102
38.965	102
38.9659	102
38.9667	102
38.9676	102
38.9684	102
38.9693	102
38.9701	102
38.9709	102
38.9718	102
38.9726	102
38.9735	102
38.9743	102
38.9752	102
38.976	102
38.9768	102
38.9777	102
38.9785	102
38.9794	102
38.9802	102
38.9811	102
38.9819	102
38.9827	102
38.9836	102
38.9844	102
38.9853	102
38.9861	102
38.987	102
38.9878	102
38.9886	102
38.9895	102
38.9903	102
38.9912	102
38.992	102
38.9929	102
38.9937	102
38.9945	102
38.9954	102
38.9962	102
38.9971	102
38.9979	102
38.9988	102
38.9996	102
39.0004	102
39.0013	102
39.0021	102
39.003	102
39.0038	102
39.0047	102
39.0055	102
39.0064	102
39.0072	102
39.008	102
39.0089	102
39.0097	102
39.0106	102
39.0114	102
39.0123	102
39.0131	102
39.0139	102
39.0148	102
39.0156	102
39.0165	102
39.0173	102
39.0182	102
39.019	102
39.0198	102
39.0207	102
39.0215	102
39.0224	102
39.0232	102
39.0241	102
39.0249	102
39.0257	102
39.0266	102
39.0274	102
39.0283	102
39.0291	102
39.03	102
39.0308	102
39.0316	102
39.0325	102
39.0333	102
39.0342	102
39.035	102
39.0359	102
39.0367	102
39.0376	102
39.0384	102
39.0392	102
39.0401	102
39.0409	102
39.0418	102
39.0426	102
39.0435	102
39.0443	102
39.0451	102
39.046	102
39.0468	102
39.0477	102
39.0485	102
39.0494	102
39.0502	102
39.051	102
39.0519	102
39.0527	102
39.0536	102
39.0544	102
39.0553	102
39.0561	102
39.0569	102
39.0578	102
39.0586	102
39.0595	102
39.0603	102
39.0612	102
39.062	102
39.0628	102
39.0637	102
39.0645	102
39.0654	102
39.0662	102
39.0671	102
39.0679	102
39.0687	102
39.0696	102
39.0704	102
39.0713	102
39.0721	102
39.073	102
39.0738	102
39.0747	102
39.0755	102
39.0763	102
39.0772	102
39.078	102
39.0789	102
39.0797	102
39.0806	102
39.0814	102
39.0822	102
39.0831	102
39.0839	102
39.0848	102
39.0856	102
39.0865	102
39.0873	102
39.0881	102
39.089	102
39.0898	102
39.0907	102
39.0915	102
39.0924	102
39.0932	102
39.094	102
39.0949	102
39.0957	102
39.0966	102
39.0974	102
39.0983	102
39.0991	102
39.0999	102
39.1008	102
39.1016	102
39.1025	102
39.1033	102
39.1042	102
39.105	102
39.1058	102
39.1067	102
39.1075	102
39.1084	102
39.1092	102
39.1101	102
39.1109	102
39.1118	102
39.1126	102
39.1134	102
39.1143	102
39.1151	102
39.116	102
39.1168	102
39.1177	102
39.1185	102
39.1193	102
39.1202	102
39.121	102
39.1219	102
39.1227	102
39.1236	102
39.1244	102
39.1252	102
39.1261	102
39.1269	102
39.1278	102
39.1286	102
39.1295	102
39.1303	102
39.1311	102
39.132	102
39.1328	102
39.1337	102
39.1345	102
39.1354	102
39.1362	102
39.137	102
39.1379	102
39.1387	102
39.1396	102
39.1404	102
39.1413	102
39.1421	102
39.143	102
39.1438	102
39.1446	102
39.1455	102
39.1463	102
39.1472	102
39.148	102
39.1489	102
39.1497	102
39.1505	102
39.1514	102
39.1522	102
39.1531	102
39.1539	102
39.1548	102
39.1556	102
39.1564	102
39.1573	102
39.1581	102
39.159	102
39.1598	102
39.1607	102
39.1615	102
39.1623	102
39.1632	102
39.164	102
39.1649	102
39.1657	102
39.1666	102
39.1674	102
39.1682	102
39.1691	102
39.1699	102
39.1708	102
39.1716	102
39.1725	102
39.1733	102
39.1741	102
39.175	102
39.1758	102
39.1767	102
39.1775	102
39.1784	102
39.1792	102
39.1801	102
39.1809	102
39.1817	102
39.1826	102
39.1834	102
39.1843	102
39.1851	102
39.186	102
39.1868	102
39.1876	102
39.1885	102
39.1893	102
39.1902	102
39.191	102
39.1919	102
39.1927	102
39.1935	102
39.1944	102
39.1952	102
39.1961	102
39.1969	102
39.1978	102
39.1986	101
39.1994	101
39.2003	101
39.2011	101
39.202	101
39.2028	101
39.2037	101
39.2045	101
39.2053	101
39.2062	101
39.207	101
39.2079	101
39.2087	101
39.2096	101
39.2104	101
39.2112	101
39.2121	101
39.2129	101
39.2138	101
39.2146	101
39.2155	101
39.2163	101
39.2172	101
39.218	101
39.2188	101
39.2197	101
39.2205	101
39.2214	101
39.2222	101
39.2231	101
39.2239	101
39.2247	101
39.2256	101
39.2264	101
39.2273	101
39.2281	101
39.229	101
39.2298	101
39.2306	101
39.2315	101
39.2323	101
39.2332	101
39.234	101
39.2349	101
39.2357	101
39.2365	101
39.2374	101
39.2382	101
39.2391	101
39.2399	101
39.2408	101
39.2416	101
39.2424	101
39.2433	101
39.2441	101
39.245	101
39.2458	101
39.2467	101
39.2475	101
39.2484	101
39.2492	101
39.25	101
39.2509	101
39.2517	101
39.2526	101
39.2534	101
39.2543	101
39.2551	101
39.2559	101
39.2568	101
39.2576	101
39.2585	101
39.2593	101
39.2602	101
39.261	101
39.2618	101
39.2627	101
39.2635	101
39.2644	101
39.2652	101
39.2661	101
39.2669	101
39.2677	101
39.2686	101
39.2694	101
39.2703	101
39.2711	101
39.272	101
39.2728	101
39.2736	101
39.2745	101
39.2753	101
39.2762	101
39.277	101
39.2779	101
39.2787	101
39.2795	101
39.2804	101
39.2812	101
39.2821	101
39.2829	101
39.2838	101
39.2846	101
39.2855	101
39.2863	101
39.2871	101
39.288	101
39.2888	101
39.2897	101
39.2905	101
39.2914	101
39.2922	101
39.293	101
39.2939	101
39.2947	101
39.2956	101
39.2964	101
39.2973	101
39.2981	101
39.2991	101
39.2999	101
39.3007	101
39.3016	101
39.3024	101
39.3033	101
39.3041	101
39.305	101
39.3058	101
39.3067	101
39.3075	101
39.3083	101
39.3092	101
39.31	101
39.3109	101
39.3117	101
39.3126	101
39.3134	101
39.3142	101
39.3151	101
39.3159	101
39.3168	101
39.3176	101
39.3185	101
39.3193	101
39.3201	101
39.321	101
39.3218	101
39.3227	101
39.3235	101
39.3244	101
39.3252	101
39.326	101
39.3269	101
39.3277	101
39.3286	101
39.3294	101
39.3303	101
39.3311	101
39.3319	101
39.3328	101
39.3336	101
39.3345	101
39.3353	101
39.3362	101
39.337	101
39.3378	101
39.3387	101
39.3395	101
39.3404	101
39.3412	101
39.3421	101
39.3429	101
39.3438	101
39.3446	101
39.3454	101
39.3463	101
39.3471	101
39.348	101
39.3488	101
39.3497	101
39.3505	101
39.3513	101
39.3522	101
39.353	101
39.3539	101
39.3547	101
39.3556	101
39.3564	101
39.3572	101
39.3581	101
39.3589	101
39.3598	101
39.3606	101
39.3615	101
39.3623	101
39.3631	101
39.364	101
39.3648	101
39.3657	101
39.3665	101
39.3674	101
39.3682	101
39.369	101
39.3699	101
39.3707	101
39.3716	101
39.3724	101
39.3733	101
39.3741	101
39.375	101
39.3758	101
39.3766	101
39.3775	101
39.3783	101
39.3792	101
39.38	101
39.3809	101
39.3817	101
39.3825	101
39.3834	101
39.3842	101
39.3851	101
39.3859	101
39.3868	101
39.3876	101
39.3884	101
39.3893	101
39.3901	101
39.391	101
39.3918	101
39.3927	101
39.3935	101
39.3943	101
39.3952	101
39.396	101
39.3969	101
39.3977	101
39.3986	101
39.3994	101
39.4002	101
39.4011	101
39.4019	101
39.4028	101
39.4036	101
39.4045	101
39.4053	101
39.4061	101
39.407	101
39.4078	101
39.4087	101
39.4095	101
39.4104	101
39.4112	101
39.4121	101
39.4129	101
39.4137	101
39.4146	101
39.4154	101
39.4163	101
39.4171	101
39.418	101
39.4188	101
39.4196	101
39.4205	101
39.4213	101
39.4222	101
39.423	101
39.4239	101
39.4247	101
39.4255	101
39.4264	101
39.4272	101
39.4281	101
39.4289	101
39.4298	101
39.4306	101
39.4314	101
39.4323	101
39.4331	101
39.434	101
39.4348	101
39.4357	101
39.4365	101
39.4373	101
39.4382	101
39.439	101
39.4399	101
39.4407	101
39.4416	101
39.4424	101
39.4432	101
39.4441	101
39.4449	101
39.4458	101
39.4466	101
39.4475	101
39.4483	101
39.4492	101
39.45	101
39.4508	101
39.4517	101
39.4525	101
39.4534	101
39.4542	101
39.4551	101
39.4559	101
39.4567	101
39.4576	101
39.4584	101
39.4593	101
39.4601	101
39.461	101
39.4618	101
39.4626	101
39.4635	101
39.4643	101
39.4652	101
39.466	101
39.4669	101
39.4677	101
39.4685	101
39.4694	101
39.4702	101
39.4711	101
39.4719	101
39.4728	101
39.4736	101
39.4744	101
39.4753	101
39.4761	101
39.477	101
39.4778	101
39.4787	101
39.4795	101
39.4804	101
39.4812	101
39.482	101
39.4829	101
39.4837	101
39.4846	101
39.4854	101
39.4863	101
39.4871	101
39.4879	101
39.4888	101
39.4896	101
39.4905	101
39.4913	101
39.4922	101
39.493	101
39.4938	101
39.4947	101
39.4955	101
39.4964	101
39.4972	101
39.4981	101
39.4989	101
39.4997	101
39.5006	101
39.5014	101
39.5023	101
39.5031	101
39.504	101
39.5048	101
39.5056	101
39.5065	101
39.5073	101
39.5082	101
39.509	101
39.5099	101
39.5107	101
39.5115	101
39.5124	101
39.5132	101
39.5141	101
39.5149	101
39.5158	101
39.5166	101
39.5175	101
39.5183	101
39.5191	101
39.52	101
39.5208	101
39.5217	101
39.5225	101
39.5234	101
39.5242	101
39.525	101
39.5259	101
39.5267	101
39.5276	101
39.5284	101
39.5293	101
39.5301	101
39.5309	101
39.5318	101
39.5326	101
39.5335	101
39.5343	101
39.5352	101
39.536	102
39.5368	102
39.5377	102
39.5385	102
39.5394	102
39.5402	102
39.5411	102
39.5419	102
39.5427	102
39.5436	102
39.5444	102
39.5453	102
39.5461	102
39.547	102
39.5478	102
39.5486	102
39.5495	102
39.5503	102
39.5512	102
39.552	102
39.5529	102
39.5537	102
39.5546	102
39.5554	102
39.5562	102
39.5571	102
39.5579	102
39.5588	102
39.5596	102
39.5605	102
39.5613	102
39.5621	102
39.563	102
39.5638	102
39.5647	102
39.5655	102
39.5664	102
39.5672	102
39.568	102
39.5689	102
39.5697	102
39.5706	102
39.5714	102
39.5723	102
39.5731	102
39.5739	102
39.5748	102
39.5756	102
39.5765	102
39.5773	102
39.5782	102
39.579	102
39.5798	102
39.5807	102
39.5815	102
39.5824	102
39.5832	102
39.5841	102
39.5849	102
39.5858	102
39.5866	102
39.5874	102
39.5883	102
39.5891	102
39.59	102
39.5908	102
39.5917	102
39.5925	102
39.5933	102
39.5942	102
39.595	102
39.5959	102
39.5967	102
39.5976	102
39.5984	102
39.5992	102
39.6001	102
39.6009	102
39.6018	102
39.6026	102
39.6035	102
39.6043	102
39.6051	102
39.606	102
39.6068	102
39.6077	102
39.6085	102
39.6094	102
39.6102	102
39.611	102
39.6119	102
39.6127	102
39.6136	102
39.6144	102
39.6153	102
39.6161	102
39.6169	102
39.6178	102
39.6186	102
39.6195	102
39.6203	102
39.6212	102
39.622	102
39.6229	102
39.6237	102
39.6245	102
39.6254	102
39.6262	102
39.6271	102
39.6279	102
39.6288	102
39.6296	102
39.6304	102
39.6313	102
39.6321	102
39.633	102
39.6338	102
39.6347	102
39.6355	102
39.6363	102
39.6372	102
39.638	102
39.6389	102
39.6397	102
39.6406	102
39.6414	102
39.6422	102
39.6431	102
39.6439	102
39.6448	102
39.6456	102
39.6465	102
39.6473	102
39.6481	102
39.649	102
39.6498	102
39.6507	102
39.6515	102
39.6524	102
39.6532	102
39.654	102
39.6549	102
39.6557	102
39.6566	102
39.6574	102
39.6583	102
39.6591	102
39.66	102
39.6608	102
39.6616	102
39.6625	102
39.6633	102
39.6642	102
39.665	102
39.6659	102
39.6667	102
39.6675	102
39.6684	102
39.6692	102
39.6701	102
39.6709	102
39.6718	102
39.6726	102
39.6734	102
39.6743	102
39.6751	102
39.676	102
39.6768	102
39.6777	102
39.6785	102
39.6793	102
39.6802	102
39.681	102
39.6819	102
39.6827	102
39.6836	102
39.6844	102
39.6852	102
39.6861	102
39.6869	102
39.6878	102
39.6886	102
39.6895	102
39.6903	102
39.6912	102
39.692	102
39.6928	102
39.6937	102
39.6945	102
39.6954	102
39.6962	102
39.6971	102
39.6979	102
39.6987	102
39.6996	102
39.7004	102
39.7013	102
39.7021	102
39.703	102
39.7038	102
39.7046	102
39.7055	102
39.7063	102
39.7072	102
39.708	102
39.7089	102
39.7097	102
39.7105	102
39.7114	102
39.7122	102
39.7131	102
39.7139	102
39.7148	102
39.7156	102
39.7164	102
39.7173	102
39.7181	102
39.719	102
39.7198	102
39.7207	102
39.7215	102
39.7223	102
39.7232	102
39.724	102
39.7249	102
39.7257	102
39.7266	102
39.7274	102
39.7283	102
39.7291	102
39.7299	102
39.7308	102
39.7316	102
39.7325	102
39.7333	102
39.7342	102
39.735	102
39.7358	102
39.7367	102
39.7375	102
39.7384	102
39.7392	102
39.7401	102
39.7409	102
39.7417	102
39.7426	102
39.7434	102
39.7443	102
39.7451	102
39.746	102
39.7468	102
39.7476	102
39.7485	102
39.7493	102
39.7502	102
39.751	102
39.7519	102
39.7527	102
39.7535	102
39.7544	102
39.7552	102
39.7561	102
39.7569	102
39.7578	102
39.7586	102
39.7594	102
39.7603	102
39.7611	102
39.762	102
39.7628	102
39.7637	102
39.7645	102
39.7654	102
39.7662	102
39.767	102
39.7679	102
39.7687	102
39.7696	102
39.7704	102
39.7713	102
39.7721	102
39.7729	102
39.7738	102
39.7746	102
39.7755	102
39.7763	102
39.7772	102
39.778	102
39.7788	102
39.7797	102
39.7805	102
39.7814	102
39.7822	102
39.7831	102
39.7839	102
39.7847	102
39.7856	102
39.7864	102
39.7873	102
39.7881	102
39.789	102
39.7898	102
39.7906	102
39.7915	102
39.7923	102
39.7932	102
39.794	102
39.7949	102
39.7957	102
39.7966	102
39.7974	102
39.7982	102
39.7991	102
39.7999	102
39.8008	102
39.8016	102
39.8025	102
39.8033	102
39.8041	102
39.805	102
39.8058	102
39.8067	102
39.8075	102
39.8084	102
39.8092	102
39.81	102
39.8109	102
39.8117	102
39.8126	102
39.8134	102
39.8143	102
39.8151	102
39.8159	102
39.8168	102
39.8176	102
39.8185	102
39.8193	102
39.8202	102
39.821	102
39.8218	102
39.8227	102
39.8235	102
39.8244	102
39.8252	102
39.8261	102
39.8269	102
39.8277	102
39.8286	102
39.8294	102
39.8303	102
39.8311	102
39.832	102
39.8328	102
39.8337	102
39.8345	102
39.8353	102
39.8362	102
39.837	102
39.8379	102
39.8387	102
39.8396	102
39.8404	102
39.8412	102
39.8421	102
39.8429	102
39.8438	102
39.8446	102
39.8455	102
39.8463	102
39.8471	102
39.848	102
39.8488	102
39.8497	102
39.8505	102
39.8514	102
39.8522	102
39.853	102
39.8539	102
39.8547	102
39.8556	102
39.8564	102
39.8573	102
39.8581	102
39.8589	102
39.8598	102
39.8606	102
39.8615	102
39.8623	102
39.8632	102
39.864	102
39.8648	102
39.8657	102
39.8665	102
39.8674	102
39.8682	102
39.8691	102
39.8699	102
39.8708	102
39.8716	102
39.8724	102
39.8733	102
39.8741	102
39.875	102
39.8758	102
39.8767	102
39.8775	102
39.8783	102
39.8792	102
39.88	102
39.8809	102
39.8817	102
39.8826	102
39.8834	102
39.8842	102
39.8851	102
39.8859	102
39.8868	102
39.8876	102
39.8885	102
39.8893	102
39.8901	102
39.891	102
39.8918	102
39.8927	102
39.8935	102
39.8944	102
39.8952	102
39.896	102
39.8969	102
39.8977	102
39.8986	102
39.8994	102
39.9003	102
39.9011	102
39.902	102
39.9028	102
39.9036	102
39.9045	102
39.9053	102
39.9062	102
39.907	102
39.9079	102
39.9087	102
39.9095	102
39.9104	102
39.9112	102
39.9121	102
39.9129	102
39.9138	102
39.9146	102
39.9154	102
39.9163	102
39.9171	102
39.918	102
39.9188	102
39.9197	102
39.9205	102
39.9213	102
39.9222	102
39.923	102
39.9239	102
39.9247	102
39.9256	102
39.9264	102
39.9272	102
39.9281	102
39.9289	102
39.9298	102
39.9306	102
39.9315	102
39.9323	102
39.9331	102
39.934	102
39.9348	102
39.9357	102
39.9365	102
39.9374	102
39.9382	102
39.9391	102
39.9399	102
39.9407	102
39.9416	102
39.9424	102
39.9433	102
39.9441	102
39.945	102
39.9458	102
39.9466	102
39.9475	102
39.9483	102
39.9492	102
39.95	102
39.9509	102
39.9517	102
39.9525	102
39.9534	102
39.9542	102
39.9551	102
39.9559	102
39.9568	102
39.9576	102
39.9584	102
39.9593	102
39.9601	102
39.961	102
39.9618	102
39.9627	102
39.9635	102
39.9643	102
39.9652	102
39.966	102
39.9669	102
39.9677	102
39.9686	102
39.9694	102
39.9702	102
39.9711	102
39.9719	102
39.9728	102
39.9736	102
39.9745	102
39.9753	102
39.9762	102
39.977	102
39.9778	102
39.9787	102
39.9795	102
39.9804	102
39.9812	102
39.9821	102
39.9829	102
39.9837	102
39.9846	102
39.9854	102
39.9863	102
39.9871	102
39.988	102
39.9888	102
39.9896	102
39.9905	102
39.9913	102
39.9922	102
39.993	102
39.9939	102
39.9947	102
39.9955	102
39.9964	102
39.9972	102
39.9981	102
39.9989	102
39.9998	102
40.0006	102
40.0014	102
40.0023	102
40.0031	102
40.004	102
40.0048	102
40.0057	102
40.0065	101
40.0074	101
40.0082	101
40.009	101
40.0099	101
40.0107	101
40.0116	101
40.0124	101
40.0133	101
40.0141	101
40.0149	101
40.0158	101
40.0166	101
40.0175	101
40.0183	101
40.0192	101
40.02	101
40.0208	101
40.0217	101
40.0225	101
40.0234	101
40.0242	101
40.0251	101
40.0259	101
40.0267	101
40.0276	101
40.0284	101
40.0293	101
40.0301	101
40.031	101
40.0318	101
40.0326	101
40.0335	101
40.0343	101
40.0352	101
40.036	101
40.0369	101
40.0377	101
40.0385	101
40.0394	101
40.0402	101
40.0411	101
40.0419	101
40.0428	101
40.0436	101
40.0445	101
40.0453	101
40.0461	101
40.047	101
40.0478	101
40.0487	101
40.0495	101
40.0504	101
40.0512	101
40.052	101
40.0529	101
40.0537	101
40.0546	101
40.0554	101
40.0563	101
40.0571	101
40.0579	101
40.0588	101
40.0596	101
40.0605	101
40.0613	101
40.0622	101
40.063	101
40.0638	101
40.0647	101
40.0655	101
40.0664	101
40.0672	101
40.0681	101
40.0689	101
40.0697	101
40.0706	101
40.0714	101
40.0723	101
40.0731	101
40.074	101
40.0748	101
40.0756	101
40.0765	101
40.0773	101
40.0782	101
40.079	101
40.0799	101
40.0807	101
40.0816	101
40.0824	101
40.0832	101
40.0841	101
40.0849	101
40.0858	101
40.0866	101
40.0875	101
40.0883	101
40.0891	101
40.09	101
40.0908	101
40.0917	101
40.0925	101
40.0934	101
40.0942	101
40.095	101
40.0959	101
40.0967	101
40.0976	101
40.0984	101
40.0993	101
40.1001	101
40.1009	101
40.1018	101
40.1026	101
40.1035	101
40.1043	101
40.1052	101
40.106	101
40.107	101
40.1078	101
40.1087	101
40.1095	101
40.1103	101
40.1112	101
40.112	101
40.1129	101
40.1137	101
40.1146	101
40.1154	101
40.1162	101
40.1171	101
40.1179	101
40.1188	101
40.1196	101
40.1205	101
40.1213	101
40.1221	101
40.123	101
40.1238	101
40.1247	101
40.1255	101
40.1264	101
40.1272	101
40.128	101
40.1289	101
40.1297	101
40.1306	101
40.1314	101
40.1323	101
40.1331	101
40.134	101
40.1348	101
40.1356	101
40.1365	101
40.1373	101
40.1382	101
40.139	101
40.1399	101
40.1407	101
40.1415	101
40.1424	101
40.1432	101
40.1441	101
40.1449	101
40.1458	101
40.1466	101
40.1474	101
40.1483	101
40.1491	101
40.15	101
40.1508	101
40.1517	101
40.1525	101
40.1533	101
40.1542	101
40.155	101
40.1559	101
40.1567	101
40.1576	101
40.1584	101
40.1592	101
40.1601	101
40.1609	101
40.1618	101
40.1626	101
40.1635	101
40.1643	101
40.1651	101
40.166	101
40.1668	101
40.1677	101
40.1685	101
40.1694	101
40.1702	101
40.1711	101
40.1719	101
40.1727	101
40.1736	101
40.1744	101
40.1753	101
40.1761	101
40.177	101
40.1778	101
40.1786	101
40.1795	101
40.1803	101
40.1812	101
40.182	101
40.1829	101
40.1837	101
40.1845	101
40.1854	101
40.1862	101
40.1871	101
40.1879	101
40.1888	101
40.1896	101
40.1904	101
40.1913	101
40.1921	101
40.193	101
40.1938	101
40.1947	101
40.1955	101
40.1963	101
40.1972	101
40.198	101
40.1989	101
40.1997	101
40.2006	101
40.2014	101
40.2022	101
40.2031	101
40.2039	101
40.2048	101
40.2056	101
40.2065	101
40.2073	101
40.2082	101
40.209	101
40.2098	101
40.2107	101
40.2115	101
40.2124	101
40.2132	101
40.2141	101
40.2149	101
40.2157	101
40.2166	101
40.2174	101
40.2183	101
40.2191	101
40.22	101
40.2208	101
40.2216	101
40.2225	101
40.2233	101
40.2242	101
40.225	101
40.2259	101
40.2267	101
40.2275	101
40.2284	101
40.2292	101
40.2301	101
40.2309	101
40.2318	101
40.2326	101
40.2334	101
40.2343	101
40.2351	101
40.236	101
40.2368	101
40.2377	101
40.2385	101
40.2394	101
40.2402	101
40.241	101
40.2419	101
40.2427	101
40.2436	101
40.2444	101
40.2453	101
40.2461	101
40.2469	101
40.2478	101
40.2486	101
40.2495	101
40.2503	101
40.2512	101
40.252	101
40.2528	101
40.2537	101
40.2545	101
40.2554	101
40.2562	101
40.2571	101
40.2579	101
40.2587	101
40.2596	101
40.2604	101
40.2613	101
40.2621	101
40.263	101
40.2638	101
40.2646	101
40.2655	101
40.2663	101
40.2672	101
40.268	101
40.2689	101
40.2697	101
40.2705	101
40.2714	101
40.2722	101
40.2731	101
40.2739	101
40.2748	101
40.2756	101
40.2765	101
40.2773	101
40.2781	101
40.279	101
40.2798	101
40.2807	101
40.2815	101
40.2824	101
40.2832	101
40.284	101
40.2849	101
40.2857	101
40.2866	101
40.2874	101
40.2883	101
40.2891	101
40.2899	101
40.2908	101
40.2916	101
40.2925	101
40.2933	101
40.2942	101
40.295	101
40.2958	101
40.2967	101
40.2975	101
40.2984	101
40.2992	101
40.3001	101
40.3009	101
40.3017	101
40.3026	101
40.3034	101
40.3043	101
40.3051	101
40.306	101
40.3068	101
40.3076	101
40.3085	101
40.3093	101
40.3102	101
40.311	101
40.3119	101
40.3127	101
40.3136	101
40.3144	101
40.3152	101
40.3161	101
40.3169	101
40.3178	101
40.3186	101
40.3195	101
40.3203	101
40.3211	101
40.322	101
40.3228	101
40.3237	101
40.3245	101
40.3254	101
40.3262	101
40.327	101
40.3279	101
40.3287	101
40.3296	101
40.3304	101
40.3313	101
40.3321	101
40.3329	101
40.3338	101
40.3346	101
40.3355	101
40.3363	101
40.3372	101
40.338	102
40.3388	102
40.3397	102
40.3405	102
40.3414	102
40.3422	102
40.3431	102
40.3439	102
40.3448	102
40.3456	102
40.3464	102
40.3473	102
40.3481	102
40.349	102
40.3498	102
40.3507	102
40.3515	102
40.3523	102
40.3532	102
40.354	102
40.3549	102
40.3557	102
40.3566	102
40.3574	102
40.3582	102
40.3591	102
40.3599	102
40.3608	102
40.3616	102
40.3625	102
40.3633	102
40.3641	102
40.365	102
40.3658	102
40.3667	102
40.3675	102
40.3684	102
40.3692	102
40.37	102
40.3709	102
40.3717	102
40.3726	102
40.3734	102
40.3743	102
40.3751	102
40.3759	102
40.3768	102
40.3776	102
40.3785	102
40.3793	102
40.3802	102
40.381	102
40.3819	102
40.3827	102
40.3835	102
40.3844	102
40.3852	102
40.3861	102
40.3869	102
40.3878	102
40.3886	102
40.3894	102
40.3903	102
40.3911	102
40.392	102
40.3928	102
40.3937	102
40.3945	102
40.3953	102
40.3962	102
40.397	102
40.3979	102
40.3987	102
40.3996	102
40.4004	102
40.4012	102
40.4021	102
40.4029	102
40.4038	102
40.4046	102
40.4055	102
40.4063	102
40.4071	102
40.408	102
40.4088	102
40.4097	102
40.4105	102
40.4114	102
40.4122	102
40.413	102
40.4139	102
40.4147	102
40.4156	102
40.4164	102
40.4173	102
40.4181	102
40.419	102
40.4198	102
40.4206	102
40.4215	102
40.4223	102
40.4232	102
40.424	102
40.4249	102
40.4257	102
40.4265	102
40.4274	102
40.4282	102
40.4291	102
40.4299	102
40.4308	102
40.4316	102
40.4324	102
40.4333	102
40.4341	102
40.435	102
40.4358	102
40.4367	102
40.4375	102
40.4383	102
40.4392	102
40.44	102
40.4409	102
40.4417	102
40.4426	102
40.4434	102
40.4442	102
40.4451	102
40.4459	102
40.4468	102
40.4476	102
40.4485	102
40.4493	102
40.4502	102
40.451	102
40.4518	102
40.4527	102
40.4535	102
40.4544	102
40.4552	102
40.4561	102
40.4569	102
40.4577	102
40.4586	102
40.4594	102
40.4603	102
40.4611	102
40.462	102
40.4628	102
40.4636	102
40.4645	102
40.4653	102
40.4662	102
40.467	102
40.4679	102
40.4687	102
40.4695	102
40.4704	102
40.4712	102
40.4721	102
40.4729	102
40.4738	102
40.4746	102
40.4754	102
40.4763	102
40.4771	102
40.478	102
40.4788	102
40.4797	102
40.4805	102
40.4813	102
40.4822	102
40.483	102
40.4839	102
40.4847	102
40.4856	102
40.4864	102
40.4873	102
40.4881	102
40.4889	102
40.4898	102
40.4906	102
40.4915	102
40.4923	102
40.4932	102
40.494	102
40.4948	102
40.4957	102
40.4965	102
40.4974	102
40.4982	102
40.4991	102
40.4999	102
40.5007	102
40.5016	102
40.5024	102
40.5033	102
40.5041	102
40.505	102
40.5058	102
40.5066	102
40.5075	102
40.5083	102
40.5092	102
40.51	102
40.5109	102
40.5117	102
40.5125	102
40.5134	102
40.5142	102
40.5151	102
40.5159	102
40.5168	102
40.5176	102
40.5184	102
40.5193	102
40.5201	102
40.521	102
40.5218	102
40.5227	102
40.5235	102
40.5244	102
40.5252	102
40.526	102
40.5269	102
40.5277	102
40.5286	102
40.5294	102
40.5303	102
40.5311	102
40.5319	102
40.5328	102
40.5336	102
40.5345	102
40.5353	102
40.5362	102
40.537	102
40.5378	102
40.5387	102
40.5395	102
40.5404	102
40.5412	102
40.5421	102
40.5429	102
40.5437	102
40.5446	102
40.5454	102
40.5463	102
40.5471	102
40.548	102
40.5488	102
40.5496	102
40.5505	102
40.5513	102
40.5522	102
40.553	102
40.5539	102
40.5547	102
40.5556	102
40.5564	102
40.5572	102
40.5581	102
40.5589	102
40.5598	102
40.5606	102
40.5615	102
40.5623	102
40.5631	102
40.564	102
40.5648	102
40.5657	102
40.5665	102
40.5674	102
40.5682	102
40.569	102
40.5699	102
40.5707	102
40.5716	102
40.5724	102
40.5733	102
40.5741	102
40.5749	102
40.5758	102
40.5766	102
40.5775	102
40.5783	102
40.5792	102
40.58	102
40.5808	102
40.5817	102
40.5825	102
40.5834	102
40.5842	102
40.5851	102
40.5859	102
40.5867	102
40.5876	102
40.5884	102
40.5893	102
40.5901	102
40.591	102
40.5918	102
40.5927	102
40.5935	102
40.5943	102
40.5952	102
40.596	102
40.5969	102
40.5977	102
40.5986	102
40.5994	102
40.6002	102
40.6011	102
40.6019	102
40.6028	102
40.6036	102
40.6045	102
40.6053	102
40.6061	102
40.607	102
40.6078	102
40.6087	102
40.6095	102
40.6104	102
40.6112	102
40.612	102
40.6129	102
40.6137	102
40.6146	102
40.6154	102
40.6163	102
40.6171	102
40.6179	102
40.6188	102
40.6196	102
40.6205	102
40.6213	102
40.6222	102
40.623	102
40.6238	102
40.6247	102
40.6255	102
40.6264	102
40.6272	102
40.6281	102
40.6289	102
40.6298	102
40.6306	102
40.6314	102
40.6323	102
40.6331	102
40.634	102
40.6348	102
40.6357	102
40.6365	102
40.6373	102
40.6382	102
40.639	102
40.6399	102
40.6407	102
40.6416	102
40.6424	102
40.6432	102
40.6441	102
40.6449	102
40.6458	102
40.6466	102
40.6475	102
40.6483	102
40.6491	102
40.65	102
40.6508	102
40.6517	102
40.6525	102
40.6534	102
40.6542	102
40.655	102
40.6559	102
40.6567	102
40.6576	102
40.6584	102
40.6593	102
40.6601	102
40.661	102
40.6618	102
40.6626	102
40.6635	102
40.6643	102
40.6652	102
40.666	102
40.6669	102
40.6677	102
40.6685	102
40.6694	102
40.6702	102
40.6711	102
40.6719	102
40.6728	102
40.6736	102
40.6744	102
40.6753	102
40.6761	102
40.677	102
40.6778	102
40.6787	102
40.6795	102
40.6803	102
40.6812	102
40.682	102
40.6829	102
40.6837	102
40.6846	102
40.6854	102
40.6862	102
40.6871	102
40.6879	102
40.6888	102
40.6896	102
40.6905	102
40.6913	102
40.6921	102
40.693	102
40.6938	102
40.6947	102
40.6955	102
40.6964	102
40.6972	102
40.6981	102
40.6989	102
40.6997	102
40.7006	102
40.7014	102
40.7023	102
40.7031	102
40.704	102
40.7048	102
40.7056	102
40.7065	102
40.7073	102
40.7082	102
40.709	102
40.7099	102
40.7107	102
40.7115	102
40.7124	102
40.7132	101
40.7141	101
40.7149	101
40.7158	101
40.7166	101
40.7174	101
40.7183	101
40.7191	101
40.72	101
40.7208	101
40.7217	101
40.7225	101
40.7233	101
40.7242	101
40.725	101
40.7259	101
40.7267	101
40.7276	101
40.7284	101
40.7292	101
40.7301	101
40.7309	101
40.7318	101
40.7326	101
40.7335	101
40.7343	101
40.7352	101
40.736	101
40.7368	101
40.7377	101
40.7385	101
40.7394	101
40.7402	101
40.7411	101
40.7419	101
40.7427	101
40.7436	101
40.7444	101
40.7453	101
40.7461	101
40.747	101
40.7478	101
40.7486	101
40.7495	101
40.7503	101
40.7512	101
40.752	101
40.7529	101
40.7537	101
40.7545	101
40.7554	101
40.7562	101
40.7571	101
40.7579	101
40.7588	101
40.7596	101
40.7604	101
40.7613	101
40.7621	101
40.763	101
40.7638	101
40.7647	101
40.7655	101
40.7664	101
40.7672	101
40.768	101
40.7689	101
40.7697	101
40.7706	101
40.7714	101
40.7723	101
40.7731	101
40.7739	101
40.7748	101
40.7756	101
40.7765	101
40.7773	101
40.7782	101
40.779	101
40.7798	101
40.7807	101
40.7815	101
40.7824	101
40.7832	101
40.7841	101
40.7849	101
40.7857	101
40.7866	101
40.7874	101
40.7883	101
40.7891	101
40.79	101
40.7908	101
40.7916	101
40.7925	101
40.7933	101
40.7942	101
40.795	101
40.7959	101
40.7967	101
40.7975	101
40.7984	101
40.7992	101
40.8001	101
40.8009	101
40.8018	101
40.8026	101
40.8035	101
40.8043	101
40.8051	101
40.806	101
40.8068	101
40.8077	101
40.8085	101
40.8094	101
40.8102	101
40.811	101
40.8119	101
40.8127	101
40.8137	101
40.8145	101
40.8154	101
40.8162	101
40.8171	101
40.8179	101
40.8187	101
40.8196	101
40.8204	101
40.8213	101
40.8221	101
40.823	101
40.8238	101
40.8247	101
40.8255	101
40.8263	101
40.8272	101
40.828	101
40.8289	101
40.8297	101
40.8306	101
40.8314	101
40.8322	101
40.8331	101
40.8339	101
40.8348	101
40.8356	101
40.8365	101
40.8373	101
40.8381	101
40.839	101
40.8398	101
40.8407	101
40.8415	101
40.8424	101
40.8432	101
40.844	101
40.8449	101
40.8457	101
40.8466	101
40.8474	101
40.8483	101
40.8491	101
40.8499	101
40.8508	101
40.8516	101
40.8525	101
40.8533	101
40.8542	101
40.855	101
40.8558	101
40.8567	101
40.8575	101
40.8584	101
40.8592	101
40.8601	101
40.8609	101
40.8618	101
40.8626	101
40.8634	101
40.8643	101
40.8651	101
40.866	101
40.8668	101
40.8677	101
40.8685	101
40.8693	101
40.8702	101
40.871	101
40.8719	101
40.8727	101
40.8736	101
40.8744	101
40.8752	101
40.8761	101
40.8769	101
40.8778	101
40.8786	101
40.8795	101
40.8803	101
40.8811	101
40.882	101
40.8828	101
40.8837	101
40.8845	101
40.8854	101
40.8862	101
40.887	101
40.8879	101
40.8887	101
40.8896	101
40.8904	101
40.8913	101
40.8921	101
40.893	101
40.8938	101
40.8946	101
40.8955	101
40.8963	101
40.8972	101
40.898	101
40.8989	101
40.8997	101
40.9005	101
40.9014	101
40.9022	101
40.9031	101
40.9039	101
40.9048	101
40.9056	101
40.9064	101
40.9073	101
40.9081	101
40.909	101
40.9098	101
40.9107	101
40.9115	101
40.9123	101
40.9132	101
40.914	101
40.9149	101
40.9157	101
40.9166	101
40.9174	101
40.9182	101
40.9191	101
40.9199	101
40.9208	101
40.9216	101
40.9225	101
40.9233	101
40.9241	101
40.925	101
40.9258	101
40.9267	101
40.9275	101
40.9284	101
40.9292	101
40.9301	101
40.9309	101
40.9317	101
40.9326	101
40.9334	101
40.9343	101
40.9351	101
40.936	101
40.9368	101
40.9376	101
40.9385	101
40.9393	101
40.9402	101
40.941	101
40.9419	101
40.9427	101
40.9435	101
40.9444	101
40.9452	101
40.9461	101
40.9469	101
40.9478	101
40.9486	101
40.9494	101
40.9503	101
40.9511	101
40.952	101
40.9528	101
40.9537	101
40.9545	101
40.9553	101
40.9562	101
40.957	101
40.9579	101
40.9587	101
40.9596	101
40.9604	101
40.9612	101
40.9621	101
40.9629	101
40.9638	101
40.9646	101
40.9655	101
40.9663	101
40.9672	101
40.968	101
40.9688	101
40.9697	101
40.9705	101
40.9714	101
40.9722	101
40.9731	101
40.9739	101
40.9747	101
40.9756	101
40.9764	101
40.9773	101
40.9781	101
40.979	101
40.9798	101
40.9806	101
40.9815	101
40.9823	101
40.9832	101
40.984	101
40.9849	101
40.9857	101
40.9865	101
40.9874	101
40.9882	101
40.9891	101
40.9899	101
40.9908	101
40.9916	101
40.9924	101
40.9933	101
40.9941	101
40.995	101
40.9958	101
40.9967	101
40.9975	101
40.9984	101
40.9992	101
41	101
41.0009	101
41.0017	101
41.0026	101
41.0034	101
41.0043	101
41.0051	101
41.0059	101
41.0068	101
41.0076	101
41.0085	101
41.0093	101
41.0102	101
41.011	101
41.0118	101
41.0127	101
41.0135	101
41.0144	101
41.0152	101
41.0161	101
41.0169	101
41.0177	101
41.0186	101
41.0194	101
41.0203	101
41.0211	101
41.022	101
41.0228	101
41.0236	101
41.0245	101
41.0253	101
41.0262	101
41.027	102
41.0279	102
41.0287	102
41.0295	102
41.0304	102
41.0312	102
41.0321	102
41.0329	102
41.0338	102
41.0346	102
41.0355	102
41.0363	102
41.0371	102
41.038	102
41.0388	102
41.0397	102
41.0405	102
41.0414	102
41.0422	102
41.043	102
41.0439	102
41.0447	102
41.0456	102
41.0464	102
41.0473	102
41.0481	102
41.0489	102
41.0498	102
41.0506	102
41.0515	102
41.0523	102
41.0532	102
41.054	102
41.0548	102
41.0557	102
41.0565	102
41.0574	102
41.0582	102
41.0591	102
41.0599	102
41.0607	102
41.0616	102
41.0624	102
41.0633	102
41.0641	102
41.065	102
41.0658	102
41.0666	102
41.0675	102
41.0683	102
41.0692	102
41.07	102
41.0709	102
41.0717	102
41.0726	102
41.0734	102
41.0742	102
41.0751	102
41.0759	102
41.0768	102
41.0776	102
41.0785	102
41.0793	102
41.0801	102
41.081	102
41.0818	102
41.0827	102
41.0835	102
41.0844	102
41.0852	102
41.086	102
41.0869	102
41.0877	102
41.0886	102
41.0894	102
41.0903	102
41.0911	102
41.0919	102
41.0928	102
41.0936	102
41.0945	102
41.0953	102
41.0962	102
41.097	102
41.0978	102
41.0987	102
41.0995	102
41.1004	102
41.1012	102
41.1021	102
41.1029	102
41.1038	102
41.1046	102
41.1054	102
41.1063	102
41.1071	102
41.108	102
41.1088	102
41.1097	102
41.1105	102
41.1113	102
41.1122	102
41.113	102
41.1139	102
41.1147	102
41.1156	102
41.1164	102
41.1172	102
41.1181	102
41.1189	102
41.1198	102
41.1206	102
41.1215	102
41.1223	102
41.1231	102
41.124	102
41.1248	102
41.1257	102
41.1265	102
41.1274	102
41.1282	102
41.129	102
41.1299	102
41.1307	102
41.1316	102
41.1324	102
41.1333	102
41.1341	102
41.1349	102
41.1358	102
41.1366	102
41.1375	102
41.1383	102
41.1392	102
41.14	102
41.1409	102
41.1417	102
41.1425	102
41.1434	102
41.1442	102
41.1451	102
41.1459	102
41.1468	102
41.1476	102
41.1484	102
41.1493	102
41.1501	102
41.151	102
41.1518	102
41.1527	102
41.1535	102
41.1543	102
41.1552	102
41.156	102
41.1569	102
41.1577	102
41.1586	102
41.1594	102
41.1602	102
41.1611	102
41.1619	102
41.1628	102
41.1636	102
41.1645	102
41.1653	102
41.1661	102
41.167	102
41.1678	102
41.1687	102
41.1695	102
41.1704	102
41.1712	102
41.172	102
41.1729	102
41.1737	102
41.1746	102
41.1754	102
41.1763	102
41.1771	102
41.178	102
41.1788	102
41.1796	102
41.1805	102
41.1813	102
41.1822	102
41.183	102
41.1839	102
41.1847	102
41.1855	102
41.1864	102
41.1872	102
41.1881	102
41.1889	102
41.1898	102
41.1906	102
41.1914	102
41.1923	102
41.1931	102
41.194	102
41.1948	102
41.1957	102
41.1965	102
41.1973	102
41.1982	102
41.199	102
41.1999	102
41.2007	102
41.2016	102
41.2024	102
41.2032	102
41.2041	102
41.2049	102
41.2058	102
41.2066	102
41.2075	102
41.2083	102
41.2092	102
41.21	102
41.2108	102
41.2117	102
41.2125	102
41.2134	102
41.2142	102
41.2151	102
41.2159	102
41.2167	102
41.2176	102
41.2184	102
41.2193	102
41.2201	102
41.221	102
41.2218	102
41.2226	102
41.2235	102
41.2243	102
41.2252	102
41.226	102
41.2269	102
41.2277	102
41.2285	102
41.2294	102
41.2302	102
41.2311	102
41.2319	102
41.2328	102
41.2336	102
41.2344	102
41.2353	102
41.2361	102
41.237	102
41.2378	102
41.2387	102
41.2395	102
41.2403	102
41.2412	102
41.242	102
41.2429	102
41.2437	102
41.2446	102
41.2454	102
41.2463	102
41.2471	102
41.2479	102
41.2488	102
41.2496	102
41.2505	102
41.2513	102
41.2522	102
41.253	102
41.2538	102
41.2547	102
41.2555	102
41.2564	102
41.2572	102
41.2581	102
41.2589	102
41.2597	102
41.2606	102
41.2614	102
41.2623	102
41.2631	102
41.264	102
41.2648	102
41.2656	102
41.2665	102
41.2673	102
41.2682	102
41.269	102
41.2699	102
41.2707	102
41.2715	102
41.2724	102
41.2732	102
41.2741	102
41.2749	102
41.2758	102
41.2766	102
41.2774	102
41.2783	102
41.2791	102
41.28	102
41.2808	102
41.2817	102
41.2825	102
41.2834	102
41.2842	102
41.285	102
41.2859	102
41.2867	102
41.2876	102
41.2884	102
41.2893	102
41.2901	102
41.2909	102
41.2918	102
41.2926	102
41.2935	102
41.2943	102
41.2952	102
41.296	102
41.2968	102
41.2977	102
41.2985	102
41.2994	102
41.3002	102
41.3011	102
41.3019	102
41.3027	102
41.3036	102
41.3044	102
41.3053	102
41.3061	102
41.307	102
41.3078	102
41.3086	102
41.3095	102
41.3103	102
41.3112	102
41.312	102
41.3129	102
41.3137	102
41.3146	102
41.3154	102
41.3162	102
41.3171	102
41.3179	102
41.3188	102
41.3196	102
41.3205	102
41.3213	102
41.3221	102
41.323	102
41.3238	102
41.3247	102
41.3255	102
41.3264	102
41.3272	102
41.328	102
41.3289	102
41.3297	102
41.3306	102
41.3314	102
41.3323	102
41.3331	102
41.3339	102
41.3348	102
41.3356	102
41.3365	102
41.3373	102
41.3382	102
41.339	102
41.3398	102
41.3407	102
41.3415	102
41.3424	102
41.3432	102
41.3441	102
41.3449	102
41.3457	102
41.3466	102
41.3474	102
41.3483	102
41.3491	102
41.35	102
41.3508	102
41.3517	102
41.3525	102
41.3533	102
41.3542	102
41.355	102
41.3559	102
41.3567	102
41.3576	102
41.3584	102
41.3592	102
41.3601	102
41.3609	102
41.3618	102
41.3626	102
41.3635	102
41.3643	102
41.3651	102
41.366	102
41.3668	102
41.3677	102
41.3685	102
41.3694	102
41.3702	102
41.371	102
41.3719	102
41.3727	102
41.3736	102
41.3744	102
41.3753	102
41.3761	102
41.3769	102
41.3778	102
41.3786	102
41.3795	102
41.3803	102
41.3812	102
41.382	102
41.3828	102
41.3837	102
41.3845	102
41.3854	102
41.3862	102
41.3871	102
41.3879	102
41.3888	102
41.3896	102
41.3904	102
41.3913	102
41.3921	102
41.393	102
41.3938	102
41.3947	102
41.3955	102
41.3963	102
41.3972	102
41.398	102
41.3989	102
41.3997	102
41.4006	102
41.4014	102
41.4022	102
41.4031	102
41.4039	102
41.4048	102
41.4056	102
41.4065	102
41.4073	102
41.4081	102
41.409	102
41.4098	102
41.4107	102
41.4115	102
41.4124	102
41.4132	102
41.414	102
41.4149	102
41.4157	102
41.4166	102
41.4174	102
41.4183	102
41.4191	102
41.42	102
41.4208	102
41.4216	102
41.4225	102
41.4233	102
41.4242	102
41.425	102
41.4259	102
41.4267	102
41.4275	102
41.4284	102
41.4292	102
41.4301	102
41.4309	102
41.4318	102
41.4326	102
41.4334	102
41.4343	102
41.4351	102
41.436	102
41.4368	102
41.4377	102
41.4385	102
41.4393	102
41.4402	102
41.441	102
41.4419	102
41.4427	102
41.4436	102
41.4444	102
41.4452	102
41.4461	102
41.4469	102
41.4478	102
41.4486	102
41.4495	102
41.4503	102
41.4511	102
41.452	102
41.4528	102
41.4537	102
41.4545	102
41.4554	102
41.4562	102
41.4571	102
41.4579	102
41.4587	102
41.4596	102
41.4604	102
41.4613	102
41.4621	102
41.463	102
41.4638	102
41.4646	102
41.4655	102
41.4663	102
41.4672	102
41.468	102
41.4689	102
41.4697	102
41.4705	102
41.4714	102
41.4722	102
41.4731	102
41.4739	102
41.4748	102
41.4756	102
41.4764	102
41.4773	102
41.4781	102
41.479	102
41.4798	102
41.4807	102
41.4815	102
41.4823	102
41.4832	102
41.484	102
41.4849	102
41.4857	102
41.4866	102
41.4874	102
41.4882	102
41.4891	102
41.4899	102
41.4908	102
41.4916	102
41.4925	102
41.4933	102
41.4942	102
41.495	102
41.4958	102
41.4967	102
41.4975	102
41.4984	102
41.4992	102
41.5001	102
41.5009	102
41.5017	102
41.5026	102
41.5034	102
41.5043	102
41.5051	102
41.506	102
41.5068	102
41.5076	102
41.5085	102
41.5093	102
41.5102	102
41.511	102
41.5119	102
41.5127	102
41.5135	102
41.5144	102
41.5152	102
41.5161	102
41.5169	102
41.5178	102
41.5186	102
41.5194	102
41.5203	102
41.5211	102
41.522	101
41.5228	101
41.5237	101
41.5245	101
41.5254	101
41.5262	101
41.527	101
41.5279	101
41.5287	101
41.5296	101
41.5304	101
41.5313	101
41.5321	101
41.5329	101
41.5338	101
41.5346	101
41.5355	101
41.5363	101
41.5372	101
41.538	101
41.5388	101
41.5397	101
41.5405	101
41.5414	101
41.5422	101
41.5431	101
41.5439	101
41.5447	101
41.5456	101
41.5464	101
41.5473	101
41.5481	101
41.549	101
41.5498	101
41.5506	101
41.5515	101
41.5523	101
41.5532	101
41.554	101
41.5549	101
41.5557	101
41.5565	101
41.5574	101
41.5582	101
41.5591	101
41.5599	101
41.5608	101
41.5616	101
41.5625	101
41.5633	101
41.5641	101
41.565	101
41.5658	101
41.5667	101
41.5675	101
41.5684	101
41.5692	101
41.57	101
41.5709	101
41.5717	101
41.5726	101
41.5734	101
41.5743	101
41.5751	101
41.5759	101
41.5768	101
41.5776	101
41.5785	101
41.5793	101
41.5802	101
41.581	101
41.5818	101
41.5827	101
41.5835	101
41.5844	101
41.5852	101
41.5861	101
41.5869	101
41.5877	101
41.5886	101
41.5894	101
41.5903	101
41.5911	101
41.592	101
41.5928	101
41.5936	101
41.5945	101
41.5953	101
41.5962	101
41.597	101
41.5979	101
41.5987	101
41.5996	101
41.6004	101
41.6012	101
41.6021	101
41.6029	101
41.6038	101
41.6046	101
41.6055	101
41.6063	101
41.6071	101
41.608	101
41.6088	101
41.6097	101
41.6105	101
41.6114	101
41.6122	101
41.613	101
41.6139	101
41.6147	101
41.6156	101
41.6164	101
41.6173	101
41.6181	101
41.6189	101
41.6198	101
41.6206	101
41.6216	101
41.6224	101
41.6233	101
41.6241	101
41.625	101
41.6258	101
41.6267	101
41.6275	101
41.6283	101
41.6292	101
41.63	101
41.6309	101
41.6317	101
41.6326	101
41.6334	101
41.6342	101
41.6351	101
41.6359	101
41.6368	101
41.6376	101
41.6385	101
41.6393	101
41.6401	101
41.641	101
41.6418	101
41.6427	101
41.6435	101
41.6444	101
41.6452	101
41.646	101
41.6469	101
41.6477	101
41.6486	101
41.6494	101
41.6503	101
41.6511	101
41.652	101
41.6528	101
41.6536	101
41.6545	101
41.6553	101
41.6562	101
41.657	101
41.6579	101
41.6587	101
41.6595	101
41.6604	101
41.6612	101
41.6621	101
41.6629	101
41.6638	101
41.6646	101
41.6654	101
41.6663	101
41.6671	101
41.668	101
41.6688	101
41.6697	101
41.6705	101
41.6713	101
41.6722	101
41.673	101
41.6739	101
41.6747	101
41.6756	101
41.6764	101
41.6772	101
41.6781	101
41.6789	101
41.6798	101
41.6806	101
41.6815	101
41.6823	101
41.6831	101
41.684	101
41.6848	101
41.6857	101
41.6865	101
41.6874	101
41.6882	101
41.6891	101
41.6899	101
41.6907	101
41.6916	101
41.6924	101
41.6933	101
41.6941	101
41.695	101
41.6958	101
41.6966	101
41.6975	101
41.6983	101
41.6992	101
41.7	101
41.7009	101
41.7017	101
41.7025	101
41.7034	101
41.7042	101
41.7051	101
41.7059	101
41.7068	101
41.7076	101
41.7084	101
41.7093	101
41.7101	101
41.711	101
41.7118	101
41.7127	101
41.7135	101
41.7143	101
41.7152	101
41.716	101
41.7169	101
41.7177	101
41.7186	101
41.7194	101
41.7202	101
41.7211	101
41.7219	101
41.7228	101
41.7236	101
41.7245	101
41.7253	101
41.7262	101
41.727	101
41.7278	101
41.7287	101
41.7295	101
41.7304	101
41.7312	101
41.7321	101
41.7329	101
41.7337	101
41.7346	101
41.7354	101
41.7363	101
41.7371	101
41.738	101
41.7388	101
41.7396	101
41.7405	101
41.7413	101
41.7422	101
41.743	101
41.7439	101
41.7447	101
41.7455	101
41.7464	101
41.7472	101
41.7481	101
41.7489	101
41.7498	101
41.7506	101
41.7514	101
41.7523	101
41.7531	101
41.754	101
41.7548	101
41.7557	101
41.7565	101
41.7574	101
41.7582	101
41.759	101
41.7599	101
41.7607	101
41.7616	101
41.7624	101
41.7633	101
41.7641	101
41.7649	101
41.7658	101
41.7666	101
41.7675	101
41.7683	101
41.7692	101
41.77	101
41.7708	101
41.7717	101
41.7725	101
41.7734	101
41.7742	101
41.7751	101
41.7759	101
41.7767	101
41.7776	101
41.7784	101
41.7793	101
41.7801	101
41.781	101
41.7818	101
41.7826	101
41.7835	101
41.7843	101
41.7852	101
41.786	101
41.7869	101
41.7877	101
41.7885	101
41.7894	101
41.7902	101
41.7911	101
41.7919	101
41.7928	101
41.7936	101
41.7945	101
41.7953	101
41.7961	101
41.797	101
41.7978	101
41.7987	101
41.7995	101
41.8004	101
41.8012	101
41.802	101
41.8029	101
41.8037	101
41.8046	101
41.8054	101
41.8063	101
41.8071	101
41.8079	101
41.8088	101
41.8096	101
41.8105	101
41.8113	101
41.8122	101
41.813	101
41.8138	101
41.8147	101
41.8155	101
41.8164	101
41.8172	101
41.8181	101
41.8189	101
41.8197	101
41.8206	101
41.8214	101
41.8223	101
41.8231	101
41.824	101
41.8248	101
41.8256	101
41.8265	101
41.8273	101
41.8282	101
41.829	101
41.8299	101
41.8307	101
41.8316	101
41.8324	101
41.8332	101
41.8341	101
41.8349	101
41.8358	101
41.8366	101
41.8375	101
41.8383	101
41.8391	101
41.84	101
41.8408	101
41.8417	101
41.8425	101
41.8434	101
41.8442	101
41.845	101
41.8459	101
41.8467	101
41.8476	101
41.8484	101
41.8493	101
41.8501	101
41.8509	101
41.8518	101
41.8526	101
41.8535	101
41.8543	101
41.8552	101
41.856	102
41.8568	102
41.8577	102
41.8585	102
41.8594	102
41.8602	102
41.8611	102
41.8619	102
41.8628	102
41.8636	102
41.8644	102
41.8653	102
41.8661	102
41.867	102
41.8678	102
41.8687	102
41.8695	102
41.8703	102
41.8712	102
41.872	102
41.8729	102
41.8737	102
41.8746	102
41.8754	102
41.8762	102
41.8771	102
41.8779	102
41.8788	102
41.8796	102
41.8805	102
41.8813	102
41.8821	102
41.883	102
41.8838	102
41.8847	102
41.8855	102
41.8864	102
41.8872	102
41.888	102
41.8889	102
41.8897	102
41.8906	102
41.8914	102
41.8923	102
41.8931	102
41.8939	102
41.8948	102
41.8956	102
41.8965	102
41.8973	102
41.8982	102
41.899	102
41.8999	102
41.9007	102
41.9015	102
41.9024	102
41.9032	102
41.9041	102
41.9049	102
41.9058	102
41.9066	102
41.9074	102
41.9083	102
41.9091	102
41.91	102
41.9108	102
41.9117	102
41.9125	102
41.9133	102
41.9142	102
41.915	102
41.9159	102
41.9167	102
41.9176	102
41.9184	102
41.9192	102
41.9201	102
41.9209	102
41.9218	102
41.9226	102
41.9235	102
41.9243	102
41.9251	102
41.926	102
41.9268	102
41.9277	102
41.9285	102
41.9294	102
41.9302	102
41.931	102
41.9319	102
41.9327	102
41.9336	102
41.9344	102
41.9353	102
41.9361	102
41.937	102
41.9378	102
41.9386	102
41.9395	102
41.9403	102
41.9412	102
41.942	102
41.9429	102
41.9437	102
41.9445	102
41.9454	102
41.9462	102
41.9471	102
41.9479	102
41.9488	102
41.9496	102
41.9504	102
41.9513	102
41.9521	102
41.953	102
41.9538	102
41.9547	102
41.9555	102
41.9563	102
41.9572	102
41.958	102
41.9589	102
41.9597	102
41.9606	102
41.9614	102
41.9622	102
41.9631	102
41.9639	102
41.9648	102
41.9656	102
41.9665	102
41.9673	102
41.9682	102
41.969	102
41.9698	102
41.9707	102
41.9715	102
41.9724	102
41.9732	102
41.9741	102
41.9749	102
41.9757	102
41.9766	102
41.9774	102
41.9783	102
41.9791	102
41.98	102
41.9808	102
41.9816	102
41.9825	102
41.9833	102
41.9842	102
41.985	102
41.9859	102
41.9867	102
41.9875	102
41.9884	102
41.9892	102
41.9901	102
41.9909	102
41.9918	102
41.9926	102
41.9934	102
41.9943	102
41.9951	102
41.996	102
41.9968	102
41.9977	102
41.9985	102
41.9993	102
42.0002	102
42.001	102
42.0019	102
42.0027	102
42.0036	102
42.0044	102
42.0053	102
42.0061	102
42.0069	102
42.0078	102
42.0086	102
42.0095	102
42.0103	102
42.0112	102
42.012	102
42.0128	102
42.0137	102
42.0145	102
42.0154	102
42.0162	102
42.0171	102
42.0179	102
42.0187	102
42.0196	102
42.0204	102
42.0213	102
42.0221	102
42.023	102
42.0238	102
42.0246	102
42.0255	102
42.0263	102
42.0272	102
42.028	102
42.0289	102
42.0297	102
42.0305	102
42.0314	102
42.0322	102
42.0331	102
42.0339	102
42.0348	102
42.0356	102
42.0364	102
42.0373	102
42.0381	102
42.039	102
42.0398	102
42.0407	102
42.0415	102
42.0424	102
42.0432	102
42.044	102
42.0449	102
42.0457	102
42.0466	102
42.0474	102
42.0483	102
42.0491	102
42.0499	102
42.0508	102
42.0516	102
42.0525	102
42.0533	102
42.0542	102
42.055	102
42.0558	102
42.0567	102
42.0575	102
42.0584	102
42.0592	102
42.0601	102
42.0609	102
42.0617	102
42.0626	102
42.0634	102
42.0643	102
42.0651	102
42.066	102
42.0668	102
42.0676	102
42.0685	102
42.0693	102
42.0702	102
42.071	102
42.0719	102
42.0727	102
42.0736	102
42.0744	102
42.0752	102
42.0761	102
42.0769	102
42.0778	102
42.0786	102
42.0795	102
42.0803	102
42.0811	102
42.082	102
42.0828	102
42.0837	102
42.0845	102
42.0854	102
42.0862	102
42.087	102
42.0879	102
42.0887	102
42.0896	102
42.0904	102
42.0913	102
42.0921	102
42.0929	102
42.0938	102
42.0946	102
42.0955	102
42.0963	102
42.0972	102
42.098	102
42.0988	102
42.0997	102
42.1005	102
42.1014	102
42.1022	102
42.1031	102
42.1039	102
42.1047	102
42.1056	102
42.1064	102
42.1073	102
42.1081	102
42.109	102
42.1098	102
42.1107	102
42.1115	102
42.1123	102
42.1132	102
42.114	102
42.1149	102
42.1157	102
42.1166	102
42.1174	102
42.1182	102
42.1191	102
42.1199	102
42.1208	102
42.1216	102
42.1225	102
42.1233	102
42.1241	102
42.125	102
42.1258	102
42.1267	102
42.1275	102
42.1284	102
42.1292	102
42.13	102
42.1309	102
42.1317	102
42.1326	102
42.1334	102
42.1343	102
42.1351	102
42.1359	102
42.1368	102
42.1376	102
42.1385	102
42.1393	102
42.1402	102
42.141	102
42.1418	102
42.1427	102
42.1435	102
42.1444	102
42.1452	102
42.1461	102
42.1469	102
42.1478	102
42.1486	102
42.1494	102
42.1503	102
42.1511	102
42.152	102
42.1528	102
42.1537	102
42.1545	102
42.1553	102
42.1562	102
42.157	102
42.1579	102
42.1587	102
42.1596	102
42.1604	102
42.1612	102
42.1621	102
42.1629	102
42.1638	102
42.1646	102
42.1655	102
42.1663	102
42.1671	102
42.168	102
42.1688	102
42.1697	102
42.1705	102
42.1714	102
42.1722	102
42.173	102
42.1739	102
42.1747	102
42.1756	102
42.1764	102
42.1773	102
42.1781	102
42.179	102
42.1798	102
42.1806	102
42.1815	102
42.1823	102
42.1832	102
42.184	102
42.1849	102
42.1857	102
42.1865	102
42.1874	102
42.1882	102
42.1891	102
42.1899	102
42.1908	102
42.1916	102
42.1924	102
42.1933	102
42.1941	102
42.195	102
42.1958	102
42.1967	102
42.1975	102
42.1983	102
42.1992	102
42.2	102
42.2009	102
42.2017	102
42.2026	102
42.2034	102
42.2042	102
42.2051	102
42.2059	102
42.2068	102
42.2076	102
42.2085	102
42.2093	102
42.2101	102
42.211	102
42.2118	102
42.2127	102
42.2135	102
42.2144	102
42.2152	102
42.2161	102
42.2169	102
42.2177	102
42.2186	102
42.2194	102
42.2203	102
42.2211	102
42.222	102
42.2228	102
42.2236	102
42.2245	102
42.2253	102
42.2262	102
42.227	102
42.2279	102
42.2287	102
42.2295	102
42.2304	102
42.2312	102
42.2321	102
42.2329	102
42.2338	102
42.2346	102
42.2354	102
42.2363	102
42.2371	102
42.238	102
42.2388	102
42.2397	102
42.2405	102
42.2413	102
42.2422	102
42.243	102
42.2439	102
42.2447	102
42.2456	102
42.2464	102
42.2472	102
42.2481	102
42.2489	102
42.2498	102
42.2506	102
42.2515	102
42.2523	102
42.2532	102
42.254	102
42.2548	102
42.2557	102
42.2565	102
42.2574	102
42.2582	102
42.2591	102
42.2599	102
42.2607	102
42.2616	102
42.2624	102
42.2633	102
42.2641	102
42.265	102
42.2658	102
42.2666	102
42.2675	102
42.2683	102
42.2692	102
42.27	102
42.2709	102
42.2717	102
42.2725	102
42.2734	102
42.2742	102
42.2751	102
42.2759	102
42.2768	102
42.2776	102
42.2784	102
42.2793	102
42.2801	102
42.281	102
42.2818	102
42.2827	102
42.2835	102
42.2844	102
42.2852	102
42.286	102
42.2869	102
42.2877	102
42.2886	102
42.2894	102
42.2903	102
42.2911	102
42.2919	102
42.2928	102
42.2936	102
42.2945	102
42.2953	102
42.2962	102
42.297	102
42.2978	102
42.2987	102
42.2995	102
42.3004	102
42.3012	102
42.3021	102
42.3029	102
42.3037	102
42.3046	102
42.3054	102
42.3063	102
42.3071	102
42.308	102
42.3088	102
42.3096	102
42.3105	102
42.3113	102
42.3122	102
42.313	102
42.3139	102
42.3147	102
42.3155	102
42.3164	102
42.3172	102
42.3181	102
42.3189	102
42.3198	102
42.3206	102
42.3215	102
42.3223	102
42.3231	102
42.324	102
42.3248	102
42.3257	102
42.3265	102
42.3274	102
42.3282	102
42.329	102
42.3299	101
42.3307	101
42.3316	101
42.3324	101
42.3333	101
42.3341	101
42.3349	101
42.3358	101
42.3366	101
42.3375	101
42.3383	101
42.3392	101
42.34	101
42.3408	101
42.3417	101
42.3425	101
42.3434	101
42.3442	101
42.3451	101
42.3459	101
42.3467	101
42.3476	101
42.3484	101
42.3493	101
42.3501	101
42.351	101
42.3518	101
42.3526	101
42.3535	101
42.3543	101
42.3552	101
42.356	101
42.3569	101
42.3577	101
42.3586	101
42.3594	101
42.3602	101
42.3611	101
42.3619	101
42.3628	101
42.3636	101
42.3645	101
42.3653	101
42.3661	101
42.367	101
42.3678	101
42.3687	101
42.3695	101
42.3704	101
42.3712	101
42.372	101
42.3729	101
42.3737	101
42.3746	101
42.3754	101
42.3763	101
42.3771	101
42.3779	101
42.3788	101
42.3796	101
42.3805	101
42.3813	101
42.3822	101
42.383	101
42.3838	101
42.3847	101
42.3855	101
42.3864	101
42.3872	101
42.3881	101
42.3889	101
42.3898	101
42.3906	101
42.3914	101
42.3923	101
42.3931	101
42.394	101
42.3948	101
42.3957	101
42.3965	101
42.3973	101
42.3982	101
42.399	101
42.3999	101
42.4007	101
42.4016	101
42.4024	101
42.4032	101
42.4041	101
42.4049	101
42.4058	101
42.4066	101
42.4075	101
42.4083	101
42.4091	101
42.41	101
42.4108	101
42.4117	101
42.4125	101
42.4134	101
42.4142	101
42.415	101
42.4159	101
42.4167	101
42.4176	101
42.4184	101
42.4193	101
42.4201	101
42.4209	101
42.4218	101
42.4226	101
42.4235	101
42.4243	101
42.4252	101
42.426	101
42.4269	101
42.4277	101
42.4285	101
42.4295	101
42.4303	101
42.4312	101
42.432	101
42.4329	101
42.4337	101
42.4346	101
42.4354	101
42.4362	101
42.4371	101
42.4379	101
42.4388	101
42.4396	101
42.4405	101
42.4413	101
42.4421	101
42.443	101
42.4438	101
42.4447	101
42.4455	101
42.4464	101
42.4472	101
42.4481	101
42.4489	101
42.4497	101
42.4506	101
42.4514	101
42.4523	101
42.4531	101
42.454	101
42.4548	101
42.4556	101
42.4565	101
42.4573	101
42.4582	101
42.459	101
42.4599	101
42.4607	101
42.4615	101
42.4624	101
42.4632	101
42.4641	101
42.4649	101
42.4658	101
42.4666	101
42.4674	101
42.4683	101
42.4691	101
42.47	101
42.4708	101
42.4717	101
42.4725	101
42.4733	101
42.4742	101
42.475	101
42.4759	101
42.4767	101
42.4776	101
42.4784	101
42.4793	101
42.4801	101
42.4809	101
42.4818	101
42.4826	101
42.4835	101
42.4843	101
42.4852	101
42.486	101
42.4868	101
42.4877	101
42.4885	101
42.4894	101
42.4902	101
42.4911	101
42.4919	101
42.4927	101
42.4936	101
42.4944	101
42.4953	101
42.4961	101
42.497	101
42.4978	101
42.4986	101
42.4995	101
42.5003	101
42.5012	101
42.502	101
42.5029	101
42.5037	101
42.5045	101
42.5054	101
42.5062	101
42.5071	101
42.5079	101
42.5088	101
42.5096	101
42.5104	101
42.5113	101
42.5121	101
42.513	101
42.5138	101
42.5147	101
42.5155	101
42.5164	101
42.5172	101
42.518	101
42.5189	101
42.5197	101
42.5206	101
42.5214	101
42.5223	101
42.5231	101
42.5239	101
42.5248	101
42.5256	101
42.5265	101
42.5273	101
42.5282	101
42.529	101
42.5298	101
42.5307	101
42.5315	101
42.5324	101
42.5332	101
42.5341	101
42.5349	101
42.5357	101
42.5366	101
42.5374	101
42.5383	101
42.5391	101
42.54	101
42.5408	101
42.5416	101
42.5425	101
42.5433	101
42.5442	101
42.545	101
42.5459	101
42.5467	101
42.5475	101
42.5484	101
42.5492	101
42.5501	101
42.5509	101
42.5518	101
42.5526	101
42.5535	101
42.5543	101
42.5551	101
42.556	101
42.5568	101
42.5577	101
42.5585	101
42.5594	101
42.5602	101
42.561	101
42.5619	101
42.5627	101
42.5636	101
42.5644	101
42.5653	101
42.5661	101
42.5669	101
42.5678	101
42.5686	101
42.5695	101
42.5703	101
42.5712	101
42.572	101
42.5728	101
42.5737	101
42.5745	101
42.5754	101
42.5762	101
42.5771	101
42.5779	101
42.5787	101
42.5796	101
42.5804	101
42.5813	101
42.5821	101
42.583	101
42.5838	101
42.5847	101
42.5855	101
42.5863	101
42.5872	101
42.588	101
42.5889	101
42.5897	101
42.5906	101
42.5914	101
42.5922	101
42.5931	101
42.5939	101
42.5948	101
42.5956	101
42.5965	101
42.5973	101
42.5981	101
42.599	101
42.5998	101
42.6007	101
42.6015	101
42.6024	101
42.6032	101
42.604	101
42.6049	101
42.6057	101
42.6066	101
42.6074	101
42.6083	101
42.6091	101
42.6099	101
42.6108	101
42.6116	101
42.6125	101
42.6133	101
42.6142	101
42.615	101
42.6158	101
42.6167	101
42.6175	101
42.6184	101
42.6192	101
42.6201	101
42.6209	101
42.6218	101
42.6226	101
42.6234	101
42.6243	101
42.6251	101
42.626	101
42.6268	101
42.6277	101
42.6285	101
42.6293	101
42.6302	101
42.631	101
42.6319	101
42.6327	101
42.6336	101
42.6344	101
42.6352	101
42.6361	101
42.6369	101
42.6378	101
42.6386	101
42.6395	101
42.6403	101
42.6411	101
42.642	101
42.6428	101
42.6437	101
42.6445	101
42.6454	101
42.6462	101
42.647	101
42.6479	101
42.6487	101
42.6496	101
42.6504	101
42.6513	101
42.6521	101
42.6529	101
42.6538	101
42.6546	101
42.6555	101
42.6563	101
42.6572	101
42.658	102
42.6589	102
42.6597	102
42.6605	102
42.6614	102
42.6622	102
42.6631	102
42.6639	102
42.6648	102
42.6656	102
42.6664	102
42.6673	102
42.6681	102
42.669	102
42.6698	102
42.6707	102
42.6715	102
42.6723	102
42.6732	102
42.674	102
42.6749	102
42.6757	102
42.6766	102
42.6774	102
42.6782	102
42.6791	102
42.6799	102
42.6808	102
42.6816	102
42.6825	102
42.6833	102
42.6841	102
42.685	102
42.6858	102
42.6867	102
42.6875	102
42.6884	102
42.6892	102
42.6901	102
42.6909	102
42.6917	102
42.6926	102
42.6934	102
42.6943	102
42.6951	102
42.696	102
42.6968	102
42.6976	102
42.6985	102
42.6993	102
42.7002	102
42.701	102
42.7019	102
42.7027	102
42.7035	102
42.7044	102
42.7052	102
42.7061	102
42.7069	102
42.7078	102
42.7086	102
42.7094	102
42.7103	102
42.7111	102
42.712	102
42.7128	102
42.7137	102
42.7145	102
42.7153	102
42.7162	102
42.717	102
42.7179	102
42.7187	102
42.7196	102
42.7204	102
42.7212	102
42.7221	102
42.7229	102
42.7238	102
42.7246	102
42.7255	102
42.7263	102
42.7272	102
42.728	102
42.7288	102
42.7297	102
42.7305	102
42.7314	102
42.7322	102
42.7331	102
42.7339	102
42.7347	102
42.7356	102
42.7364	102
42.7373	102
42.7381	102
42.739	102
42.7398	102
42.7406	102
42.7415	102
42.7423	102
42.7432	102
42.744	102
42.7449	102
42.7457	102
42.7465	102
42.7474	102
42.7482	102
42.7491	102
42.7499	102
42.7508	102
42.7516	102
42.7524	102
42.7533	102
42.7541	102
42.755	102
42.7558	102
42.7567	102
42.7575	102
42.7583	102
42.7592	102
42.76	102
42.7609	102
42.7617	102
42.7626	102
42.7634	102
42.7643	102
42.7651	102
42.7659	102
42.7668	102
42.7676	102
42.7685	102
42.7693	102
42.7702	102
42.771	102
42.7718	102
42.7727	102
42.7735	102
42.7744	102
42.7752	102
42.7761	102
42.7769	102
42.7777	102
42.7786	102
42.7794	102
42.7803	102
42.7811	102
42.782	102
42.7828	102
42.7836	102
42.7845	102
42.7853	102
42.7862	102
42.787	102
42.7879	102
42.7887	102
42.7895	102
42.7904	102
42.7912	102
42.7921	102
42.7929	102
42.7938	102
42.7946	102
42.7955	102
42.7963	102
42.7971	102
42.798	102
42.7988	102
42.7997	102
42.8005	102
42.8014	102
42.8022	102
42.803	102
42.8039	102
42.8047	102
42.8056	102
42.8064	102
42.8073	102
42.8081	102
42.8089	102
42.8098	102
42.8106	102
42.8115	102
42.8123	102
42.8132	102
42.814	102
42.8148	102
42.8157	102
42.8165	102
42.8174	102
42.8182	102
42.8191	102
42.8199	102
42.8207	102
42.8216	102
42.8224	102
42.8233	102
42.8241	102
42.825	102
42.8258	102
42.8266	102
42.8275	102
42.8283	102
42.8292	102
42.83	102
42.8309	102
42.8317	102
42.8326	102
42.8334	102
42.8342	102
42.8351	102
42.8359	102
42.8368	102
42.8376	102
42.8385	102
42.8393	102
42.8401	102
42.841	102
42.8418	102
42.8427	102
42.8435	102
42.8444	102
42.8452	102
42.846	102
42.8469	102
42.8477	102
42.8486	102
42.8494	102
42.8503	102
42.8511	102
42.8519	102
42.8528	102
42.8536	102
42.8545	102
42.8553	102
42.8562	102
42.857	102
42.8578	102
42.8587	102
42.8595	102
42.8604	102
42.8612	102
42.8621	102
42.8629	102
42.8637	102
42.8646	102
42.8654	102
42.8663	102
42.8671	102
42.868	102
42.8688	102
42.8697	102
42.8705	102
42.8713	102
42.8722	102
42.873	102
42.8739	102
42.8747	102
42.8756	102
42.8764	102
42.8772	102
42.8781	102
42.8789	102
42.8798	102
42.8806	102
42.8815	102
42.8823	102
42.8831	102
42.884	102
42.8848	102
42.8857	102
42.8865	102
42.8874	102
42.8882	102
42.889	102
42.8899	102
42.8907	102
42.8916	102
42.8924	102
42.8933	102
42.8941	102
42.8949	102
42.8958	102
42.8966	102
42.8975	102
42.8983	102
42.8992	102
42.9	102
42.9009	102
42.9017	102
42.9025	102
42.9034	102
42.9042	102
42.9051	102
42.9059	102
42.9068	102
42.9076	102
42.9084	102
42.9093	102
42.9101	102
42.911	102
42.9118	102
42.9127	102
42.9135	102
42.9143	102
42.9152	102
42.916	102
42.9169	102
42.9177	102
42.9186	102
42.9194	102
42.9202	102
42.9211	102
42.9219	102
42.9228	102
42.9236	102
42.9245	102
42.9253	102
42.9261	102
42.927	102
42.9278	102
42.9287	102
42.9295	102
42.9304	102
42.9312	102
42.932	102
42.9329	102
42.9337	102
42.9346	102
42.9354	102
42.9363	102
42.9371	102
42.938	102
42.9388	102
42.9396	102
42.9405	102
42.9413	102
42.9422	102
42.943	102
42.9439	102
42.9447	102
42.9455	102
42.9464	102
42.9472	102
42.9481	102
42.9489	102
42.9498	102
42.9506	102
42.9514	102
42.9523	102
42.9531	102
42.954	102
42.9548	102
42.9557	102
42.9565	102
42.9573	102
42.9582	102
42.959	102
42.9599	102
42.9607	102
42.9616	102
42.9624	102
42.9632	102
42.9641	102
42.9649	102
42.9658	102
42.9666	102
42.9675	102
42.9683	102
42.9691	102
42.97	102
42.9708	102
42.9717	102
42.9725	102
42.9734	102
42.9742	102
42.9751	102
42.9759	102
42.9767	102
42.9776	102
42.9784	102
42.9793	102
42.9801	102
42.981	102
42.9818	102
42.9826	102
42.9835	102
42.9843	102
42.9852	102
42.986	102
42.9869	102
42.9877	102
42.9885	102
42.9894	102
42.9902	102
42.9911	102
42.9919	102
42.9928	102
42.9936	102
42.9944	102
42.9953	102
42.9961	102
42.997	102
42.9978	102
42.9987	102
42.9995	102
43.0003	102
43.0012	102
43.002	102
43.0029	102
43.0037	102
43.0046	102
43.0054	102
43.0063	102
43.0071	102
43.0079	102
43.0088	102
43.0096	102
43.0105	102
43.0113	102
43.0122	102
43.013	102
43.0138	102
43.0147	102
43.0155	102
43.0164	102
43.0172	102
43.0181	102
43.0189	102
43.0197	102
43.0206	102
43.0214	102
43.0223	102
43.0231	102
43.024	102
43.0248	102
43.0256	102
43.0265	102
43.0273	102
43.0282	102
43.029	102
43.0299	102
43.0307	102
43.0315	102
43.0324	102
43.0332	102
43.0341	102
43.0349	102
43.0358	102
43.0366	102
43.0374	102
43.0383	102
43.0391	102
43.04	102
43.0408	102
43.0417	102
43.0425	102
43.0434	102
43.0442	102
43.045	102
43.0459	102
43.0467	102
43.0476	102
43.0484	102
43.0493	102
43.0501	102
43.0509	102
43.0518	102
43.0526	102
43.0535	102
43.0543	102
43.0552	102
43.056	102
43.0568	102
43.0577	102
43.0585	102
43.0594	102
43.0602	102
43.0611	102
43.0619	102
43.0627	102
43.0636	102
43.0644	102
43.0653	102
43.0661	102
43.067	102
43.0678	102
43.0686	102
43.0695	102
43.0703	102
43.0712	102
43.072	102
43.0729	102
43.0737	102
43.0745	102
43.0754	102
43.0762	102
43.0771	102
43.0779	102
43.0788	102
43.0796	102
43.0805	102
43.0813	102
43.0821	102
43.083	102
43.0838	102
43.0847	102
43.0855	102
43.0864	102
43.0872	102
43.088	102
43.0889	102
43.0897	102
43.0906	102
43.0914	102
43.0923	102
43.0931	102
43.0939	102
43.0948	102
43.0956	102
43.0965	102
43.0973	102
43.0982	102
43.099	102
43.0998	102
43.1007	102
43.1015	102
43.1024	102
43.1032	102
43.1041	102
43.1049	102
43.1057	102
43.1066	102
43.1074	102
43.1083	102
43.1091	102
43.11	102
43.1108	102
43.1117	102
43.1125	102
43.1133	102
43.1142	102
43.115	102
43.1159	102
43.1167	102
43.1176	102
43.1184	102
43.1192	102
43.1201	102
43.1209	102
43.1218	102
43.1226	102
43.1235	102
43.1243	102
43.1251	102
43.126	102
43.1268	102
43.1277	102
43.1285	102
43.1294	102
43.1302	102
43.131	102
43.1319	102
43.1327	102
43.1336	102
43.1344	102
43.1353	102
43.1361	102
43.1369	101
43.1378	101
43.1386	101
43.1395	101
43.1403	101
43.1412	101
43.142	101
43.1428	101
43.1437	101
43.1445	101
43.1454	101
43.1462	101
43.1471	101
43.1479	101
43.1488	101
43.1496	101
43.1504	101
43.1513	101
43.1521	101
43.153	101
43.1538	101
43.1547	101
43.1555	101
43.1563	101
43.1572	101
43.158	101
43.1589	101
43.1597	101
43.1606	101
43.1614	101
43.1622	101
43.1631	101
43.1639	101
43.1648	101
43.1656	101
43.1665	101
43.1673	101
43.1681	101
43.169	101
43.1698	101
43.1707	101
43.1715	101
43.1724	101
43.1732	101
43.174	101
43.1749	101
43.1757	101
43.1766	101
43.1774	101
43.1783	101
43.1791	101
43.1799	101
43.1808	101
43.1816	101
43.1825	101
43.1833	101
43.1842	101
43.185	101
43.1859	101
43.1867	101
43.1875	101
43.1884	101
43.1892	101
43.1901	101
43.1909	101
43.1918	101
43.1926	101
43.1934	101
43.1943	101
43.1951	101
43.196	101
43.1968	101
43.1977	101
43.1985	101
43.1993	101
43.2002	101
43.201	101
43.2019	101
43.2027	101
43.2036	101
43.2044	101
43.2052	101
43.2061	101
43.2069	101
43.2078	101
43.2086	101
43.2095	101
43.2103	101
43.2111	101
43.212	101
43.2128	101
43.2137	101
43.2145	101
43.2154	101
43.2162	101
43.2171	101
43.2179	101
43.2187	101
43.2196	101
43.2204	101
43.2213	101
43.2221	101
43.223	101
43.2238	101
43.2246	101
43.2255	101
43.2263	101
43.2272	101
43.228	101
43.2289	101
43.2297	101
43.2305	101
43.2314	101
43.2322	101
43.2331	101
43.2339	101
43.2348	101
43.2356	101
43.2364	101
43.2374	101
43.2383	101
43.2391	101
43.2399	101
43.2408	101
43.2416	101
43.2425	101
43.2433	101
43.2442	101
43.245	101
43.2458	101
43.2467	101
43.2475	101
43.2484	101
43.2492	101
43.2501	101
43.2509	101
43.2517	101
43.2526	101
43.2534	101
43.2543	101
43.2551	101
43.256	101
43.2568	101
43.2576	101
43.2585	101
43.2593	101
43.2602	101
43.261	101
43.2619	101
43.2627	101
43.2635	101
43.2644	101
43.2652	101
43.2661	101
43.2669	101
43.2678	101
43.2686	101
43.2694	101
43.2703	101
43.2711	101
43.272	101
43.2728	101
43.2737	101
43.2745	101
43.2754	101
43.2762	101
43.277	101
43.2779	101
43.2787	101
43.2796	101
43.2804	101
43.2813	101
43.2821	101
43.2829	101
43.2838	101
43.2846	101
43.2855	101
43.2863	101
43.2872	101
43.288	101
43.2888	101
43.2897	101
43.2905	101
43.2914	101
43.2922	101
43.2931	101
43.2939	101
43.2947	101
43.2956	101
43.2964	101
43.2973	101
43.2981	101
43.299	101
43.2998	101
43.3006	101
43.3015	101
43.3023	101
43.3032	101
43.304	101
43.3049	101
43.3057	101
43.3065	101
43.3074	101
43.3082	101
43.3091	101
43.3099	101
43.3108	101
43.3116	101
43.3125	101
43.3133	101
43.3141	101
43.315	101
43.3158	101
43.3167	101
43.3175	101
43.3184	101
43.3192	101
43.32	101
43.3209	101
43.3217	101
43.3226	101
43.3234	101
43.3243	101
43.3251	101
43.3259	101
43.3268	101
43.3276	101
43.3285	101
43.3293	101
43.3302	101
43.331	101
43.3318	101
43.3327	101
43.3335	101
43.3344	101
43.3352	101
43.3361	101
43.3369	101
43.3377	101
43.3386	101
43.3394	101
43.3403	101
43.3411	101
43.342	101
43.3428	101
43.3437	101
43.3445	101
43.3453	101
43.3462	101
43.347	101
43.3479	101
43.3487	101
43.3496	101
43.3504	101
43.3512	101
43.3521	101
43.3529	101
43.3538	101
43.3546	101
43.3555	101
43.3563	101
43.3571	101
43.358	101
43.3588	101
43.3597	101
43.3605	101
43.3614	101
43.3622	101
43.363	101
43.3639	101
43.3647	101
43.3656	101
43.3664	101
43.3673	101
43.3681	101
43.3689	101
43.3698	101
43.3706	101
43.3715	101
43.3723	101
43.3732	101
43.374	101
43.3748	101
43.3757	101
43.3765	101
43.3774	101
43.3782	101
43.3791	101
43.3799	101
43.3808	101
43.3816	101
43.3824	101
43.3833	101
43.3841	101
43.385	101
43.3858	101
43.3867	101
43.3875	101
43.3883	101
43.3892	101
43.39	101
43.3909	101
43.3917	101
43.3926	101
43.3934	101
43.3942	101
43.3951	101
43.3959	101
43.3968	101
43.3976	101
43.3985	101
43.3993	101
43.4001	101
43.401	101
43.4018	101
43.4027	101
43.4035	101
43.4044	101
43.4052	101
43.406	101
43.4069	101
43.4077	101
43.4086	101
43.4094	101
43.4103	101
43.4111	101
43.4119	101
43.4128	101
43.4136	101
43.4145	101
43.4153	101
43.4162	101
43.417	101
43.4179	101
43.4187	101
43.4195	101
43.4204	101
43.4212	101
43.4221	101
43.4229	101
43.4238	101
43.4246	101
43.4254	101
43.4263	101
43.4271	101
43.428	101
43.4288	101
43.4297	101
43.4305	101
43.4313	101
43.4322	101
43.433	101
43.4339	101
43.4347	101
43.4356	101
43.4364	101
43.4372	101
43.4381	101
43.4389	101
43.4398	101
43.4406	101
43.4415	101
43.4423	101
43.4431	101
43.444	101
43.4448	101
43.4457	101
43.4465	101
43.4474	101
43.4482	101
43.4491	101
43.4499	101
43.4507	101
43.4516	101
43.4524	101
43.4533	101
43.4541	101
43.455	101
43.4558	101
43.4566	101
43.4575	101
43.4583	101
43.4592	101
43.46	102
43.4609	102
43.4617	102
43.4625	102
43.4634	102
43.4642	102
43.4651	102
43.4659	102
43.4668	102
43.4676	102
43.4684	102
43.4693	102
43.4701	102
43.471	102
43.4718	102
43.4727	102
43.4735	102
43.4743	102
43.4752	102
43.476	102
43.4769	102
43.4777	102
43.4786	102
43.4794	102
43.4802	102
43.4811	102
43.4819	102
43.4828	102
43.4836	102
43.4845	102
43.4853	102
43.4862	102
43.487	102
43.4878	102
43.4887	102
43.4895	102
43.4904	102
43.4912	102
43.4921	102
43.4929	102
43.4937	102
43.4946	102
43.4954	102
43.4963	102
43.4971	102
43.498	102
43.4988	102
43.4996	102
43.5005	102
43.5013	102
43.5022	102
43.503	102
43.5039	102
43.5047	102
43.5055	102
43.5064	102
43.5072	102
43.5081	102
43.5089	102
43.5098	102
43.5106	102
43.5114	102
43.5123	102
43.5131	102
43.514	102
43.5148	102
43.5157	102
43.5165	102
43.5173	102
43.5182	102
43.519	102
43.5199	102
43.5207	102
43.5216	102
43.5224	102
43.5233	102
43.5241	102
43.5249	102
43.5258	102
43.5266	102
43.5275	102
43.5283	102
43.5292	102
43.53	102
43.5308	102
43.5317	102
43.5325	102
43.5334	102
43.5342	102
43.5351	102
43.5359	102
43.5367	102
43.5376	102
43.5384	102
43.5393	102
43.5401	102
43.541	102
43.5418	102
43.5426	102
43.5435	102
43.5443	102
43.5452	102
43.546	102
43.5469	102
43.5477	102
43.5485	102
43.5494	102
43.5502	102
43.5511	102
43.5519	102
43.5528	102
43.5536	102
43.5545	102
43.5553	102
43.5561	102
43.557	102
43.5578	102
43.5587	102
43.5595	102
43.5604	102
43.5612	102
43.562	102
43.5629	102
43.5637	102
43.5646	102
43.5654	102
43.5663	102
43.5671	102
43.5679	102
43.5688	102
43.5696	102
43.5705	102
43.5713	102
43.5722	102
43.573	102
43.5738	102
43.5747	102
43.5755	102
43.5764	102
43.5772	102
43.5781	102
43.5789	102
43.5797	102
43.5806	102
43.5814	102
43.5823	102
43.5831	102
43.584	102
43.5848	102
43.5856	102
43.5865	102
43.5873	102
43.5882	102
43.589	102
43.5899	102
43.5907	102
43.5916	102
43.5924	102
43.5932	102
43.5941	102
43.5949	102
43.5958	102
43.5966	102
43.5975	102
43.5983	102
43.5991	102
43.6	102
43.6008	102
43.6017	102
43.6025	102
43.6034	102
43.6042	102
43.605	102
43.6059	102
43.6067	102
43.6076	102
43.6084	102
43.6093	102
43.6101	102
43.6109	102
43.6118	102
43.6126	102
43.6135	102
43.6143	102
43.6152	102
43.616	102
43.6168	102
43.6177	102
43.6185	102
43.6194	102
43.6202	102
43.6211	102
43.6219	102
43.6227	102
43.6236	102
43.6244	102
43.6253	102
43.6261	102
43.627	102
43.6278	102
43.6287	102
43.6295	102
43.6303	102
43.6312	102
43.632	102
43.6329	102
43.6337	102
43.6346	102
43.6354	102
43.6362	102
43.6371	102
43.6379	102
43.6388	102
43.6396	102
43.6405	102
43.6413	102
43.6421	102
43.643	102
43.6438	102
43.6447	102
43.6455	102
43.6464	102
43.6472	102
43.648	102
43.6489	102
43.6497	102
43.6506	102
43.6514	102
43.6523	102
43.6531	102
43.6539	102
43.6548	102
43.6556	102
43.6565	102
43.6573	102
43.6582	102
43.659	102
43.6599	102
43.6607	102
43.6615	102
43.6624	102
43.6632	102
43.6641	102
43.6649	102
43.6658	102
43.6666	102
43.6674	102
43.6683	102
43.6691	102
43.67	102
43.6708	102
43.6717	102
43.6725	102
43.6733	102
43.6742	102
43.675	102
43.6759	102
43.6767	102
43.6776	102
43.6784	102
43.6792	102
43.6801	102
43.6809	102
43.6818	102
43.6826	102
43.6835	102
43.6843	102
43.6851	102
43.686	102
43.6868	102
43.6877	102
43.6885	102
43.6894	102
43.6902	102
43.691	102
43.6919	102
43.6927	102
43.6936	102
43.6944	102
43.6953	102
43.6961	102
43.697	102
43.6978	102
43.6986	102
43.6995	102
43.7003	102
43.7012	102
43.702	102
43.7029	102
43.7037	102
43.7045	102
43.7054	102
43.7062	102
43.7071	102
43.7079	102
43.7088	102
43.7096	102
43.7104	102
43.7113	102
43.7121	102
43.713	102
43.7138	102
43.7147	102
43.7155	102
43.7163	102
43.7172	102
43.718	102
43.7189	102
43.7197	102
43.7206	102
43.7214	102
43.7222	102
43.7231	102
43.7239	102
43.7248	102
43.7256	102
43.7265	102
43.7273	102
43.7281	102
43.729	102
43.7298	102
43.7307	102
43.7315	102
43.7324	102
43.7332	102
43.7341	102
43.7349	102
43.7357	102
43.7366	102
43.7374	102
43.7383	102
43.7391	102
43.74	102
43.7408	102
43.7416	102
43.7425	102
43.7433	102
43.7442	102
43.745	102
43.7459	102
43.7467	102
43.7475	102
43.7484	102
43.7492	102
43.7501	102
43.7509	102
43.7518	102
43.7526	102
43.7534	102
43.7543	102
43.7551	102
43.756	102
43.7568	102
43.7577	102
43.7585	102
43.7593	102
43.7602	102
43.761	102
43.7619	102
43.7627	102
43.7636	102
43.7644	102
43.7653	102
43.7661	102
43.7669	102
43.7678	102
43.7686	102
43.7695	102
43.7703	102
43.7712	102
43.772	102
43.7728	102
43.7737	102
43.7745	102
43.7754	102
43.7762	102
43.7771	102
43.7779	102
43.7787	102
43.7796	102
43.7804	102
43.7813	102
43.7821	102
43.783	102
43.7838	102
43.7846	102
43.7855	102
43.7863	102
43.7872	102
43.788	102
43.7889	102
43.7897	102
43.7905	102
43.7914	102
43.7922	102
43.7931	102
43.7939	102
43.7948	102
43.7956	102
43.7964	102
43.7973	102
43.7981	102
43.799	102
43.7998	102
43.8007	102
43.8015	102
43.8024	102
43.8032	102
43.804	102
43.8049	102
43.8057	102
43.8066	102
43.8074	102
43.8083	102
43.8091	102
43.8099	102
43.8108	102
43.8116	102
43.8125	102
43.8133	102
43.8142	102
43.815	102
43.8158	102
43.8167	102
43.8175	102
43.8184	102
43.8192	102
43.8201	102
43.8209	102
43.8217	102
43.8226	102
43.8234	102
43.8243	102
43.8251	102
43.826	102
43.8268	102
43.8276	102
43.8285	102
43.8293	102
43.8302	102
43.831	102
43.8319	102
43.8327	102
43.8335	102
43.8344	102
43.8352	102
43.8361	102
43.8369	102
43.8378	102
43.8386	102
43.8395	102
43.8403	102
43.8411	102
43.842	102
43.8428	102
43.8437	102
43.8445	102
43.8454	102
43.8462	102
43.847	102
43.8479	102
43.8487	102
43.8496	102
43.8504	102
43.8513	102
43.8521	102
43.8529	102
43.8538	102
43.8546	102
43.8555	102
43.8563	102
43.8572	102
43.858	102
43.8588	102
43.8597	102
43.8605	102
43.8614	102
43.8622	102
43.8631	102
43.8639	102
43.8647	102
43.8656	102
43.8664	102
43.8673	102
43.8681	102
43.869	102
43.8698	102
43.8707	102
43.8715	102
43.8723	102
43.8732	102
43.874	102
43.8749	102
43.8757	102
43.8766	102
43.8774	102
43.8782	102
43.8791	102
43.8799	102
43.8808	102
43.8816	102
43.8825	102
43.8833	102
43.8841	102
43.885	102
43.8858	102
43.8867	102
43.8875	102
43.8884	102
43.8892	102
43.89	102
43.8909	102
43.8917	102
43.8926	102
43.8934	102
43.8943	102
43.8951	102
43.8959	102
43.8968	102
43.8976	102
43.8985	102
43.8993	102
43.9002	102
43.901	102
43.9018	102
43.9027	102
43.9035	102
43.9044	102
43.9052	102
43.9061	102
43.9069	102
43.9078	102
43.9086	102
43.9094	102
43.9103	102
43.9111	102
43.912	102
43.9128	102
43.9137	102
43.9145	102
43.9153	102
43.9162	102
43.917	102
43.9179	102
43.9187	102
43.9196	102
43.9204	102
43.9212	102
43.9221	102
43.9229	102
43.9238	102
43.9246	102
43.9255	102
43.9263	102
43.9271	102
43.928	102
43.9288	102
43.9297	102
43.9305	102
43.9314	102
43.9322	102
43.933	102
43.9339	102
43.9347	102
43.9356	102
43.9364	102
43.9373	102
43.9381	102
43.9389	102
43.9398	102
43.9406	102
43.9415	102
43.9423	102
43.9432	102
43.944	102
43.9449	101
43.9457	101
43.9465	101
43.9474	101
43.9482	101
43.9491	101
43.9499	101
43.9508	101
43.9516	101
43.9524	101
43.9533	101
43.9541	101
43.955	101
43.9558	101
43.9567	101
43.9575	101
43.9583	101
43.9592	101
43.96	101
43.9609	101
43.9617	101
43.9626	101
43.9634	101
43.9642	101
43.9651	101
43.9659	101
43.9668	101
43.9676	101
43.9685	101
43.9693	101
43.9701	101
43.971	101
43.9718	101
43.9727	101
43.9735	101
43.9744	101
43.9752	101
43.9761	101
43.9769	101
43.9777	101
43.9786	101
43.9794	101
43.9803	101
43.9811	101
43.982	101
43.9828	101
43.9836	101
43.9845	101
43.9853	101
43.9862	101
43.987	101
43.9879	101
43.9887	101
43.9895	101
43.9904	101
43.9912	101
43.9921	101
43.9929	101
43.9938	101
43.9946	101
43.9954	101
43.9963	101
43.9971	101
43.998	101
43.9988	101
43.9997	101
44.0005	101
44.0013	101
44.0022	101
44.003	101
44.0039	101
44.0047	101
44.0056	101
44.0064	101
44.0072	101
44.0081	101
44.0089	101
44.0098	101
44.0106	101
44.0115	101
44.0123	101
44.0132	101
44.014	101
44.0148	101
44.0157	101
44.0165	101
44.0174	101
44.0182	101
44.0191	101
44.0199	101
44.0207	101
44.0216	101
44.0224	101
44.0233	101
44.0241	101
44.025	101
44.0258	101
44.0266	101
44.0275	101
44.0283	101
44.0292	101
44.03	101
44.0309	101
44.0317	101
44.0325	101
44.0334	101
44.0342	101
44.0351	101
44.0359	101
44.0368	101
44.0376	101
44.0384	101
44.0393	101
44.0401	101
44.041	101
44.0418	101
44.0427	101
44.0435	101
44.0443	101
44.0453	101
44.0462	101
44.047	101
44.0478	101
44.0487	101
44.0495	101
44.0504	101
44.0512	101
44.0521	101
44.0529	101
44.0537	101
44.0546	101
44.0554	101
44.0563	101
44.0571	101
44.058	101
44.0588	101
44.0596	101
44.0605	101
44.0613	101
44.0622	101
44.063	101
44.0639	101
44.0647	101
44.0655	101
44.0664	101
44.0672	101
44.0681	101
44.0689	101
44.0698	101
44.0706	101
44.0715	101
44.0723	101
44.0731	101
44.074	101
44.0748	101
44.0757	101
44.0765	101
44.0774	101
44.0782	101
44.079	101
44.0799	101
44.0807	101
44.0816	101
44.0824	101
44.0833	101
44.0841	101
44.0849	101
44.0858	101
44.0866	101
44.0875	101
44.0883	101
44.0892	101
44.09	101
44.0908	101
44.0917	101
44.0925	101
44.0934	101
44.0942	101
44.0951	101
44.0959	101
44.0967	101
44.0976	101
44.0984	101
44.0993	101
44.1001	101
44.101	101
44.1018	101
44.1027	101
44.1035	101
44.1043	101
44.1052	101
44.106	101
44.1069	101
44.1077	101
44.1086	101
44.1094	101
44.1102	101
44.1111	101
44.1119	101
44.1128	101
44.1136	101
44.1145	101
44.1153	101
44.1161	101
44.117	101
44.1178	101
44.1187	101
44.1195	101
44.1204	101
44.1212	101
44.122	101
44.1229	101
44.1237	101
44.1246	101
44.1254	101
44.1263	101
44.1271	101
44.1279	101
44.1288	101
44.1296	101
44.1305	101
44.1313	101
44.1322	101
44.133	101
44.1338	101
44.1347	101
44.1355	101
44.1364	101
44.1372	101
44.1381	101
44.1389	101
44.1398	101
44.1406	101
44.1414	101
44.1423	101
44.1431	101
44.144	101
44.1448	101
44.1457	101
44.1465	101
44.1473	101
44.1482	101
44.149	101
44.1499	101
44.1507	101
44.1516	101
44.1524	101
44.1532	101
44.1541	101
44.1549	101
44.1558	101
44.1566	101
44.1575	101
44.1583	101
44.1591	101
44.16	101
44.1608	101
44.1617	101
44.1625	101
44.1634	101
44.1642	101
44.165	101
44.1659	101
44.1667	101
44.1676	101
44.1684	101
44.1693	101
44.1701	101
44.1709	101
44.1718	101
44.1726	101
44.1735	101
44.1743	101
44.1752	101
44.176	101
44.1769	101
44.1777	101
44.1785	101
44.1794	101
44.1802	101
44.1811	101
44.1819	101
44.1828	101
44.1836	101
44.1844	101
44.1853	101
44.1861	101
44.187	101
44.1878	101
44.1887	101
44.1895	101
44.1903	101
44.1912	101
44.192	101
44.1929	101
44.1937	101
44.1946	101
44.1954	101
44.1962	101
44.1971	101
44.1979	101
44.1988	101
44.1996	101
44.2005	101
44.2013	101
44.2021	101
44.203	101
44.2038	101
44.2047	101
44.2055	101
44.2064	101
44.2072	101
44.2081	101
44.2089	101
44.2097	101
44.2106	101
44.2114	101
44.2123	101
44.2131	101
44.214	101
44.2148	101
44.2156	101
44.2165	101
44.2173	101
44.2182	101
44.219	101
44.2199	101
44.2207	101
44.2215	101
44.2224	101
44.2232	101
44.2241	101
44.2249	101
44.2258	101
44.2266	101
44.2274	101
44.2283	101
44.2291	101
44.23	101
44.2308	101
44.2317	101
44.2325	101
44.2333	101
44.2342	101
44.235	101
44.2359	101
44.2367	101
44.2376	101
44.2384	101
44.2392	101
44.2401	101
44.2409	101
44.2418	101
44.2426	101
44.2435	101
44.2443	101
44.2452	101
44.246	101
44.2468	101
44.2477	101
44.2485	101
44.2494	101
44.2502	101
44.2511	101
44.2519	101
44.2527	101
44.2536	101
44.2544	101
44.2553	101
44.2561	101
44.257	101
44.2578	101
44.2586	101
44.2595	101
44.2603	101
44.2612	101
44.262	102
44.2629	102
44.2637	102
44.2645	102
44.2654	102
44.2662	102
44.2671	102
44.2679	102
44.2688	102
44.2696	102
44.2704	102
44.2713	102
44.2721	102
44.273	102
44.2738	102
44.2747	102
44.2755	102
44.2763	102
44.2772	102
44.278	102
44.2789	102
44.2797	102
44.2806	102
44.2814	102
44.2823	102
44.2831	102
44.2839	102
44.2848	102
44.2856	102
44.2865	102
44.2873	102
44.2882	102
44.289	102
44.2898	102
44.2907	102
44.2915	102
44.2924	102
44.2932	102
44.2941	102
44.2949	102
44.2957	102
44.2966	102
44.2974	102
44.2983	102
44.2991	102
44.3	102
44.3008	102
44.3016	102
44.3025	102
44.3033	102
44.3042	102
44.305	102
44.3059	102
44.3067	102
44.3075	102
44.3084	102
44.3092	102
44.3101	102
44.3109	102
44.3118	102
44.3126	102
44.3135	102
44.3143	102
44.3151	102
44.316	102
44.3168	102
44.3177	102
44.3185	102
44.3194	102
44.3202	102
44.321	102
44.3219	102
44.3227	102
44.3236	102
44.3244	102
44.3253	102
44.3261	102
44.3269	102
44.3278	102
44.3286	102
44.3295	102
44.3303	102
44.3312	102
44.332	102
44.3328	102
44.3337	102
44.3345	102
44.3354	102
44.3362	102
44.3371	102
44.3379	102
44.3387	102
44.3396	102
44.3404	102
44.3413	102
44.3421	102
44.343	102
44.3438	102
44.3446	102
44.3455	102
44.3463	102
44.3472	102
44.348	102
44.3489	102
44.3497	102
44.3506	102
44.3514	102
44.3522	102
44.3531	102
44.3539	102
44.3548	102
44.3556	102
44.3565	102
44.3573	102
44.3581	102
44.359	102
44.3598	102
44.3607	102
44.3615	102
44.3624	102
44.3632	102
44.364	102
44.3649	102
44.3657	102
44.3666	102
44.3674	102
44.3683	102
44.3691	102
44.3699	102
44.3708	102
44.3716	102
44.3725	102
44.3733	102
44.3742	102
44.375	102
44.3758	102
44.3767	102
44.3775	102
44.3784	102
44.3792	102
44.3801	102
44.3809	102
44.3817	102
44.3826	102
44.3834	102
44.3843	102
44.3851	102
44.386	102
44.3868	102
44.3877	102
44.3885	102
44.3893	102
44.3902	102
44.391	102
44.3919	102
44.3927	102
44.3936	102
44.3944	102
44.3952	102
44.3961	102
44.3969	102
44.3978	102
44.3986	102
44.3995	102
44.4003	102
44.4011	102
44.402	102
44.4028	102
44.4037	102
44.4045	102
44.4054	102
44.4062	102
44.407	102
44.4079	102
44.4087	102
44.4096	102
44.4104	102
44.4113	102
44.4121	102
44.4129	102
44.4138	102
44.4146	102
44.4155	102
44.4163	102
44.4172	102
44.418	102
44.4189	102
44.4197	102
44.4205	102
44.4214	102
44.4222	102
44.4231	102
44.4239	102
44.4248	102
44.4256	102
44.4264	102
44.4273	102
44.4281	102
44.429	102
44.4298	102
44.4307	102
44.4315	102
44.4323	102
44.4332	102
44.434	102
44.4349	102
44.4357	102
44.4366	102
44.4374	102
44.4382	102
44.4391	102
44.4399	102
44.4408	102
44.4416	102
44.4425	102
44.4433	102
44.4441	102
44.445	102
44.4458	102
44.4467	102
44.4475	102
44.4484	102
44.4492	102
44.45	102
44.4509	102
44.4517	102
44.4526	102
44.4534	102
44.4543	102
44.4551	102
44.456	102
44.4568	102
44.4576	102
44.4585	102
44.4593	102
44.4602	102
44.461	102
44.4619	102
44.4627	102
44.4635	102
44.4644	102
44.4652	102
44.4661	102
44.4669	102
44.4678	102
44.4686	102
44.4694	102
44.4703	102
44.4711	102
44.472	102
44.4728	102
44.4737	102
44.4745	102
44.4753	102
44.4762	102
44.477	102
44.4779	102
44.4787	102
44.4796	102
44.4804	102
44.4812	102
44.4821	102
44.4829	102
44.4838	102
44.4846	102
44.4855	102
44.4863	102
44.4871	102
44.488	102
44.4888	102
44.4897	102
44.4905	102
44.4914	102
44.4922	102
44.4931	102
44.4939	102
44.4947	102
44.4956	102
44.4964	102
44.4973	102
44.4981	102
44.499	102
44.4998	102
44.5006	102
44.5015	102
44.5023	102
44.5032	102
44.504	102
44.5049	102
44.5057	102
44.5065	102
44.5074	102
44.5082	102
44.5091	102
44.5099	102
44.5108	102
44.5116	102
44.5124	102
44.5133	102
44.5141	102
44.515	102
44.5158	102
44.5167	102
44.5175	102
44.5183	102
44.5192	102
44.52	102
44.5209	102
44.5217	102
44.5226	102
44.5234	102
44.5243	102
44.5251	102
44.5259	102
44.5268	102
44.5276	102
44.5285	102
44.5293	102
44.5302	102
44.531	102
44.5318	102
44.5327	102
44.5335	102
44.5344	102
44.5352	102
44.5361	102
44.5369	102
44.5377	102
44.5386	102
44.5394	102
44.5403	102
44.5411	102
44.542	102
44.5428	102
44.5436	102
44.5445	102
44.5453	102
44.5462	102
44.547	102
44.5479	102
44.5487	102
44.5495	102
44.5504	102
44.5512	102
44.5521	102
44.5529	102
44.5538	102
44.5546	102
44.5554	102
44.5563	102
44.5571	102
44.558	102
44.5588	102
44.5597	102
44.5605	102
44.5614	102
44.5622	102
44.563	102
44.5639	102
44.5647	102
44.5656	102
44.5664	102
44.5673	102
44.5681	102
44.5689	102
44.5698	102
44.5706	102
44.5715	102
44.5723	102
44.5732	102
44.574	102
44.5748	102
44.5757	102
44.5765	102
44.5774	102
44.5782	102
44.5791	102
44.5799	102
44.5807	102
44.5816	102
44.5824	102
44.5833	102
44.5841	102
44.585	102
44.5858	102
44.5866	102
44.5875	102
44.5883	102
44.5892	102
44.59	102
44.5909	102
44.5917	102
44.5925	102
44.5934	102
44.5942	102
44.5951	102
44.5959	102
44.5968	102
44.5976	102
44.5985	102
44.5993	102
44.6001	102
44.601	102
44.6018	102
44.6027	102
44.6035	102
44.6044	102
44.6052	102
44.606	102
44.6069	102
44.6077	102
44.6086	102
44.6094	102
44.6103	102
44.6111	102
44.6119	102
44.6128	102
44.6136	102
44.6145	102
44.6153	102
44.6162	102
44.617	102
44.6178	102
44.6187	102
44.6195	102
44.6204	102
44.6212	102
44.6221	102
44.6229	102
44.6237	102
44.6246	102
44.6254	102
44.6263	102
44.6271	102
44.628	102
44.6288	102
44.6297	102
44.6305	102
44.6313	102
44.6322	102
44.633	102
44.6339	102
44.6347	102
44.6356	102
44.6364	102
44.6372	102
44.6381	102
44.6389	102
44.6398	102
44.6406	102
44.6415	102
44.6423	102
44.6431	102
44.644	102
44.6448	102
44.6457	102
44.6465	102
44.6474	102
44.6482	102
44.649	102
44.6499	102
44.6507	102
44.6516	102
44.6524	102
44.6533	102
44.6541	102
44.6549	102
44.6558	102
44.6566	102
44.6575	102
44.6583	102
44.6592	102
44.66	102
44.6608	102
44.6617	102
44.6625	102
44.6634	102
44.6642	102
44.6651	102
44.6659	102
44.6668	102
44.6676	102
44.6684	102
44.6693	102
44.6701	102
44.671	102
44.6718	102
44.6727	102
44.6735	102
44.6743	102
44.6752	102
44.676	102
44.6769	102
44.6777	102
44.6786	102
44.6794	102
44.6802	102
44.6811	102
44.6819	102
44.6828	102
44.6836	102
44.6845	102
44.6853	102
44.6861	102
44.687	102
44.6878	102
44.6887	102
44.6895	102
44.6904	102
44.6912	102
44.692	102
44.6929	102
44.6937	102
44.6946	102
44.6954	102
44.6963	102
44.6971	102
44.6979	102
44.6988	102
44.6996	102
44.7005	102
44.7013	102
44.7022	102
44.703	102
44.7039	102
44.7047	102
44.7055	102
44.7064	102
44.7072	102
44.7081	102
44.7089	102
44.7098	102
44.7106	102
44.7114	102
44.7123	102
44.7131	102
44.714	102
44.7148	102
44.7157	102
44.7165	102
44.7173	102
44.7182	102
44.719	102
44.7199	102
44.7207	102
44.7216	102
44.7224	102
44.7232	102
44.7241	102
44.7249	102
44.7258	102
44.7266	102
44.7275	102
44.7283	102
44.7291	102
44.73	102
44.7308	102
44.7317	102
44.7325	102
44.7334	102
44.7342	102
44.7351	102
44.7359	102
44.7367	102
44.7376	102
44.7384	102
44.7393	102
44.7401	102
44.741	102
44.7418	102
44.7426	102
44.7435	102
44.7443	102
44.7452	102
44.746	102
44.7469	102
44.7477	102
44.7485	102
44.7494	102
44.7502	102
44.7511	102
44.7519	102
44.7528	101
44.7536	101
44.7544	101
44.7553	101
44.7561	101
44.757	101
44.7578	101
44.7587	101
44.7595	101
44.7603	101
44.7612	101
44.762	101
44.7629	101
44.7637	101
44.7646	101
44.7654	101
44.7662	101
44.7671	101
44.7679	101
44.7688	101
44.7696	101
44.7705	101
44.7713	101
44.7722	101
44.773	101
44.7738	101
44.7747	101
44.7755	101
44.7764	101
44.7772	101
44.7781	101
44.7789	101
44.7797	101
44.7806	101
44.7814	101
44.7823	101
44.7831	101
44.784	101
44.7848	101
44.7856	101
44.7865	101
44.7873	101
44.7882	101
44.789	101
44.7899	101
44.7907	101
44.7915	101
44.7924	101
44.7932	101
44.7941	101
44.7949	101
44.7958	101
44.7966	101
44.7974	101
44.7983	101
44.7991	101
44.8	101
44.8008	101
44.8017	101
44.8025	101
44.8033	101
44.8042	101
44.805	101
44.8059	101
44.8067	101
44.8076	101
44.8084	101
44.8093	101
44.8101	101
44.8109	101
44.8118	101
44.8126	101
44.8135	101
44.8143	101
44.8152	101
44.816	101
44.8168	101
44.8177	101
44.8185	101
44.8194	101
44.8202	101
44.8211	101
44.8219	101
44.8227	101
44.8236	101
44.8244	101
44.8253	101
44.8261	101
44.827	101
44.8278	101
44.8286	101
44.8295	101
44.8303	101
44.8312	101
44.832	101
44.8329	101
44.8337	101
44.8345	101
44.8354	101
44.8362	101
44.8371	101
44.8379	101
44.8388	101
44.8396	101
44.8405	101
44.8413	101
44.8421	101
44.843	101
44.8438	101
44.8447	101
44.8455	101
44.8464	101
44.8472	101
44.848	101
44.8489	101
44.8497	101
44.8506	101
44.8514	101
44.8523	101
44.8532	101
44.8541	101
44.8549	101
44.8557	101
44.8566	101
44.8574	101
44.8583	101
44.8591	101
44.86	101
44.8608	101
44.8617	101
44.8625	101
44.8633	101
44.8642	101
44.865	101
44.8659	101
44.8667	101
44.8676	101
44.8684	101
44.8692	101
44.8701	101
44.8709	101
44.8718	101
44.8726	101
44.8735	101
44.8743	101
44.8751	101
44.876	101
44.8768	101
44.8777	101
44.8785	101
44.8794	101
44.8802	101
44.881	101
44.8819	101
44.8827	101
44.8836	101
44.8844	101
44.8853	101
44.8861	101
44.8869	101
44.8878	101
44.8886	101
44.8895	101
44.8903	101
44.8912	101
44.892	101
44.8928	101
44.8937	101
44.8945	101
44.8954	101
44.8962	101
44.8971	101
44.8979	101
44.8988	101
44.8996	101
44.9004	101
44.9013	101
44.9021	101
44.903	101
44.9038	101
44.9047	101
44.9055	101
44.9063	101
44.9072	101
44.908	101
44.9089	101
44.9097	101
44.9106	101
44.9114	101
44.9122	101
44.9131	101
44.9139	101
44.9148	101
44.9156	101
44.9165	101
44.9173	101
44.9181	101
44.919	101
44.9198	101
44.9207	101
44.9215	101
44.9224	101
44.9232	101
44.924	101
44.9249	101
44.9257	101
44.9266	101
44.9274	101
44.9283	101
44.9291	101
44.9299	101
44.9308	101
44.9316	101
44.9325	101
44.9333	101
44.9342	101
44.935	101
44.9359	101
44.9367	101
44.9375	101
44.9384	101
44.9392	101
44.9401	101
44.9409	101
44.9418	101
44.9426	101
44.9434	101
44.9443	101
44.9451	101
44.946	101
44.9468	101
44.9477	101
44.9485	101
44.9493	101
44.9502	101
44.951	101
44.9519	101
44.9527	101
44.9536	101
44.9544	101
44.9552	101
44.9561	101
44.9569	101
44.9578	101
44.9586	101
44.9595	101
44.9603	101
44.9611	101
44.962	101
44.9628	101
44.9637	101
44.9645	101
44.9654	101
44.9662	101
44.9671	101
44.9679	101
44.9687	101
44.9696	101
44.9704	101
44.9713	101
44.9721	101
44.973	101
44.9738	101
44.9746	101
44.9755	101
44.9763	101
44.9772	101
44.978	101
44.9789	101
44.9797	101
44.9805	101
44.9814	101
44.9822	101
44.9831	101
44.9839	101
44.9848	101
44.9856	101
44.9864	101
44.9873	101
44.9881	101
44.989	101
44.9898	101
44.9907	101
44.9915	101
44.9923	101
44.9932	101
44.994	101
44.9949	101
44.9957	101
44.9966	101
44.9974	101
44.9982	101
44.9991	101
44.9999	101
45.0008	101
45.0016	101
45.0025	101
45.0033	101
45.0042	101
45.005	101
45.0058	101
45.0067	101
45.0075	101
45.0084	101
45.0092	101
45.0101	101
45.0109	101
45.0117	101
45.0126	101
45.0134	101
45.0143	101
45.0151	101
45.016	101
45.0168	101
45.0176	101
45.0185	101
45.0193	101
45.0202	101
45.021	101
45.0219	101
45.0227	101
45.0235	101
45.0244	101
45.0252	101
45.0261	101
45.0269	101
45.0278	101
45.0286	101
45.0294	101
45.0303	101
45.0311	101
45.032	101
45.0328	101
45.0337	101
45.0345	101
45.0353	101
45.0362	101
45.037	101
45.0379	101
45.0387	101
45.0396	101
45.0404	101
45.0413	101
45.0421	101
45.0429	101
45.0438	101
45.0446	101
45.0455	101
45.0463	101
45.0472	101
45.048	101
45.0488	101
45.0497	101
45.0505	101
45.0514	101
45.0522	101
45.0531	101
45.0539	101
45.0547	101
45.0556	101
45.0564	101
45.0573	101
45.0581	101
45.059	101
45.0598	101
45.0606	101
45.0615	101
45.0623	101
45.0632	101
45.064	101
45.0649	101
45.0657	101
45.0665	101
45.0674	101
45.0682	101
45.0691	101
45.0699	101
45.0708	101
45.0716	101
45.0725	101
45.0733	101
45.0741	101
45.075	101
45.0758	101
45.0767	101
45.0775	101
45.0784	101
45.0792	101
45.08	101
45.0809	101
45.0817	101
45.0826	101
45.0834	101
45.0843	101
45.0851	101
45.0859	101
45.0868	101
45.0876	101
45.0885	101
45.0893	101
45.0902	101
45.091	102
45.0918	102
45.0927	102
45.0935	102
45.0944	102
45.0952	102
45.0961	102
45.0969	102
45.0977	102
45.0986	102
45.0994	102
45.1003	102
45.1011	102
45.102	102
45.1028	102
45.1036	102
45.1045	102
45.1053	102
45.1062	102
45.107	102
45.1079	102
45.1087	102
45.1096	102
45.1104	102
45.1112	102
45.1121	102
45.1129	102
45.1138	102
45.1146	102
45.1155	102
45.1163	102
45.1171	102
45.118	102
45.1188	102
45.1197	102
45.1205	102
45.1214	102
45.1222	102
45.123	102
45.1239	102
45.1247	102
45.1256	102
45.1264	102
45.1273	102
45.1281	102
45.1289	102
45.1298	102
45.1306	102
45.1315	102
45.1323	102
45.1332	102
45.134	102
45.1348	102
45.1357	102
45.1365	102
45.1374	102
45.1382	102
45.1391	102
45.1399	102
45.1407	102
45.1416	102
45.1424	102
45.1433	102
45.1441	102
45.145	102
45.1458	102
45.1467	102
45.1475	102
45.1483	102
45.1492	102
45.15	102
45.1509	102
45.1517	102
45.1526	102
45.1534	102
45.1542	102
45.1551	102
45.1559	102
45.1568	102
45.1576	102
45.1585	102
45.1593	102
45.1601	102
45.161	102
45.1618	102
45.1627	102
45.1635	102
45.1644	102
45.1652	102
45.166	102
45.1669	102
45.1677	102
45.1686	102
45.1694	102
45.1703	102
45.1711	102
45.1719	102
45.1728	102
45.1736	102
45.1745	102
45.1753	102
45.1762	102
45.177	102
45.1779	102
45.1787	102
45.1795	102
45.1804	102
45.1812	102
45.1821	102
45.1829	102
45.1838	102
45.1846	102
45.1854	102
45.1863	102
45.1871	102
45.188	102
45.1888	102
45.1897	102
45.1905	102
45.1913	102
45.1922	102
45.193	102
45.1939	102
45.1947	102
45.1956	102
45.1964	102
45.1972	102
45.1981	102
45.1989	102
45.1998	102
45.2006	102
45.2015	102
45.2023	102
45.2031	102
45.204	102
45.2048	102
45.2057	102
45.2065	102
45.2074	102
45.2082	102
45.209	102
45.2099	102
45.2107	102
45.2116	102
45.2124	102
45.2133	102
45.2141	102
45.215	102
45.2158	102
45.2166	102
45.2175	102
45.2183	102
45.2192	102
45.22	102
45.2209	102
45.2217	102
45.2225	102
45.2234	102
45.2242	102
45.2251	102
45.2259	102
45.2268	102
45.2276	102
45.2284	102
45.2293	102
45.2301	102
45.231	102
45.2318	102
45.2327	102
45.2335	102
45.2343	102
45.2352	102
45.236	102
45.2369	102
45.2377	102
45.2386	102
45.2394	102
45.2402	102
45.2411	102
45.2419	102
45.2428	102
45.2436	102
45.2445	102
45.2453	102
45.2461	102
45.247	102
45.2478	102
45.2487	102
45.2495	102
45.2504	102
45.2512	102
45.2521	102
45.2529	102
45.2537	102
45.2546	102
45.2554	102
45.2563	102
45.2571	102
45.258	102
45.2588	102
45.2596	102
45.2605	102
45.2613	102
45.2622	102
45.263	102
45.2639	102
45.2647	102
45.2655	102
45.2664	102
45.2672	102
45.2681	102
45.2689	102
45.2698	102
45.2706	102
45.2714	102
45.2723	102
45.2731	102
45.274	102
45.2748	102
45.2757	102
45.2765	102
45.2773	102
45.2782	102
45.279	102
45.2799	102
45.2807	102
45.2816	102
45.2824	102
45.2833	102
45.2841	102
45.2849	102
45.2858	102
45.2866	102
45.2875	102
45.2883	102
45.2892	102
45.29	102
45.2908	102
45.2917	102
45.2925	102
45.2934	102
45.2942	102
45.2951	102
45.2959	102
45.2967	102
45.2976	102
45.2984	102
45.2993	102
45.3001	102
45.301	102
45.3018	102
45.3026	102
45.3035	102
45.3043	102
45.3052	102
45.306	102
45.3069	102
45.3077	102
45.3085	102
45.3094	102
45.3102	102
45.3111	102
45.3119	102
45.3128	102
45.3136	102
45.3144	102
45.3153	102
45.3161	102
45.317	102
45.3178	102
45.3187	102
45.3195	102
45.3204	102
45.3212	102
45.322	102
45.3229	102
45.3237	102
45.3246	102
45.3254	102
45.3263	102
45.3271	102
45.3279	102
45.3288	102
45.3296	102
45.3305	102
45.3313	102
45.3322	102
45.333	102
45.3338	102
45.3347	102
45.3355	102
45.3364	102
45.3372	102
45.3381	102
45.3389	102
45.3397	102
45.3406	102
45.3414	102
45.3423	102
45.3431	102
45.344	102
45.3448	102
45.3456	102
45.3465	102
45.3473	102
45.3482	102
45.349	102
45.3499	102
45.3507	102
45.3515	102
45.3524	102
45.3532	102
45.3541	102
45.3549	102
45.3558	102
45.3566	102
45.3575	102
45.3583	102
45.3591	102
45.36	102
45.3608	102
45.3617	102
45.3625	102
45.3634	102
45.3642	102
45.365	102
45.3659	102
45.3667	102
45.3676	102
45.3684	102
45.3693	102
45.3701	102
45.3709	102
45.3718	102
45.3726	102
45.3735	102
45.3743	102
45.3752	102
45.376	102
45.3768	102
45.3777	102
45.3785	102
45.3794	102
45.3802	102
45.3811	102
45.3819	102
45.3827	102
45.3836	102
45.3844	102
45.3853	102
45.3861	102
45.387	102
45.3878	102
45.3887	102
45.3895	102
45.3903	102
45.3912	102
45.392	102
45.3929	102
45.3937	102
45.3946	102
45.3954	102
45.3962	102
45.3971	102
45.3979	102
45.3988	102
45.3996	102
45.4005	102
45.4013	102
45.4021	102
45.403	102
45.4038	102
45.4047	102
45.4055	102
45.4064	102
45.4072	102
45.408	102
45.4089	102
45.4097	102
45.4106	102
45.4114	102
45.4123	102
45.4131	102
45.4139	102
45.4148	102
45.4156	102
45.4165	102
45.4173	102
45.4182	102
45.419	102
45.4198	102
45.4207	102
45.4215	102
45.4224	102
45.4232	102
45.4241	102
45.4249	102
45.4258	102
45.4266	102
45.4274	102
45.4283	102
45.4291	102
45.43	102
45.4308	102
45.4317	102
45.4325	102
45.4333	102
45.4342	102
45.435	102
45.4359	102
45.4367	102
45.4376	102
45.4384	102
45.4392	102
45.4401	102
45.4409	102
45.4418	102
45.4426	102
45.4435	102
45.4443	102
45.4451	102
45.446	102
45.4468	102
45.4477	102
45.4485	102
45.4494	102
45.4502	102
45.451	102
45.4519	102
45.4527	102
45.4536	102
45.4544	102
45.4553	102
45.4561	102
45.4569	102
45.4578	102
45.4586	102
45.4595	102
45.4603	102
45.4612	102
45.462	102
45.4629	102
45.4637	102
45.4645	102
45.4654	102
45.4662	102
45.4671	102
45.4679	102
45.4688	102
45.4696	102
45.4704	102
45.4713	102
45.4721	102
45.473	102
45.4738	102
45.4747	102
45.4755	102
45.4763	102
45.4772	102
45.478	102
45.4789	102
45.4797	102
45.4806	102
45.4814	102
45.4822	102
45.4831	102
45.4839	102
45.4848	102
45.4856	102
45.4865	102
45.4873	102
45.4881	102
45.489	102
45.4898	102
45.4907	102
45.4915	102
45.4924	102
45.4932	102
45.4941	102
45.4949	102
45.4957	102
45.4966	102
45.4974	102
45.4983	102
45.4991	102
45.5	102
45.5008	102
45.5016	102
45.5025	102
45.5033	102
45.5042	102
45.505	102
45.5059	102
45.5067	102
45.5075	102
45.5084	102
45.5092	102
45.5101	102
45.5109	102
45.5118	102
45.5126	102
45.5134	102
45.5143	102
45.5151	102
45.516	102
45.5168	102
45.5177	102
45.5185	102
45.5193	102
45.5202	102
45.521	102
45.5219	102
45.5227	102
45.5236	102
45.5244	102
45.5252	102
45.5261	102
45.5269	102
45.5278	102
45.5286	102
45.5295	102
45.5303	102
45.5312	102
45.532	102
45.5328	102
45.5337	102
45.5345	102
45.5354	102
45.5362	102
45.5371	102
45.5379	102
45.5387	102
45.5396	102
45.5404	102
45.5413	102
45.5421	102
45.543	102
45.5438	102
45.5446	102
45.5455	102
45.5463	102
45.5472	102
45.548	102
45.5489	102
45.5497	102
45.5505	102
45.5514	102
45.5522	102
45.5531	102
45.5539	102
45.5548	102
45.5556	102
45.5564	102
45.5573	102
45.5581	102
45.559	102
45.5598	102
45.5607	101
45.5615	101
45.5623	101
45.5632	101
45.564	101
45.5649	101
45.5657	101
45.5666	101
45.5674	101
45.5683	101
45.5691	101
45.5699	101
45.5708	101
45.5716	101
45.5725	101
45.5733	101
45.5742	101
45.575	101
45.5758	101
45.5767	101
45.5775	101
45.5784	101
45.5792	101
45.5801	101
45.5809	101
45.5817	101
45.5826	101
45.5834	101
45.5843	101
45.5851	101
45.586	101
45.5868	101
45.5876	101
45.5885	101
45.5893	101
45.5902	101
45.591	101
45.5919	101
45.5927	101
45.5935	101
45.5944	101
45.5952	101
45.5961	101
45.5969	101
45.5978	101
45.5986	101
45.5995	101
45.6003	101
45.6011	101
45.602	101
45.6028	101
45.6037	101
45.6045	101
45.6054	101
45.6062	101
45.607	101
45.6079	101
45.6087	101
45.6096	101
45.6104	101
45.6113	101
45.6121	101
45.6129	101
45.6138	101
45.6146	101
45.6155	101
45.6163	101
45.6172	101
45.618	101
45.6188	101
45.6197	101
45.6205	101
45.6214	101
45.6222	101
45.6231	101
45.6239	101
45.6247	101
45.6256	101
45.6264	101
45.6273	101
45.6281	101
45.629	101
45.6298	101
45.6306	101
45.6315	101
45.6323	101
45.6332	101
45.634	101
45.6349	101
45.6357	101
45.6366	101
45.6374	101
45.6382	101
45.6391	101
45.6399	101
45.6408	101
45.6416	101
45.6425	101
45.6433	101
45.6441	101
45.645	101
45.6458	101
45.6467	101
45.6475	101
45.6484	101
45.6492	101
45.65	101
45.6509	101
45.6517	101
45.6526	101
45.6534	101
45.6543	101
45.6551	101
45.6559	101
45.6568	101
45.6576	101
45.6585	101
45.6593	101
45.6602	101
45.6611	101
45.662	101
45.6628	101
45.6637	101
45.6645	101
45.6653	101
45.6662	101
45.667	101
45.6679	101
45.6687	101
45.6696	101
45.6704	101
45.6712	101
45.6721	101
45.6729	101
45.6738	101
45.6746	101
45.6755	101
45.6763	101
45.6771	101
45.678	101
45.6788	101
45.6797	101
45.6805	101
45.6814	101
45.6822	101
45.683	101
45.6839	101
45.6847	101
45.6856	101
45.6864	101
45.6873	101
45.6881	101
45.6889	101
45.6898	101
45.6906	101
45.6915	101
45.6923	101
45.6932	101
45.694	101
45.6949	101
45.6957	101
45.6965	101
45.6974	101
45.6982	101
45.6991	101
45.6999	101
45.7008	101
45.7016	101
45.7024	101
45.7033	101
45.7041	101
45.705	101
45.7058	101
45.7067	101
45.7075	101
45.7083	101
45.7092	101
45.71	101
45.7109	101
45.7117	101
45.7126	101
45.7134	101
45.7142	101
45.7151	101
45.7159	101
45.7168	101
45.7176	101
45.7185	101
45.7193	101
45.7201	101
45.721	101
45.7218	101
45.7227	101
45.7235	101
45.7244	101
45.7252	101
45.7261	101
45.7269	101
45.7277	101
45.7286	101
45.7294	101
45.7303	101
45.7311	101
45.732	101
45.7328	101
45.7336	101
45.7345	101
45.7353	101
45.7362	101
45.737	101
45.7379	101
45.7387	101
45.7395	101
45.7404	101
45.7412	101
45.7421	101
45.7429	101
45.7438	101
45.7446	101
45.7454	101
45.7463	101
45.7471	101
45.748	101
45.7488	101
45.7497	101
45.7505	101
45.7513	101
45.7522	101
45.753	101
45.7539	101
45.7547	101
45.7556	101
45.7564	101
45.7572	101
45.7581	101
45.7589	101
45.7598	101
45.7606	101
45.7615	101
45.7623	101
45.7632	101
45.764	101
45.7648	101
45.7657	101
45.7665	101
45.7674	101
45.7682	101
45.7691	101
45.7699	101
45.7707	101
45.7716	101
45.7724	101
45.7733	101
45.7741	101
45.775	101
45.7758	101
45.7766	101
45.7775	101
45.7783	101
45.7792	101
45.78	101
45.7809	101
45.7817	101
45.7825	101
45.7834	101
45.7842	101
45.7851	101
45.7859	101
45.7868	101
45.7876	101
45.7884	101
45.7893	101
45.7901	101
45.791	101
45.7918	101
45.7927	101
45.7935	101
45.7943	101
45.7952	101
45.796	101
45.7969	101
45.7977	101
45.7986	101
45.7994	101
45.8003	101
45.8011	101
45.8019	101
45.8028	101
45.8036	101
45.8045	101
45.8053	101
45.8062	101
45.807	101
45.8078	101
45.8087	101
45.8095	101
45.8104	101
45.8112	101
45.8121	101
45.8129	101
45.8137	101
45.8146	101
45.8154	101
45.8163	101
45.8171	101
45.818	101
45.8188	101
45.8196	101
45.8205	101
45.8213	101
45.8222	101
45.823	101
45.8239	101
45.8247	101
45.8255	101
45.8264	101
45.8272	101
45.8281	101
45.8289	101
45.8298	101
45.8306	101
45.8315	101
45.8323	101
45.8331	101
45.834	101
45.8348	101
45.8357	101
45.8365	101
45.8374	101
45.8382	101
45.839	101
45.8399	101
45.8407	101
45.8416	101
45.8424	101
45.8433	101
45.8441	101
45.8449	101
45.8458	101
45.8466	101
45.8475	101
45.8483	101
45.8492	101
45.85	101
45.8508	101
45.8517	101
45.8525	101
45.8534	101
45.8542	101
45.8551	101
45.8559	101
45.8567	101
45.8576	101
45.8584	101
45.8593	101
45.8601	101
45.861	101
45.8618	101
45.8626	101
45.8635	101
45.8643	101
45.8652	101
45.866	101
45.8669	101
45.8677	101
45.8686	101
45.8694	101
45.8702	101
45.8711	101
45.8719	101
45.8728	101
45.8736	101
45.8745	101
45.8753	101
45.8761	101
45.877	101
45.8778	101
45.8787	101
45.8795	101
45.8804	101
45.8812	101
45.882	101
45.8829	101
45.8837	101
45.8846	101
45.8854	101
45.8863	101
45.8871	101
45.8879	101
45.8888	101
45.8896	101
45.8905	101
45.8913	101
45.8922	101
45.893	102
45.8938	102
45.8947	102
45.8955	102
45.8964	102
45.8972	102
45.8981	102
45.8989	102
45.8997	102
45.9006	102
45.9014	102
45.9023	102
45.9031	102
45.904	102
45.9048	102
45.9057	102
45.9065	102
45.9073	102
45.9082	102
45.909	102
45.9099	102
45.9107	102
45.9116	102
45.9124	102
45.9132	102
45.9141	102
45.9149	102
45.9158	102
45.9166	102
45.9175	102
45.9183	102
45.9191	102
45.92	102
45.9208	102
45.9217	102
45.9225	102
45.9234	102
45.9242	102
45.925	102
45.9259	102
45.9267	102
45.9276	102
45.9284	102
45.9293	102
45.9301	102
45.9309	102
45.9318	102
45.9326	102
45.9335	102
45.9343	102
45.9352	102
45.936	102
45.9369	102
45.9377	102
45.9385	102
45.9394	102
45.9402	102
45.9411	102
45.9419	102
45.9428	102
45.9436	102
45.9444	102
45.9453	102
45.9461	102
45.947	102
45.9478	102
45.9487	102
45.9495	102
45.9503	102
45.9512	102
45.952	102
45.9529	102
45.9537	102
45.9546	102
45.9554	102
45.9562	102
45.9571	102
45.9579	102
45.9588	102
45.9596	102
45.9605	102
45.9613	102
45.9621	102
45.963	102
45.9638	102
45.9647	102
45.9655	102
45.9664	102
45.9672	102
45.968	102
45.9689	102
45.9697	102
45.9706	102
45.9714	102
45.9723	102
45.9731	102
45.974	102
45.9748	102
45.9756	102
45.9765	102
45.9773	102
45.9782	102
45.979	102
45.9799	102
45.9807	102
45.9815	102
45.9824	102
45.9832	102
45.9841	102
45.9849	102
45.9858	102
45.9866	102
45.9874	102
45.9883	102
45.9891	102
45.99	102
45.9908	102
45.9917	102
45.9925	102
45.9933	102
45.9942	102
45.995	102
45.9959	102
45.9967	102
45.9976	102
45.9984	102
45.9992	102
46.0001	102
46.0009	102
46.0018	102
46.0026	102
46.0035	102
46.0043	102
46.0051	102
46.006	102
46.0068	102
46.0077	102
46.0085	102
46.0094	102
46.0102	102
46.0111	102
46.0119	102
46.0127	102
46.0136	102
46.0144	102
46.0153	102
46.0161	102
46.017	102
46.0178	102
46.0186	102
46.0195	102
46.0203	102
46.0212	102
46.022	102
46.0229	102
46.0237	102
46.0245	102
46.0254	102
46.0262	102
46.0271	102
46.0279	102
46.0288	102
46.0296	102
46.0304	102
46.0313	102
46.0321	102
46.033	102
46.0338	102
46.0347	102
46.0355	102
46.0363	102
46.0372	102
46.038	102
46.0389	102
46.0397	102
46.0406	102
46.0414	102
46.0423	102
46.0431	102
46.0439	102
46.0448	102
46.0456	102
46.0465	102
46.0473	102
46.0482	102
46.049	102
46.0498	102
46.0507	102
46.0515	102
46.0524	102
46.0532	102
46.0541	102
46.0549	102
46.0557	102
46.0566	102
46.0574	102
46.0583	102
46.0591	102
46.06	102
46.0608	102
46.0616	102
46.0625	102
46.0633	102
46.0642	102
46.065	102
46.0659	102
46.0667	102
46.0675	102
46.0684	102
46.0692	102
46.0701	102
46.0709	102
46.0718	102
46.0726	102
46.0734	102
46.0743	102
46.0751	102
46.076	102
46.0768	102
46.0777	102
46.0785	102
46.0794	102
46.0802	102
46.081	102
46.0819	102
46.0827	102
46.0836	102
46.0844	102
46.0853	102
46.0861	102
46.0869	102
46.0878	102
46.0886	102
46.0895	102
46.0903	102
46.0912	102
46.092	102
46.0928	102
46.0937	102
46.0945	102
46.0954	102
46.0962	102
46.0971	102
46.0979	102
46.0987	102
46.0996	102
46.1004	102
46.1013	102
46.1021	102
46.103	102
46.1038	102
46.1046	102
46.1055	102
46.1063	102
46.1072	102
46.108	102
46.1089	102
46.1097	102
46.1105	102
46.1114	102
46.1122	102
46.1131	102
46.1139	102
46.1148	102
46.1156	102
46.1165	102
46.1173	102
46.1181	102
46.119	102
46.1198	102
46.1207	102
46.1215	102
46.1224	102
46.1232	102
46.124	102
46.1249	102
46.1257	102
46.1266	102
46.1274	102
46.1283	102
46.1291	102
46.1299	102
46.1308	102
46.1316	102
46.1325	102
46.1333	102
46.1342	102
46.135	102
46.1358	102
46.1367	102
46.1375	102
46.1384	102
46.1392	102
46.1401	102
46.1409	102
46.1417	102
46.1426	102
46.1434	102
46.1443	102
46.1451	102
46.146	102
46.1468	102
46.1477	102
46.1485	102
46.1493	102
46.1502	102
46.151	102
46.1519	102
46.1527	102
46.1536	102
46.1544	102
46.1552	102
46.1561	102
46.1569	102
46.1578	102
46.1586	102
46.1595	102
46.1603	102
46.1611	102
46.162	102
46.1628	102
46.1637	102
46.1645	102
46.1654	102
46.1662	102
46.167	102
46.1679	102
46.1687	102
46.1696	102
46.1704	102
46.1713	102
46.1721	102
46.1729	102
46.1738	102
46.1746	102
46.1755	102
46.1763	102
46.1772	102
46.178	102
46.1788	102
46.1797	102
46.1805	102
46.1814	102
46.1822	102
46.1831	102
46.1839	102
46.1848	102
46.1856	102
46.1864	102
46.1873	102
46.1881	102
46.189	102
46.1898	102
46.1907	102
46.1915	102
46.1923	102
46.1932	102
46.194	102
46.1949	102
46.1957	102
46.1966	102
46.1974	102
46.1982	102
46.1991	102
46.1999	102
46.2008	102
46.2016	102
46.2025	102
46.2033	102
46.2041	102
46.205	102
46.2058	102
46.2067	102
46.2075	102
46.2084	102
46.2092	102
46.21	102
46.2109	102
46.2117	102
46.2126	102
46.2134	102
46.2143	102
46.2151	102
46.2159	102
46.2168	102
46.2176	102
46.2185	102
46.2193	102
46.2202	102
46.221	102
46.2219	102
46.2227	102
46.2235	102
46.2244	102
46.2252	102
46.2261	102
46.2269	102
46.2278	102
46.2286	102
46.2294	102
46.2303	102
46.2311	102
46.232	102
46.2328	102
46.2337	102
46.2345	102
46.2353	102
46.2362	102
46.237	102
46.2379	102
46.2387	102
46.2396	102
46.2404	102
46.2412	102
46.2421	102
46.2429	102
46.2438	102
46.2446	102
46.2455	102
46.2463	102
46.2471	102
46.248	102
46.2488	102
46.2497	102
46.2505	102
46.2514	102
46.2522	102
46.2531	102
46.2539	102
46.2547	102
46.2556	102
46.2564	102
46.2573	102
46.2581	102
46.259	102
46.2598	102
46.2606	102
46.2615	102
46.2623	102
46.2632	102
46.264	102
46.2649	102
46.2657	102
46.2665	102
46.2674	102
46.2682	102
46.2691	102
46.2699	102
46.2708	102
46.2716	102
46.2724	102
46.2733	102
46.2741	102
46.275	102
46.2758	102
46.2767	102
46.2775	102
46.2783	102
46.2792	102
46.28	102
46.2809	102
46.2817	102
46.2826	102
46.2834	102
46.2842	102
46.2851	102
46.2859	102
46.2868	102
46.2876	102
46.2885	102
46.2893	102
46.2902	102
46.291	102
46.2918	102
46.2927	102
46.2935	102
46.2944	102
46.2952	102
46.2961	102
46.2969	102
46.2977	102
46.2986	102
46.2994	102
46.3003	102
46.3011	102
46.302	102
46.3028	102
46.3036	102
46.3045	102
46.3053	102
46.3062	102
46.307	102
46.3079	102
46.3087	102
46.3095	102
46.3104	102
46.3112	102
46.3121	102
46.3129	102
46.3138	102
46.3146	102
46.3154	102
46.3163	102
46.3171	102
46.318	102
46.3188	102
46.3197	102
46.3205	102
46.3213	102
46.3222	102
46.323	102
46.3239	102
46.3247	102
46.3256	102
46.3264	102
46.3273	102
46.3281	102
46.3289	102
46.3298	102
46.3306	102
46.3315	102
46.3323	102
46.3332	102
46.334	102
46.3348	102
46.3357	102
46.3365	102
46.3374	102
46.3382	102
46.3391	102
46.3399	102
46.3407	102
46.3416	102
46.3424	102
46.3433	102
46.3441	102
46.345	102
46.3458	102
46.3466	102
46.3475	102
46.3483	102
46.3492	102
46.35	102
46.3509	102
46.3517	102
46.3525	102
46.3534	102
46.3542	102
46.3551	102
46.3559	102
46.3568	102
46.3576	102
46.3585	102
46.3593	102
46.3601	102
46.361	102
46.3618	102
46.3627	102
46.3635	102
46.3644	102
46.3652	102
46.366	102
46.3669	102
46.3677	102
46.3686	101
46.3694	101
46.3703	101
46.3711	101
46.3719	101
46.3728	101
46.3736	101
46.3745	101
46.3753	101
46.3762	101
46.377	101
46.3778	101
46.3787	101
46.3795	101
46.3804	101
46.3812	101
46.3821	101
46.3829	101
46.3837	101
46.3846	101
46.3854	101
46.3863	101
46.3871	101
46.388	101
46.3888	101
46.3896	101
46.3905	101
46.3913	101
46.3922	101
46.393	101
46.3939	101
46.3947	101
46.3956	101
46.3964	101
46.3972	101
46.3981	101
46.3989	101
46.3998	101
46.4006	101
46.4015	101
46.4023	101
46.4031	101
46.404	101
46.4048	101
46.4057	101
46.4065	101
46.4074	101
46.4082	101
46.409	101
46.4099	101
46.4107	101
46.4116	101
46.4124	101
46.4133	101
46.4141	101
46.4149	101
46.4158	101
46.4166	101
46.4175	101
46.4183	101
46.4192	101
46.42	101
46.4208	101
46.4217	101
46.4225	101
46.4234	101
46.4242	101
46.4251	101
46.4259	101
46.4267	101
46.4276	101
46.4284	101
46.4293	101
46.4301	101
46.431	101
46.4318	101
46.4327	101
46.4335	101
46.4343	101
46.4352	101
46.436	101
46.4369	101
46.4377	101
46.4386	101
46.4394	101
46.4402	101
46.4411	101
46.4419	101
46.4428	101
46.4436	101
46.4445	101
46.4453	101
46.4461	101
46.447	101
46.4478	101
46.4487	101
46.4495	101
46.4504	101
46.4512	101
46.452	101
46.4529	101
46.4537	101
46.4546	101
46.4554	101
46.4563	101
46.4571	101
46.4579	101
46.4588	101
46.4596	101
46.4605	101
46.4613	101
46.4622	101
46.463	101
46.4639	101
46.4647	101
46.4655	101
46.4664	101
46.4672	101
46.4681	101
46.469	101
46.4699	101
46.4707	101
46.4716	101
46.4724	101
46.4732	101
46.4741	101
46.4749	101
46.4758	101
46.4766	101
46.4775	101
46.4783	101
46.4791	101
46.48	101
46.4808	101
46.4817	101
46.4825	101
46.4834	101
46.4842	101
46.4851	101
46.4859	101
46.4867	101
46.4876	101
46.4884	101
46.4893	101
46.4901	101
46.491	101
46.4918	101
46.4926	101
46.4935	101
46.4943	101
46.4952	101
46.496	101
46.4969	101
46.4977	101
46.4985	101
46.4994	101
46.5002	101
46.5011	101
46.5019	101
46.5028	101
46.5036	101
46.5044	101
46.5053	101
46.5061	101
46.507	101
46.5078	101
46.5087	101
46.5095	101
46.5103	101
46.5112	101
46.512	101
46.5129	101
46.5137	101
46.5146	101
46.5154	101
46.5162	101
46.5171	101
46.5179	101
46.5188	101
46.5196	101
46.5205	101
46.5213	101
46.5222	101
46.523	101
46.5238	101
46.5247	101
46.5255	101
46.5264	101
46.5272	101
46.5281	101
46.5289	101
46.5297	101
46.5306	101
46.5314	101
46.5323	101
46.5331	101
46.534	101
46.5348	101
46.5356	101
46.5365	101
46.5373	101
46.5382	101
46.539	101
46.5399	101
46.5407	101
46.5415	101
46.5424	101
46.5432	101
46.5441	101
46.5449	101
46.5458	101
46.5466	101
46.5474	101
46.5483	101
46.5491	101
46.55	101
46.5508	101
46.5517	101
46.5525	101
46.5533	101
46.5542	101
46.555	101
46.5559	101
46.5567	101
46.5576	101
46.5584	101
46.5593	101
46.5601	101
46.5609	101
46.5618	101
46.5626	101
46.5635	101
46.5643	101
46.5652	101
46.566	101
46.5668	101
46.5677	101
46.5685	101
46.5694	101
46.5702	101
46.5711	101
46.5719	101
46.5727	101
46.5736	101
46.5744	101
46.5753	101
46.5761	101
46.577	101
46.5778	101
46.5786	101
46.5795	101
46.5803	101
46.5812	101
46.582	101
46.5829	101
46.5837	101
46.5845	101
46.5854	101
46.5862	101
46.5871	101
46.5879	101
46.5888	101
46.5896	101
46.5905	101
46.5913	101
46.5921	101
46.593	101
46.5938	101
46.5947	101
46.5955	101
46.5964	101
46.5972	101
46.598	101
46.5989	101
46.5997	101
46.6006	101
46.6014	101
46.6023	101
46.6031	101
46.6039	101
46.6048	101
46.6056	101
46.6065	101
46.6073	101
46.6082	101
46.609	101
46.6098	101
46.6107	101
46.6115	101
46.6124	101
46.6132	101
46.6141	101
46.6149	101
46.6157	101
46.6166	101
46.6174	101
46.6183	101
46.6191	101
46.62	101
46.6208	101
46.6216	101
46.6225	101
46.6233	101
46.6242	101
46.625	101
46.6259	101
46.6267	101
46.6276	101
46.6284	101
46.6292	101
46.6301	101
46.6309	101
46.6318	101
46.6326	101
46.6335	101
46.6343	101
46.6351	101
46.636	101
46.6368	101
46.6377	101
46.6385	101
46.6394	101
46.6402	101
46.641	101
46.6419	101
46.6427	101
46.6436	101
46.6444	101
46.6453	101
46.6461	101
46.6469	101
46.6478	101
46.6486	101
46.6495	101
46.6503	101
46.6512	101
46.652	101
46.6528	101
46.6537	101
46.6545	101
46.6554	101
46.6562	101
46.6571	101
46.6579	101
46.6587	101
46.6596	101
46.6604	101
46.6613	101
46.6621	101
46.663	101
46.6638	101
46.6647	101
46.6655	101
46.6663	101
46.6672	101
46.668	101
46.6689	101
46.6697	101
46.6706	101
46.6714	101
46.6722	101
46.6731	101
46.6739	101
46.6748	101
46.6756	101
46.6765	101
46.6773	101
46.6781	101
46.679	101
46.6798	101
46.6807	101
46.6815	101
46.6824	101
46.6832	101
46.684	101
46.6849	101
46.6857	101
46.6866	101
46.6874	101
46.6883	101
46.6891	101
46.6899	101
46.6908	101
46.6916	101
46.6925	101
46.6933	101
46.6942	101
46.695	102
46.6959	102
46.6967	102
46.6975	102
46.6984	102
46.6992	102
46.7001	102
46.7009	102
46.7018	102
46.7026	102
46.7034	102
46.7043	102
46.7051	102
46.706	102
46.7068	102
46.7077	102
46.7085	102
46.7093	102
46.7102	102
46.711	102
46.7119	102
46.7127	102
46.7136	102
46.7144	102
46.7152	102
46.7161	102
46.7169	102
46.7178	102
46.7186	102
46.7195	102
46.7203	102
46.7211	102
46.722	102
46.7228	102
46.7237	102
46.7245	102
46.7254	102
46.7262	102
46.727	102
46.7279	102
46.7287	102
46.7296	102
46.7304	102
46.7313	102
46.7321	102
46.733	102
46.7338	102
46.7346	102
46.7355	102
46.7363	102
46.7372	102
46.738	102
46.7389	102
46.7397	102
46.7405	102
46.7414	102
46.7422	102
46.7431	102
46.7439	102
46.7448	102
46.7456	102
46.7464	102
46.7473	102
46.7481	102
46.749	102
46.7498	102
46.7507	102
46.7515	102
46.7523	102
46.7532	102
46.754	102
46.7549	102
46.7557	102
46.7566	102
46.7574	102
46.7582	102
46.7591	102
46.7599	102
46.7608	102
46.7616	102
46.7625	102
46.7633	102
46.7641	102
46.765	102
46.7658	102
46.7667	102
46.7675	102
46.7684	102
46.7692	102
46.7701	102
46.7709	102
46.7717	102
46.7726	102
46.7734	102
46.7743	102
46.7751	102
46.776	102
46.7768	102
46.7776	102
46.7785	102
46.7793	102
46.7802	102
46.781	102
46.7819	102
46.7827	102
46.7835	102
46.7844	102
46.7852	102
46.7861	102
46.7869	102
46.7878	102
46.7886	102
46.7894	102
46.7903	102
46.7911	102
46.792	102
46.7928	102
46.7937	102
46.7945	102
46.7953	102
46.7962	102
46.797	102
46.7979	102
46.7987	102
46.7996	102
46.8004	102
46.8013	102
46.8021	102
46.8029	102
46.8038	102
46.8046	102
46.8055	102
46.8063	102
46.8072	102
46.808	102
46.8088	102
46.8097	102
46.8105	102
46.8114	102
46.8122	102
46.8131	102
46.8139	102
46.8147	102
46.8156	102
46.8164	102
46.8173	102
46.8181	102
46.819	102
46.8198	102
46.8206	102
46.8215	102
46.8223	102
46.8232	102
46.824	102
46.8249	102
46.8257	102
46.8265	102
46.8274	102
46.8282	102
46.8291	102
46.8299	102
46.8308	102
46.8316	102
46.8324	102
46.8333	102
46.8341	102
46.835	102
46.8358	102
46.8367	102
46.8375	102
46.8384	102
46.8392	102
46.84	102
46.8409	102
46.8417	102
46.8426	102
46.8434	102
46.8443	102
46.8451	102
46.8459	102
46.8468	102
46.8476	102
46.8485	102
46.8493	102
46.8502	102
46.851	102
46.8518	102
46.8527	102
46.8535	102
46.8544	102
46.8552	102
46.8561	102
46.8569	102
46.8577	102
46.8586	102
46.8594	102
46.8603	102
46.8611	102
46.862	102
46.8628	102
46.8636	102
46.8645	102
46.8653	102
46.8662	102
46.867	102
46.8679	102
46.8687	102
46.8695	102
46.8704	102
46.8712	102
46.8721	102
46.8729	102
46.8738	102
46.8746	102
46.8755	102
46.8763	102
46.8771	102
46.878	102
46.8788	102
46.8797	102
46.8805	102
46.8814	102
46.8822	102
46.883	102
46.8839	102
46.8847	102
46.8856	102
46.8864	102
46.8873	102
46.8881	102
46.8889	102
46.8898	102
46.8906	102
46.8915	102
46.8923	102
46.8932	102
46.894	102
46.8948	102
46.8957	102
46.8965	102
46.8974	102
46.8982	102
46.8991	102
46.8999	102
46.9007	102
46.9016	102
46.9024	102
46.9033	102
46.9041	102
46.905	102
46.9058	102
46.9067	102
46.9075	102
46.9083	102
46.9092	102
46.91	102
46.9109	102
46.9117	102
46.9126	102
46.9134	102
46.9142	102
46.9151	102
46.9159	102
46.9168	102
46.9176	102
46.9185	102
46.9193	102
46.9201	102
46.921	102
46.9218	102
46.9227	102
46.9235	102
46.9244	102
46.9252	102
46.926	102
46.9269	102
46.9277	102
46.9286	102
46.9294	102
46.9303	102
46.9311	102
46.9319	102
46.9328	102
46.9336	102
46.9345	102
46.9353	102
46.9362	102
46.937	102
46.9378	102
46.9387	102
46.9395	102
46.9404	102
46.9412	102
46.9421	102
46.9429	102
46.9438	102
46.9446	102
46.9454	102
46.9463	102
46.9471	102
46.948	102
46.9488	102
46.9497	102
46.9505	102
46.9513	102
46.9522	102
46.953	102
46.9539	102
46.9547	102
46.9556	102
46.9564	102
46.9572	102
46.9581	102
46.9589	102
46.9598	102
46.9606	102
46.9615	102
46.9623	102
46.9631	102
46.964	102
46.9648	102
46.9657	102
46.9665	102
46.9674	102
46.9682	102
46.969	102
46.9699	102
46.9707	102
46.9716	102
46.9724	102
46.9733	102
46.9741	102
46.9749	102
46.9758	102
46.9766	102
46.9775	102
46.9783	102
46.9792	102
46.98	102
46.9809	102
46.9817	102
46.9825	102
46.9834	102
46.9842	102
46.9851	102
46.9859	102
46.9868	102
46.9876	102
46.9884	102
46.9893	102
46.9901	102
46.991	102
46.9918	102
46.9927	102
46.9935	102
46.9943	102
46.9952	102
46.996	102
46.9969	102
46.9977	102
46.9986	102
46.9994	102
47.0002	102
47.0011	102
47.0019	102
47.0028	102
47.0036	102
47.0045	102
47.0053	102
47.0061	102
47.007	102
47.0078	102
47.0087	102
47.0095	102
47.0104	102
47.0112	102
47.0121	102
47.0129	102
47.0137	102
47.0146	102
47.0154	102
47.0163	102
47.0171	102
47.018	102
47.0188	102
47.0196	102
47.0205	102
47.0213	102
47.0222	102
47.023	102
47.0239	102
47.0247	102
47.0255	102
47.0264	102
47.0272	102
47.0281	102
47.0289	102
47.0298	102
47.0306	102
47.0314	102
47.0323	102
47.0331	102
47.034	102
47.0348	102
47.0357	102
47.0365	102
47.0373	102
47.0382	102
47.039	102
47.0399	102
47.0407	102
47.0416	102
47.0424	102
47.0432	102
47.0441	102
47.0449	102
47.0458	102
47.0466	102
47.0475	102
47.0483	102
47.0492	102
47.05	102
47.0508	102
47.0517	102
47.0525	102
47.0534	102
47.0542	102
47.0551	102
47.0559	102
47.0567	102
47.0576	102
47.0584	102
47.0593	102
47.0601	102
47.061	102
47.0618	102
47.0626	102
47.0635	102
47.0643	102
47.0652	102
47.066	102
47.0669	102
47.0677	102
47.0685	102
47.0694	102
47.0702	102
47.0711	102
47.0719	102
47.0728	102
47.0736	102
47.0744	102
47.0753	102
47.0761	102
47.077	102
47.0778	102
47.0787	102
47.0795	102
47.0803	102
47.0812	102
47.082	102
47.0829	102
47.0837	102
47.0846	102
47.0854	102
47.0863	102
47.0871	102
47.0879	102
47.0888	102
47.0896	102
47.0905	102
47.0913	102
47.0922	102
47.093	102
47.0938	102
47.0947	102
47.0955	102
47.0964	102
47.0972	102
47.0981	102
47.0989	102
47.0997	102
47.1006	102
47.1014	102
47.1023	102
47.1031	102
47.104	102
47.1048	102
47.1056	102
47.1065	102
47.1073	102
47.1082	102
47.109	102
47.1099	102
47.1107	102
47.1115	102
47.1124	102
47.1132	102
47.1141	102
47.1149	102
47.1158	102
47.1166	102
47.1175	102
47.1183	102
47.1191	102
47.12	102
47.1208	102
47.1217	102
47.1225	102
47.1234	102
47.1242	102
47.125	102
47.1259	102
47.1267	102
47.1276	102
47.1284	102
47.1293	102
47.1301	102
47.1309	102
47.1318	102
47.1326	102
47.1335	102
47.1343	102
47.1352	102
47.136	102
47.1368	102
47.1377	102
47.1385	102
47.1394	102
47.1402	102
47.1411	102
47.1419	102
47.1427	102
47.1436	102
47.1444	102
47.1453	102
47.1461	102
47.147	102
47.1478	102
47.1486	102
47.1495	102
47.1503	102
47.1512	102
47.152	102
47.1529	102
47.1537	102
47.1546	102
47.1554	102
47.1562	102
47.1571	102
47.1579	102
47.1588	102
47.1596	102
47.1605	102
47.1613	102
47.1621	102
47.163	102
47.1638	102
47.1647	102
47.1655	102
47.1664	102
47.1672	102
47.168	102
47.1689	102
47.1697	102
47.1706	102
47.1714	102
47.1723	102
47.1731	102
47.1739	102
47.1748	102
47.1756	102
47.1765	101
47.1773	101
47.1782	101
47.179	101
47.1798	101
47.1807	101
47.1815	101
47.1824	101
47.1832	101
47.1841	101
47.1849	101
47.1857	101
47.1866	101
47.1874	101
47.1883	101
47.1891	101
47.19	101
47.1908	101
47.1917	101
47.1925	101
47.1933	101
47.1942	101
47.195	101
47.1959	101
47.1967	101
47.1976	101
47.1984	101
47.1992	101
47.2001	101
47.2009	101
47.2018	101
47.2026	101
47.2035	101
47.2043	101
47.2051	101
47.206	101
47.2068	101
47.2077	101
47.2085	101
47.2094	101
47.2102	101
47.211	101
47.2119	101
47.2127	101
47.2136	101
47.2144	101
47.2153	101
47.2161	101
47.2169	101
47.2178	101
47.2186	101
47.2195	101
47.2203	101
47.2212	101
47.222	101
47.2229	101
47.2237	101
47.2245	101
47.2254	101
47.2262	101
47.2271	101
47.2279	101
47.2288	101
47.2296	101
47.2304	101
47.2313	101
47.2321	101
47.233	101
47.2338	101
47.2347	101
47.2355	101
47.2363	101
47.2372	101
47.238	101
47.2389	101
47.2397	101
47.2406	101
47.2414	101
47.2422	101
47.2431	101
47.2439	101
47.2448	101
47.2456	101
47.2465	101
47.2473	101
47.2481	101
47.249	101
47.2498	101
47.2507	101
47.2515	101
47.2524	101
47.2532	101
47.254	101
47.2549	101
47.2557	101
47.2566	101
47.2574	101
47.2583	101
47.2591	101
47.26	101
47.2608	101
47.2616	101
47.2625	101
47.2633	101
47.2642	101
47.265	101
47.2659	101
47.2667	101
47.2675	101
47.2684	101
47.2692	101
47.2701	101
47.2709	101
47.2718	101
47.2726	101
47.2734	101
47.2743	101
47.2751	101
47.276	101
47.2769	101
47.2778	101
47.2786	101
47.2795	101
47.2803	101
47.2812	101
47.282	101
47.2828	101
47.2837	101
47.2845	101
47.2854	101
47.2862	101
47.2871	101
47.2879	101
47.2887	101
47.2896	101
47.2904	101
47.2913	101
47.2921	101
47.293	101
47.2938	101
47.2946	101
47.2955	101
47.2963	101
47.2972	101
47.298	101
47.2989	101
47.2997	101
47.3005	101
47.3014	101
47.3022	101
47.3031	101
47.3039	101
47.3048	101
47.3056	101
47.3064	101
47.3073	101
47.3081	101
47.309	101
47.3098	101
47.3107	101
47.3115	101
47.3124	101
47.3132	101
47.314	101
47.3149	101
47.3157	101
47.3166	101
47.3174	101
47.3183	101
47.3191	101
47.3199	101
47.3208	101
47.3216	101
47.3225	101
47.3233	101
47.3242	101
47.325	101
47.3258	101
47.3267	101
47.3275	101
47.3284	101
47.3292	101
47.3301	101
47.3309	101
47.3317	101
47.3326	101
47.3334	101
47.3343	101
47.3351	101
47.336	101
47.3368	101
47.3376	101
47.3385	101
47.3393	101
47.3402	101
47.341	101
47.3419	101
47.3427	101
47.3435	101
47.3444	101
47.3452	101
47.3461	101
47.3469	101
47.3478	101
47.3486	101
47.3495	101
47.3503	101
47.3511	101
47.352	101
47.3528	101
47.3537	101
47.3545	101
47.3554	101
47.3562	101
47.357	101
47.3579	101
47.3587	101
47.3596	101
47.3604	101
47.3613	101
47.3621	101
47.3629	101
47.3638	101
47.3646	101
47.3655	101
47.3663	101
47.3672	101
47.368	101
47.3688	101
47.3697	101
47.3705	101
47.3714	101
47.3722	101
47.3731	101
47.3739	101
47.3747	101
47.3756	101
47.3764	101
47.3773	101
47.3781	101
47.379	101
47.3798	101
47.3806	101
47.3815	101
47.3823	101
47.3832	101
47.384	101
47.3849	101
47.3857	101
47.3866	101
47.3874	101
47.3882	101
47.3891	101
47.3899	101
47.3908	101
47.3916	101
47.3925	101
47.3933	101
47.3941	101
47.395	101
47.3958	101
47.3967	101
47.3975	101
47.3984	101
47.3992	101
47.4	101
47.4009	101
47.4017	101
47.4026	101
47.4034	101
47.4043	101
47.4051	101
47.4059	101
47.4068	101
47.4076	101
47.4085	101
47.4093	101
47.4102	101
47.411	101
47.4118	101
47.4127	101
47.4135	101
47.4144	101
47.4152	101
47.4161	101
47.4169	101
47.4178	101
47.4186	101
47.4194	101
47.4203	101
47.4211	101
47.422	101
47.4228	101
47.4237	101
47.4245	101
47.4253	101
47.4262	101
47.427	101
47.4279	101
47.4287	101
47.4296	101
47.4304	101
47.4312	101
47.4321	101
47.4329	101
47.4338	101
47.4346	101
47.4355	101
47.4363	101
47.4371	101
47.438	101
47.4388	101
47.4397	101
47.4405	101
47.4414	101
47.4422	101
47.443	101
47.4439	101
47.4447	101
47.4456	101
47.4464	101
47.4473	101
47.4481	101
47.4489	101
47.4498	101
47.4506	101
47.4515	101
47.4523	101
47.4532	101
47.454	101
47.4549	101
47.4557	101
47.4565	101
47.4574	101
47.4582	101
47.4591	101
47.4599	101
47.4608	101
47.4616	101
47.4624	101
47.4633	101
47.4641	101
47.465	101
47.4658	101
47.4667	101
47.4675	101
47.4683	101
47.4692	101
47.47	101
47.4709	101
47.4717	101
47.4726	101
47.4734	101
47.4742	101
47.4751	101
47.4759	101
47.4768	101
47.4776	101
47.4785	101
47.4793	101
47.4801	101
47.481	101
47.4818	101
47.4827	101
47.4835	101
47.4844	101
47.4852	101
47.486	101
47.4869	101
47.4877	101
47.4886	101
47.4894	101
47.4903	101
47.4911	101
47.492	101
47.4928	101
47.4936	101
47.4945	101
47.4953	101
47.4962	101
47.497	102
47.4979	102
47.4987	102
47.4995	102
47.5004	102
47.5012	102
47.5021	102
47.5029	102
47.5038	102
47.5046	102
47.5054	102
47.5063	102
47.5071	102
47.508	102
47.5088	102
47.5097	102
47.5105	102
47.5113	102
47.5122	102
47.513	102
47.5139	102
47.5147	102
47.5156	102
47.5164	102
47.5172	102
47.5181	102
47.5189	102
47.5198	102
47.5206	102
47.5215	102
47.5223	102
47.5232	102
47.524	102
47.5248	102
47.5257	102
47.5265	102
47.5274	102
47.5282	102
47.5291	102
47.5299	102
47.5307	102
47.5316	102
47.5324	102
47.5333	102
47.5341	102
47.535	102
47.5358	102
47.5366	102
47.5375	102
47.5383	102
47.5392	102
47.54	102
47.5409	102
47.5417	102
47.5425	102
47.5434	102
47.5442	102
47.5451	102
47.5459	102
47.5468	102
47.5476	102
47.5484	102
47.5493	102
47.5501	102
47.551	102
47.5518	102
47.5527	102
47.5535	102
47.5543	102
47.5552	102
47.556	102
47.5569	102
47.5577	102
47.5586	102
47.5594	102
47.5603	102
47.5611	102
47.5619	102
47.5628	102
47.5636	102
47.5645	102
47.5653	102
47.5662	102
47.567	102
47.5678	102
47.5687	102
47.5695	102
47.5704	102
47.5712	102
47.5721	102
47.5729	102
47.5737	102
47.5746	102
47.5754	102
47.5763	102
47.5771	102
47.578	102
47.5788	102
47.5796	102
47.5805	102
47.5813	102
47.5822	102
47.583	102
47.5839	102
47.5847	102
47.5855	102
47.5864	102
47.5872	102
47.5881	102
47.5889	102
47.5898	102
47.5906	102
47.5914	102
47.5923	102
47.5931	102
47.594	102
47.5948	102
47.5957	102
47.5965	102
47.5974	102
47.5982	102
47.599	102
47.5999	102
47.6007	102
47.6016	102
47.6024	102
47.6033	102
47.6041	102
47.6049	102
47.6058	102
47.6066	102
47.6075	102
47.6083	102
47.6092	102
47.61	102
47.6108	102
47.6117	102
47.6125	102
47.6134	102
47.6142	102
47.6151	102
47.6159	102
47.6167	102
47.6176	102
47.6184	102
47.6193	102
47.6201	102
47.621	102
47.6218	102
47.6226	102
47.6235	102
47.6243	102
47.6252	102
47.626	102
47.6269	102
47.6277	102
47.6286	102
47.6294	102
47.6302	102
47.6311	102
47.6319	102
47.6328	102
47.6336	102
47.6345	102
47.6353	102
47.6361	102
47.637	102
47.6378	102
47.6387	102
47.6395	102
47.6404	102
47.6412	102
47.642	102
47.6429	102
47.6437	102
47.6446	102
47.6454	102
47.6463	102
47.6471	102
47.6479	102
47.6488	102
47.6496	102
47.6505	102
47.6513	102
47.6522	102
47.653	102
47.6538	102
47.6547	102
47.6555	102
47.6564	102
47.6572	102
47.6581	102
47.6589	102
47.6597	102
47.6606	102
47.6614	102
47.6623	102
47.6631	102
47.664	102
47.6648	102
47.6657	102
47.6665	102
47.6673	102
47.6682	102
47.669	102
47.6699	102
47.6707	102
47.6716	102
47.6724	102
47.6732	102
47.6741	102
47.6749	102
47.6758	102
47.6766	102
47.6775	102
47.6783	102
47.6791	102
47.68	102
47.6808	102
47.6817	102
47.6825	102
47.6834	102
47.6842	102
47.685	102
47.6859	102
47.6867	102
47.6876	102
47.6884	102
47.6893	102
47.6901	102
47.6909	102
47.6918	102
47.6926	102
47.6935	102
47.6943	102
47.6952	102
47.696	102
47.6968	102
47.6977	102
47.6985	102
47.6994	102
47.7002	102
47.7011	102
47.7019	102
47.7028	102
47.7036	102
47.7044	102
47.7053	102
47.7061	102
47.707	102
47.7078	102
47.7087	102
47.7095	102
47.7103	102
47.7112	102
47.712	102
47.7129	102
47.7137	102
47.7146	102
47.7154	102
47.7162	102
47.7171	102
47.7179	102
47.7188	102
47.7196	102
47.7205	102
47.7213	102
47.7221	102
47.723	102
47.7238	102
47.7247	102
47.7255	102
47.7264	102
47.7272	102
47.728	102
47.7289	102
47.7297	102
47.7306	102
47.7314	102
47.7323	102
47.7331	102
47.734	102
47.7348	102
47.7356	102
47.7365	102
47.7373	102
47.7382	102
47.739	102
47.7399	102
47.7407	102
47.7415	102
47.7424	102
47.7432	102
47.7441	102
47.7449	102
47.7458	102
47.7466	102
47.7474	102
47.7483	102
47.7491	102
47.75	102
47.7508	102
47.7517	102
47.7525	102
47.7533	102
47.7542	102
47.755	102
47.7559	102
47.7567	102
47.7576	102
47.7584	102
47.7592	102
47.7601	102
47.7609	102
47.7618	102
47.7626	102
47.7635	102
47.7643	102
47.7651	102
47.766	102
47.7668	102
47.7677	102
47.7685	102
47.7694	102
47.7702	102
47.7711	102
47.7719	102
47.7727	102
47.7736	102
47.7744	102
47.7753	102
47.7761	102
47.777	102
47.7778	102
47.7786	102
47.7795	102
47.7803	102
47.7812	102
47.782	102
47.7829	102
47.7837	102
47.7845	102
47.7854	102
47.7862	102
47.7871	102
47.7879	102
47.7888	102
47.7896	102
47.7904	102
47.7913	102
47.7921	102
47.793	102
47.7938	102
47.7947	102
47.7955	102
47.7963	102
47.7972	102
47.798	102
47.7989	102
47.7997	102
47.8006	102
47.8014	102
47.8022	102
47.8031	102
47.8039	102
47.8048	102
47.8056	102
47.8065	102
47.8073	102
47.8082	102
47.809	102
47.8098	102
47.8107	102
47.8115	102
47.8124	102
47.8132	102
47.8141	102
47.8149	102
47.8157	102
47.8166	102
47.8174	102
47.8183	102
47.8191	102
47.82	102
47.8208	102
47.8216	102
47.8225	102
47.8233	102
47.8242	102
47.825	102
47.8259	102
47.8267	102
47.8275	102
47.8284	102
47.8292	102
47.8301	102
47.8309	102
47.8318	102
47.8326	102
47.8334	102
47.8343	102
47.8351	102
47.836	102
47.8368	102
47.8377	102
47.8385	102
47.8394	102
47.8402	102
47.841	102
47.8419	102
47.8427	102
47.8436	102
47.8444	102
47.8453	102
47.8461	102
47.8469	102
47.8478	102
47.8486	102
47.8495	102
47.8503	102
47.8512	102
47.852	102
47.8528	102
47.8537	102
47.8545	102
47.8554	102
47.8562	102
47.8571	102
47.8579	102
47.8587	102
47.8596	102
47.8604	102
47.8613	102
47.8621	102
47.863	102
47.8638	102
47.8646	102
47.8655	102
47.8663	102
47.8672	102
47.868	102
47.8689	102
47.8697	102
47.8705	102
47.8714	102
47.8722	102
47.8731	102
47.8739	102
47.8748	102
47.8756	102
47.8765	102
47.8773	102
47.8781	102
47.879	102
47.8798	102
47.8807	102
47.8815	102
47.8824	102
47.8832	102
47.884	102
47.8849	102
47.8857	102
47.8866	102
47.8874	102
47.8883	102
47.8891	102
47.8899	102
47.8908	102
47.8916	102
47.8925	102
47.8933	102
47.8942	102
47.895	102
47.8958	102
47.8967	102
47.8975	102
47.8984	102
47.8992	102
47.9001	102
47.9009	102
47.9017	102
47.9026	102
47.9034	102
47.9043	102
47.9051	102
47.906	102
47.9068	102
47.9076	102
47.9085	102
47.9093	102
47.9102	102
47.911	102
47.9119	102
47.9127	102
47.9136	102
47.9144	102
47.9152	102
47.9161	102
47.9169	102
47.9178	102
47.9186	102
47.9195	102
47.9203	102
47.9211	102
47.922	102
47.9228	102
47.9237	102
47.9245	102
47.9254	102
47.9262	102
47.927	102
47.9279	102
47.9287	102
47.9296	102
47.9304	102
47.9313	102
47.9321	102
47.9329	102
47.9338	102
47.9346	102
47.9355	102
47.9363	102
47.9372	102
47.938	102
47.9388	102
47.9397	102
47.9405	102
47.9414	102
47.9422	102
47.9431	102
47.9439	102
47.9448	102
47.9456	102
47.9464	102
47.9473	102
47.9481	102
47.949	102
47.9498	102
47.9507	102
47.9515	102
47.9523	102
47.9532	102
47.954	102
47.9549	102
47.9557	102
47.9566	102
47.9574	102
47.9582	102
47.9591	102
47.9599	102
47.9608	102
47.9616	102
47.9625	102
47.9633	102
47.9641	102
47.965	102
47.9658	102
47.9667	102
47.9675	102
47.9684	102
47.9692	102
47.97	102
47.9709	102
47.9717	102
47.9726	102
47.9734	102
47.9743	102
47.9751	102
47.9759	102
47.9768	102
47.9776	102
47.9785	102
47.9793	102
47.9802	102
47.981	102
47.9819	102
47.9827	102
47.9835	102
47.9844	101
47.9852	101
47.9861	101
47.9869	101
47.9878	101
47.9886	101
47.9894	101
47.9903	101
47.9911	101
47.992	101
47.9928	101
47.9937	101
47.9945	101
47.9953	101
47.9962	101
47.997	101
47.9979	101
47.9987	101
47.9996	101
48.0004	101
48.0012	101
48.0021	101
48.0029	101
48.0038	101
48.0046	101
48.0055	101
48.0063	101
48.0071	101
48.008	101
48.0088	101
48.0097	101
48.0105	101
48.0114	101
48.0122	101
48.013	101
48.0139	101
48.0147	101
48.0156	101
48.0164	101
48.0173	101
48.0181	101
48.019	101
48.0198	101
48.0206	101
48.0215	101
48.0223	101
48.0232	101
48.024	101
48.0249	101
48.0257	101
48.0265	101
48.0274	101
48.0282	101
48.0291	101
48.0299	101
48.0308	101
48.0316	101
48.0324	101
48.0333	101
48.0341	101
48.035	101
48.0358	101
48.0367	101
48.0375	101
48.0383	101
48.0392	101
48.04	101
48.0409	101
48.0417	101
48.0426	101
48.0434	101
48.0442	101
48.0451	101
48.0459	101
48.0468	101
48.0476	101
48.0485	101
48.0493	101
48.0502	101
48.051	101
48.0518	101
48.0527	101
48.0535	101
48.0544	101
48.0552	101
48.0561	101
48.0569	101
48.0577	101
48.0586	101
48.0594	101
48.0603	101
48.0611	101
48.062	101
48.0628	101
48.0636	101
48.0645	101
48.0653	101
48.0662	101
48.067	101
48.0679	101
48.0687	101
48.0695	101
48.0704	101
48.0712	101
48.0721	101
48.0729	101
48.0738	101
48.0746	101
48.0754	101
48.0763	101
48.0771	101
48.078	101
48.0788	101
48.0797	101
48.0805	101
48.0813	101
48.0822	101
48.083	101
48.0839	101
48.0848	101
48.0857	101
48.0865	101
48.0874	101
48.0882	101
48.0891	101
48.0899	101
48.0907	101
48.0916	101
48.0924	101
48.0933	101
48.0941	101
48.095	101
48.0958	101
48.0966	101
48.0975	101
48.0983	101
48.0992	101
48.1	101
48.1009	101
48.1017	101
48.1025	101
48.1034	101
48.1042	101
48.1051	101
48.1059	101
48.1068	101
48.1076	101
48.1085	101
48.1093	101
48.1101	101
48.111	101
48.1118	101
48.1127	101
48.1135	101
48.1144	101
48.1152	101
48.116	101
48.1169	101
48.1177	101
48.1186	101
48.1194	101
48.1203	101
48.1211	101
48.1219	101
48.1228	101
48.1236	101
48.1245	101
48.1253	101
48.1262	101
48.127	101
48.1278	101
48.1287	101
48.1295	101
48.1304	101
48.1312	101
48.1321	101
48.1329	101
48.1337	101
48.1346	101
48.1354	101
48.1363	101
48.1371	101
48.138	101
48.1388	101
48.1396	101
48.1405	101
48.1413	101
48.1422	101
48.143	101
48.1439	101
48.1447	101
48.1456	101
48.1464	101
48.1472	101
48.1481	101
48.1489	101
48.1498	101
48.1506	101
48.1515	101
48.1523	101
48.1531	101
48.154	101
48.1548	101
48.1557	101
48.1565	101
48.1574	101
48.1582	101
48.159	101
48.1599	101
48.1607	101
48.1616	101
48.1624	101
48.1633	101
48.1641	101
48.1649	101
48.1658	101
48.1666	101
48.1675	101
48.1683	101
48.1692	101
48.17	101
48.1708	101
48.1717	101
48.1725	101
48.1734	101
48.1742	101
48.1751	101
48.1759	101
48.1768	101
48.1776	101
48.1784	101
48.1793	101
48.1801	101
48.181	101
48.1818	101
48.1827	101
48.1835	101
48.1843	101
48.1852	101
48.186	101
48.1869	101
48.1877	101
48.1886	101
48.1894	101
48.1902	101
48.1911	101
48.1919	101
48.1928	101
48.1936	101
48.1945	101
48.1953	101
48.1961	101
48.197	101
48.1978	101
48.1987	101
48.1995	101
48.2004	101
48.2012	101
48.202	101
48.2029	101
48.2037	101
48.2046	101
48.2054	101
48.2063	101
48.2071	101
48.2079	101
48.2088	101
48.2096	101
48.2105	101
48.2113	101
48.2122	101
48.213	101
48.2139	101
48.2147	101
48.2155	101
48.2164	101
48.2172	101
48.2181	101
48.2189	101
48.2198	101
48.2206	101
48.2214	101
48.2223	101
48.2231	101
48.224	101
48.2248	101
48.2257	101
48.2265	101
48.2273	101
48.2282	101
48.229	101
48.2299	101
48.2307	101
48.2316	101
48.2324	101
48.2332	101
48.2341	101
48.2349	101
48.2358	101
48.2366	101
48.2375	101
48.2383	101
48.2391	101
48.24	101
48.2408	101
48.2417	101
48.2425	101
48.2434	101
48.2442	101
48.245	101
48.2459	101
48.2467	101
48.2476	101
48.2484	101
48.2493	101
48.2501	101
48.251	101
48.2518	101
48.2526	101
48.2535	101
48.2543	101
48.2552	101
48.256	101
48.2569	101
48.2577	101
48.2585	101
48.2594	101
48.2602	101
48.2611	101
48.2619	101
48.2628	101
48.2636	101
48.2644	101
48.2653	101
48.2661	101
48.267	101
48.2678	101
48.2687	101
48.2695	101
48.2703	101
48.2712	101
48.272	101
48.2729	101
48.2737	101
48.2746	101
48.2754	101
48.2762	101
48.2771	101
48.2779	101
48.2788	101
48.2796	101
48.2805	101
48.2813	101
48.2822	101
48.283	101
48.2838	101
48.2847	101
48.2855	101
48.2864	101
48.2872	101
48.2881	101
48.2889	101
48.2897	101
48.2906	101
48.2914	101
48.2923	101
48.2931	101
48.294	101
48.2948	101
48.2956	101
48.2965	101
48.2973	101
48.2982	101
48.299	102
48.2999	102
48.3007	102
48.3015	102
48.3024	102
48.3032	102
48.3041	102
48.3049	102
48.3058	102
48.3066	102
48.3074	102
48.3083	102
48.3091	102
48.31	102
48.3108	102
48.3117	102
48.3125	102
48.3133	102
48.3142	102
48.315	102
48.3159	102
48.3167	102
48.3176	102
48.3184	102
48.3193	102
48.3201	102
48.3209	102
48.3218	102
48.3226	102
48.3235	102
48.3243	102
48.3252	102
48.326	102
48.3268	102
48.3277	102
48.3285	102
48.3294	102
48.3302	102
48.3311	102
48.3319	102
48.3327	102
48.3336	102
48.3344	102
48.3353	102
48.3361	102
48.337	102
48.3378	102
48.3386	102
48.3395	102
48.3403	102
48.3412	102
48.342	102
48.3429	102
48.3437	102
48.3445	102
48.3454	102
48.3462	102
48.3471	102
48.3479	102
48.3488	102
48.3496	102
48.3504	102
48.3513	102
48.3521	102
48.353	102
48.3538	102
48.3547	102
48.3555	102
48.3564	102
48.3572	102
48.358	102
48.3589	102
48.3597	102
48.3606	102
48.3614	102
48.3623	102
48.3631	102
48.3639	102
48.3648	102
48.3656	102
48.3665	102
48.3673	102
48.3682	102
48.369	102
48.3698	102
48.3707	102
48.3715	102
48.3724	102
48.3732	102
48.3741	102
48.3749	102
48.3757	102
48.3766	102
48.3774	102
48.3783	102
48.3791	102
48.38	102
48.3808	102
48.3816	102
48.3825	102
48.3833	102
48.3842	102
48.385	102
48.3859	102
48.3867	102
48.3876	102
48.3884	102
48.3892	102
48.3901	102
48.3909	102
48.3918	102
48.3926	102
48.3935	102
48.3943	102
48.3951	102
48.396	102
48.3968	102
48.3977	102
48.3985	102
48.3994	102
48.4002	102
48.401	102
48.4019	102
48.4027	102
48.4036	102
48.4044	102
48.4053	102
48.4061	102
48.4069	102
48.4078	102
48.4086	102
48.4095	102
48.4103	102
48.4112	102
48.412	102
48.4128	102
48.4137	102
48.4145	102
48.4154	102
48.4162	102
48.4171	102
48.4179	102
48.4187	102
48.4196	102
48.4204	102
48.4213	102
48.4221	102
48.423	102
48.4238	102
48.4247	102
48.4255	102
48.4263	102
48.4272	102
48.428	102
48.4289	102
48.4297	102
48.4306	102
48.4314	102
48.4322	102
48.4331	102
48.4339	102
48.4348	102
48.4356	102
48.4365	102
48.4373	102
48.4381	102
48.439	102
48.4398	102
48.4407	102
48.4415	102
48.4424	102
48.4432	102
48.444	102
48.4449	102
48.4457	102
48.4466	102
48.4474	102
48.4483	102
48.4491	102
48.4499	102
48.4508	102
48.4516	102
48.4525	102
48.4533	102
48.4542	102
48.455	102
48.4558	102
48.4567	102
48.4575	102
48.4584	102
48.4592	102
48.4601	102
48.4609	102
48.4618	102
48.4626	102
48.4634	102
48.4643	102
48.4651	102
48.466	102
48.4668	102
48.4677	102
48.4685	102
48.4693	102
48.4702	102
48.471	102
48.4719	102
48.4727	102
48.4736	102
48.4744	102
48.4752	102
48.4761	102
48.4769	102
48.4778	102
48.4786	102
48.4795	102
48.4803	102
48.4811	102
48.482	102
48.4828	102
48.4837	102
48.4845	102
48.4854	102
48.4862	102
48.487	102
48.4879	102
48.4887	102
48.4896	102
48.4904	102
48.4913	102
48.4921	102
48.493	102
48.4938	102
48.4946	102
48.4955	102
48.4963	102
48.4972	102
48.498	102
48.4989	102
48.4997	102
48.5005	102
48.5014	102
48.5022	102
48.5031	102
48.5039	102
48.5048	102
48.5056	102
48.5064	102
48.5073	102
48.5081	102
48.509	102
48.5098	102
48.5107	102
48.5115	102
48.5123	102
48.5132	102
48.514	102
48.5149	102
48.5157	102
48.5166	102
48.5174	102
48.5182	102
48.5191	102
48.5199	102
48.5208	102
48.5216	102
48.5225	102
48.5233	102
48.5241	102
48.525	102
48.5258	102
48.5267	102
48.5275	102
48.5284	102
48.5292	102
48.5301	102
48.5309	102
48.5317	102
48.5326	102
48.5334	102
48.5343	102
48.5351	102
48.536	102
48.5368	102
48.5376	102
48.5385	102
48.5393	102
48.5402	102
48.541	102
48.5419	102
48.5427	102
48.5435	102
48.5444	102
48.5452	102
48.5461	102
48.5469	102
48.5478	102
48.5486	102
48.5494	102
48.5503	102
48.5511	102
48.552	102
48.5528	102
48.5537	102
48.5545	102
48.5553	102
48.5562	102
48.557	102
48.5579	102
48.5587	102
48.5596	102
48.5604	102
48.5612	102
48.5621	102
48.5629	102
48.5638	102
48.5646	102
48.5655	102
48.5663	102
48.5672	102
48.568	102
48.5688	102
48.5697	102
48.5705	102
48.5714	102
48.5722	102
48.5731	102
48.5739	102
48.5747	102
48.5756	102
48.5764	102
48.5773	102
48.5781	102
48.579	102
48.5798	102
48.5806	102
48.5815	102
48.5823	102
48.5832	102
48.584	102
48.5849	102
48.5857	102
48.5865	102
48.5874	102
48.5882	102
48.5891	102
48.5899	102
48.5908	102
48.5916	102
48.5924	102
48.5933	102
48.5941	102
48.595	102
48.5958	102
48.5967	102
48.5975	102
48.5984	102
48.5992	102
48.6	102
48.6009	102
48.6017	102
48.6026	102
48.6034	102
48.6043	102
48.6051	102
48.6059	102
48.6068	102
48.6076	102
48.6085	102
48.6093	102
48.6102	102
48.611	102
48.6118	102
48.6127	102
48.6135	102
48.6144	102
48.6152	102
48.6161	102
48.6169	102
48.6177	102
48.6186	102
48.6194	102
48.6203	102
48.6211	102
48.622	102
48.6228	102
48.6236	102
48.6245	102
48.6253	102
48.6262	102
48.627	102
48.6279	102
48.6287	102
48.6295	102
48.6304	102
48.6312	102
48.6321	102
48.6329	102
48.6338	102
48.6346	102
48.6355	102
48.6363	102
48.6371	102
48.638	102
48.6388	102
48.6397	102
48.6405	102
48.6414	102
48.6422	102
48.643	102
48.6439	102
48.6447	102
48.6456	102
48.6464	102
48.6473	102
48.6481	102
48.6489	102
48.6498	102
48.6506	102
48.6515	102
48.6523	102
48.6532	102
48.654	102
48.6548	102
48.6557	102
48.6565	102
48.6574	102
48.6582	102
48.6591	102
48.6599	102
48.6607	102
48.6616	102
48.6624	102
48.6633	102
48.6641	102
48.665	102
48.6658	102
48.6666	102
48.6675	102
48.6683	102
48.6692	102
48.67	102
48.6709	102
48.6717	102
48.6726	102
48.6734	102
48.6742	102
48.6751	102
48.6759	102
48.6768	102
48.6776	102
48.6785	102
48.6793	102
48.6801	102
48.681	102
48.6818	102
48.6827	102
48.6835	102
48.6844	102
48.6852	102
48.686	102
48.6869	102
48.6877	102
48.6886	102
48.6894	102
48.6903	102
48.6911	102
48.6919	102
48.6928	102
48.6936	102
48.6945	102
48.6953	102
48.6962	102
48.697	102
48.6978	102
48.6987	102
48.6995	102
48.7004	102
48.7012	102
48.7021	102
48.7029	102
48.7038	102
48.7046	102
48.7054	102
48.7063	102
48.7071	102
48.708	102
48.7088	102
48.7097	102
48.7105	102
48.7113	102
48.7122	102
48.713	102
48.7139	102
48.7147	102
48.7156	102
48.7164	102
48.7172	102
48.7181	102
48.7189	102
48.7198	102
48.7206	102
48.7215	102
48.7223	102
48.7231	102
48.724	102
48.7248	102
48.7257	102
48.7265	102
48.7274	102
48.7282	102
48.729	102
48.7299	102
48.7307	102
48.7316	102
48.7324	102
48.7333	102
48.7341	102
48.7349	102
48.7358	102
48.7366	102
48.7375	102
48.7383	102
48.7392	102
48.74	102
48.7409	102
48.7417	102
48.7425	102
48.7434	102
48.7442	102
48.7451	102
48.7459	102
48.7468	102
48.7476	102
48.7484	102
48.7493	102
48.7501	102
48.751	102
48.7518	102
48.7527	102
48.7535	102
48.7543	102
48.7552	102
48.756	102
48.7569	102
48.7577	102
48.7586	102
48.7594	102
48.7602	102
48.7611	102
48.7619	102
48.7628	102
48.7636	102
48.7645	102
48.7653	102
48.7661	102
48.767	102
48.7678	102
48.7687	102
48.7695	102
48.7704	102
48.7712	102
48.772	102
48.7729	102
48.7737	102
48.7746	102
48.7754	102
48.7763	102
48.7771	102
48.778	102
48.7788	102
48.7796	102
48.7805	102
48.7813	102
48.7822	102
48.783	102
48.7839	102
48.7847	102
48.7855	102
48.7864	102
48.7872	102
48.7881	102
48.7889	102
48.7898	102
48.7906	102
48.7914	102
48.7923	101
48.7931	101
48.794	101
48.7948	101
48.7957	101
48.7965	101
48.7973	101
48.7982	101
48.799	101
48.7999	101
48.8007	101
48.8016	101
48.8024	101
48.8032	101
48.8041	101
48.8049	101
48.8058	101
48.8066	101
48.8075	101
48.8083	101
48.8092	101
48.81	101
48.8108	101
48.8117	101
48.8125	101
48.8134	101
48.8142	101
48.8151	101
48.8159	101
48.8167	101
48.8176	101
48.8184	101
48.8193	101
48.8201	101
48.821	101
48.8218	101
48.8226	101
48.8235	101
48.8243	101
48.8252	101
48.826	101
48.8269	101
48.8277	101
48.8285	101
48.8294	101
48.8302	101
48.8311	101
48.8319	101
48.8328	101
48.8336	101
48.8344	101
48.8353	101
48.8361	101
48.837	101
48.8378	101
48.8387	101
48.8395	101
48.8403	101
48.8412	101
48.842	101
48.8429	101
48.8437	101
48.8446	101
48.8454	101
48.8463	101
48.8471	101
48.8479	101
48.8488	101
48.8496	101
48.8505	101
48.8513	101
48.8522	101
48.853	101
48.8538	101
48.8547	101
48.8555	101
48.8564	101
48.8572	101
48.8581	101
48.8589	101
48.8597	101
48.8606	101
48.8614	101
48.8623	101
48.8631	101
48.864	101
48.8648	101
48.8656	101
48.8665	101
48.8673	101
48.8682	101
48.869	101
48.8699	101
48.8707	101
48.8715	101
48.8724	101
48.8732	101
48.8741	101
48.8749	101
48.8758	101
48.8766	101
48.8774	101
48.8783	101
48.8791	101
48.88	101
48.8808	101
48.8817	101
48.8825	101
48.8834	101
48.8842	101
48.885	101
48.8859	101
48.8867	101
48.8876	101
48.8884	101
48.8893	101
48.8901	101
48.8909	101
48.8918	101
48.8927	101
48.8936	101
48.8944	101
48.8953	101
48.8961	101
48.897	101
48.8978	101
48.8986	101
48.8995	101
48.9003	101
48.9012	101
48.902	101
48.9029	101
48.9037	101
48.9046	101
48.9054	101
48.9062	101
48.9071	101
48.9079	101
48.9088	101
48.9096	101
48.9105	101
48.9113	101
48.9121	101
48.913	101
48.9138	101
48.9147	101
48.9155	101
48.9164	101
48.9172	101
48.918	101
48.9189	101
48.9197	101
48.9206	101
48.9214	101
48.9223	101
48.9231	101
48.9239	101
48.9248	101
48.9256	101
48.9265	101
48.9273	101
48.9282	101
48.929	101
48.9298	101
48.9307	101
48.9315	101
48.9324	101
48.9332	101
48.9341	101
48.9349	101
48.9358	101
48.9366	101
48.9374	101
48.9383	101
48.9391	101
48.94	101
48.9408	101
48.9417	101
48.9425	101
48.9433	101
48.9442	101
48.945	101
48.9459	101
48.9467	101
48.9476	101
48.9484	101
48.9492	101
48.9501	101
48.9509	101
48.9518	101
48.9526	101
48.9535	101
48.9543	101
48.9551	101
48.956	101
48.9568	101
48.9577	101
48.9585	101
48.9594	101
48.9602	101
48.961	101
48.9619	101
48.9627	101
48.9636	101
48.9644	101
48.9653	101
48.9661	101
48.9669	101
48.9678	101
48.9686	101
48.9695	101
48.9703	101
48.9712	101
48.972	101
48.9729	101
48.9737	101
48.9745	101
48.9754	101
48.9762	101
48.9771	101
48.9779	101
48.9788	101
48.9796	101
48.9804	101
48.9813	101
48.9821	101
48.983	101
48.9838	101
48.9847	101
48.9855	101
48.9863	101
48.9872	101
48.988	101
48.9889	101
48.9897	101
48.9906	101
48.9914	101
48.9922	101
48.9931	101
48.9939	101
48.9948	101
48.9956	101
48.9965	101
48.9973	101
48.9981	101
48.999	101
48.9998	101
49.0007	101
49.0015	101
49.0024	101
49.0032	101
49.004	101
49.0049	101
49.0057	101
49.0066	101
49.0074	101
49.0083	101
49.0091	101
49.01	101
49.0108	101
49.0116	101
49.0125	101
49.0133	101
49.0142	101
49.015	101
49.0159	101
49.0167	101
49.0175	101
49.0184	101
49.0192	101
49.0201	101
49.0209	101
49.0218	101
49.0226	101
49.0234	101
49.0243	101
49.0251	101
49.026	101
49.0268	101
49.0277	101
49.0285	101
49.0293	101
49.0302	101
49.031	101
49.0319	101
49.0327	101
49.0336	101
49.0344	101
49.0352	101
49.0361	101
49.0369	101
49.0378	101
49.0386	101
49.0395	101
49.0403	101
49.0412	101
49.042	101
49.0428	101
49.0437	101
49.0445	101
49.0454	101
49.0462	101
49.0471	101
49.0479	101
49.0487	101
49.0496	101
49.0504	101
49.0513	101
49.0521	101
49.053	101
49.0538	101
49.0546	101
49.0555	101
49.0563	101
49.0572	101
49.058	101
49.0589	101
49.0597	101
49.0605	101
49.0614	101
49.0622	101
49.0631	101
49.0639	101
49.0648	101
49.0656	101
49.0664	101
49.0673	101
49.0681	101
49.069	101
49.0698	101
49.0707	101
49.0715	101
49.0723	101
49.0732	101
49.074	101
49.0749	101
49.0757	101
49.0766	101
49.0774	101
49.0783	101
49.0791	101
49.0799	101
49.0808	101
49.0816	101
49.0825	101
49.0833	101
49.0842	101
49.085	101
49.0858	101
49.0867	101
49.0875	101
49.0884	101
49.0892	101
49.0901	101
49.0909	101
49.0917	101
49.0926	101
49.0934	101
49.0943	101
49.0951	101
49.096	101
49.0968	101
49.0976	101
49.0985	101
49.0993	101
49.1002	101
49.101	101
49.1019	101
49.1027	101
49.1035	101
49.1044	101
49.1052	101
49.1061	101
49.1069	101
49.1078	101
49.1086	101
49.1094	101
49.1103	101
49.1111	101
49.112	101
49.1128	101
49.1137	101
49.1145	101
49.1154	101
49.1162	101
49.117	101
49.1179	101
49.1187	101
49.1196	101
49.1204	101
49.1213	101
49.1221	101
49.1229	101
49.1238	101
49.1246	101
49.1255	101
49.1263	101
49.1272	101
49.128	101
49.1288	101
49.1297	101
49.1305	101
49.1314	101
49.1322	101
49.1331	101
49.1339	101
49.1347	101
49.1356	101
49.1364	101
49.1373	101
49.1381	101
49.139	101
49.1398	101
49.1406	101
49.1415	101
49.1423	101
49.1432	101
49.144	102
49.1449	102
49.1457	102
49.1466	102
49.1474	102
49.1482	102
49.1491	102
49.1499	102
49.1508	102
49.1516	102
49.1525	102
49.1533	102
49.1541	102
49.155	102
49.1558	102
49.1567	102
49.1575	102
49.1584	102
49.1592	102
49.16	102
49.1609	102
49.1617	102
49.1626	102
49.1634	102
49.1643	102
49.1651	102
49.1659	102
49.1668	102
49.1676	102
49.1685	102
49.1693	102
49.1702	102
49.171	102
49.1718	102
49.1727	102
49.1735	102
49.1744	102
49.1752	102
49.1761	102
49.1769	102
49.1777	102
49.1786	102
49.1794	102
49.1803	102
49.1811	102
49.182	102
49.1828	102
49.1837	102
49.1845	102
49.1853	102
49.1862	102
49.187	102
49.1879	102
49.1887	102
49.1896	102
49.1904	102
49.1912	102
49.1921	102
49.1929	102
49.1938	102
49.1946	102
49.1955	102
49.1963	102
49.1971	102
49.198	102
49.1988	102
49.1997	102
49.2005	102
49.2014	102
49.2022	102
49.203	102
49.2039	102
49.2047	102
49.2056	102
49.2064	102
49.2073	102
49.2081	102
49.2089	102
49.2098	102
49.2106	102
49.2115	102
49.2123	102
49.2132	102
49.214	102
49.2148	102
49.2157	102
49.2165	102
49.2174	102
49.2182	102
49.2191	102
49.2199	102
49.2208	102
49.2216	102
49.2224	102
49.2233	102
49.2241	102
49.225	102
49.2258	102
49.2267	102
49.2275	102
49.2283	102
49.2292	102
49.23	102
49.2309	102
49.2317	102
49.2326	102
49.2334	102
49.2342	102
49.2351	102
49.2359	102
49.2368	102
49.2376	102
49.2385	102
49.2393	102
49.2401	102
49.241	102
49.2418	102
49.2427	102
49.2435	102
49.2444	102
49.2452	102
49.246	102
49.2469	102
49.2477	102
49.2486	102
49.2494	102
49.2503	102
49.2511	102
49.252	102
49.2528	102
49.2536	102
49.2545	102
49.2553	102
49.2562	102
49.257	102
49.2579	102
49.2587	102
49.2595	102
49.2604	102
49.2612	102
49.2621	102
49.2629	102
49.2638	102
49.2646	102
49.2654	102
49.2663	102
49.2671	102
49.268	102
49.2688	102
49.2697	102
49.2705	102
49.2713	102
49.2722	102
49.273	102
49.2739	102
49.2747	102
49.2756	102
49.2764	102
49.2772	102
49.2781	102
49.2789	102
49.2798	102
49.2806	102
49.2815	102
49.2823	102
49.2831	102
49.284	102
49.2848	102
49.2857	102
49.2865	102
49.2874	102
49.2882	102
49.2891	102
49.2899	102
49.2907	102
49.2916	102
49.2924	102
49.2933	102
49.2941	102
49.295	102
49.2958	102
49.2966	102
49.2975	102
49.2983	102
49.2992	102
49.3	102
49.3009	102
49.3017	102
49.3025	102
49.3034	102
49.3042	102
49.3051	102
49.3059	102
49.3068	102
49.3076	102
49.3084	102
49.3093	102
49.3101	102
49.311	102
49.3118	102
49.3127	102
49.3135	102
49.3143	102
49.3152	102
49.316	102
49.3169	102
49.3177	102
49.3186	102
49.3194	102
49.3202	102
49.3211	102
49.3219	102
49.3228	102
49.3236	102
49.3245	102
49.3253	102
49.3262	102
49.327	102
49.3278	102
49.3287	102
49.3295	102
49.3304	102
49.3312	102
49.3321	102
49.3329	102
49.3337	102
49.3346	102
49.3354	102
49.3363	102
49.3371	102
49.338	102
49.3388	102
49.3396	102
49.3405	102
49.3413	102
49.3422	102
49.343	102
49.3439	102
49.3447	102
49.3455	102
49.3464	102
49.3472	102
49.3481	102
49.3489	102
49.3498	102
49.3506	102
49.3514	102
49.3523	102
49.3531	102
49.354	102
49.3548	102
49.3557	102
49.3565	102
49.3574	102
49.3582	102
49.359	102
49.3599	102
49.3607	102
49.3616	102
49.3624	102
49.3633	102
49.3641	102
49.3649	102
49.3658	102
49.3666	102
49.3675	102
49.3683	102
49.3692	102
49.37	102
49.3708	102
49.3717	102
49.3725	102
49.3734	102
49.3742	102
49.3751	102
49.3759	102
49.3767	102
49.3776	102
49.3784	102
49.3793	102
49.3801	102
49.381	102
49.3818	102
49.3826	102
49.3835	102
49.3843	102
49.3852	102
49.386	102
49.3869	102
49.3877	102
49.3885	102
49.3894	102
49.3902	102
49.3911	102
49.3919	102
49.3928	102
49.3936	102
49.3945	102
49.3953	102
49.3961	102
49.397	102
49.3978	102
49.3987	102
49.3995	102
49.4004	102
49.4012	102
49.402	102
49.4029	102
49.4037	102
49.4046	102
49.4054	102
49.4063	102
49.4071	102
49.4079	102
49.4088	102
49.4096	102
49.4105	102
49.4113	102
49.4122	102
49.413	102
49.4138	102
49.4147	102
49.4155	102
49.4164	102
49.4172	102
49.4181	102
49.4189	102
49.4197	102
49.4206	102
49.4214	102
49.4223	102
49.4231	102
49.424	102
49.4248	102
49.4256	102
49.4265	102
49.4273	102
49.4282	102
49.429	102
49.4299	102
49.4307	102
49.4316	102
49.4324	102
49.4332	102
49.4341	102
49.4349	102
49.4358	102
49.4366	102
49.4375	102
49.4383	102
49.4391	102
49.44	102
49.4408	102
49.4417	102
49.4425	102
49.4434	102
49.4442	102
49.445	102
49.4459	102
49.4467	102
49.4476	102
49.4484	102
49.4493	102
49.4501	102
49.4509	102
49.4518	102
49.4526	102
49.4535	102
49.4543	102
49.4552	102
49.456	102
49.4568	102
49.4577	102
49.4585	102
49.4594	102
49.4602	102
49.4611	102
49.4619	102
49.4628	102
49.4636	102
49.4644	102
49.4653	102
49.4661	102
49.467	102
49.4678	102
49.4687	102
49.4695	102
49.4703	102
49.4712	102
49.472	102
49.4729	102
49.4737	102
49.4746	102
49.4754	102
49.4762	102
49.4771	102
49.4779	102
49.4788	102
49.4796	102
49.4805	102
49.4813	102
49.4821	102
49.483	102
49.4838	102
49.4847	102
49.4855	102
49.4864	102
49.4872	102
49.488	102
49.4889	102
49.4897	102
49.4906	102
49.4914	102
49.4923	102
49.4931	102
49.4939	102
49.4948	102
49.4956	102
49.4965	102
49.4973	102
49.4982	102
49.499	102
49.4999	102
49.5007	102
49.5015	102
49.5024	102
49.5032	102
49.5041	102
49.5049	102
49.5058	102
49.5066	102
49.5074	102
49.5083	102
49.5091	102
49.51	102
49.5108	102
49.5117	102
49.5125	102
49.5133	102
49.5142	102
49.515	102
49.5159	102
49.5167	102
49.5176	102
49.5184	102
49.5192	102
49.5201	102
49.5209	102
49.5218	102
49.5226	102
49.5235	102
49.5243	102
49.5251	102
49.526	102
49.5268	102
49.5277	102
49.5285	102
49.5294	102
49.5302	102
49.531	102
49.5319	102
49.5327	102
49.5336	102
49.5344	102
49.5353	102
49.5361	102
49.537	102
49.5378	102
49.5386	102
49.5395	102
49.5403	102
49.5412	102
49.542	102
49.5429	102
49.5437	102
49.5445	102
49.5454	102
49.5462	102
49.5471	102
49.5479	102
49.5488	102
49.5496	102
49.5504	102
49.5513	102
49.5521	102
49.553	102
49.5538	102
49.5547	102
49.5555	102
49.5563	102
49.5572	102
49.558	102
49.5589	102
49.5597	102
49.5606	102
49.5614	102
49.5622	102
49.5631	102
49.5639	102
49.5648	102
49.5656	102
49.5665	102
49.5673	102
49.5682	102
49.569	102
49.5698	102
49.5707	102
49.5715	102
49.5724	102
49.5732	102
49.5741	102
49.5749	102
49.5757	102
49.5766	102
49.5774	102
49.5783	102
49.5791	102
49.58	102
49.5808	102
49.5816	102
49.5825	102
49.5833	102
49.5842	102
49.585	102
49.5859	102
49.5867	102
49.5875	102
49.5884	102
49.5892	102
49.5901	102
49.5909	102
49.5918	102
49.5926	102
49.5934	102
49.5943	102
49.5951	102
49.596	102
49.5968	102
49.5977	102
49.5985	102
49.5993	102
49.6002	101
49.601	101
49.6019	101
49.6027	101
49.6036	101
49.6044	101
49.6053	101
49.6061	101
49.6069	101
49.6078	101
49.6086	101
49.6095	101
49.6103	101
49.6112	101
49.612	101
49.6128	101
49.6137	101
49.6145	101
49.6154	101
49.6162	101
49.6171	101
49.6179	101
49.6187	101
49.6196	101
49.6204	101
49.6213	101
49.6221	101
49.623	101
49.6238	101
49.6246	101
49.6255	101
49.6263	101
49.6272	101
49.628	101
49.6289	101
49.6297	101
49.6305	101
49.6314	101
49.6322	101
49.6331	101
49.6339	101
49.6348	101
49.6356	101
49.6364	101
49.6373	101
49.6381	101
49.639	101
49.6398	101
49.6407	101
49.6415	101
49.6424	101
49.6432	101
49.644	101
49.6449	101
49.6457	101
49.6466	101
49.6474	101
49.6483	101
49.6491	101
49.6499	101
49.6508	101
49.6516	101
49.6525	101
49.6533	101
49.6542	101
49.655	101
49.6558	101
49.6567	101
49.6575	101
49.6584	101
49.6592	101
49.6601	101
49.6609	101
49.6617	101
49.6626	101
49.6634	101
49.6643	101
49.6651	101
49.666	101
49.6668	101
49.6676	101
49.6685	101
49.6693	101
49.6702	101
49.671	101
49.6719	101
49.6727	101
49.6736	101
49.6744	101
49.6752	101
49.6761	101
49.6769	101
49.6778	101
49.6786	101
49.6795	101
49.6803	101
49.6811	101
49.682	101
49.6828	101
49.6837	101
49.6845	101
49.6854	101
49.6862	101
49.687	101
49.6879	101
49.6887	101
49.6896	101
49.6904	101
49.6913	101
49.6921	101
49.6929	101
49.6938	101
49.6946	101
49.6955	101
49.6963	101
49.6972	101
49.698	101
49.6988	101
49.6997	101
49.7007	101
49.7015	101
49.7023	101
49.7032	101
49.704	101
49.7049	101
49.7057	101
49.7066	101
49.7074	101
49.7082	101
49.7091	101
49.7099	101
49.7108	101
49.7116	101
49.7125	101
49.7133	101
49.7141	101
49.715	101
49.7158	101
49.7167	101
49.7175	101
49.7184	101
49.7192	101
49.72	101
49.7209	101
49.7217	101
49.7226	101
49.7234	101
49.7243	101
49.7251	101
49.7259	101
49.7268	101
49.7276	101
49.7285	101
49.7293	101
49.7302	101
49.731	101
49.7319	101
49.7327	101
49.7335	101
49.7344	101
49.7352	101
49.7361	101
49.7369	101
49.7378	101
49.7386	101
49.7394	101
49.7403	101
49.7411	101
49.742	101
49.7428	101
49.7437	101
49.7445	101
49.7453	101
49.7462	101
49.747	101
49.7479	101
49.7487	101
49.7496	101
49.7504	101
49.7512	101
49.7521	101
49.7529	101
49.7538	101
49.7546	101
49.7555	101
49.7563	101
49.7571	101
49.758	101
49.7588	101
49.7597	101
49.7605	101
49.7614	101
49.7622	101
49.763	101
49.7639	101
49.7647	101
49.7656	101
49.7664	101
49.7673	101
49.7681	101
49.769	101
49.7698	101
49.7706	101
49.7715	101
49.7723	101
49.7732	101
49.774	101
49.7749	101
49.7757	101
49.7765	101
49.7774	101
49.7782	101
49.7791	101
49.7799	101
49.7808	101
49.7816	101
49.7824	101
49.7833	101
49.7841	101
49.785	101
49.7858	101
49.7867	101
49.7875	101
49.7883	101
49.7892	101
49.79	101
49.7909	101
49.7917	101
49.7926	101
49.7934	101
49.7942	101
49.7951	101
49.7959	101
49.7968	101
49.7976	101
49.7985	101
49.7993	101
49.8002	101
49.801	101
49.8018	101
49.8027	101
49.8035	101
49.8044	101
49.8052	101
49.8061	101
49.8069	101
49.8077	101
49.8086	101
49.8094	101
49.8103	101
49.8111	101
49.812	101
49.8128	101
49.8136	101
49.8145	101
49.8153	101
49.8162	101
49.817	101
49.8179	101
49.8187	101
49.8195	101
49.8204	101
49.8212	101
49.8221	101
49.8229	101
49.8238	101
49.8246	101
49.8254	101
49.8263	101
49.8271	101
49.828	101
49.8288	101
49.8297	101
49.8305	101
49.8313	101
49.8322	101
49.833	101
49.8339	101
49.8347	101
49.8356	101
49.8364	101
49.8373	101
49.8381	101
49.8389	101
49.8398	101
49.8406	101
49.8415	101
49.8423	101
49.8432	101
49.844	101
49.8448	101
49.8457	101
49.8465	101
49.8474	101
49.8482	101
49.8491	101
49.8499	101
49.8507	101
49.8516	101
49.8524	101
49.8533	101
49.8541	101
49.855	101
49.8558	101
49.8566	101
49.8575	101
49.8583	101
49.8592	101
49.86	101
49.8609	101
49.8617	101
49.8625	101
49.8634	101
49.8642	101
49.8651	101
49.8659	101
49.8668	101
49.8676	101
49.8684	101
49.8693	101
49.8701	101
49.871	101
49.8718	101
49.8727	101
49.8735	101
49.8744	101
49.8752	101
49.876	101
49.8769	101
49.8777	101
49.8786	101
49.8794	101
49.8803	101
49.8811	101
49.8819	101
49.8828	101
49.8836	101
49.8845	101
49.8853	101
49.8862	101
49.887	101
49.8878	101
49.8887	101
49.8895	101
49.8904	101
49.8912	101
49.8921	101
49.8929	101
49.8937	101
49.8946	101
49.8954	101
49.8963	101
49.8971	101
49.898	101
49.8988	101
49.8996	101
49.9005	101
49.9013	101
49.9022	101
49.903	101
49.9039	101
49.9047	101
49.9056	101
49.9064	101
49.9072	101
49.9081	101
49.9089	101
49.9098	101
49.9106	101
49.9115	101
49.9123	101
49.9131	101
49.914	101
49.9148	101
49.9157	101
49.9165	101
49.9174	101
49.9182	101
49.919	101
49.9199	101
49.9207	101
49.9216	101
49.9224	101
49.9233	101
49.9241	101
49.9249	101
49.9258	101
49.9266	101
49.9275	101
49.9283	101
49.9292	101
49.93	102
49.9308	102
49.9317	102
49.9325	102
49.9334	102
49.9342	102
49.9351	102
49.9359	102
49.9367	102
49.9376	102
49.9384	102
49.9393	102
49.9401	102
49.941	102
49.9418	102
49.9427	102
49.9435	102
49.9443	102
49.9452	102
49.946	102
49.9469	102
49.9477	102
49.9486	102
49.9494	102
49.9502	102
49.9511	102
49.9519	102
49.9528	102
49.9536	102
49.9545	102
49.9553	102
49.9561	102
49.957	102
49.9578	102
49.9587	102
49.9595	102
49.9604	102
49.9612	102
49.962	102
49.9629	102
49.9637	102
49.9646	102
49.9654	102
49.9663	102
49.9671	102
49.9679	102
49.9688	102
49.9696	102
49.9705	102
49.9713	102
49.9722	102
49.973	102
49.9738	102
49.9747	102
49.9755	102
49.9764	102
49.9772	102
49.9781	102
49.9789	102
49.9798	102
49.9806	102
49.9814	102
49.9823	102
49.9831	102
49.984	102
49.9848	102
49.9857	102
49.9865	102
49.9873	102
49.9882	102
49.989	102
49.9899	102
49.9907	102
49.9916	102
49.9924	102
49.9932	102
49.9941	102
49.9949	102
49.9958	102
49.9966	102
49.9975	102
49.9983	102
49.9991	102
50	102
50.0008	102
50.0017	102
50.0025	102
50.0034	102
50.0042	102
50.005	102
50.0059	102
50.0067	102
50.0076	102
50.0084	102
50.0093	102
50.0101	102
50.011	102
50.0118	102
50.0126	102
50.0135	102
50.0143	102
50.0152	102
50.016	102
50.0169	102
50.0177	102
50.0185	102
50.0194	102
50.0202	102
50.0211	102
50.0219	102
50.0228	102
50.0236	102
50.0244	102
50.0253	102
50.0261	102
50.027	102
50.0278	102
50.0287	102
50.0295	102
50.0303	102
50.0312	102
50.032	102
50.0329	102
50.0337	102
50.0346	102
50.0354	102
50.0362	102
50.0371	102
50.0379	102
50.0388	102
50.0396	102
50.0405	102
50.0413	102
50.0421	102
50.043	102
50.0438	102
50.0447	102
50.0455	102
50.0464	102
50.0472	102
50.0481	102
50.0489	102
50.0497	102
50.0506	102
50.0514	102
50.0523	102
50.0531	102
50.054	102
50.0548	102
50.0556	102
50.0565	102
50.0573	102
50.0582	102
50.059	102
50.0599	102
50.0607	102
50.0615	102
50.0624	102
50.0632	102
50.0641	102
50.0649	102
50.0658	102
50.0666	102
50.0674	102
50.0683	102
50.0691	102
50.07	102
50.0708	102
50.0717	102
50.0725	102
50.0733	102
50.0742	102
50.075	102
50.0759	102
50.0767	102
50.0776	102
50.0784	102
50.0792	102
50.0801	102
50.0809	102
50.0818	102
50.0826	102
50.0835	102
50.0843	102
50.0852	102
50.086	102
50.0868	102
50.0877	102
50.0885	102
50.0894	102
50.0902	102
50.0911	102
50.0919	102
50.0927	102
50.0936	102
50.0944	102
50.0953	102
50.0961	102
50.097	102
50.0978	102
50.0986	102
50.0995	102
50.1003	102
50.1012	102
50.102	102
50.1029	102
50.1037	102
50.1045	102
50.1054	102
50.1062	102
50.1071	102
50.1079	102
50.1088	102
50.1096	102
50.1104	102
50.1113	102
50.1121	102
50.113	102
50.1138	102
50.1147	102
50.1155	102
50.1164	102
50.1172	102
50.118	102
50.1189	102
50.1197	102
50.1206	102
50.1214	102
50.1223	102
50.1231	102
50.1239	102
50.1248	102
50.1256	102
50.1265	102
50.1273	102
50.1282	102
50.129	102
50.1298	102
50.1307	102
50.1315	102
50.1324	102
50.1332	102
50.1341	102
50.1349	102
50.1357	102
50.1366	102
50.1374	102
50.1383	102
50.1391	102
50.14	102
50.1408	102
50.1416	102
50.1425	102
50.1433	102
50.1442	102
50.145	102
50.1459	102
50.1467	102
50.1475	102
50.1484	102
50.1492	102
50.1501	102
50.1509	102
50.1518	102
50.1526	102
50.1535	102
50.1543	102
50.1551	102
50.156	102
50.1568	102
50.1577	102
50.1585	102
50.1594	102
50.1602	102
50.161	102
50.1619	102
50.1627	102
50.1636	102
50.1644	102
50.1653	102
50.1661	102
50.1669	102
50.1678	102
50.1686	102
50.1695	102
50.1703	102
50.1712	102
50.172	102
50.1728	102
50.1737	102
50.1745	102
50.1754	102
50.1762	102
50.1771	102
50.1779	102
50.1787	102
50.1796	102
50.1804	102
50.1813	102
50.1821	102
50.183	102
50.1838	102
50.1846	102
50.1855	102
50.1863	102
50.1872	102
50.188	102
50.1889	102
50.1897	102
50.1906	102
50.1914	102
50.1922	102
50.1931	102
50.1939	102
50.1948	102
50.1956	102
50.1965	102
50.1973	102
50.1981	102
50.199	102
50.1998	102
50.2007	102
50.2015	102
50.2024	102
50.2032	102
50.204	102
50.2049	102
50.2057	102
50.2066	102
50.2074	102
50.2083	102
50.2091	102
50.2099	102
50.2108	102
50.2116	102
50.2125	102
50.2133	102
50.2142	102
50.215	102
50.2158	102
50.2167	102
50.2175	102
50.2184	102
50.2192	102
50.2201	102
50.2209	102
50.2218	102
50.2226	102
50.2234	102
50.2243	102
50.2251	102
50.226	102
50.2268	102
50.2277	102
50.2285	102
50.2293	102
50.2302	102
50.231	102
50.2319	102
50.2327	102
50.2336	102
50.2344	102
50.2352	102
50.2361	102
50.2369	102
50.2378	102
50.2386	102
50.2395	102
50.2403	102
50.2411	102
50.242	102
50.2428	102
50.2437	102
50.2445	102
50.2454	102
50.2462	102
50.247	102
50.2479	102
50.2487	102
50.2496	102
50.2504	102
50.2513	102
50.2521	102
50.2529	102
50.2538	102
50.2546	102
50.2555	102
50.2563	102
50.2572	102
50.258	102
50.2589	102
50.2597	102
50.2605	102
50.2614	102
50.2622	102
50.2631	102
50.2639	102
50.2648	102
50.2656	102
50.2664	102
50.2673	102
50.2681	102
50.269	102
50.2698	102
50.2707	102
50.2715	102
50.2723	102
50.2732	102
50.274	102
50.2749	102
50.2757	102
50.2766	102
50.2774	102
50.2782	102
50.2791	102
50.2799	102
50.2808	102
50.2816	102
50.2825	102
50.2833	102
50.2841	102
50.285	102
50.2858	102
50.2867	102
50.2875	102
50.2884	102
50.2892	102
50.29	102
50.2909	102
50.2917	102
50.2926	102
50.2934	102
50.2943	102
50.2951	102
50.296	102
50.2968	102
50.2976	102
50.2985	102
50.2993	102
50.3002	102
50.301	102
50.3019	102
50.3027	102
50.3035	102
50.3044	102
50.3052	102
50.3061	102
50.3069	102
50.3078	102
50.3086	102
50.3094	102
50.3103	102
50.3111	102
50.312	102
50.3128	102
50.3137	102
50.3145	102
50.3153	102
50.3162	102
50.317	102
50.3179	102
50.3187	102
50.3196	102
50.3204	102
50.3212	102
50.3221	102
50.3229	102
50.3238	102
50.3246	102
50.3255	102
50.3263	102
50.3272	102
50.328	102
50.3288	102
50.3297	102
50.3305	102
50.3314	102
50.3322	102
50.3331	102
50.3339	102
50.3347	102
50.3356	102
50.3364	102
50.3373	102
50.3381	102
50.339	102
50.3398	102
50.3406	102
50.3415	102
50.3423	102
50.3432	102
50.344	102
50.3449	102
50.3457	102
50.3465	102
50.3474	102
50.3482	102
50.3491	102
50.3499	102
50.3508	102
50.3516	102
50.3524	102
50.3533	102
50.3541	102
50.355	102
50.3558	102
50.3567	102
50.3575	102
50.3583	102
50.3592	102
50.36	102
50.3609	102
50.3617	102
50.3626	102
50.3634	102
50.3643	102
50.3651	102
50.3659	102
50.3668	102
50.3676	102
50.3685	102
50.3693	102
50.3702	102
50.371	102
50.3718	102
50.3727	102
50.3735	102
50.3744	102
50.3752	102
50.3761	102
50.3769	102
50.3777	102
50.3786	102
50.3794	102
50.3803	102
50.3811	102
50.382	102
50.3828	102
50.3836	102
50.3845	102
50.3853	102
50.3862	102
50.387	102
50.3879	102
50.3887	102
50.3895	102
50.3904	102
50.3912	102
50.3921	102
50.3929	102
50.3938	102
50.3946	102
50.3954	102
50.3963	102
50.3971	102
50.398	102
50.3988	102
50.3997	102
50.4005	102
50.4014	102
50.4022	102
50.403	102
50.4039	102
50.4047	102
50.4056	102
50.4064	102
50.4073	102
50.4081	102
50.4089	101
50.4098	101
50.4106	101
50.4115	101
50.4123	101
50.4132	101
50.414	101
50.4148	101
50.4157	101
50.4165	101
50.4174	101
50.4182	101
50.4191	101
50.4199	101
50.4207	101
50.4216	101
50.4224	101
50.4233	101
50.4241	101
50.425	101
50.4258	101
50.4266	101
50.4275	101
50.4283	101
50.4292	101
50.43	101
50.4309	101
50.4317	101
50.4326	101
50.4334	101
50.4342	101
50.4351	101
50.4359	101
50.4368	101
50.4376	101
50.4385	101
50.4393	101
50.4401	101
50.441	101
50.4418	101
50.4427	101
50.4435	101
50.4444	101
50.4452	101
50.446	101
50.4469	101
50.4477	101
50.4486	101
50.4494	101
50.4503	101
50.4511	101
50.4519	101
50.4528	101
50.4536	101
50.4545	101
50.4553	101
50.4562	101
50.457	101
50.4578	101
50.4587	101
50.4595	101
50.4604	101
50.4612	101
50.4621	101
50.4629	101
50.4637	101
50.4646	101
50.4654	101
50.4663	101
50.4671	101
50.468	101
50.4688	101
50.4697	101
50.4705	101
50.4713	101
50.4722	101
50.473	101
50.4739	101
50.4747	101
50.4756	101
50.4764	101
50.4772	101
50.4781	101
50.4789	101
50.4798	101
50.4806	101
50.4815	101
50.4823	101
50.4831	101
50.484	101
50.4848	101
50.4857	101
50.4865	101
50.4874	101
50.4882	101
50.489	101
50.4899	101
50.4907	101
50.4916	101
50.4924	101
50.4933	101
50.4941	101
50.4949	101
50.4958	101
50.4966	101
50.4975	101
50.4983	101
50.4992	101
50.5	101
50.5008	101
50.5017	101
50.5025	101
50.5034	101
50.5042	101
50.5051	101
50.5059	101
50.5068	101
50.5076	101
50.5086	101
50.5094	101
50.5102	101
50.5111	101
50.5119	101
50.5128	101
50.5136	101
50.5145	101
50.5153	101
50.5161	101
50.517	101
50.5178	101
50.5187	101
50.5195	101
50.5204	101
50.5212	101
50.522	101
50.5229	101
50.5237	101
50.5246	101
50.5254	101
50.5263	101
50.5271	101
50.528	101
50.5288	101
50.5296	101
50.5305	101
50.5313	101
50.5322	101
50.533	101
50.5339	101
50.5347	101
50.5355	101
50.5364	101
50.5372	101
50.5381	101
50.5389	101
50.5398	101
50.5406	101
50.5414	101
50.5423	101
50.5431	101
50.544	101
50.5448	101
50.5457	101
50.5465	101
50.5473	101
50.5482	101
50.549	101
50.5499	101
50.5507	101
50.5516	101
50.5524	101
50.5532	101
50.5541	101
50.5549	101
50.5558	101
50.5566	101
50.5575	101
50.5583	101
50.5592	101
50.56	101
50.5608	101
50.5617	101
50.5625	101
50.5634	101
50.5642	101
50.5651	101
50.5659	101
50.5667	101
50.5676	101
50.5684	101
50.5693	101
50.5701	101
50.571	101
50.5718	101
50.5726	101
50.5735	101
50.5743	101
50.5752	101
50.576	101
50.5769	101
50.5777	101
50.5785	101
50.5794	101
50.5802	101
50.5811	101
50.5819	101
50.5828	101
50.5836	101
50.5844	101
50.5853	101
50.5861	101
50.587	101
50.5878	101
50.5887	101
50.5895	101
50.5903	101
50.5912	101
50.592	101
50.5929	101
50.5937	101
50.5946	101
50.5954	101
50.5963	101
50.5971	101
50.5979	101
50.5988	101
50.5996	101
50.6005	101
50.6013	101
50.6022	101
50.603	101
50.6038	101
50.6047	101
50.6055	101
50.6064	101
50.6072	101
50.6081	101
50.6089	101
50.6097	101
50.6106	101
50.6114	101
50.6123	101
50.6131	101
50.614	101
50.6148	101
50.6156	101
50.6165	101
50.6173	101
50.6182	101
50.619	101
50.6199	101
50.6207	101
50.6215	101
50.6224	101
50.6232	101
50.6241	101
50.6249	101
50.6258	101
50.6266	101
50.6274	101
50.6283	101
50.6291	101
50.63	101
50.6308	101
50.6317	101
50.6325	101
50.6334	101
50.6342	101
50.635	101
50.6359	101
50.6367	101
50.6376	101
50.6384	101
50.6393	101
50.6401	101
50.6409	101
50.6418	101
50.6426	101
50.6435	101
50.6443	101
50.6452	101
50.646	101
50.6468	101
50.6477	101
50.6485	101
50.6494	101
50.6502	101
50.6511	101
50.6519	101
50.6527	101
50.6536	101
50.6544	101
50.6553	101
50.6561	101
50.657	101
50.6578	101
50.6586	101
50.6595	101
50.6603	101
50.6612	101
50.662	101
50.6629	101
50.6637	101
50.6646	101
50.6654	101
50.6662	101
50.6671	101
50.6679	101
50.6688	101
50.6696	101
50.6705	101
50.6713	101
50.6721	101
50.673	101
50.6738	101
50.6747	101
50.6755	101
50.6764	101
50.6772	101
50.678	101
50.6789	101
50.6797	101
50.6806	101
50.6814	101
50.6823	101
50.6831	101
50.6839	101
50.6848	101
50.6856	101
50.6865	101
50.6873	101
50.6882	101
50.689	101
50.6898	101
50.6907	101
50.6915	101
50.6924	101
50.6932	101
50.6941	101
50.6949	101
50.6957	101
50.6966	101
50.6974	101
50.6983	101
50.6991	101
50.7	101
50.7008	101
50.7017	101
50.7025	101
50.7033	101
50.7042	101
50.705	101
50.7059	101
50.7067	101
50.7076	101
50.7084	101
50.7092	101
50.7101	101
50.7109	101
50.7118	101
50.7126	101
50.7135	101
50.7143	101
50.7151	101
50.716	101
50.7168	101
50.7177	101
50.7185	101
50.7194	101
50.7202	101
50.721	101
50.7219	101
50.7227	101
50.7236	101
50.7244	101
50.7253	101
50.7261	101
50.7269	101
50.7278	101
50.7286	101
50.7295	101
50.7303	101
50.7312	101
50.732	102
50.7328	102
50.7337	102
50.7345	102
50.7354	102
50.7362	102
50.7371	102
50.7379	102
50.7388	102
50.7396	102
50.7404	102
50.7413	102
50.7421	102
50.743	102
50.7438	102
50.7447	102
50.7455	102
50.7463	102
50.7472	102
50.748	102
50.7489	102
50.7497	102
50.7506	102
50.7514	102
50.7522	102
50.7531	102
50.7539	102
50.7548	102
50.7556	102
50.7565	102
50.7573	102
50.7581	102
50.759	102
50.7598	102
50.7607	102
50.7615	102
50.7624	102
50.7632	102
50.764	102
50.7649	102
50.7657	102
50.7666	102
50.7674	102
50.7683	102
50.7691	102
50.77	102
50.7708	102
50.7716	102
50.7725	102
50.7733	102
50.7742	102
50.775	102
50.7759	102
50.7767	102
50.7775	102
50.7784	102
50.7792	102
50.7801	102
50.7809	102
50.7818	102
50.7826	102
50.7834	102
50.7843	102
50.7851	102
50.786	102
50.7868	102
50.7877	102
50.7885	102
50.7893	102
50.7902	102
50.791	102
50.7919	102
50.7927	102
50.7936	102
50.7944	102
50.7952	102
50.7961	102
50.7969	102
50.7978	102
50.7986	102
50.7995	102
50.8003	102
50.8011	102
50.802	102
50.8028	102
50.8037	102
50.8045	102
50.8054	102
50.8062	102
50.8071	102
50.8079	102
50.8087	102
50.8096	102
50.8104	102
50.8113	102
50.8121	102
50.813	102
50.8138	102
50.8146	102
50.8155	102
50.8163	102
50.8172	102
50.818	102
50.8189	102
50.8197	102
50.8205	102
50.8214	102
50.8222	102
50.8231	102
50.8239	102
50.8248	102
50.8256	102
50.8264	102
50.8273	102
50.8281	102
50.829	102
50.8298	102
50.8307	102
50.8315	102
50.8323	102
50.8332	102
50.834	102
50.8349	102
50.8357	102
50.8366	102
50.8374	102
50.8382	102
50.8391	102
50.8399	102
50.8408	102
50.8416	102
50.8425	102
50.8433	102
50.8442	102
50.845	102
50.8458	102
50.8467	102
50.8475	102
50.8484	102
50.8492	102
50.8501	102
50.8509	102
50.8517	102
50.8526	102
50.8534	102
50.8543	102
50.8551	102
50.856	102
50.8568	102
50.8576	102
50.8585	102
50.8593	102
50.8602	102
50.861	102
50.8619	102
50.8627	102
50.8635	102
50.8644	102
50.8652	102
50.8661	102
50.8669	102
50.8678	102
50.8686	102
50.8694	102
50.8703	102
50.8711	102
50.872	102
50.8728	102
50.8737	102
50.8745	102
50.8754	102
50.8762	102
50.877	102
50.8779	102
50.8787	102
50.8796	102
50.8804	102
50.8813	102
50.8821	102
50.8829	102
50.8838	102
50.8846	102
50.8855	102
50.8863	102
50.8872	102
50.888	102
50.8888	102
50.8897	102
50.8905	102
50.8914	102
50.8922	102
50.8931	102
50.8939	102
50.8947	102
50.8956	102
50.8964	102
50.8973	102
50.8981	102
50.899	102
50.8998	102
50.9006	102
50.9015	102
50.9023	102
50.9032	102
50.904	102
50.9049	102
50.9057	102
50.9065	102
50.9074	102
50.9082	102
50.9091	102
50.9099	102
50.9108	102
50.9116	102
50.9125	102
50.9133	102
50.9141	102
50.915	102
50.9158	102
50.9167	102
50.9175	102
50.9184	102
50.9192	102
50.92	102
50.9209	102
50.9217	102
50.9226	102
50.9234	102
50.9243	102
50.9251	102
50.9259	102
50.9268	102
50.9276	102
50.9285	102
50.9293	102
50.9302	102
50.931	102
50.9318	102
50.9327	102
50.9335	102
50.9344	102
50.9352	102
50.9361	102
50.9369	102
50.9377	102
50.9386	102
50.9394	102
50.9403	102
50.9411	102
50.942	102
50.9428	102
50.9436	102
50.9445	102
50.9453	102
50.9462	102
50.947	102
50.9479	102
50.9487	102
50.9496	102
50.9504	102
50.9512	102
50.9521	102
50.9529	102
50.9538	102
50.9546	102
50.9555	102
50.9563	102
50.9571	102
50.958	102
50.9588	102
50.9597	102
50.9605	102
50.9614	102
50.9622	102
50.963	102
50.9639	102
50.9647	102
50.9656	102
50.9664	102
50.9673	102
50.9681	102
50.9689	102
50.9698	102
50.9706	102
50.9715	102
50.9723	102
50.9732	102
50.974	102
50.9748	102
50.9757	102
50.9765	102
50.9774	102
50.9782	102
50.9791	102
50.9799	102
50.9808	102
50.9816	102
50.9824	102
50.9833	102
50.9841	102
50.985	102
50.9858	102
50.9867	102
50.9875	102
50.9883	102
50.9892	102
50.99	102
50.9909	102
50.9917	102
50.9926	102
50.9934	102
50.9942	102
50.9951	102
50.9959	102
50.9968	102
50.9976	102
50.9985	102
50.9993	102
51.0001	102
51.001	102
51.0018	102
51.0027	102
51.0035	102
51.0044	102
51.0052	102
51.006	102
51.0069	102
51.0077	102
51.0086	102
51.0094	102
51.0103	102
51.0111	102
51.0119	102
51.0128	102
51.0136	102
51.0145	102
51.0153	102
51.0162	102
51.017	102
51.0179	102
51.0187	102
51.0195	102
51.0204	102
51.0212	102
51.0221	102
51.0229	102
51.0238	102
51.0246	102
51.0254	102
51.0263	102
51.0271	102
51.028	102
51.0288	102
51.0297	102
51.0305	102
51.0313	102
51.0322	102
51.033	102
51.0339	102
51.0347	102
51.0356	102
51.0364	102
51.0372	102
51.0381	102
51.0389	102
51.0398	102
51.0406	102
51.0415	102
51.0423	102
51.0431	102
51.044	102
51.0448	102
51.0457	102
51.0465	102
51.0474	102
51.0482	102
51.049	102
51.0499	102
51.0507	102
51.0516	102
51.0524	102
51.0533	102
51.0541	102
51.055	102
51.0558	102
51.0566	102
51.0575	102
51.0583	102
51.0592	102
51.06	102
51.0609	102
51.0617	102
51.0625	102
51.0634	102
51.0642	102
51.0651	102
51.0659	102
51.0668	102
51.0676	102
51.0684	102
51.0693	102
51.0701	102
51.071	102
51.0718	102
51.0727	102
51.0735	102
51.0743	102
51.0752	102
51.076	102
51.0769	102
51.0777	102
51.0786	102
51.0794	102
51.0802	102
51.0811	102
51.0819	102
51.0828	102
51.0836	102
51.0845	102
51.0853	102
51.0862	102
51.087	102
51.0878	102
51.0887	102
51.0895	102
51.0904	102
51.0912	102
51.0921	102
51.0929	102
51.0937	102
51.0946	102
51.0954	102
51.0963	102
51.0971	102
51.098	102
51.0988	102
51.0996	102
51.1005	102
51.1013	102
51.1022	102
51.103	102
51.1039	102
51.1047	102
51.1055	102
51.1064	102
51.1072	102
51.1081	102
51.1089	102
51.1098	102
51.1106	102
51.1114	102
51.1123	102
51.1131	102
51.114	102
51.1148	102
51.1157	102
51.1165	102
51.1173	102
51.1182	102
51.119	102
51.1199	102
51.1207	102
51.1216	102
51.1224	102
51.1233	102
51.1241	102
51.1249	102
51.1258	102
51.1266	102
51.1275	102
51.1283	102
51.1292	102
51.13	102
51.1308	102
51.1317	102
51.1325	102
51.1334	102
51.1342	102
51.1351	102
51.1359	102
51.1367	102
51.1376	102
51.1384	102
51.1393	102
51.1401	102
51.141	102
51.1418	102
51.1426	102
51.1435	102
51.1443	102
51.1452	102
51.146	102
51.1469	102
51.1477	102
51.1485	102
51.1494	102
51.1502	102
51.1511	102
51.1519	102
51.1528	102
51.1536	102
51.1544	102
51.1553	102
51.1561	102
51.157	102
51.1578	102
51.1587	102
51.1595	102
51.1604	102
51.1612	102
51.162	102
51.1629	102
51.1637	102
51.1646	102
51.1654	102
51.1663	102
51.1671	102
51.1679	102
51.1688	102
51.1696	102
51.1705	102
51.1713	102
51.1722	102
51.173	102
51.1738	102
51.1747	102
51.1755	102
51.1764	102
51.1772	102
51.1781	102
51.1789	102
51.1797	102
51.1806	102
51.1814	102
51.1823	102
51.1831	102
51.184	102
51.1848	102
51.1856	102
51.1865	102
51.1873	102
51.1882	102
51.189	102
51.1899	102
51.1907	102
51.1916	102
51.1924	102
51.1932	102
51.1941	102
51.1949	102
51.1958	102
51.1966	102
51.1975	102
51.1983	102
51.1991	102
51.2	102
51.2008	102
51.2017	102
51.2025	102
51.2034	102
51.2042	102
51.205	102
51.2059	102
51.2067	102
51.2076	102
51.2084	102
51.2093	102
51.2101	102
51.2109	102
51.2118	102
51.2126	102
51.2135	102
51.2143	102
51.2152	102
51.216	102
51.2168	101
51.2177	101
51.2185	101
51.2194	101
51.2202	101
51.2211	101
51.2219	101
51.2227	101
51.2236	101
51.2244	101
51.2253	101
51.2261	101
51.227	101
51.2278	101
51.2287	101
51.2295	101
51.2303	101
51.2312	101
51.232	101
51.2329	101
51.2337	101
51.2346	101
51.2354	101
51.2362	101
51.2371	101
51.2379	101
51.2388	101
51.2396	101
51.2405	101
51.2413	101
51.2421	101
51.243	101
51.2438	101
51.2447	101
51.2455	101
51.2464	101
51.2472	101
51.248	101
51.2489	101
51.2497	101
51.2506	101
51.2514	101
51.2523	101
51.2531	101
51.2539	101
51.2548	101
51.2556	101
51.2565	101
51.2573	101
51.2582	101
51.259	101
51.2598	101
51.2607	101
51.2615	101
51.2624	101
51.2632	101
51.2641	101
51.2649	101
51.2658	101
51.2666	101
51.2674	101
51.2683	101
51.2691	101
51.27	101
51.2708	101
51.2717	101
51.2725	101
51.2733	101
51.2742	101
51.275	101
51.2759	101
51.2767	101
51.2776	101
51.2784	101
51.2792	101
51.2801	101
51.2809	101
51.2818	101
51.2826	101
51.2835	101
51.2843	101
51.2851	101
51.286	101
51.2868	101
51.2877	101
51.2885	101
51.2894	101
51.2902	101
51.291	101
51.2919	101
51.2927	101
51.2936	101
51.2944	101
51.2953	101
51.2961	101
51.297	101
51.2978	101
51.2986	101
51.2995	101
51.3003	101
51.3012	101
51.302	101
51.3029	101
51.3037	101
51.3045	101
51.3054	101
51.3062	101
51.3071	101
51.3079	101
51.3088	101
51.3096	101
51.3104	101
51.3113	101
51.3121	101
51.313	101
51.3138	101
51.3147	101
51.3155	101
51.3165	101
51.3173	101
51.3182	101
51.319	101
51.3198	101
51.3207	101
51.3215	101
51.3224	101
51.3232	101
51.3241	101
51.3249	101
51.3257	101
51.3266	101
51.3274	101
51.3283	101
51.3291	101
51.33	101
51.3308	101
51.3316	101
51.3325	101
51.3333	101
51.3342	101
51.335	101
51.3359	101
51.3367	101
51.3375	101
51.3384	101
51.3392	101
51.3401	101
51.3409	101
51.3418	101
51.3426	101
51.3434	101
51.3443	101
51.3451	101
51.346	101
51.3468	101
51.3477	101
51.3485	101
51.3493	101
51.3502	101
51.351	101
51.3519	101
51.3527	101
51.3536	101
51.3544	101
51.3553	101
51.3561	101
51.3569	101
51.3578	101
51.3586	101
51.3595	101
51.3603	101
51.3612	101
51.362	101
51.3628	101
51.3637	101
51.3645	101
51.3654	101
51.3662	101
51.3671	101
51.3679	101
51.3687	101
51.3696	101
51.3704	101
51.3713	101
51.3721	101
51.373	101
51.3738	101
51.3746	101
51.3755	101
51.3763	101
51.3772	101
51.378	101
51.3789	101
51.3797	101
51.3805	101
51.3814	101
51.3822	101
51.3831	101
51.3839	101
51.3848	101
51.3856	101
51.3864	101
51.3873	101
51.3881	101
51.389	101
51.3898	101
51.3907	101
51.3915	101
51.3924	101
51.3932	101
51.394	101
51.3949	101
51.3957	101
51.3966	101
51.3974	101
51.3983	101
51.3991	101
51.3999	101
51.4008	101
51.4016	101
51.4025	101
51.4033	101
51.4042	101
51.405	101
51.4058	101
51.4067	101
51.4075	101
51.4084	101
51.4092	101
51.4101	101
51.4109	101
51.4117	101
51.4126	101
51.4134	101
51.4143	101
51.4151	101
51.416	101
51.4168	101
51.4176	101
51.4185	101
51.4193	101
51.4202	101
51.421	101
51.4219	101
51.4227	101
51.4236	101
51.4244	101
51.4252	101
51.4261	101
51.4269	101
51.4278	101
51.4286	101
51.4295	101
51.4303	101
51.4311	101
51.432	101
51.4328	101
51.4337	101
51.4345	101
51.4354	101
51.4362	101
51.437	101
51.4379	101
51.4387	101
51.4396	101
51.4404	101
51.4413	101
51.4421	101
51.4429	101
51.4438	101
51.4446	101
51.4455	101
51.4463	101
51.4472	101
51.448	101
51.4488	101
51.4497	101
51.4505	101
51.4514	101
51.4522	101
51.4531	101
51.4539	101
51.4547	101
51.4556	101
51.4564	101
51.4573	101
51.4581	101
51.459	101
51.4598	101
51.4607	101
51.4615	101
51.4623	101
51.4632	101
51.464	101
51.4649	101
51.4657	101
51.4666	101
51.4674	101
51.4682	101
51.4691	101
51.4699	101
51.4708	101
51.4716	101
51.4725	101
51.4733	101
51.4741	101
51.475	101
51.4758	101
51.4767	101
51.4775	101
51.4784	101
51.4792	101
51.48	101
51.4809	101
51.4817	101
51.4826	101
51.4834	101
51.4843	101
51.4851	101
51.4859	101
51.4868	101
51.4876	101
51.4885	101
51.4893	101
51.4902	101
51.491	101
51.4918	101
51.4927	101
51.4935	101
51.4944	101
51.4952	101
51.4961	101
51.4969	101
51.4978	101
51.4986	101
51.4994	101
51.5003	101
51.5011	101
51.502	101
51.5028	101
51.5037	101
51.5045	101
51.5053	101
51.5062	101
51.507	101
51.5079	101
51.5087	101
51.5096	101
51.5104	101
51.5112	101
51.5121	101
51.5129	101
51.5138	101
51.5146	101
51.5155	101
51.5163	101
51.5171	101
51.518	101
51.5188	101
51.5197	101
51.5205	101
51.5214	101
51.5222	101
51.523	101
51.5239	101
51.5247	101
51.5256	101
51.5264	101
51.5273	101
51.5281	101
51.529	101
51.5298	101
51.5306	101
51.5315	101
51.5323	101
51.5332	101
51.534	102
51.5349	102
51.5357	102
51.5365	102
51.5374	102
51.5382	102
51.5391	102
51.5399	102
51.5408	102
51.5416	102
51.5424	102
51.5433	102
51.5441	102
51.545	102
51.5458	102
51.5467	102
51.5475	102
51.5483	102
51.5492	102
51.55	102
51.5509	102
51.5517	102
51.5526	102
51.5534	102
51.5542	102
51.5551	102
51.5559	102
51.5568	102
51.5576	102
51.5585	102
51.5593	102
51.5601	102
51.561	102
51.5618	102
51.5627	102
51.5635	102
51.5644	102
51.5652	102
51.5661	102
51.5669	102
51.5677	102
51.5686	102
51.5694	102
51.5703	102
51.5711	102
51.572	102
51.5728	102
51.5736	102
51.5745	102
51.5753	102
51.5762	102
51.577	102
51.5779	102
51.5787	102
51.5795	102
51.5804	102
51.5812	102
51.5821	102
51.5829	102
51.5838	102
51.5846	102
51.5854	102
51.5863	102
51.5871	102
51.588	102
51.5888	102
51.5897	102
51.5905	102
51.5913	102
51.5922	102
51.593	102
51.5939	102
51.5947	102
51.5956	102
51.5964	102
51.5972	102
51.5981	102
51.5989	102
51.5998	102
51.6006	102
51.6015	102
51.6023	102
51.6032	102
51.604	102
51.6048	102
51.6057	102
51.6065	102
51.6074	102
51.6082	102
51.6091	102
51.6099	102
51.6107	102
51.6116	102
51.6124	102
51.6133	102
51.6141	102
51.615	102
51.6158	102
51.6166	102
51.6175	102
51.6183	102
51.6192	102
51.62	102
51.6209	102
51.6217	102
51.6225	102
51.6234	102
51.6242	102
51.6251	102
51.6259	102
51.6268	102
51.6276	102
51.6284	102
51.6293	102
51.6301	102
51.631	102
51.6318	102
51.6327	102
51.6335	102
51.6344	102
51.6352	102
51.636	102
51.6369	102
51.6377	102
51.6386	102
51.6394	102
51.6403	102
51.6411	102
51.6419	102
51.6428	102
51.6436	102
51.6445	102
51.6453	102
51.6462	102
51.647	102
51.6478	102
51.6487	102
51.6495	102
51.6504	102
51.6512	102
51.6521	102
51.6529	102
51.6537	102
51.6546	102
51.6554	102
51.6563	102
51.6571	102
51.658	102
51.6588	102
51.6596	102
51.6605	102
51.6613	102
51.6622	102
51.663	102
51.6639	102
51.6647	102
51.6655	102
51.6664	102
51.6672	102
51.6681	102
51.6689	102
51.6698	102
51.6706	102
51.6715	102
51.6723	102
51.6731	102
51.674	102
51.6748	102
51.6757	102
51.6765	102
51.6774	102
51.6782	102
51.679	102
51.6799	102
51.6807	102
51.6816	102
51.6824	102
51.6833	102
51.6841	102
51.6849	102
51.6858	102
51.6866	102
51.6875	102
51.6883	102
51.6892	102
51.69	102
51.6908	102
51.6917	102
51.6925	102
51.6934	102
51.6942	102
51.6951	102
51.6959	102
51.6967	102
51.6976	102
51.6984	102
51.6993	102
51.7001