# Time(s)	RTT(ms)
0.300666	112
0.301228	111
0.30179	110
0.302352	109
0.302914	108
0.303476	107
0.304038	106
0.400979	117
0.401541	115
0.402103	113
0.402665	112
0.403227	111
0.403789	109
0.404352	108
0.404914	107
0.405476	107
0.406038	106
0.4066	106
0.501573	105
0.502135	105
0.502697	104
0.503259	104
0.503822	103
0.504384	103
0.504946	103
0.505508	103
0.50607	103
0.506632	102
0.507194	102
0.507757	102
0.508319	102
0.508881	102
0.509443	102
0.510005	103
0.601886	114
0.602448	112
0.603011	111
0.603573	110
0.604135	109
0.604697	108
0.605259	107
0.605821	106
0.606383	106
0.606945	105
0.607508	105
0.60807	104
0.608632	104
0.609194	104
0.609756	104
0.610318	104
0.61088	104
0.611443	104
0.612005	104
0.612567	104
0.613129	104
0.613691	104
0.614253	104
0.614815	104
0.702199	115
0.702762	113
0.703324	111
0.703886	110
0.704448	109
0.70501	108
0.705572	107
0.706134	106
0.706696	106
0.707259	105
0.707821	105
0.708383	105
0.708945	104
0.709507	104
0.710069	104
0.710631	104
0.711194	104
0.711756	104
0.712318	104
0.71288	104
0.713442	104
0.714004	104
0.714566	104
0.715129	104
0.715691	104
0.716253	104
0.716815	104
0.717377	104
0.717939	104
0.718501	105
0.719063	105
0.719626	105
0.803637	104
0.804199	104
0.804761	103
0.805323	103
0.805885	103
0.806448	102
0.80701	102
0.807572	102
0.808134	102
0.808696	102
0.809258	101
0.80982	101
0.810382	101
0.810945	101
0.811507	101
0.812069	101
0.812631	101
0.813193	101
0.813755	101
0.814317	101
0.81488	101
0.815442	101
0.816004	101
0.816566	101
0.817128	101
0.81769	101
0.818252	101
0.818815	101
0.819377	101
0.819939	100
0.820501	100
0.904231	100
0.904793	100
0.905355	100
0.905918	100
0.90648	100
0.907042	100
0.907604	100
0.908166	100
0.908728	100
0.90929	100
0.909852	100
0.910415	100
0.910977	100
0.911539	100
0.912101	100
0.912663	100
0.913225	100
0.913787	100
0.91435	100
0.914912	100
0.915474	100
0.916036	100
0.916598	100
0.91716	100
0.917722	100
0.918285	100
0.918847	100
0.919409	100
0.919971	100
0.920533	100
0.921095	100
0.921657	100
0.922219	101
1.00483	100
1.00539	100
1.00595	100
1.00651	100
1.00707	100
1.00764	100
1.0082	100
1.00876	100
1.00932	100
1.00988	100
1.01045	100
1.01101	100
1.01157	100
1.01213	100
1.0127	100
1.01326	100
1.01382	100
1.01438	100
1.01494	100
1.01551	100
1.01607	100
1.01663	100
1.01719	100
1.01775	100
1.01832	100
1.01888	100
1.01944	100
1.02	100
1.02057	100
1.02113	100
1.02169	101
1.02225	101
1.02281	101
1.02338	101
1.02394	101
1.10542	101
1.10598	101
1.10654	101
1.10711	101
1.10767	100
1.10823	100
1.10879	100
1.10935	100
1.10992	100
1.11048	100
1.11104	100
1.1116	100
1.11217	100
1.11273	100
1.11329	100
1.11385	100
1.11441	100
1.11498	100
1.11554	100
1.1161	100
1.11666	100
1.11722	100
1.11779	100
1.11835	100
1.11891	100
1.11947	100
1.12004	100
1.1206	100
1.12116	100
1.12172	100
1.12228	100
1.12285	100
1.12341	100
1.12397	100
1.12453	101
1.12509	101
1.12566	101
1.20601	101
1.20658	101
1.20714	101
1.2077	101
1.20826	101
1.20882	100
1.20939	100
1.20995	100
1.21051	100
1.21107	100
1.21164	100
1.2122	100
1.21276	100
1.21332	100
1.21388	100
1.21445	100
1.21501	100
1.21557	100
1.21613	100
1.21669	100
1.21726	100
1.21782	100
1.21838	100
1.21894	100
1.21951	100
1.22007	100
1.22063	100
1.22119	100
1.22175	100
1.22232	100
1.22288	100
1.22344	101
1.224	101
1.22456	101
1.22513	101
1.22569	101
1.22625	101
1.22681	101
1.22738	101
1.30661	101
1.30717	101
1.30773	101
1.30829	101
1.30886	100
1.30942	100
1.30998	100
1.31054	100
1.31111	100
1.31167	100
1.31223	100
1.31279	100
1.31335	100
1.31392	100
1.31448	100
1.31504	100
1.3156	100
1.31616	100
1.31673	100
1.31729	100
1.31785	100
1.31841	100
1.31898	100
1.31954	100
1.3201	100
1.32066	100
1.32122	100
1.32179	100
1.32235	100
1.32291	100
1.32347	100
1.32403	101
1.3246	101
1.32516	101
1.32572	101
1.32628	101
1.32685	101
1.32741	101
1.32797	101
1.32853	101
1.32909	101
1.4072	101
1.40776	101
1.40833	101
1.40889	101
1.40945	101
1.41001	101
1.41058	101
1.41114	101
1.4117	100
1.41226	100
1.41282	100
1.41339	100
1.41395	100
1.41451	100
1.41507	100
1.41563	100
1.4162	100
1.41676	100
1.41732	100
1.41788	100
1.41845	100
1.41901	100
1.41957	100
1.42013	100
1.42069	100
1.42126	100
1.42182	100
1.42238	100
1.42294	100
1.4235	101
1.42407	101
1.42463	101
1.42519	101
1.42575	101
1.42632	101
1.42688	101
1.42744	101
1.428	101
1.42856	101
1.42913	101
1.42969	101
1.43025	101
1.43081	101
1.5078	101
1.50836	101
1.50892	101
1.50948	101
1.51005	101
1.51061	101
1.51117	101
1.51173	100
1.51229	100
1.51286	100
1.51342	100
1.51398	100
1.51454	100
1.5151	100
1.51567	100
1.51623	100
1.51679	100
1.51735	100
1.51792	100
1.51848	100
1.51904	100
1.5196	100
1.52016	100
1.52073	100
1.52129	100
1.52185	100
1.52241	100
1.52297	100
1.52354	101
1.5241	101
1.52466	101
1.52522	101
1.52579	101
1.52635	101
1.52691	101
1.52747	101
1.52803	101
1.5286	101
1.52916	101
1.52972	101
1.53028	101
1.53084	101
1.53141	101
1.53197	101
1.53253	101
1.60839	101
1.60895	101
1.60952	101
1.61008	101
1.61064	101
1.6112	101
1.61176	100
1.61233	100
1.61289	100
1.61345	100
1.61401	100
1.61457	100
1.61514	100
1.6157	100
1.61626	100
1.61682	100
1.61739	100
1.61795	100
1.61851	100
1.61907	100
1.61963	100
1.6202	100
1.62076	100
1.62132	100
1.62188	100
1.62244	100
1.62301	101
1.62357	101
1.62413	101
1.62469	101
1.62526	101
1.62582	101
1.62638	101
1.62694	101
1.6275	101
1.62807	101
1.62863	101
1.62919	101
1.62975	101
1.63031	101
1.63088	101
1.63144	101
1.632	101
1.63256	101
1.63312	101
1.63369	101
1.63425	101
1.70899	101
1.70955	101
1.71011	101
1.71067	101
1.71123	101
1.7118	101
1.71236	101
1.71292	100
1.71348	100
1.71404	100
1.71461	100
1.71517	100
1.71573	100
1.71629	100
1.71686	100
1.71742	100
1.71798	100
1.71854	100
1.7191	100
1.71967	100
1.72023	100
1.72079	100
1.72135	100
1.72191	100
1.72248	100
1.72304	100
1.7236	101
1.72416	101
1.72472	101
1.72529	101
1.72585	101
1.72641	101
1.72697	101
1.72754	101
1.7281	101
1.72866	101
1.72922	101
1.72978	101
1.73035	101
1.73091	101
1.73147	101
1.73203	101
1.73259	101
1.73316	101
1.73372	101
1.73428	101
1.73484	101
1.73541	101
1.73597	101
1.80958	101
1.81014	101
1.8107	101
1.81127	101
1.81183	101
1.81239	101
1.81295	100
1.81351	100
1.81408	100
1.81464	100
1.8152	100
1.81576	100
1.81633	100
1.81689	100
1.81745	100
1.81801	100
1.81857	100
1.81914	100
1.8197	100
1.82026	100
1.82082	100
1.82138	100
1.82195	100
1.82251	100
1.82307	101
1.82363	101
1.82419	101
1.82476	101
1.82532	101
1.82588	101
1.82644	101
1.82701	101
1.82757	101
1.82813	101
1.82869	101
1.82925	101
1.82982	101
1.83038	101
1.83094	101
1.8315	101
1.83206	101
1.83263	101
1.83319	101
1.83375	101
1.83431	101
1.83488	101
1.83544	101
1.836	101
1.83656	101
1.83712	101
1.83769	101
1.91017	101
1.91074	101
1.9113	101
1.91186	101
1.91242	101
1.91298	101
1.91355	101
1.91411	101
1.91467	100
1.91523	100
1.9158	100
1.91636	100
1.91692	100
1.91748	100
1.91804	100
1.91861	100
1.91917	100
1.91973	100
1.92029	100
1.92085	100
1.92142	100
1.92198	100
1.92254	100
1.9231	100
1.92366	101
1.92423	101
1.92479	101
1.92535	101
1.92591	101
1.92648	101
1.92704	101
1.9276	101
1.92816	101
1.92872	101
1.92929	101
1.92985	101
1.93041	101
1.93097	101
1.93153	101
1.9321	101
1.93266	101
1.93322	101
1.93378	101
1.93435	101
1.93491	101
1.93547	101
1.93603	101
1.93659	101
1.93716	101
1.93772	101
1.93828	101
1.93884	101
1.9394	101
2.01077	101
2.01133	101
2.01189	101
2.01245	101
2.01302	101
2.01358	101
2.01414	101
2.0147	101
2.01527	101
2.01583	100
2.01639	100
2.01695	100
2.01751	100
2.01808	100
2.01864	100
2.0192	100
2.01976	100
2.02032	100
2.02089	100
2.02145	100
2.02201	100
2.02257	100
2.02313	101
2.0237	101
2.02426	101
2.02482	101
2.02538	101
2.02595	101
2.02651	101
2.02707	101
2.02763	101
2.02819	101
2.02876	101
2.02932	101
2.02988	101
2.03044	101
2.031	101
2.03157	101
2.03213	101
2.03269	101
2.03325	101
2.03382	101
2.03438	101
2.03494	101
2.0355	101
2.03606	101
2.03663	101
2.03719	101
2.03775	101
2.03831	101
2.03887	101
2.03944	101
2.04	101
2.04056	101
2.04112	101
2.11136	101
2.11192	101
2.11249	101
2.11305	101
2.11361	101
2.11417	101
2.11474	100
2.1153	100
2.11586	100
2.11642	100
2.11698	100
2.11755	100
2.11811	100
2.11867	100
2.11923	100
2.11979	100
2.12036	100
2.12092	100
2.12148	100
2.12204	100
2.1226	100
2.12317	101
2.12373	101
2.12429	101
2.12485	101
2.12542	101
2.12598	101
2.12654	101
2.1271	101
2.12766	101
2.12823	101
2.12879	101
2.12935	101
2.12991	101
2.13047	101
2.13104	101
2.1316	101
2.13216	101
2.13272	101
2.13329	101
2.13385	101
2.13441	101
2.13497	101
2.13553	101
2.1361	101
2.13666	101
2.13722	101
2.13778	101
2.13834	101
2.13891	101
2.13947	101
2.14003	101
2.14059	101
2.14116	101
2.14172	101
2.14228	101
2.14284	101
2.21196	101
2.21252	101
2.21308	101
2.21364	101
2.21421	101
2.21477	101
2.21533	101
2.21589	100
2.21645	100
2.21702	100
2.21758	100
2.21814	100
2.2187	100
2.21926	100
2.21983	100
2.22039	100
2.22095	100
2.22151	100
2.22207	100
2.22264	101
2.2232	101
2.22376	101
2.22432	101
2.22489	101
2.22545	101
2.22601	101
2.22657	101
2.22713	101
2.2277	101
2.22826	101
2.22882	101
2.22938	101
2.22994	101
2.23051	101
2.23107	101
2.23163	101
2.23219	101
2.23276	101
2.23332	101
2.23388	101
2.23444	101
2.235	101
2.23557	101
2.23613	101
2.23669	101
2.23725	101
2.23781	101
2.23838	101
2.23894	101
2.2395	101
2.24006	101
2.24063	101
2.24119	101
2.24175	101
2.24231	101
2.24287	101
2.24344	101
2.244	101
2.24456	101
2.31255	101
2.31311	101
2.31368	101
2.31424	101
2.3148	101
2.31536	101
2.31592	100
2.31649	100
2.31705	100
2.31761	100
2.31817	100
2.31873	100
2.3193	100
2.31986	100
2.32042	100
2.32098	100
2.32154	100
2.32211	100
2.32267	100
2.32323	101
2.32379	101
2.32436	101
2.32492	101
2.32548	101
2.32604	101
2.3266	101
2.32717	101
2.32773	101
2.32829	101
2.32885	101
2.32941	101
2.32998	101
2.33054	101
2.3311	101
2.33166	101
2.33223	101
2.33279	101
2.33335	101
2.33391	101
2.33447	101
2.33504	101
2.3356	101
2.33616	101
2.33672	101
2.33728	101
2.33785	101
2.33841	101
2.33897	101
2.33953	101
2.3401	101
2.34066	101
2.34122	101
2.34178	101
2.34234	101
2.34291	101
2.34347	101
2.34403	101
2.34459	101
2.34515	101
2.34572	101
2.34628	101
2.41315	101
2.41371	101
2.41427	101
2.41483	101
2.41539	101
2.41596	101
2.41652	101
2.41708	101
2.41764	100
2.4182	100
2.41877	100
2.41933	100
2.41989	100
2.42045	100
2.42101	100
2.42158	100
2.42214	100
2.4227	101
2.42326	101
2.42383	101
2.42439	101
2.42495	101
2.42551	101
2.42607	101
2.42664	101
2.4272	101
2.42776	101
2.42832	101
2.42888	101
2.42945	101
2.43001	101
2.43057	101
2.43113	101
2.4317	101
2.43226	101
2.43282	101
2.43338	101
2.43394	101
2.43451	101
2.43507	101
2.43563	101
2.43619	101
2.43675	101
2.43732	101
2.43788	101
2.43844	101
2.439	101
2.43957	101
2.44013	101
2.44069	101
2.44125	101
2.44181	101
2.44238	101
2.44294	101
2.4435	101
2.44406	101
2.44462	101
2.44519	101
2.44575	101
2.44631	101
2.44687	101
2.44744	101
2.448	101
2.51374	101
2.5143	101
2.51486	101
2.51543	101
2.51599	101
2.51655	101
2.51711	101
2.51767	100
2.51824	100
2.5188	100
2.51936	100
2.51992	100
2.52048	100
2.52105	100
2.52161	100
2.52217	100
2.52273	100
2.5233	101
2.52386	101
2.52442	101
2.52498	101
2.52554	101
2.52611	101
2.52667	101
2.52723	101
2.52779	101
2.52835	101
2.52892	101
2.52948	101
2.53004	101
2.5306	101
2.53117	101
2.53173	101
2.53229	101
2.53285	101
2.53341	101
2.53398	101
2.53454	101
2.5351	101
2.53566	101
2.53622	101
2.53679	101
2.53735	101
2.53791	101
2.53847	101
2.53904	101
2.5396	101
2.54016	101
2.54072	101
2.54128	101
2.54185	101
2.54241	101
2.54297	101
2.54353	101
2.54409	101
2.54466	101
2.54522	101
2.54578	101
2.54634	101
2.54691	101
2.54747	101
2.54803	101
2.54859	101
2.54915	101
2.54972	101
2.61433	101
2.6149	101
2.61546	101
2.61602	101
2.61658	101
2.61714	101
2.61771	101
2.61827	101
2.61883	100
2.61939	100
2.61995	100
2.62052	100
2.62108	100
2.62164	100
2.6222	101
2.62277	101
2.62333	101
2.62389	101
2.62445	101
2.62501	101
2.62558	101
2.62614	101
2.6267	101
2.62726	101
2.62782	101
2.62839	101
2.62895	101
2.62951	101
2.63007	101
2.63064	101
2.6312	101
2.63176	101
2.63232	101
2.63288	101
2.63345	101
2.63401	101
2.63457	101
2.63513	101
2.63569	101
2.63626	101
2.63682	101
2.63738	101
2.63794	101
2.63851	101
2.63907	101
2.63963	101
2.64019	101
2.64075	101
2.64132	101
2.64188	101
2.64244	101
2.643	101
2.64356	101
2.64413	101
2.64469	101
2.64525	101
2.64581	101
2.64638	101
2.64694	101
2.6475	101
2.64806	101
2.64862	101
2.64919	101
2.64975	101
2.65031	101
2.65087	101
2.65143	101
2.71493	101
2.71549	101
2.71605	101
2.71661	101
2.71718	101
2.71774	101
2.7183	101
2.71886	100
2.71942	100
2.71999	100
2.72055	100
2.72111	100
2.72167	100
2.72224	101
2.7228	101
2.72336	101
2.72392	101
2.72448	101
2.72505	101
2.72561	101
2.72617	101
2.72673	101
2.72729	101
2.72786	101
2.72842	101
2.72898	101
2.72954	101
2.73011	101
2.73067	101
2.73123	101
2.73179	101
2.73235	101
2.73292	101
2.73348	101
2.73404	101
2.7346	101
2.73516	101
2.73573	101
2.73629	101
2.73685	101
2.73741	101
2.73798	101
2.73854	101
2.7391	101
2.73966	101
2.74022	101
2.74079	101
2.74135	101
2.74191	101
2.74247	101
2.74303	101
2.7436	101
2.74416	101
2.74472	101
2.74528	101
2.74585	101
2.74641	101
2.74697	101
2.74753	101
2.74809	101
2.74866	101
2.74922	101
2.74978	101
2.75034	101
2.7509	101
2.75147	101
2.75203	101
2.75259	101
2.81524	109
2.8158	108
2.81637	107
2.81693	106
2.81749	105
2.81805	105
2.81861	104
2.81918	104
2.81974	103
2.8203	103
2.82086	103
2.82142	102
2.82199	102
2.82255	102
2.82311	102
2.82367	102
2.82424	102
2.8248	102
2.82536	102
2.82592	101
2.82648	101
2.82705	101
2.82761	101
2.82817	101
2.82873	101
2.82929	101
2.82986	101
2.83042	101
2.83098	101
2.83154	101
2.83211	101
2.83267	101
2.83323	101
2.83379	101
2.83435	101
2.83492	101
2.83548	101
2.83604	101
2.8366	101
2.83716	101
2.83773	101
2.83829	101
2.83885	101
2.83941	101
2.83997	101
2.84054	101
2.8411	101
2.84166	101
2.84222	101
2.84279	101
2.84335	101
2.84391	101
2.84447	101
2.84503	101
2.8456	101
2.84616	101
2.84672	101
2.84728	101
2.84784	101
2.84841	101
2.84897	101
2.84953	101
2.85009	101
2.85066	101
2.85122	101
2.85178	101
2.85234	101
2.8529	101
2.85347	101
2.85403	101
2.91584	101
2.9164	101
2.91696	101
2.91752	101
2.91808	101
2.91865	100
2.91921	100
2.91977	100
2.92033	100
2.92089	100
2.92146	100
2.92202	100
2.92258	101
2.92314	101
2.92371	101
2.92427	101
2.92483	101
2.92539	101
2.92595	101
2.92652	101
2.92708	101
2.92764	101
2.9282	101
2.92876	101
2.92933	101
2.92989	101
2.93045	101
2.93101	101
2.93158	101
2.93214	101
2.9327	101
2.93326	101
2.93382	101
2.93439	101
2.93495	101
2.93551	101
2.93607	101
2.93663	101
2.9372	101
2.93776	101
2.93832	101
2.93888	101
2.93944	101
2.94001	101
2.94057	101
2.94113	101
2.94169	101
2.94226	101
2.94282	101
2.94338	101
2.94394	101
2.9445	101
2.94507	101
2.94563	101
2.94619	101
2.94675	101
2.94731	101
2.94788	101
2.94844	101
2.949	101
2.94956	101
2.95013	101
2.95069	101
2.95125	101
2.95181	101
2.95237	101
2.95294	101
2.9535	101
2.95406	101
2.95462	101
2.95518	101
3.01615	109
3.01671	108
3.01727	107
3.01783	106
3.0184	105
3.01896	105
3.01952	104
3.02008	104
3.02065	103
3.02121	103
3.02177	103
3.02233	102
3.02289	102
3.02346	102
3.02402	102
3.02458	102
3.02514	102
3.0257	102
3.02627	102
3.02683	101
3.02739	101
3.02795	101
3.02852	101
3.02908	101
3.02964	101
3.0302	101
3.03076	101
3.03133	101
3.03189	101
3.03245	101
3.03301	101
3.03357	101
3.03414	101
3.0347	101
3.03526	101
3.03582	101
3.03639	101
3.03695	101
3.03751	101
3.03807	101
3.03863	101
3.0392	101
3.03976	101
3.04032	101
3.04088	101
3.04144	101
3.04201	101
3.04257	101
3.04313	101
3.04369	101
3.04426	101
3.04482	101
3.04538	101
3.04594	101
3.0465	101
3.04707	101
3.04763	101
3.04819	101
3.04875	101
3.04931	101
3.04988	101
3.05044	101
3.051	101
3.05156	101
3.05213	101
3.05269	101
3.05325	101
3.05381	101
3.05437	101
3.05494	101
3.0555	101
3.05606	101
3.05662	101
3.11674	101
3.1173	101
3.11787	101
3.11843	101
3.11899	100
3.11955	100
3.12012	100
3.12068	100
3.12124	100
3.1218	100
3.12236	100
3.12293	100
3.12349	100
3.12405	101
3.12461	101
3.12517	101
3.12574	101
3.1263	101
3.12686	101
3.12742	101
3.12799	101
3.12855	101
3.12911	101
3.12967	101
3.13023	101
3.1308	101
3.13136	101
3.13192	101
3.13248	101
3.13304	101
3.13361	101
3.13417	101
3.13473	101
3.13529	101
3.13586	101
3.13642	101
3.13698	101
3.13754	101
3.1381	101
3.13867	101
3.13923	101
3.13979	101
3.14035	101
3.14091	101
3.14148	101
3.14204	101
3.1426	101
3.14316	101
3.14373	101
3.14429	101
3.14485	101
3.14541	101
3.14597	101
3.14654	101
3.1471	101
3.14766	101
3.14822	101
3.14878	101
3.14935	101
3.14991	101
3.15047	101
3.15103	101
3.1516	101
3.15216	101
3.15272	101
3.15328	101
3.15384	101
3.15441	101
3.15497	101
3.15553	101
3.15609	101
3.15665	101
3.15722	101
3.15778	101
3.21706	109
3.21762	108
3.21818	107
3.21874	106
3.2193	105
3.21987	105
3.22043	104
3.22099	104
3.22155	103
3.22212	103
3.22268	103
3.22324	102
3.2238	102
3.22436	102
3.22493	102
3.22549	102
3.22605	102
3.22661	102
3.22717	102
3.22774	101
3.2283	101
3.22886	101
3.22942	101
3.22999	101
3.23055	101
3.23111	101
3.23167	101
3.23223	101
3.2328	101
3.23336	101
3.23392	101
3.23448	101
3.23504	101
3.23561	101
3.23617	101
3.23673	101
3.23729	101
3.23785	101
3.23842	101
3.23898	101
3.23954	101
3.2401	101
3.24067	101
3.24123	101
3.24179	101
3.24235	101
3.24291	101
3.24348	101
3.24404	101
3.2446	101
3.24516	101
3.24572	101
3.24629	101
3.24685	101
3.24741	101
3.24797	101
3.24854	101
3.2491	101
3.24966	101
3.25022	101
3.25078	101
3.25135	101
3.25191	101
3.25247	101
3.25303	101
3.25359	101
3.25416	101
3.25472	101
3.25528	101
3.25584	101
3.25641	101
3.25697	101
3.25753	101
3.25809	101
3.25865	101
3.25922	101
3.31765	101
3.31821	101
3.31877	101
3.31934	101
3.3199	100
3.32046	100
3.32102	100
3.32159	100
3.32215	100
3.32271	100
3.32327	101
3.32383	101
3.3244	101
3.32496	101
3.32552	101
3.32608	101
3.32664	101
3.32721	101
3.32777	101
3.32833	101
3.32889	101
3.32946	101
3.33002	101
3.33058	101
3.33114	101
3.3317	101
3.33227	101
3.33283	101
3.33339	101
3.33395	101
3.33451	101
3.33508	101
3.33564	101
3.3362	101
3.33676	101
3.33732	101
3.33789	101
3.33845	101
3.33901	101
3.33957	101
3.34014	101
3.3407	101
3.34126	101
3.34182	101
3.34238	101
3.34295	101
3.34351	101
3.34407	101
3.34463	101
3.34519	101
3.34576	101
3.34632	101
3.34688	101
3.34744	101
3.34801	101
3.34857	101
3.34913	101
3.34969	101
3.35025	101
3.35082	101
3.35138	101
3.35194	101
3.3525	101
3.35306	101
3.35363	101
3.35419	101
3.35475	101
3.35531	101
3.35588	101
3.35644	101
3.357	101
3.35756	101
3.35812	101
3.35869	101
3.35925	101
3.35981	101
3.36037	101
3.41796	108
3.41853	107
3.41909	106
3.41965	106
3.42021	105
3.42077	104
3.42134	104
3.4219	103
3.42246	103
3.42302	103
3.42358	103
3.42415	102
3.42471	102
3.42527	102
3.42583	102
3.4264	102
3.42696	102
3.42752	102
3.42808	102
3.42864	101
3.42921	101
3.42977	101
3.43033	101
3.43089	101
3.43145	101
3.43202	101
3.43258	101
3.43314	101
3.4337	101
3.43427	101
3.43483	101
3.43539	101
3.43595	101
3.43651	101
3.43708	101
3.43764	101
3.4382	101
3.43876	101
3.43932	101
3.43989	101
3.44045	101
3.44101	101
3.44157	101
3.44214	101
3.4427	101
3.44326	101
3.44382	101
3.44438	101
3.44495	101
3.44551	101
3.44607	101
3.44663	101
3.44719	101
3.44776	101
3.44832	101
3.44888	101
3.44944	101
3.45001	101
3.45057	101
3.45113	101
3.45169	101
3.45225	101
3.45282	101
3.45338	101
3.45394	101
3.4545	101
3.45506	101
3.45563	101
3.45619	101
3.45675	101
3.45731	101
3.45787	101
3.45844	101
3.459	101
3.45956	101
3.46012	101
3.46069	101
3.46125	101
3.46181	101
3.51856	101
3.51912	101
3.51968	101
3.52024	101
3.52081	100
3.52137	100
3.52193	100
3.52249	100
3.52305	101
3.52362	101
3.52418	101
3.52474	101
3.5253	101
3.52587	101
3.52643	101
3.52699	101
3.52755	101
3.52811	101
3.52868	101
3.52924	101
3.5298	101
3.53036	101
3.53092	101
3.53149	101
3.53205	101
3.53261	101
3.53317	101
3.53374	101
3.5343	101
3.53486	101
3.53542	101
3.53598	101
3.53655	101
3.53711	101
3.53767	101
3.53823	101
3.53879	101
3.53936	101
3.53992	101
3.54048	101
3.54104	101
3.54161	101
3.54217	101
3.54273	101
3.54329	101
3.54385	101
3.54442	101
3.54498	101
3.54554	101
3.5461	101
3.54666	101
3.54723	101
3.54779	101
3.54835	101
3.54891	101
3.54948	101
3.55004	101
3.5506	101
3.55116	101
3.55172	101
3.55229	101
3.55285	101
3.55341	101
3.55397	101
3.55453	101
3.5551	101
3.55566	101
3.55622	101
3.55678	101
3.55734	101
3.55791	101
3.55847	101
3.55903	101
3.55959	101
3.56016	101
3.56072	101
3.56128	101
3.56184	101
3.5624	101
3.56297	101
3.61887	108
3.61943	107
3.62	106
3.62056	105
3.62112	105
3.62168	104
3.62224	104
3.62281	103
3.62337	103
3.62393	103
3.62449	103
3.62505	102
3.62562	102
3.62618	102
3.62674	102
3.6273	102
3.62787	102
3.62843	102
3.62899	102
3.62955	101
3.63011	101
3.63068	101
3.63124	101
3.6318	101
3.63236	101
3.63292	101
3.63349	101
3.63405	101
3.63461	101
3.63517	101
3.63573	101
3.6363	101
3.63686	101
3.63742	101
3.63798	101
3.63855	101
3.63911	101
3.63967	101
3.64023	101
3.64079	101
3.64136	101
3.64192	101
3.64248	101
3.64304	101
3.6436	101
3.64417	101
3.64473	101
3.64529	101
3.64585	101
3.64642	101
3.64698	101
3.64754	101
3.6481	101
3.64866	101
3.64923	101
3.64979	101
3.65035	101
3.65091	101
3.65147	101
3.65204	101
3.6526	101
3.65316	101
3.65372	101
3.65429	101
3.65485	101
3.65541	101
3.65597	101
3.65653	101
3.6571	101
3.65766	101
3.65822	101
3.65878	101
3.65934	101
3.65991	101
3.66047	101
3.66103	101
3.66159	101
3.66216	101
3.66272	101
3.66328	101
3.66384	101
3.6644	101
3.71947	101
3.72003	101
3.72059	101
3.72115	101
3.72171	101
3.72228	101
3.72284	100
3.7234	100
3.72396	100
3.72452	101
3.72509	101
3.72565	101
3.72621	101
3.72677	101
3.72734	101
3.7279	101
3.72846	101
3.72902	101
3.72958	101
3.73015	101
3.73071	101
3.73127	101
3.73183	101
3.73239	101
3.73296	101
3.73352	101
3.73408	101
3.73464	101
3.7352	101
3.73577	101
3.73633	101
3.73689	101
3.73745	101
3.73802	101
3.73858	101
3.73914	101
3.7397	101
3.74026	101
3.74083	101
3.74139	101
3.74195	101
3.74251	101
3.74307	101
3.74364	101
3.7442	101
3.74476	101
3.74532	101
3.74589	101
3.74645	101
3.74701	101
3.74757	101
3.74813	101
3.7487	101
3.74926	101
3.74982	101
3.75038	101
3.75094	101
3.75151	101
3.75207	101
3.75263	101
3.75319	101
3.75376	101
3.75432	101
3.75488	101
3.75544	101
3.756	101
3.75657	101
3.75713	101
3.75769	101
3.75825	101
3.75881	101
3.75938	101
3.75994	101
3.7605	101
3.76106	101
3.76163	101
3.76219	101
3.76275	101
3.76331	101
3.76387	101
3.76444	101
3.765	101
3.76556	101
3.81978	108
3.82034	107
3.8209	106
3.82146	105
3.82203	105
3.82259	104
3.82315	104
3.82371	103
3.82428	103
3.82484	103
3.8254	103
3.82596	102
3.82652	102
3.82709	102
3.82765	102
3.82821	102
3.82877	102
3.82933	102
3.8299	101
3.83046	101
3.83102	101
3.83158	101
3.83215	101
3.83271	101
3.83327	101
3.83383	101
3.83439	101
3.83496	101
3.83552	101
3.83608	101
3.83664	101
3.8372	101
3.83777	101
3.83833	101
3.83889	101
3.83945	101
3.84002	101
3.84058	101
3.84114	101
3.8417	101
3.84226	101
3.84283	101
3.84339	101
3.84395	101
3.84451	101
3.84507	101
3.84564	101
3.8462	101
3.84676	101
3.84732	101
3.84789	101
3.84845	101
3.84901	101
3.84957	101
3.85013	101
3.8507	101
3.85126	101
3.85182	101
3.85238	101
3.85294	101
3.85351	101
3.85407	101
3.85463	101
3.85519	101
3.85575	101
3.85632	101
3.85688	101
3.85744	101
3.858	101
3.85857	101
3.85913	101
3.85969	101
3.86025	101
3.86081	101
3.86138	101
3.86194	101
3.8625	101
3.86306	101
3.86362	101
3.86419	101
3.86475	101
3.86531	101
3.86587	101
3.86644	101
3.867	101
3.92037	101
3.92093	101
3.9215	101
3.92206	101
3.92262	101
3.92318	101
3.92375	101
3.92431	101
3.92487	101
3.92543	101
3.92599	101
3.92656	101
3.92712	101
3.92768	101
3.92824	101
3.9288	101
3.92937	101
3.92993	101
3.93049	101
3.93105	101
3.93162	101
3.93218	101
3.93274	101
3.9333	101
3.93386	101
3.93443	101
3.93499	101
3.93555	101
3.93611	101
3.93667	101
3.93724	101
3.9378	101
3.93836	101
3.93892	101
3.93949	101
3.94005	101
3.94061	101
3.94117	101
3.94173	101
3.9423	101
3.94286	101
3.94342	101
3.94398	101
3.94454	101
3.94511	101
3.94567	101
3.94623	101
3.94679	101
3.94736	101
3.94792	101
3.94848	101
3.94904	101
3.9496	101
3.95017	101
3.95073	101
3.95129	101
3.95185	101
3.95241	101
3.95298	101
3.95354	101
3.9541	101
3.95466	101
3.95522	101
3.95579	101
3.95635	101
3.95691	101
3.95747	101
3.95804	101
3.9586	101
3.95916	101
3.95972	101
3.96028	101
3.96085	101
3.96141	101
3.96197	101
3.96253	101
3.96309	101
3.96366	101
3.96422	101
3.96478	101
3.96534	101
3.96591	101
3.96647	101
3.96703	101
3.96759	101
3.96815	101
4.02069	108
4.02125	107
4.02181	106
4.02237	105
4.02293	105
4.0235	104
4.02406	104
4.02462	103
4.02518	103
4.02575	103
4.02631	103
4.02687	102
4.02743	102
4.02799	102
4.02856	102
4.02912	102
4.02968	102
4.03024	102
4.0308	101
4.03137	101
4.03193	101
4.03249	101
4.03305	101
4.03361	101
4.03418	101
4.03474	101
4.0353	101
4.03586	101
4.03643	101
4.03699	101
4.03755	101
4.03811	101
4.03867	101
4.03924	101
4.0398	101
4.04036	101
4.04092	101
4.04148	101
4.04205	101
4.04261	101
4.04317	101
4.04373	101
4.0443	101
4.04486	101
4.04542	101
4.04598	101
4.04654	101
4.04711	101
4.04767	101
4.04823	101
4.04879	101
4.04935	101
4.04992	101
4.05048	101
4.05104	101
4.0516	101
4.05217	101
4.05273	101
4.05329	101
4.05385	101
4.05441	101
4.05498	101
4.05554	101
4.0561	101
4.05666	101
4.05722	101
4.05779	101
4.05835	101
4.05891	101
4.05947	101
4.06004	101
4.0606	101
4.06116	101
4.06172	101
4.06228	101
4.06285	101
4.06341	101
4.06397	101
4.06453	101
4.06509	101
4.06566	101
4.06622	101
4.06678	101
4.06734	101
4.06791	101
4.06847	101
4.06903	101
4.06959	101
4.12128	101
4.12184	101
4.1224	101
4.12297	101
4.12353	101
4.12409	101
4.12465	101
4.12522	101
4.12578	101
4.12634	101
4.1269	101
4.12746	101
4.12803	101
4.12859	101
4.12915	101
4.12971	101
4.13027	101
4.13084	101
4.1314	101
4.13196	101
4.13252	101
4.13308	101
4.13365	101
4.13421	101
4.13477	101
4.13533	101
4.1359	101
4.13646	101
4.13702	101
4.13758	101
4.13814	101
4.13871	101
4.13927	101
4.13983	101
4.14039	101
4.14095	101
4.14152	101
4.14208	101
4.14264	101
4.1432	101
4.14377	101
4.14433	101
4.14489	101
4.14545	101
4.14601	101
4.14658	101
4.14714	101
4.1477	101
4.14826	101
4.14882	101
4.14939	101
4.14995	101
4.15051	101
4.15107	101
4.15164	101
4.1522	101
4.15276	101
4.15332	101
4.15388	101
4.15445	101
4.15501	101
4.15557	101
4.15613	101
4.15669	101
4.15726	101
4.15782	101
4.15838	101
4.15894	101
4.15951	101
4.16007	101
4.16063	101
4.16119	101
4.16175	101
4.16232	101
4.16288	101
4.16344	101
4.164	101
4.16456	101
4.16513	101
4.16569	101
4.16625	101
4.16681	101
4.16738	101
4.16794	101
4.1685	101
4.16906	101
4.16962	101
4.17019	101
4.17075	101
4.22159	107
4.22216	107
4.22272	106
4.22328	105
4.22384	105
4.2244	104
4.22497	104
4.22553	103
4.22609	103
4.22665	103
4.22721	103
4.22778	102
4.22834	102
4.2289	102
4.22946	102
4.23003	102
4.23059	102
4.23115	102
4.23171	101
4.23227	101
4.23284	101
4.2334	101
4.23396	101
4.23452	101
4.23508	101
4.23565	101
4.23621	101
4.23677	101
4.23733	101
4.2379	101
4.23846	101
4.23902	101
4.23958	101
4.24014	101
4.24071	101
4.24127	101
4.24183	101
4.24239	101
4.24295	101
4.24352	101
4.24408	101
4.24464	101
4.2452	101
4.24577	101
4.24633	101
4.24689	101
4.24745	101
4.24801	101
4.24858	101
4.24914	101
4.2497	101
4.25026	101
4.25082	101
4.25139	101
4.25195	101
4.25251	101
4.25307	101
4.25363	101
4.2542	101
4.25476	101
4.25532	101
4.25588	101
4.25645	101
4.25701	101
4.25757	101
4.25813	101
4.25869	101
4.25926	101
4.25982	101
4.26038	101
4.26094	101
4.2615	101
4.26207	101
4.26263	101
4.26319	101
4.26375	101
4.26432	101
4.26488	101
4.26544	101
4.266	101
4.26656	101
4.26713	101
4.26769	101
4.26825	101
4.26881	101
4.26937	101
4.26994	101
4.2705	101
4.27106	101
4.27162	101
4.27219	101
4.32219	101
4.32275	101
4.32331	101
4.32387	101
4.32444	101
4.325	101
4.32556	101
4.32612	101
4.32668	101
4.32725	101
4.32781	101
4.32837	101
4.32893	101
4.3295	101
4.33006	101
4.33062	101
4.33118	101
4.33174	101
4.33231	101
4.33287	101
4.33343	101
4.33399	101
4.33455	101
4.33512	101
4.33568	101
4.33624	101
4.3368	101
4.33737	101
4.33793	101
4.33849	101
4.33905	101
4.33961	101
4.34018	101
4.34074	101
4.3413	101
4.34186	101
4.34242	101
4.34299	101
4.34355	101
4.34411	101
4.34467	101
4.34524	101
4.3458	101
4.34636	101
4.34692	101
4.34748	101
4.34805	101
4.34861	101
4.34917	101
4.34973	101
4.35029	101
4.35086	101
4.35142	101
4.35198	101
4.35254	101
4.3531	101
4.35367	101
4.35423	101
4.35479	101
4.35535	101
4.35592	101
4.35648	101
4.35704	101
4.3576	101
4.35816	101
4.35873	101
4.35929	101
4.35985	101
4.36041	101
4.36097	101
4.36154	101
4.3621	101
4.36266	101
4.36322	101
4.36379	101
4.36435	101
4.36491	101
4.36547	101
4.36603	101
4.3666	101
4.36716	101
4.36772	101
4.36828	101
4.36884	101
4.36941	101
4.36997	101
4.37053	101
4.37109	101
4.37166	101
4.37222	101
4.37278	101
4.37334	101
4.4225	107
4.42306	106
4.42362	106
4.42419	105
4.42475	104
4.42531	104
4.42587	104
4.42644	103
4.427	103
4.42756	102
4.42812	102
4.42868	102
4.42925	102
4.42981	102
4.43037	101
4.43093	101
4.43149	101
4.43206	101
4.43262	101
4.43318	101
4.43374	101
4.43431	101
4.43487	101
4.43543	101
4.43599	101
4.43655	101
4.43712	101
4.43768	101
4.43824	101
4.4388	101
4.43936	101
4.43993	100
4.44049	100
4.44105	100
4.44161	100
4.44218	100
4.44274	100
4.4433	100
4.44386	100
4.44442	100
4.44499	100
4.44555	100
4.44611	100
4.44667	100
4.44723	100
4.4478	100
4.44836	100
4.44892	100
4.44948	100
4.45005	100
4.45061	100
4.45117	100
4.45173	100
4.45229	100
4.45286	100
4.45342	100
4.45398	100
4.45454	100
4.4551	100
4.45567	100
4.45623	100
4.45679	100
4.45735	100
4.45792	100
4.45848	100
4.45904	100
4.4596	100
4.46016	100
4.46073	100
4.46129	100
4.46185	100
4.46241	100
4.46297	100
4.46354	100
4.4641	100
4.46466	100
4.46522	100
4.46579	100
4.46635	100
4.46691	100
4.46747	100
4.46803	100
4.4686	100
4.46916	100
4.46972	100
4.47028	100
4.47084	100
4.47141	100
4.47197	100
4.47253	100
4.47309	100
4.47365	100
4.47422	100
4.52309	100
4.52366	100
4.52422	100
4.52478	100
4.52534	100
4.52591	100
4.52647	101
4.52703	101
4.52759	101
4.52815	101
4.52872	101
4.52928	101
4.52984	101
4.5304	101
4.53096	101
4.53153	101
4.53209	101
4.53265	101
4.53321	101
4.53378	101
4.53434	101
4.5349	101
4.53546	101
4.53602	101
4.53659	101
4.53715	101
4.53771	101
4.53827	101
4.53883	101
4.5394	101
4.53996	101
4.54052	101
4.54108	101
4.54165	101
4.54221	101
4.54277	101
4.54333	101
4.54389	101
4.54446	101
4.54502	101
4.54558	101
4.54614	101
4.5467	101
4.54727	101
4.54783	101
4.54839	101
4.54895	101
4.54952	101
4.55008	101
4.55064	101
4.5512	101
4.55176	101
4.55233	101
4.55289	101
4.55345	101
4.55401	101
4.55457	101
4.55514	101
4.5557	101
4.55626	101
4.55682	101
4.55739	101
4.55795	101
4.55851	101
4.55907	101
4.55963	101
4.5602	101
4.56076	101
4.56132	101
4.56188	101
4.56244	101
4.56301	101
4.56357	101
4.56413	101
4.56469	101
4.56526	101
4.56582	101
4.56638	101
4.56694	101
4.5675	101
4.56807	101
4.56863	101
4.56919	101
4.56975	101
4.57031	101
4.57088	101
4.57144	101
4.572	101
4.57256	101
4.57312	101
4.57369	101
4.57425	101
4.57481	101
4.57537	101
4.62341	107
4.62397	106
4.62453	106
4.62509	105
4.62566	104
4.62622	104
4.62678	104
4.62734	103
4.62791	103
4.62847	103
4.62903	103
4.62959	102
4.63015	102
4.63072	102
4.63128	102
4.63184	102
4.6324	102
4.63296	102
4.63353	101
4.63409	101
4.63465	101
4.63521	101
4.63578	101
4.63634	101
4.6369	101
4.63746	101
4.63802	101
4.63859	101
4.63915	101
4.63971	101
4.64027	101
4.64083	101
4.6414	101
4.64196	101
4.64252	101
4.64308	101
4.64365	101
4.64421	101
4.64477	101
4.64533	101
4.64589	101
4.64646	101
4.64702	101
4.64758	101
4.64814	101
4.6487	101
4.64927	101
4.64983	101
4.65039	101
4.65095	101
4.65151	101
4.65208	101
4.65264	101
4.6532	101
4.65376	101
4.65433	101
4.65489	101
4.65545	101
4.65601	101
4.65657	101
4.65714	101
4.6577	101
4.65826	101
4.65882	101
4.65938	101
4.65995	101
4.66051	101
4.66107	101
4.66163	101
4.6622	101
4.66276	101
4.66332	101
4.66388	101
4.66444	101
4.66501	101
4.66557	101
4.66613	101
4.66669	101
4.66725	101
4.66782	101
4.66838	101
4.66894	101
4.6695	101
4.67007	101
4.67063	101
4.67119	101
4.67175	101
4.67231	101
4.67288	101
4.67344	101
4.674	101
4.67456	101
4.67512	101
4.67569	101
4.67625	101
4.67681	101
4.724	101
4.72456	101
4.72513	101
4.72569	101
4.72625	101
4.72681	101
4.72738	101
4.72794	101
4.7285	101
4.72906	101
4.72962	101
4.73019	101
4.73075	101
4.73131	101
4.73187	101
4.73243	101
4.733	101
4.73356	101
4.73412	101
4.73468	101
4.73525	101
4.73581	101
4.73637	101
4.73693	101
4.73749	101
4.73806	101
4.73862	101
4.73918	101
4.73974	101
4.7403	101
4.74087	101
4.74143	101
4.74199	101
4.74255	101
4.74311	101
4.74368	101
4.74424	101
4.7448	101
4.74536	101
4.74593	101
4.74649	101
4.74705	101
4.74761	101
4.74817	101
4.74874	101
4.7493	101
4.74986	101
4.75042	101
4.75098	101
4.75155	101
4.75211	101
4.75267	101
4.75323	101
4.7538	101
4.75436	101
4.75492	101
4.75548	101
4.75604	101
4.75661	101
4.75717	101
4.75773	101
4.75829	101
4.75885	101
4.75942	101
4.75998	101
4.76054	101
4.7611	101
4.76167	101
4.76223	101
4.76279	101
4.76335	101
4.76391	101
4.76448	101
4.76504	101
4.7656	101
4.76616	101
4.76672	101
4.76729	101
4.76785	101
4.76841	101
4.76897	101
4.76954	101
4.7701	101
4.77066	101
4.77122	101
4.77178	101
4.77235	101
4.77291	101
4.77347	101
4.77403	101
4.77459	101
4.77516	101
4.77572	101
4.77628	101
4.77684	101
4.77741	101
4.77797	101
4.82432	107
4.82488	106
4.82544	105
4.826	105
4.82656	104
4.82713	104
4.82769	103
4.82825	103
4.82881	103
4.82937	102
4.82994	102
4.8305	102
4.83106	102
4.83162	102
4.83219	101
4.83275	101
4.83331	101
4.83387	101
4.83443	101
4.835	101
4.83556	101
4.83612	101
4.83668	101
4.83724	101
4.83781	101
4.83837	101
4.83893	101
4.83949	101
4.84006	101
4.84062	101
4.84118	101
4.84174	101
4.8423	101
4.84287	101
4.84343	101
4.84399	100
4.84455	100
4.84511	100
4.84568	100
4.84624	100
4.8468	100
4.84736	100
4.84793	100
4.84849	100
4.84905	100
4.84961	100
4.85017	100
4.85074	100
4.8513	100
4.85186	100
4.85242	100
4.85298	100
4.85355	100
4.85411	100
4.85467	100
4.85523	100
4.8558	100
4.85636	100
4.85692	100
4.85748	100
4.85804	100
4.85861	100
4.85917	100
4.85973	100
4.86029	100
4.86085	100
4.86142	100
4.86198	100
4.86254	100
4.8631	100
4.86367	100
4.86423	100
4.86479	100
4.86535	100
4.86591	100
4.86648	100
4.86704	100
4.8676	100
4.86816	100
4.86872	100
4.86929	100
4.86985	100
4.87041	100
4.87097	100
4.87153	100
4.8721	100
4.87266	100
4.87322	100
4.87378	100
4.87435	100
4.87491	100
4.87547	100
4.87603	100
4.87659	100
4.87716	100
4.87772	100
4.87828	100
4.87884	100
4.92491	100
4.92547	100
4.92603	100
4.9266	100
4.92716	100
4.92772	100
4.92828	100
4.92884	100
4.92941	100
4.92997	100
4.93053	100
4.93109	101
4.93166	101
4.93222	101
4.93278	101
4.93334	101
4.9339	101
4.93447	101
4.93503	101
4.93559	101
4.93615	101
4.93671	101
4.93728	101
4.93784	101
4.9384	101
4.93896	101
4.93953	101
4.94009	101
4.94065	101
4.94121	101
4.94177	101
4.94234	101
4.9429	101
4.94346	101
4.94402	101
4.94458	101
4.94515	101
4.94571	101
4.94627	101
4.94683	101
4.9474	101
4.94796	101
4.94852	101
4.94908	101
4.94964	101
4.95021	101
4.95077	101
4.95133	101
4.95189	101
4.95245	101
4.95302	101
4.95358	101
4.95414	101
4.9547	101
4.95527	101
4.95583	101
4.95639	101
4.95695	101
4.95751	101
4.95808	101
4.95864	101
4.9592	101
4.95976	101
4.96032	101
4.96089	101
4.96145	101
4.96201	101
4.96257	101
4.96314	101
4.9637	101
4.96426	101
4.96482	101
4.96538	101
4.96595	101
4.96651	101
4.96707	101
4.96763	101
4.96819	101
4.96876	101
4.96932	101
4.96988	101
4.97044	101
4.971	101
4.97157	101
4.97213	101
4.97269	101
4.97325	101
4.97382	101
4.97438	101
4.97494	101
4.9755	101
4.97606	101
4.97663	101
4.97719	101
4.97775	101
4.97831	101
4.97887	101
4.97944	101
4.98	101
4.98056	101
5.0255	101
5.02607	101
5.02663	101
5.02719	101
5.02775	100
5.02831	100
5.02888	100
5.02944	100
5.03	100
5.03056	100
5.03113	100
5.03169	100
5.03225	100
5.03281	100
5.03337	100
5.03394	100
5.0345	100
5.03506	100
5.03562	100
5.03618	100
5.03675	100
5.03731	100
5.03787	100
5.03843	100
5.039	100
5.03956	100
5.04012	100
5.04068	100
5.04124	100
5.04181	100
5.04237	100
5.04293	100
5.04349	100
5.04405	100
5.04462	100
5.04518	100
5.04574	100
5.0463	100
5.04687	100
5.04743	100
5.04799	100
5.04855	100
5.04911	100
5.04968	100
5.05024	100
5.0508	100
5.05136	100
5.05192	100
5.05249	100
5.05305	100
5.05361	100
5.05417	100
5.05474	100
5.0553	100
5.05586	100
5.05642	100
5.05698	100
5.05755	100
5.05811	100
5.05867	100
5.05923	100
5.05979	100
5.06036	100
5.06092	100
5.06148	100
5.06204	100
5.06261	100
5.06317	100
5.06373	100
5.06429	100
5.06485	100
5.06542	100
5.06598	100
5.06654	100
5.0671	100
5.06766	100
5.06823	100
5.06879	100
5.06935	100
5.06991	100
5.07047	100
5.07104	100
5.0716	100
5.07216	100
5.07272	100
5.07329	100
5.07385	100
5.07441	100
5.07497	100
5.07553	100
5.0761	100
5.07666	100
5.07722	100
5.07778	100
5.07834	100
5.07891	100
5.07947	100
5.08003	100
5.08059	100
5.08116	100
5.08172	100
5.12582	106
5.12638	105
5.12694	105
5.1275	104
5.12807	104
5.12863	103
5.12919	103
5.12975	103
5.13031	102
5.13088	102
5.13144	102
5.132	102
5.13256	101
5.13313	101
5.13369	101
5.13425	101
5.13481	101
5.13537	101
5.13594	101
5.1365	101
5.13706	101
5.13762	101
5.13818	101
5.13875	101
5.13931	101
5.13987	101
5.14043	101
5.14099	100
5.14156	100
5.14212	100
5.14268	100
5.14324	100
5.14381	100
5.14437	100
5.14493	100
5.14549	100
5.14605	100
5.14662	100
5.14718	100
5.14774	100
5.1483	100
5.14886	100
5.14943	100
5.14999	100
5.15055	100
5.15111	100
5.15168	100
5.15224	100
5.1528	100
5.15336	100
5.15392	100
5.15449	100
5.15505	100
5.15561	100
5.15617	100
5.15673	100
5.1573	100
5.15786	100
5.15842	100
5.15898	100
5.15955	100
5.16011	100
5.16067	100
5.16123	100
5.16179	100
5.16236	100
5.16292	100
5.16348	100
5.16404	100
5.1646	100
5.16517	100
5.16573	100
5.16629	100
5.16685	100
5.16742	100
5.16798	100
5.16854	100
5.1691	100
5.16966	100
5.17023	100
5.17079	100
5.17135	100
5.17191	100
5.17247	100
5.17304	100
5.1736	100
5.17416	100
5.17472	100
5.17529	100
5.17585	100
5.17641	100
5.17697	100
5.17753	100
5.1781	100
5.17866	100
5.17922	100
5.17978	100
5.18034	100
5.18091	100
5.18147	100
5.18203	101
5.18259	101
5.18316	101
5.22641	101
5.22697	101
5.22754	101
5.2281	101
5.22866	100
5.22922	100
5.22978	100
5.23035	100
5.23091	100
5.23147	100
5.23203	100
5.2326	100
5.23316	100
5.23372	100
5.23428	100
5.23484	100
5.23541	100
5.23597	100
5.23653	100
5.23709	100
5.23765	100
5.23822	100
5.23878	100
5.23934	100
5.2399	100
5.24046	100
5.24103	100
5.24159	100
5.24215	100
5.24271	100
5.24328	100
5.24384	100
5.2444	100
5.24496	100
5.24552	100
5.24609	100
5.24665	100
5.24721	100
5.24777	100
5.24833	100
5.2489	100
5.24946	100
5.25002	100
5.25058	100
5.25115	100
5.25171	100
5.25227	100
5.25283	100
5.25339	100
5.25396	100
5.25452	100
5.25508	100
5.25564	100
5.2562	100
5.25677	100
5.25733	100
5.25789	100
5.25845	100
5.25902	100
5.25958	100
5.26014	100
5.2607	100
5.26126	100
5.26183	100
5.26239	100
5.26295	100
5.26351	100
5.26407	100
5.26464	100
5.2652	100
5.26576	100
5.26632	100
5.26689	100
5.26745	100
5.26801	100
5.26857	100
5.26913	100
5.2697	100
5.27026	100
5.27082	100
5.27138	100
5.27194	100
5.27251	100
5.27307	100
5.27363	100
5.27419	100
5.27476	100
5.27532	100
5.27588	100
5.27644	100
5.277	100
5.27757	100
5.27813	100
5.27869	100
5.27925	100
5.27981	100
5.28038	100
5.28094	100
5.2815	100
5.28206	100
5.28263	101
5.28319	101
5.28375	101
5.28431	101
5.32672	106
5.32729	105
5.32785	105
5.32841	104
5.32897	104
5.32954	103
5.3301	103
5.33066	103
5.33122	102
5.33178	102
5.33235	102
5.33291	102
5.33347	101
5.33403	101
5.33459	101
5.33516	101
5.33572	101
5.33628	101
5.33684	101
5.33741	101
5.33797	101
5.33853	101
5.33909	101
5.33965	101
5.34022	101
5.34078	101
5.34134	101
5.3419	100
5.34246	100
5.34303	100
5.34359	100
5.34415	100
5.34471	100
5.34528	100
5.34584	100
5.3464	100
5.34696	100
5.34752	100
5.34809	100
5.34865	100
5.34921	100
5.34977	100
5.35033	100
5.3509	100
5.35146	100
5.35202	100
5.35258	100
5.35315	100
5.35371	100
5.35427	100
5.35483	100
5.35539	100
5.35596	100
5.35652	100
5.35708	100
5.35764	100
5.3582	100
5.35877	100
5.35933	100
5.35989	100
5.36045	100
5.36101	100
5.36158	100
5.36214	100
5.3627	100
5.36326	100
5.36383	100
5.36439	100
5.36495	100
5.36551	100
5.36607	100
5.36664	100
5.3672	100
5.36776	100
5.36832	100
5.36888	100
5.36945	100
5.37001	100
5.37057	100
5.37113	100
5.3717	100
5.37226	100
5.37282	100
5.37338	100
5.37394	100
5.37451	100
5.37507	100
5.37563	100
5.37619	100
5.37675	100
5.37732	100
5.37788	100
5.37844	100
5.379	100
5.37957	100
5.38013	100
5.38069	100
5.38125	101
5.38181	101
5.38238	101
5.38294	101
5.3835	101
5.38406	101
5.38462	101
5.38519	101
5.38575	101
5.42732	101
5.42788	101
5.42844	101
5.42901	101
5.42957	101
5.43013	101
5.43069	100
5.43125	100
5.43182	100
5.43238	100
5.43294	100
5.4335	100
5.43406	100
5.43463	100
5.43519	100
5.43575	100
5.43631	100
5.43688	100
5.43744	100
5.438	100
5.43856	100
5.43912	100
5.43969	100
5.44025	100
5.44081	100
5.44137	100
5.44193	100
5.4425	100
5.44306	100
5.44362	100
5.44418	100
5.44475	100
5.44531	100
5.44587	100
5.44643	100
5.44699	100
5.44756	100
5.44812	100
5.44868	100
5.44924	100
5.4498	100
5.45037	100
5.45093	100
5.45149	100
5.45205	100
5.45262	100
5.45318	100
5.45374	100
5.4543	100
5.45486	100
5.45543	100
5.45599	100
5.45655	100
5.45711	100
5.45767	100
5.45824	100
5.4588	100
5.45936	100
5.45992	100
5.46048	100
5.46105	100
5.46161	100
5.46217	100
5.46273	100
5.4633	100
5.46386	100
5.46442	100
5.46498	100
5.46554	100
5.46611	100
5.46667	100
5.46723	100
5.46779	100
5.46835	100
5.46892	100
5.46948	100
5.47004	100
5.4706	100
5.47117	100
5.47173	100
5.47229	100
5.47285	100
5.47341	100
5.47398	100
5.47454	100
5.4751	100
5.47566	100
5.47622	100
5.47679	100
5.47735	100
5.47791	100
5.47847	100
5.47904	100
5.4796	100
5.48016	100
5.48072	100
5.48128	100
5.48185	100
5.48241	100
5.48297	100
5.48353	100
5.48409	101
5.48466	101
5.48522	101
5.48578	101
5.48634	101
5.48691	101
5.52763	106
5.52819	105
5.52876	105
5.52932	104
5.52988	104
5.53044	103
5.53101	103
5.53157	103
5.53213	102
5.53269	102
5.53325	102
5.53382	102
5.53438	102
5.53494	101
5.5355	101
5.53606	101
5.53663	101
5.53719	101
5.53775	101
5.53831	101
5.53887	101
5.53944	101
5.54	101
5.54056	101
5.54112	101
5.54169	101
5.54225	101
5.54281	101
5.54337	101
5.54393	100
5.5445	100
5.54506	100
5.54562	100
5.54618	100
5.54674	100
5.54731	100
5.54787	100
5.54843	100
5.54899	100
5.54956	100
5.55012	100
5.55068	100
5.55124	100
5.5518	100
5.55237	100
5.55293	100
5.55349	100
5.55405	100
5.55461	100
5.55518	100
5.55574	100
5.5563	100
5.55686	100
5.55743	100
5.55799	100
5.55855	100
5.55911	100
5.55967	100
5.56024	100
5.5608	100
5.56136	100
5.56192	100
5.56248	100
5.56305	100
5.56361	100
5.56417	100
5.56473	100
5.5653	100
5.56586	100
5.56642	100
5.56698	100
5.56754	100
5.56811	100
5.56867	100
5.56923	100
5.56979	100
5.57035	100
5.57092	100
5.57148	100
5.57204	100
5.5726	100
5.57317	100
5.57373	100
5.57429	100
5.57485	100
5.57541	100
5.57598	100
5.57654	100
5.5771	100
5.57766	100
5.57822	100
5.57879	100
5.57935	100
5.57991	100
5.58047	100
5.58103	100
5.5816	100
5.58216	101
5.58272	101
5.58328	101
5.58385	101
5.58441	101
5.58497	101
5.58553	101
5.58609	101
5.58666	101
5.58722	101
5.58778	101
5.58834	101
5.62823	101
5.62879	101
5.62935	101
5.62991	101
5.63048	101
5.63104	101
5.6316	100
5.63216	100
5.63272	100
5.63329	100
5.63385	100
5.63441	100
5.63497	100
5.63553	100
5.6361	100
5.63666	100
5.63722	100
5.63778	100
5.63834	100
5.63891	100
5.63947	100
5.64003	100
5.64059	100
5.64116	100
5.64172	100
5.64228	100
5.64284	100
5.6434	100
5.64397	100
5.64453	100
5.64509	100
5.64565	100
5.64621	100
5.64678	100
5.64734	100
5.6479	100
5.64846	100
5.64903	100
5.64959	100
5.65015	100
5.65071	100
5.65127	100
5.65184	100
5.6524	100
5.65296	100
5.65352	100
5.65408	100
5.65465	100
5.65521	100
5.65577	100
5.65633	100
5.6569	100
5.65746	100
5.65802	100
5.65858	100
5.65914	100
5.65971	100
5.66027	100
5.66083	100
5.66139	100
5.66195	100
5.66252	100
5.66308	100
5.66364	100
5.6642	100
5.66477	100
5.66533	100
5.66589	100
5.66645	100
5.66701	100
5.66758	100
5.66814	100
5.6687	100
5.66926	100
5.66982	100
5.67039	100
5.67095	100
5.67151	100
5.67207	100
5.67264	100
5.6732	100
5.67376	100
5.67432	100
5.67488	100
5.67545	100
5.67601	100
5.67657	100
5.67713	100
5.67769	100
5.67826	100
5.67882	100
5.67938	100
5.67994	100
5.6805	100
5.68107	100
5.68163	100
5.68219	100
5.68275	100
5.68332	101
5.68388	101
5.68444	101
5.685	101
5.68556	101
5.68613	101
5.68669	101
5.68725	101
5.68781	101
5.68837	101
5.68894	101
5.6895	101
5.72854	106
5.7291	105
5.72966	105
5.73023	104
5.73079	104
5.73135	103
5.73191	103
5.73247	102
5.73304	102
5.7336	102
5.73416	102
5.73472	102
5.73529	102
5.73585	101
5.73641	101
5.73697	101
5.73753	101
5.7381	101
5.73866	101
5.73922	101
5.73978	101
5.74034	101
5.74091	101
5.74147	101
5.74203	101
5.74259	101
5.74316	101
5.74372	101
5.74428	101
5.74484	101
5.7454	101
5.74597	100
5.74653	100
5.74709	100
5.74765	100
5.74821	100
5.74878	100
5.74934	100
5.7499	100
5.75046	100
5.75103	100
5.75159	100
5.75215	100
5.75271	100
5.75327	100
5.75384	100
5.7544	100
5.75496	100
5.75552	100
5.75608	100
5.75665	100
5.75721	100
5.75777	100
5.75833	100
5.75889	100
5.75946	100
5.76002	100
5.76058	100
5.76114	100
5.76171	100
5.76227	100
5.76283	100
5.76339	100
5.76395	100
5.76452	100
5.76508	100
5.76564	100
5.7662	100
5.76676	100
5.76733	100
5.76789	100
5.76845	100
5.76901	100
5.76958	100
5.77014	100
5.7707	100
5.77126	100
5.77182	100
5.77239	100
5.77295	100
5.77351	100
5.77407	100
5.77463	100
5.7752	100
5.77576	100
5.77632	100
5.77688	100
5.77745	100
5.77801	100
5.77857	100
5.77913	100
5.77969	100
5.78026	100
5.78082	100
5.78138	100
5.78194	100
5.7825	100
5.78307	101
5.78363	101
5.78419	101
5.78475	101
5.78532	101
5.78588	101
5.78644	101
5.787	101
5.78756	101
5.78813	101
5.78869	101
5.78925	101
5.78981	101
5.79037	101
5.79094	101
5.82913	101
5.8297	101
5.83026	101
5.83082	101
5.83138	101
5.83194	100
5.83251	100
5.83307	100
5.83363	100
5.83419	100
5.83476	100
5.83532	100
5.83588	100
5.83644	100
5.837	100
5.83757	100
5.83813	100
5.83869	100
5.83925	100
5.83981	100
5.84038	100
5.84094	100
5.8415	100
5.84206	100
5.84263	100
5.84319	100
5.84375	100
5.84431	100
5.84487	100
5.84544	100
5.846	100
5.84656	100
5.84712	100
5.84768	100
5.84825	100
5.84881	100
5.84937	100
5.84993	100
5.8505	100
5.85106	100
5.85162	100
5.85218	100
5.85274	100
5.85331	100
5.85387	100
5.85443	100
5.85499	100
5.85555	100
5.85612	100
5.85668	100
5.85724	100
5.8578	100
5.85836	100
5.85893	100
5.85949	100
5.86005	100
5.86061	100
5.86118	100
5.86174	100
5.8623	100
5.86286	100
5.86342	100
5.86399	100
5.86455	100
5.86511	100
5.86567	100
5.86623	100
5.8668	100
5.86736	100
5.86792	100
5.86848	100
5.86905	100
5.86961	100
5.87017	100
5.87073	100
5.87129	100
5.87186	100
5.87242	100
5.87298	100
5.87354	100
5.8741	100
5.87467	100
5.87523	100
5.87579	100
5.87635	100
5.87692	100
5.87748	100
5.87804	100
5.8786	100
5.87916	100
5.87973	100
5.88029	100
5.88085	100
5.88141	100
5.88197	100
5.88254	100
5.8831	100
5.88366	101
5.88422	101
5.88479	101
5.88535	101
5.88591	101
5.88647	101
5.88703	101
5.8876	101
5.88816	101
5.88872	101
5.88928	101
5.88984	101
5.89041	101
5.89097	101
5.89153	101
5.89209	101
5.92945	106
5.93001	105
5.93057	105
5.93113	104
5.9317	104
5.93226	103
5.93282	103
5.93338	103
5.93394	102
5.93451	102
5.93507	102
5.93563	102
5.93619	101
5.93675	101
5.93732	101
5.93788	101
5.93844	101
5.939	101
5.93957	101
5.94013	101
5.94069	101
5.94125	101
5.94181	101
5.94238	101
5.94294	101
5.9435	101
5.94406	101
5.94462	101
5.94519	101
5.94575	101
5.94631	101
5.94687	101
5.94744	101
5.948	100
5.94856	100
5.94912	100
5.94968	100
5.95025	100
5.95081	100
5.95137	100
5.95193	100
5.95249	100
5.95306	100
5.95362	100
5.95418	100
5.95474	100
5.95531	100
5.95587	100
5.95643	100
5.95699	100
5.95755	100
5.95812	100
5.95868	100
5.95924	100
5.9598	100
5.96036	100
5.96093	100
5.96149	100
5.96205	100
5.96261	100
5.96318	100
5.96374	100
5.9643	100
5.96486	100
5.96542	100
5.96599	100
5.96655	100
5.96711	100
5.96767	100
5.96823	100
5.9688	100
5.96936	100
5.96992	100
5.97048	100
5.97105	100
5.97161	100
5.97217	100
5.97273	100
5.97329	100
5.97386	100
5.97442	100
5.97498	100
5.97554	100
5.9761	100
5.97667	100
5.97723	100
5.97779	100
5.97835	100
5.97891	100
5.97948	100
5.98004	100
5.9806	100
5.98116	100
5.98173	100
5.98229	101
5.98285	101
5.98341	101
5.98397	101
5.98454	101
5.9851	101
5.98566	101
5.98622	101
5.98678	101
5.98735	101
5.98791	101
5.98847	101
5.98903	101
5.9896	101
5.99016	101
5.99072	101
5.99128	101
5.99184	101
5.99241	101
5.99297	101
5.99353	101
6.03004	101
6.0306	101
6.03117	101
6.03173	100
6.03229	100
6.03285	100
6.03341	100
6.03398	100
6.03454	100
6.0351	100
6.03566	100
6.03622	100
6.03679	100
6.03735	100
6.03791	100
6.03847	100
6.03904	100
6.0396	100
6.04016	100
6.04072	100
6.04128	100
6.04185	100
6.04241	100
6.04297	100
6.04353	100
6.04409	100
6.04466	100
6.04522	100
6.04578	100
6.04634	100
6.04691	100
6.04747	100
6.04803	100
6.04859	100
6.04915	100
6.04972	100
6.05028	100
6.05084	100
6.0514	100
6.05196	100
6.05253	100
6.05309	100
6.05365	100
6.05421	100
6.05478	100
6.05534	100
6.0559	100
6.05646	100
6.05702	100
6.05759	100
6.05815	100
6.05871	100
6.05927	100
6.05983	100
6.0604	100
6.06096	100
6.06152	100
6.06208	100
6.06265	100
6.06321	100
6.06377	100
6.06433	100
6.06489	100
6.06546	100
6.06602	100
6.06658	100
6.06714	100
6.0677	100
6.06827	100
6.06883	100
6.06939	100
6.06995	100
6.07052	100
6.07108	100
6.07164	100
6.0722	100
6.07276	100
6.07333	100
6.07389	100
6.07445	100
6.07501	100
6.07557	100
6.07614	100
6.0767	100
6.07726	100
6.07782	100
6.07838	100
6.07895	100
6.07951	100
6.08007	100
6.08063	100
6.0812	100
6.08176	100
6.08232	100
6.08288	100
6.08344	100
6.08401	100
6.08457	101
6.08513	101
6.08569	101
6.08625	101
6.08682	101
6.08738	101
6.08794	101
6.0885	101
6.08907	101
6.08963	101
6.09019	101
6.09075	101
6.09131	101
6.09188	101
6.09244	101
6.093	101
6.09356	101
6.09412	101
6.09469	101
6.13035	106
6.13092	105
6.13148	104
6.13204	104
6.1326	103
6.13317	103
6.13373	103
6.13429	102
6.13485	102
6.13541	102
6.13598	102
6.13654	102
6.1371	101
6.13766	101
6.13822	101
6.13879	101
6.13935	101
6.13991	101
6.14047	101
6.14104	101
6.1416	101
6.14216	101
6.14272	101
6.14328	101
6.14385	101
6.14441	101
6.14497	100
6.14553	100
6.14609	100
6.14666	100
6.14722	100
6.14778	100
6.14834	100
6.14891	100
6.14947	100
6.15003	100
6.15059	100
6.15115	100
6.15172	100
6.15228	100
6.15284	100
6.1534	100
6.15396	100
6.15453	100
6.15509	100
6.15565	100
6.15621	100
6.15677	100
6.15734	100
6.1579	100
6.15846	100
6.15902	100
6.15959	100
6.16015	100
6.16071	100
6.16127	100
6.16183	100
6.1624	100
6.16296	100
6.16352	100
6.16408	100
6.16464	100
6.16521	100
6.16577	100
6.16633	100
6.16689	100
6.16746	100
6.16802	100
6.16858	100
6.16914	100
6.1697	100
6.17027	100
6.17083	100
6.17139	100
6.17195	100
6.17251	100
6.17308	100
6.17364	100
6.1742	100
6.17476	100
6.17533	100
6.17589	100
6.17645	100
6.17701	100
6.17757	100
6.17814	100
6.1787	100
6.17926	100
6.17982	100
6.18038	100
6.18095	100
6.18151	100
6.18207	100
6.18263	100
6.1832	101
6.18376	101
6.18432	101
6.18488	101
6.18544	101
6.18601	101
6.18657	101
6.18713	101
6.18769	101
6.18825	101
6.18882	101
6.18938	101
6.18994	101
6.1905	101
6.19107	101
6.19163	101
6.19219	101
6.19275	101
6.19331	101
6.19388	101
6.19444	101
6.195	101
6.19556	101
6.19612	101
6.23095	101
6.23151	101
6.23207	101
6.23264	101
6.2332	101
6.23376	100
6.23432	100
6.23488	100
6.23545	100
6.23601	100
6.23657	100
6.23713	100
6.23769	100
6.23826	100
6.23882	100
6.23938	100
6.23994	100
6.24051	100
6.24107	100
6.24163	100
6.24219	100
6.24275	100
6.24332	100
6.24388	100
6.24444	100
6.245	100
6.24556	100
6.24613	100
6.24669	100
6.24725	100
6.24781	100
6.24838	100
6.24894	100
6.2495	100
6.25006	100
6.25062	100
6.25119	100
6.25175	100
6.25231	100
6.25287	100
6.25343	100
6.254	100
6.25456	100
6.25512	100
6.25568	100
6.25624	100
6.25681	100
6.25737	100
6.25793	100
6.25849	100
6.25906	100
6.25962	100
6.26018	100
6.26074	100
6.2613	100
6.26187	100
6.26243	100
6.26299	100
6.26355	100
6.26411	100
6.26468	100
6.26524	100
6.2658	100
6.26636	100
6.26693	100
6.26749	100
6.26805	100
6.26861	100
6.26917	100
6.26974	100
6.2703	100
6.27086	100
6.27142	100
6.27198	100
6.27255	100
6.27311	100
6.27367	100
6.27423	100
6.2748	100
6.27536	100
6.27592	100
6.27648	100
6.27704	100
6.27761	100
6.27817	100
6.27873	100
6.27929	100
6.27985	100
6.28042	100
6.28098	100
6.28154	100
6.2821	100
6.28267	100
6.28323	100
6.28379	100
6.28435	100
6.28491	100
6.28548	101
6.28604	101
6.2866	101
6.28716	101
6.28772	101
6.28829	101
6.28885	101
6.28941	101
6.28997	101
6.29054	101
6.2911	101
6.29166	101
6.29222	101
6.29278	101
6.29335	101
6.29391	101
6.29447	101
6.29503	101
6.29559	101
6.29616	101
6.29672	101
6.29728	101
6.33126	105
6.33182	105
6.33239	104
6.33295	104
6.33351	103
6.33407	103
6.33463	103
6.3352	102
6.33576	102
6.33632	102
6.33688	102
6.33745	101
6.33801	101
6.33857	101
6.33913	101
6.33969	101
6.34026	101
6.34082	101
6.34138	101
6.34194	101
6.3425	101
6.34307	101
6.34363	101
6.34419	101
6.34475	101
6.34532	101
6.34588	100
6.34644	100
6.347	100
6.34756	100
6.34813	100
6.34869	100
6.34925	100
6.34981	100
6.35037	100
6.35094	100
6.3515	100
6.35206	100
6.35262	100
6.35319	100
6.35375	100
6.35431	100
6.35487	100
6.35543	100
6.356	100
6.35656	100
6.35712	100
6.35768	100
6.35824	100
6.35881	100
6.35937	100
6.35993	100
6.36049	100
6.36106	100
6.36162	100
6.36218	100
6.36274	100
6.3633	100
6.36387	100
6.36443	100
6.36499	100
6.36555	100
6.36611	100
6.36668	100
6.36724	100
6.3678	100
6.36836	100
6.36893	100
6.36949	100
6.37005	100
6.37061	100
6.37117	100
6.37174	100
6.3723	100
6.37286	100
6.37342	100
6.37398	100
6.37455	100
6.37511	100
6.37567	100
6.37623	100
6.37679	100
6.37736	100
6.37792	100
6.37848	100
6.37904	100
6.37961	100
6.38017	100
6.38073	100
6.38129	100
6.38185	100
6.38242	100
6.38298	100
6.38354	100
6.3841	101
6.38466	101
6.38523	101
6.38579	101
6.38635	101
6.38691	101
6.38748	101
6.38804	101
6.3886	101
6.38916	101
6.38972	101
6.39029	101
6.39085	101
6.39141	101
6.39197	101
6.39253	101
6.3931	101
6.39366	101
6.39422	101
6.39478	101
6.39535	101
6.39591	101
6.39647	101
6.39703	101
6.39759	101
6.39816	101
6.39872	101
6.43186	101
6.43242	101
6.43298	101
6.43354	101
6.4341	101
6.43467	100
6.43523	100
6.43579	100
6.43635	100
6.43692	100
6.43748	100
6.43804	100
6.4386	100
6.43916	100
6.43973	100
6.44029	100
6.44085	100
6.44141	100
6.44197	100
6.44254	100
6.4431	100
6.44366	100
6.44422	100
6.44479	100
6.44535	100
6.44591	100
6.44647	100
6.44703	100
6.4476	100
6.44816	100
6.44872	100
6.44928	100
6.44984	100
6.45041	100
6.45097	100
6.45153	100
6.45209	100
6.45266	100
6.45322	100
6.45378	100
6.45434	100
6.4549	100
6.45547	100
6.45603	100
6.45659	100
6.45715	100
6.45771	100
6.45828	100
6.45884	100
6.4594	100
6.45996	100
6.46053	100
6.46109	100
6.46165	100
6.46221	100
6.46277	100
6.46334	100
6.4639	100
6.46446	100
6.46502	100
6.46558	100
6.46615	100
6.46671	100
6.46727	100
6.46783	100
6.4684	100
6.46896	100
6.46952	100
6.47008	100
6.47064	100
6.47121	100
6.47177	100
6.47233	100
6.47289	100
6.47345	100
6.47402	100
6.47458	100
6.47514	100
6.4757	100
6.47626	100
6.47683	100
6.47739	100
6.47795	100
6.47851	100
6.47908	100
6.47964	100
6.4802	100
6.48076	100
6.48132	100
6.48189	100
6.48245	100
6.48301	100
6.48357	100
6.48413	101
6.4847	101
6.48526	101
6.48582	101
6.48638	101
6.48695	101
6.48751	101
6.48807	101
6.48863	101
6.48919	101
6.48976	101
6.49032	101
6.49088	101
6.49144	101
6.492	101
6.49257	101
6.49313	101
6.49369	101
6.49425	101
6.49482	101
6.49538	101
6.49594	101
6.4965	101
6.49706	101
6.49763	101
6.49819	101
6.49875	101
6.49931	101
6.49987	101
6.53217	105
6.53273	105
6.53329	104
6.53386	104
6.53442	103
6.53498	103
6.53554	102
6.5361	102
6.53667	102
6.53723	102
6.53779	102
6.53835	102
6.53892	101
6.53948	101
6.54004	101
6.5406	101
6.54116	101
6.54173	101
6.54229	101
6.54285	101
6.54341	101
6.54397	101
6.54454	101
6.5451	101
6.54566	101
6.54622	101
6.54679	101
6.54735	101
6.54791	100
6.54847	100
6.54903	100
6.5496	100
6.55016	100
6.55072	100
6.55128	100
6.55184	100
6.55241	100
6.55297	100
6.55353	100
6.55409	100
6.55465	100
6.55522	100
6.55578	100
6.55634	100
6.5569	100
6.55747	100
6.55803	100
6.55859	100
6.55915	100
6.55971	100
6.56028	100
6.56084	100
6.5614	100
6.56196	100
6.56252	100
6.56309	100
6.56365	100
6.56421	100
6.56477	100
6.56534	100
6.5659	100
6.56646	100
6.56702	100
6.56758	100
6.56815	100
6.56871	100
6.56927	100
6.56983	100
6.57039	100
6.57096	100
6.57152	100
6.57208	100
6.57264	100
6.57321	100
6.57377	100
6.57433	100
6.57489	100
6.57545	100
6.57602	100
6.57658	100
6.57714	100
6.5777	100
6.57826	100
6.57883	100
6.57939	100
6.57995	100
6.58051	100
6.58108	100
6.58164	100
6.5822	100
6.58276	100
6.58332	101
6.58389	101
6.58445	101
6.58501	101
6.58557	101
6.58613	101
6.5867	101
6.58726	101
6.58782	101
6.58838	101
6.58895	101
6.58951	101
6.59007	101
6.59063	101
6.59119	101
6.59176	101
6.59232	101
6.59288	101
6.59344	101
6.594	101
6.59457	101
6.59513	101
6.59569	101
6.59625	101
6.59681	101
6.59738	101
6.59794	101
6.5985	101
6.59906	101
6.59963	101
6.60019	101
6.60075	101
6.60131	101
6.63276	101
6.63333	101
6.63389	101
6.63445	101
6.63501	101
6.63557	101
6.63614	101
6.6367	100
6.63726	100
6.63782	100
6.63839	100
6.63895	100
6.63951	100
6.64007	100
6.64063	100
6.6412	100
6.64176	100
6.64232	100
6.64288	100
6.64344	100
6.64401	100
6.64457	100
6.64513	100
6.64569	100
6.64626	100
6.64682	100
6.64738	100
6.64794	100
6.6485	100
6.64907	100
6.64963	100
6.65019	100
6.65075	100
6.65131	100
6.65188	100
6.65244	100
6.653	100
6.65356	100
6.65412	100
6.65469	100
6.65525	100
6.65581	100
6.65637	100
6.65694	100
6.6575	100
6.65806	100
6.65862	100
6.65918	100
6.65975	100
6.66031	100
6.66087	100
6.66143	100
6.66199	100
6.66256	100
6.66312	100
6.66368	100
6.66424	100
6.66481	100
6.66537	100
6.66593	100
6.66649	100
6.66705	100
6.66762	100
6.66818	100
6.66874	100
6.6693	100
6.66986	100
6.67043	100
6.67099	100
6.67155	100
6.67211	100
6.67268	100
6.67324	100
6.6738	100
6.67436	100
6.67492	100
6.67549	100
6.67605	100
6.67661	100
6.67717	100
6.67773	100
6.6783	100
6.67886	100
6.67942	100
6.67998	100
6.68055	100
6.68111	100
6.68167	100
6.68223	100
6.68279	100
6.68336	100
6.68392	100
6.68448	100
6.68504	100
6.6856	101
6.68617	101
6.68673	101
6.68729	101
6.68785	101
6.68842	101
6.68898	101
6.68954	101
6.6901	101
6.69066	101
6.69123	101
6.69179	101
6.69235	101
6.69291	101
6.69347	101
6.69404	101
6.6946	101
6.69516	101
6.69572	101
6.69628	101
6.69685	101
6.69741	101
6.69797	101
6.69853	101
6.6991	101
6.69966	101
6.70022	101
6.70078	101
6.70134	101
6.70191	101
6.70247	101
6.73308	105
6.73364	104
6.7342	104
6.73476	103
6.73533	103
6.73589	103
6.73645	102
6.73701	102
6.73757	102
6.73814	102
6.7387	102
6.73926	101
6.73982	101
6.74038	101
6.74095	101
6.74151	101
6.74207	101
6.74263	101
6.7432	101
6.74376	101
6.74432	101
6.74488	101
6.74544	101
6.74601	101
6.74657	101
6.74713	101
6.74769	101
6.74825	101
6.74882	101
6.74938	101
6.74994	100
6.7505	100
6.75107	100
6.75163	100
6.75219	100
6.75275	100
6.75331	100
6.75388	100
6.75444	100
6.755	100
6.75556	100
6.75612	100
6.75669	100
6.75725	100
6.75781	100
6.75837	100
6.75894	100
6.7595	100
6.76006	100
6.76062	100
6.76118	100
6.76175	100
6.76231	100
6.76287	100
6.76343	100
6.76399	100
6.76456	100
6.76512	100
6.76568	100
6.76624	100
6.76681	100
6.76737	100
6.76793	100
6.76849	100
6.76905	100
6.76962	100
6.77018	100
6.77074	100
6.7713	100
6.77186	100
6.77243	100
6.77299	100
6.77355	100
6.77411	100
6.77467	100
6.77524	100
6.7758	100
6.77636	100
6.77692	100
6.77749	100
6.77805	100
6.77861	100
6.77917	100
6.77973	100
6.7803	100
6.78086	100
6.78142	100
6.78198	100
6.78254	100
6.78311	100
6.78367	100
6.78423	101
6.78479	101
6.78536	101
6.78592	101
6.78648	101
6.78704	101
6.7876	101
6.78817	101
6.78873	101
6.78929	101
6.78985	101
6.79041	101
6.79098	101
6.79154	101
6.7921	101
6.79266	101
6.79323	101
6.79379	101
6.79435	101
6.79491	101
6.79547	101
6.79604	101
6.7966	101
6.79716	101
6.79772	101
6.79828	101
6.79885	101
6.79941	101
6.79997	101
6.80053	101
6.8011	101
6.80166	101
6.80222	101
6.80278	101
6.80334	101
6.80391	101
6.83367	101
6.83423	101
6.8348	101
6.83536	101
6.83592	100
6.83648	100
6.83704	100
6.83761	100
6.83817	100
6.83873	100
6.83929	100
6.83985	100
6.84042	100
6.84098	100
6.84154	100
6.8421	100
6.84267	100
6.84323	100
6.84379	100
6.84435	100
6.84491	100
6.84548	100
6.84604	100
6.8466	100
6.84716	100
6.84772	100
6.84829	100
6.84885	100
6.84941	100
6.84997	100
6.85054	100
6.8511	100
6.85166	100
6.85222	100
6.85278	100
6.85335	100
6.85391	100
6.85447	100
6.85503	100
6.85559	100
6.85616	100
6.85672	100
6.85728	100
6.85784	100
6.85841	100
6.85897	100
6.85953	100
6.86009	100
6.86065	100
6.86122	100
6.86178	100
6.86234	100
6.8629	100
6.86346	100
6.86403	100
6.86459	100
6.86515	100
6.86571	100
6.86628	100
6.86684	100
6.8674	100
6.86796	100
6.86852	100
6.86909	100
6.86965	100
6.87021	100
6.87077	100
6.87133	100
6.8719	100
6.87246	100
6.87302	100
6.87358	100
6.87414	100
6.87471	100
6.87527	100
6.87583	100
6.87639	100
6.87696	100
6.87752	100
6.87808	100
6.87864	100
6.8792	100
6.87977	100
6.88033	100
6.88089	100
6.88145	100
6.88201	100
6.88258	100
6.88314	100
6.8837	100
6.88426	100
6.88483	100
6.88539	101
6.88595	101
6.88651	101
6.88707	101
6.88764	101
6.8882	101
6.88876	101
6.88932	101
6.88988	101
6.89045	101
6.89101	101
6.89157	101
6.89213	101
6.8927	101
6.89326	101
6.89382	101
6.89438	101
6.89494	101
6.89551	101
6.89607	101
6.89663	101
6.89719	101
6.89775	101
6.89832	101
6.89888	101
6.89944	101
6.9	101
6.90057	101
6.90113	101
6.90169	101
6.90225	101
6.90281	101
6.90338	101
6.90394	101
6.9045	101
6.90506	101
6.93398	105
6.93455	104
6.93511	104
6.93567	103
6.93623	103
6.9368	103
6.93736	102
6.93792	102
6.93848	102
6.93904	102
6.93961	102
6.94017	101
6.94073	101
6.94129	101
6.94185	101
6.94242	101
6.94298	101
6.94354	101
6.9441	101
6.94467	101
6.94523	101
6.94579	101
6.94635	101
6.94691	101
6.94748	101
6.94804	101
6.9486	101
6.94916	101
6.94972	101
6.95029	101
6.95085	101
6.95141	101
6.95197	100
6.95253	100
6.9531	100
6.95366	100
6.95422	100
6.95478	100
6.95535	100
6.95591	100
6.95647	100
6.95703	100
6.95759	100
6.95816	100
6.95872	100
6.95928	100
6.95984	100
6.9604	100
6.96097	100
6.96153	100
6.96209	100
6.96265	100
6.96322	100
6.96378	100
6.96434	100
6.9649	100
6.96546	100
6.96603	100
6.96659	100
6.96715	100
6.96771	100
6.96827	100
6.96884	100
6.9694	100
6.96996	100
6.97052	100
6.97109	100
6.97165	100
6.97221	100
6.97277	100
6.97333	100
6.9739	100
6.97446	100
6.97502	100
6.97558	100
6.97614	100
6.97671	100
6.97727	100
6.97783	100
6.97839	100
6.97896	100
6.97952	100
6.98008	100
6.98064	100
6.9812	100
6.98177	100
6.98233	100
6.98289	100
6.98345	100
6.98401	100
6.98458	100
6.98514	101
6.9857	101
6.98626	101
6.98683	101
6.98739	101
6.98795	101
6.98851	101
6.98907	101
6.98964	101
6.9902	101
6.99076	101
6.99132	101
6.99188	101
6.99245	101
6.99301	101
6.99357	101
6.99413	101
6.99469	101
6.99526	101
6.99582	101
6.99638	101
6.99694	101
6.99751	101
6.99807	101
6.99863	101
6.99919	101
6.99975	101
7.00032	101
7.00088	101
7.00144	101
7.002	101
7.00256	101
7.00313	101
7.00369	101
7.00425	101
7.00481	101
7.00538	101
7.00594	101
7.0065	101
7.03458	101
7.03514	101
7.0357	101
7.03627	101
7.03683	100
7.03739	100
7.03795	100
7.03851	100
7.03908	100
7.03964	100
7.0402	100
7.04076	100
7.04132	100
7.04189	100
7.04245	100
7.04301	100
7.04357	100
7.04414	100
7.0447	100
7.04526	100
7.04582	100
7.04638	100
7.04695	100
7.04751	100
7.04807	100
7.04863	100
7.04919	100
7.04976	100
7.05032	100
7.05088	100
7.05144	100
7.052	100
7.05257	100
7.05313	100
7.05369	100
7.05425	100
7.05482	100
7.05538	100
7.05594	100
7.0565	100
7.05706	100
7.05763	100
7.05819	100
7.05875	100
7.05931	100
7.05987	100
7.06044	100
7.061	100
7.06156	100
7.06212	100
7.06269	100
7.06325	100
7.06381	100
7.06437	100
7.06493	100
7.0655	100
7.06606	100
7.06662	100
7.06718	100
7.06774	100
7.06831	100
7.06887	100
7.06943	100
7.06999	100
7.07056	100
7.07112	100
7.07168	100
7.07224	100
7.0728	100
7.07337	100
7.07393	100
7.07449	100
7.07505	100
7.07561	100
7.07618	100
7.07674	100
7.0773	100
7.07786	100
7.07843	100
7.07899	100
7.07955	100
7.08011	100
7.08067	100
7.08124	100
7.0818	100
7.08236	100
7.08292	100
7.08348	100
7.08405	100
7.08461	100
7.08517	101
7.08573	101
7.0863	101
7.08686	101
7.08742	101
7.08798	101
7.08854	101
7.08911	101
7.08967	101
7.09023	101
7.09079	101
7.09135	101
7.09192	101
7.09248	101
7.09304	101
7.0936	101
7.09416	101
7.09473	101
7.09529	101
7.09585	101
7.09641	101
7.09698	101
7.09754	101
7.0981	101
7.09866	101
7.09922	101
7.09979	101
7.10035	101
7.10091	101
7.10147	101
7.10203	101
7.1026	101
7.10316	101
7.10372	101
7.10428	101
7.10485	101
7.10541	101
7.10597	101
7.10653	101
7.10709	101
7.10766	101
7.13489	105
7.13545	104
7.13602	104
7.13658	103
7.13714	103
7.1377	103
7.13826	102
7.13883	102
7.13939	102
7.13995	102
7.14051	101
7.14108	101
7.14164	101
7.1422	101
7.14276	101
7.14332	101
7.14389	101
7.14445	101
7.14501	101
7.14557	101
7.14613	101
7.1467	101
7.14726	101
7.14782	101
7.14838	101
7.14895	100
7.14951	100
7.15007	100
7.15063	100
7.15119	100
7.15176	100
7.15232	100
7.15288	100
7.15344	100
7.154	100
7.15457	100
7.15513	100
7.15569	100
7.15625	100
7.15682	100
7.15738	100
7.15794	100
7.1585	100
7.15906	100
7.15963	100
7.16019	100
7.16075	100
7.16131	100
7.16187	100
7.16244	100
7.163	100
7.16356	100
7.16412	100
7.16469	100
7.16525	100
7.16581	100
7.16637	100
7.16693	100
7.1675	100
7.16806	100
7.16862	100
7.16918	100
7.16974	100
7.17031	100
7.17087	100
7.17143	100
7.17199	100
7.17255	100
7.17312	100
7.17368	100
7.17424	100
7.1748	100
7.17537	100
7.17593	100
7.17649	100
7.17705	100
7.17761	100
7.17818	100
7.17874	100
7.1793	100
7.17986	100
7.18042	100
7.18099	100
7.18155	100
7.18211	100
7.18267	100
7.18324	100
7.1838	100
7.18436	101
7.18492	101
7.18548	101
7.18605	101
7.18661	101
7.18717	101
7.18773	101
7.18829	101
7.18886	101
7.18942	101
7.18998	101
7.19054	101
7.19111	101
7.19167	101
7.19223	101
7.19279	101
7.19335	101
7.19392	101
7.19448	101
7.19504	101
7.1956	101
7.19616	101
7.19673	101
7.19729	101
7.19785	101
7.19841	101
7.19898	101
7.19954	101
7.2001	101
7.20066	101
7.20122	101
7.20179	101
7.20235	101
7.20291	101
7.20347	101
7.20403	101
7.2046	101
7.20516	101
7.20572	101
7.20628	101
7.20685	101
7.20741	101
7.20797	101
7.20853	101
7.20909	101
7.23549	101
7.23605	101
7.23661	101
7.23717	101
7.23773	101
7.2383	101
7.23886	100
7.23942	100
7.23998	100
7.24055	100
7.24111	100
7.24167	100
7.24223	100
7.24279	100
7.24336	100
7.24392	100
7.24448	100
7.24504	100
7.2456	100
7.24617	100
7.24673	100
7.24729	100
7.24785	100
7.24842	100
7.24898	100
7.24954	100
7.2501	100
7.25066	100
7.25123	100
7.25179	100
7.25235	100
7.25291	100
7.25347	100
7.25404	100
7.2546	100
7.25516	100
7.25572	100
7.25629	100
7.25685	100
7.25741	100
7.25797	100
7.25853	100
7.2591	100
7.25966	100
7.26022	100
7.26078	100
7.26134	100
7.26191	100
7.26247	100
7.26303	100
7.26359	100
7.26416	100
7.26472	100
7.26528	100
7.26584	100
7.2664	100
7.26697	100
7.26753	100
7.26809	100
7.26865	100
7.26921	100
7.26978	100
7.27034	100
7.2709	100
7.27146	100
7.27202	100
7.27259	100
7.27315	100
7.27371	100
7.27427	100
7.27484	100
7.2754	100
7.27596	100
7.27652	100
7.27708	100
7.27765	100
7.27821	100
7.27877	100
7.27933	100
7.27989	100
7.28046	100
7.28102	100
7.28158	100
7.28214	100
7.28271	100
7.28327	100
7.28383	100
7.28439	100
7.28495	100
7.28552	100
7.28608	100
7.28664	101
7.2872	101
7.28776	101
7.28833	101
7.28889	101
7.28945	101
7.29001	101
7.29058	101
7.29114	101
7.2917	101
7.29226	101
7.29282	101
7.29339	101
7.29395	101
7.29451	101
7.29507	101
7.29563	101
7.2962	101
7.29676	101
7.29732	101
7.29788	101
7.29845	101
7.29901	101
7.29957	101
7.30013	101
7.30069	101
7.30126	101
7.30182	101
7.30238	101
7.30294	101
7.3035	101
7.30407	101
7.30463	101
7.30519	101
7.30575	101
7.30632	101
7.30688	101
7.30744	101
7.308	101
7.30856	101
7.30913	101
7.30969	101
7.31025	101
7.3358	104
7.33636	104
7.33692	103
7.33749	103
7.33805	103
7.33861	102
7.33917	102
7.33973	102
7.3403	102
7.34086	102
7.34142	101
7.34198	101
7.34254	101
7.34311	101
7.34367	101
7.34423	101
7.34479	101
7.34536	101
7.34592	101
7.34648	101
7.34704	101
7.3476	101
7.34817	101
7.34873	101
7.34929	101
7.34985	101
7.35041	101
7.35098	100
7.35154	100
7.3521	100
7.35266	100
7.35323	100
7.35379	100
7.35435	100
7.35491	100
7.35547	100
7.35604	100
7.3566	100
7.35716	100
7.35772	100
7.35828	100
7.35885	100
7.35941	100
7.35997	100
7.36053	100
7.3611	100
7.36166	100
7.36222	100
7.36278	100
7.36334	100
7.36391	100
7.36447	100
7.36503	100
7.36559	100
7.36615	100
7.36672	100
7.36728	100
7.36784	100
7.3684	100
7.36897	100
7.36953	100
7.37009	100
7.37065	100
7.37121	100
7.37178	100
7.37234	100
7.3729	100
7.37346	100
7.37402	100
7.37459	100
7.37515	100
7.37571	100
7.37627	100
7.37684	100
7.3774	100
7.37796	100
7.37852	100
7.37908	100
7.37965	100
7.38021	100
7.38077	100
7.38133	100
7.38189	100
7.38246	100
7.38302	100
7.38358	100
7.38414	100
7.38471	100
7.38527	101
7.38583	101
7.38639	101
7.38695	101
7.38752	101
7.38808	101
7.38864	101
7.3892	101
7.38976	101
7.39033	101
7.39089	101
7.39145	101
7.39201	101
7.39257	101
7.39314	101
7.3937	101
7.39426	101
7.39482	101
7.39539	101
7.39595	101
7.39651	101
7.39707	101
7.39763	101
7.3982	101
7.39876	101
7.39932	101
7.39988	101
7.40044	101
7.40101	101
7.40157	101
7.40213	101
7.40269	101
7.40326	101
7.40382	101
7.40438	101
7.40494	101
7.4055	101
7.40607	101
7.40663	101
7.40719	101
7.40775	101
7.40831	101
7.40888	101
7.40944	101
7.41	101
7.41056	101
7.41113	101
7.41169	101
7.43639	101
7.43696	101
7.43752	101
7.43808	101
7.43864	101
7.4392	101
7.43977	100
7.44033	100
7.44089	100
7.44145	100
7.44201	100
7.44258	100
7.44314	100
7.4437	100
7.44426	100
7.44483	100
7.44539	100
7.44595	100
7.44651	100
7.44707	100
7.44764	100
7.4482	100
7.44876	100
7.44932	100
7.44988	100
7.45045	100
7.45101	100
7.45157	100
7.45213	100
7.4527	100
7.45326	100
7.45382	100
7.45438	100
7.45494	100
7.45551	100
7.45607	100
7.45663	100
7.45719	100
7.45775	100
7.45832	100
7.45888	100
7.45944	100
7.46	100
7.46057	100
7.46113	100
7.46169	100
7.46225	100
7.46281	100
7.46338	100
7.46394	100
7.4645	100
7.46506	100
7.46562	100
7.46619	100
7.46675	100
7.46731	100
7.46787	100
7.46844	100
7.469	100
7.46956	100
7.47012	100
7.47068	100
7.47125	100
7.47181	100
7.47237	100
7.47293	100
7.47349	100
7.47406	100
7.47462	100
7.47518	100
7.47574	100
7.47631	100
7.47687	100
7.47743	100
7.47799	100
7.47855	100
7.47912	100
7.47968	100
7.48024	100
7.4808	100
7.48136	100
7.48193	100
7.48249	100
7.48305	100
7.48361	100
7.48418	100
7.48474	100
7.4853	100
7.48586	100
7.48642	100
7.48699	100
7.48755	101
7.48811	101
7.48867	101
7.48923	101
7.4898	101
7.49036	101
7.49092	101
7.49148	101
7.49204	101
7.49261	101
7.49317	101
7.49373	101
7.49429	101
7.49486	101
7.49542	101
7.49598	101
7.49654	101
7.4971	101
7.49767	101
7.49823	101
7.49879	101
7.49935	101
7.49991	101
7.50048	101
7.50104	101
7.5016	101
7.50216	101
7.50273	101
7.50329	101
7.50385	101
7.50441	101
7.50497	101
7.50554	101
7.5061	101
7.50666	101
7.50722	101
7.50778	101
7.50835	101
7.50891	101
7.50947	101
7.51003	101
7.5106	101
7.51116	101
7.51172	101
7.51228	101
7.51284	101
7.53671	104
7.53727	104
7.53783	103
7.53839	103
7.53896	102
7.53952	102
7.54008	102
7.54064	102
7.5412	102
7.54177	102
7.54233	101
7.54289	101
7.54345	101
7.54401	101
7.54458	101
7.54514	101
7.5457	101
7.54626	101
7.54683	101
7.54739	101
7.54795	101
7.54851	101
7.54907	101
7.54964	101
7.5502	101
7.55076	101
7.55132	101
7.55188	100
7.55245	100
7.55301	100
7.55357	100
7.55413	100
7.5547	100
7.55526	100
7.55582	100
7.55638	100
7.55694	100
7.55751	100
7.55807	100
7.55863	100
7.55919	100
7.55975	100
7.56032	100
7.56088	100
7.56144	100
7.562	100
7.56257	100
7.56313	100
7.56369	100
7.56425	100
7.56481	100
7.56538	100
7.56594	100
7.5665	100
7.56706	100
7.56762	100
7.56819	100
7.56875	100
7.56931	100
7.56987	100
7.57043	100
7.571	100
7.57156	100
7.57212	100
7.57268	100
7.57325	100
7.57381	100
7.57437	100
7.57493	100
7.57549	100
7.57606	100
7.57662	100
7.57718	100
7.57774	100
7.5783	100
7.57887	100
7.57943	100
7.57999	100
7.58055	100
7.58112	100
7.58168	100
7.58224	100
7.5828	100
7.58336	100
7.58393	100
7.58449	100
7.58505	100
7.58561	100
7.58617	101
7.58674	101
7.5873	101
7.58786	101
7.58842	101
7.58899	101
7.58955	101
7.59011	101
7.59067	101
7.59123	101
7.5918	101
7.59236	101
7.59292	101
7.59348	101
7.59404	101
7.59461	101
7.59517	101
7.59573	101
7.59629	101
7.59686	101
7.59742	101
7.59798	101
7.59854	101
7.5991	101
7.59967	101
7.60023	101
7.60079	101
7.60135	101
7.60191	101
7.60248	101
7.60304	101
7.6036	101
7.60416	101
7.60473	101
7.60529	101
7.60585	101
7.60641	101
7.60697	101
7.60754	101
7.6081	101
7.60866	101
7.60922	101
7.60978	101
7.61035	101
7.61091	101
7.61147	101
7.61203	101
7.61259	101
7.61316	101
7.61372	101
7.61428	101
7.6373	101
7.63786	101
7.63843	101
7.63899	101
7.63955	101
7.64011	101
7.64067	100
7.64124	100
7.6418	100
7.64236	100
7.64292	100
7.64348	100
7.64405	100
7.64461	100
7.64517	100
7.64573	100
7.6463	100
7.64686	100
7.64742	100
7.64798	100
7.64854	100
7.64911	100
7.64967	100
7.65023	100
7.65079	100
7.65135	100
7.65192	100
7.65248	100
7.65304	100
7.6536	100
7.65417	100
7.65473	100
7.65529	100
7.65585	100
7.65641	100
7.65698	100
7.65754	100
7.6581	100
7.65866	100
7.65922	100
7.65979	100
7.66035	100
7.66091	100
7.66147	100
7.66203	100
7.6626	100
7.66316	100
7.66372	100
7.66428	100
7.66485	100
7.66541	100
7.66597	100
7.66653	100
7.66709	100
7.66766	100
7.66822	100
7.66878	100
7.66934	100
7.6699	100
7.67047	100
7.67103	100
7.67159	100
7.67215	100
7.67272	100
7.67328	100
7.67384	100
7.6744	100
7.67496	100
7.67553	100
7.67609	100
7.67665	100
7.67721	100
7.67777	100
7.67834	100
7.6789	100
7.67946	100
7.68002	100
7.68059	100
7.68115	100
7.68171	100
7.68227	100
7.68283	100
7.6834	100
7.68396	100
7.68452	100
7.68508	100
7.68564	100
7.68621	101
7.68677	101
7.68733	101
7.68789	101
7.68846	101
7.68902	101
7.68958	101
7.69014	101
7.6907	101
7.69127	101
7.69183	101
7.69239	101
7.69295	101
7.69351	101
7.69408	101
7.69464	101
7.6952	101
7.69576	101
7.69633	101
7.69689	101
7.69745	101
7.69801	101
7.69857	101
7.69914	101
7.6997	101
7.70026	101
7.70082	101
7.70138	101
7.70195	101
7.70251	101
7.70307	101
7.70363	101
7.7042	101
7.70476	101
7.70532	101
7.70588	101
7.70644	101
7.70701	101
7.70757	101
7.70813	101
7.70869	101
7.70925	101
7.70982	101
7.71038	101
7.71094	101
7.7115	101
7.71206	101
7.71263	101
7.71319	101
7.71375	101
7.71431	101
7.71488	101
7.71544	101
7.73761	104
7.73818	103
7.73874	103
7.7393	103
7.73986	102
7.74042	102
7.74099	102
7.74155	102
7.74211	102
7.74267	101
7.74324	101
7.7438	101
7.74436	101
7.74492	101
7.74548	101
7.74605	101
7.74661	101
7.74717	101
7.74773	101
7.74829	101
7.74886	101
7.74942	101
7.74998	101
7.75054	101
7.75111	101
7.75167	101
7.75223	101
7.75279	101
7.75335	101
7.75392	100
7.75448	100
7.75504	100
7.7556	100
7.75616	100
7.75673	100
7.75729	100
7.75785	100
7.75841	100
7.75898	100
7.75954	100
7.7601	100
7.76066	100
7.76122	100
7.76179	100
7.76235	100
7.76291	100
7.76347	100
7.76403	100
7.7646	100
7.76516	100
7.76572	100
7.76628	100
7.76685	100
7.76741	100
7.76797	100
7.76853	100
7.76909	100
7.76966	100
7.77022	100
7.77078	100
7.77134	100
7.7719	100
7.77247	100
7.77303	100
7.77359	100
7.77415	100
7.77472	100
7.77528	100
7.77584	100
7.7764	100
7.77696	100
7.77753	100
7.77809	100
7.77865	100
7.77921	100
7.77977	100
7.78034	100
7.7809	100
7.78146	100
7.78202	100
7.78259	100
7.78315	100
7.78371	100
7.78427	100
7.78483	100
7.7854	101
7.78596	101
7.78652	101
7.78708	101
7.78764	101
7.78821	101
7.78877	101
7.78933	101
7.78989	101
7.79045	101
7.79102	101
7.79158	101
7.79214	101
7.7927	101
7.79327	101
7.79383	101
7.79439	101
7.79495	101
7.79551	101
7.79608	101
7.79664	101
7.7972	101
7.79776	101
7.79832	101
7.79889	101
7.79945	101
7.80001	101
7.80057	101
7.80114	101
7.8017	101
7.80226	101
7.80282	101
7.80338	101
7.80395	101
7.80451	101
7.80507	101
7.80563	101
7.80619	101
7.80676	101
7.80732	101
7.80788	101
7.80844	101
7.80901	101
7.80957	101
7.81013	101
7.81069	101
7.81125	101
7.81182	101
7.81238	101
7.81294	101
7.8135	101
7.81406	101
7.81463	101
7.81519	101
7.81575	101
7.81631	101
7.81688	101
7.83821	101
7.83877	101
7.83933	101
7.83989	101
7.84046	101
7.84102	101
7.84158	101
7.84214	101
7.84271	100
7.84327	100
7.84383	100
7.84439	100
7.84495	100
7.84552	100
7.84608	100
7.84664	100
7.8472	100
7.84776	100
7.84833	100
7.84889	100
7.84945	100
7.85001	100
7.85058	100
7.85114	100
7.8517	100
7.85226	100
7.85282	100
7.85339	100
7.85395	100
7.85451	100
7.85507	100
7.85563	100
7.8562	100
7.85676	100
7.85732	100
7.85788	100
7.85845	100
7.85901	100
7.85957	100
7.86013	100
7.86069	100
7.86126	100
7.86182	100
7.86238	100
7.86294	100
7.8635	100
7.86407	100
7.86463	100
7.86519	100
7.86575	100
7.86632	100
7.86688	100
7.86744	100
7.868	100
7.86856	100
7.86913	100
7.86969	100
7.87025	100
7.87081	100
7.87137	100
7.87194	100
7.8725	100
7.87306	100
7.87362	100
7.87419	100
7.87475	100
7.87531	100
7.87587	100
7.87643	100
7.877	100
7.87756	100
7.87812	100
7.87868	100
7.87924	100
7.87981	100
7.88037	100
7.88093	100
7.88149	100
7.88206	100
7.88262	100
7.88318	100
7.88374	100
7.8843	100
7.88487	100
7.88543	100
7.88599	100
7.88655	100
7.88711	100
7.88768	101
7.88824	101
7.8888	101
7.88936	101
7.88992	101
7.89049	101
7.89105	101
7.89161	101
7.89217	101
7.89274	101
7.8933	101
7.89386	101
7.89442	101
7.89498	101
7.89555	101
7.89611	101
7.89667	101
7.89723	101
7.89779	101
7.89836	101
7.89892	101
7.89948	101
7.90004	101
7.90061	101
7.90117	101
7.90173	101
7.90229	101
7.90285	101
7.90342	101
7.90398	101
7.90454	101
7.9051	101
7.90566	101
7.90623	101
7.90679	101
7.90735	101
7.90791	101
7.90848	101
7.90904	101
7.9096	101
7.91016	101
7.91072	101
7.91129	101
7.91185	101
7.91241	101
7.91297	101
7.91353	101
7.9141	101
7.91466	101
7.91522	101
7.91578	101
7.91635	101
7.91691	101
7.91747	101
7.91803	101
7.93852	104
7.93908	103
7.93965	103
7.94021	103
7.94077	102
7.94133	102
7.94189	102
7.94246	102
7.94302	102
7.94358	101
7.94414	101
7.94471	101
7.94527	101
7.94583	101
7.94639	101
7.94695	101
7.94752	101
7.94808	101
7.94864	101
7.9492	101
7.94976	101
7.95033	101
7.95089	100
7.95145	100
7.95201	100
7.95258	100
7.95314	100
7.9537	100
7.95426	100
7.95482	100
7.95539	100
7.95595	100
7.95651	100
7.95707	100
7.95763	100
7.9582	100
7.95876	100
7.95932	100
7.95988	100
7.96044	100
7.96101	100
7.96157	100
7.96213	100
7.96269	100
7.96326	100
7.96382	100
7.96438	100
7.96494	100
7.9655	100
7.96607	100
7.96663	100
7.96719	100
7.96775	100
7.96831	100
7.96888	100
7.96944	100
7.97	100
7.97056	100
7.97113	100
7.97169	100
7.97225	100
7.97281	100
7.97337	100
7.97394	100
7.9745	100
7.97506	100
7.97562	100
7.97618	100
7.97675	100
7.97731	100
7.97787	100
7.97843	100
7.979	100
7.97956	100
7.98012	100
7.98068	100
7.98124	100
7.98181	100
7.98237	100
7.98293	100
7.98349	100
7.98405	100
7.98462	100
7.98518	100
7.98574	100
7.9863	101
7.98687	101
7.98743	101
7.98799	101
7.98855	101
7.98911	101
7.98968	101
7.99024	101
7.9908	101
7.99136	101
7.99192	101
7.99249	101
7.99305	101
7.99361	101
7.99417	101
7.99474	101
7.9953	101
7.99586	101
7.99642	101
7.99698	101
7.99755	101
7.99811	101
7.99867	101
7.99923	101
7.99979	101
8.00036	101
8.00092	101
8.00148	101
8.00204	101
8.00261	101
8.00317	101
8.00373	101
8.00429	101
8.00485	101
8.00542	101
8.00598	101
8.00654	101
8.0071	101
8.00766	101
8.00823	101
8.00879	101
8.00935	101
8.00991	101
8.01047	101
8.01104	101
8.0116	101
8.01216	101
8.01272	101
8.01329	101
8.01385	101
8.01441	101
8.01497	101
8.01553	101
8.0161	101
8.01666	101
8.01722	101
8.01778	101
8.01834	101
8.01891	101
8.01947	101
8.03912	101
8.03968	101
8.04024	101
8.0408	100
8.04136	100
8.04193	100
8.04249	100
8.04305	100
8.04361	100
8.04418	100
8.04474	100
8.0453	100
8.04586	100
8.04642	100
8.04699	100
8.04755	100
8.04811	100
8.04867	100
8.04923	100
8.0498	100
8.05036	100
8.05092	100
8.05148	100
8.05205	100
8.05261	100
8.05317	100
8.05373	100
8.05429	100
8.05486	100
8.05542	100
8.05598	100
8.05654	100
8.0571	100
8.05767	100
8.05823	100
8.05879	100
8.05935	100
8.05991	100
8.06048	100
8.06104	100
8.0616	100
8.06216	100
8.06273	100
8.06329	100
8.06385	100
8.06441	100
8.06497	100
8.06554	100
8.0661	100
8.06666	100
8.06722	100
8.06778	100
8.06835	100
8.06891	100
8.06947	100
8.07003	100
8.0706	100
8.07116	100
8.07172	100
8.07228	100
8.07284	100
8.07341	100
8.07397	100
8.07453	100
8.07509	100
8.07565	100
8.07622	100
8.07678	100
8.07734	100
8.0779	100
8.07847	100
8.07903	100
8.07959	100
8.08015	100
8.08071	100
8.08128	100
8.08184	100
8.0824	100
8.08296	100
8.08352	100
8.08409	100
8.08465	100
8.08521	100
8.08577	100
8.08634	100
8.0869	100
8.08746	101
8.08802	101
8.08858	101
8.08915	101
8.08971	101
8.09027	101
8.09083	101
8.09139	101
8.09196	101
8.09252	101
8.09308	101
8.09364	101
8.09421	101
8.09477	101
8.09533	101
8.09589	101
8.09645	101
8.09702	101
8.09758	101
8.09814	101
8.0987	101
8.09926	101
8.09983	101
8.10039	101
8.10095	101
8.10151	101
8.10208	101
8.10264	101
8.1032	101
8.10376	101
8.10432	101
8.10489	101
8.10545	101
8.10601	101
8.10657	101
8.10713	101
8.1077	101
8.10826	101
8.10882	101
8.10938	101
8.10994	101
8.11051	101
8.11107	101
8.11163	101
8.11219	101
8.11276	101
8.11332	101
8.11388	101
8.11444	101
8.115	101
8.11557	101
8.11613	101
8.11669	101
8.11725	101
8.11781	101
8.11838	101
8.11894	101
8.1195	101
8.12006	101
8.12063	101
8.13943	104
8.13999	103
8.14055	103
8.14112	102
8.14168	102
8.14224	102
8.1428	102
8.14336	102
8.14393	101
8.14449	101
8.14505	101
8.14561	101
8.14617	101
8.14674	101
8.1473	101
8.14786	101
8.14842	101
8.14899	101
8.14955	101
8.15011	101
8.15067	101
8.15123	101
8.1518	101
8.15236	101
8.15292	100
8.15348	100
8.15404	100
8.15461	100
8.15517	100
8.15573	100
8.15629	100
8.15686	100
8.15742	100
8.15798	100
8.15854	100
8.1591	100
8.15967	100
8.16023	100
8.16079	100
8.16135	100
8.16191	100
8.16248	100
8.16304	100
8.1636	100
8.16416	100
8.16473	100
8.16529	100
8.16585	100
8.16641	100
8.16697	100
8.16754	100
8.1681	100
8.16866	100
8.16922	100
8.16978	100
8.17035	100
8.17091	100
8.17147	100
8.17203	100
8.1726	100
8.17316	100
8.17372	100
8.17428	100
8.17484	100
8.17541	100
8.17597	100
8.17653	100
8.17709	100
8.17765	100
8.17822	100
8.17878	100
8.17934	100
8.1799	100
8.18046	100
8.18103	100
8.18159	100
8.18215	100
8.18271	100
8.18328	100
8.18384	100
8.1844	100
8.18496	100
8.18552	100
8.18609	100
8.18665	100
8.18721	101
8.18777	101
8.18833	101
8.1889	101
8.18946	101
8.19002	101
8.19058	101
8.19115	101
8.19171	101
8.19227	101
8.19283	101
8.19339	101
8.19396	101
8.19452	101
8.19508	101
8.19564	101
8.1962	101
8.19677	101
8.19733	101
8.19789	101
8.19845	101
8.19902	101
8.19958	101
8.20014	101
8.2007	101
8.20126	101
8.20183	101
8.20239	101
8.20295	101
8.20351	101
8.20407	101
8.20464	101
8.2052	101
8.20576	101
8.20632	101
8.20689	101
8.20745	101
8.20801	101
8.20857	101
8.20913	101
8.2097	101
8.21026	101
8.21082	101
8.21138	101
8.21194	101
8.21251	101
8.21307	101
8.21363	101
8.21419	101
8.21476	101
8.21532	101
8.21588	101
8.21644	101
8.217	101
8.21757	101
8.21813	101
8.21869	101
8.21925	101
8.21981	101
8.22038	101
8.22094	101
8.2215	101
8.22206	101
8.24002	101
8.24059	101
8.24115	101
8.24171	101
8.24227	101
8.24283	100
8.2434	100
8.24396	100
8.24452	100
8.24508	100
8.24564	100
8.24621	100
8.24677	100
8.24733	100
8.24789	100
8.24846	100
8.24902	100
8.24958	100
8.25014	100
8.2507	100
8.25127	100
8.25183	100
8.25239	100
8.25295	100
8.25351	100
8.25408	100
8.25464	100
8.2552	100
8.25576	100
8.25633	100
8.25689	100
8.25745	100
8.25801	100
8.25857	100
8.25914	100
8.2597	100
8.26026	100
8.26082	100
8.26138	100
8.26195	100
8.26251	100
8.26307	100
8.26363	100
8.2642	100
8.26476	100
8.26532	100
8.26588	100
8.26644	100
8.26701	100
8.26757	100
8.26813	100
8.26869	100
8.26925	100
8.26982	100
8.27038	100
8.27094	100
8.2715	100
8.27207	100
8.27263	100
8.27319	100
8.27375	100
8.27431	100
8.27488	100
8.27544	100
8.276	100
8.27656	100
8.27712	100
8.27769	100
8.27825	100
8.27881	100
8.27937	100
8.27993	100
8.2805	100
8.28106	100
8.28162	100
8.28218	100
8.28275	100
8.28331	100
8.28387	100
8.28443	100
8.28499	100
8.28556	100
8.28612	100
8.28668	100
8.28724	101
8.2878	101
8.28837	101
8.28893	101
8.28949	101
8.29005	101
8.29062	101
8.29118	101
8.29174	101
8.2923	101
8.29286	101
8.29343	101
8.29399	101
8.29455	101
8.29511	101
8.29567	101
8.29624	101
8.2968	101
8.29736	101
8.29792	101
8.29849	101
8.29905	101
8.29961	101
8.30017	101
8.30073	101
8.3013	101
8.30186	101
8.30242	101
8.30298	101
8.30354	101
8.30411	101
8.30467	101
8.30523	101
8.30579	101
8.30636	101
8.30692	101
8.30748	101
8.30804	101
8.3086	101
8.30917	101
8.30973	101
8.31029	101
8.31085	101
8.31141	101
8.31198	101
8.31254	101
8.3131	101
8.31366	101
8.31423	101
8.31479	101
8.31535	101
8.31591	101
8.31647	101
8.31704	101
8.3176	101
8.31816	101
8.31872	101
8.31928	101
8.31985	101
8.32041	101
8.32097	101
8.32153	101
8.3221	101
8.32266	101
8.32322	101
8.34034	103
8.3409	103
8.34146	103
8.34202	102
8.34259	102
8.34315	102
8.34371	102
8.34427	102
8.34483	101
8.3454	101
8.34596	101
8.34652	101
8.34708	101
8.34764	101
8.34821	101
8.34877	101
8.34933	101
8.34989	101
8.35046	101
8.35102	101
8.35158	101
8.35214	101
8.3527	101
8.35327	101
8.35383	101
8.35439	101
8.35495	100
8.35551	100
8.35608	100
8.35664	100
8.3572	100
8.35776	100
8.35832	100
8.35889	100
8.35945	100
8.36001	100
8.36057	100
8.36114	100
8.3617	100
8.36226	100
8.36282	100
8.36338	100
8.36395	100
8.36451	100
8.36507	100
8.36563	100
8.36619	100
8.36676	100
8.36732	100
8.36788	100
8.36844	100
8.36901	100
8.36957	100
8.37013	100
8.37069	100
8.37125	100
8.37182	100
8.37238	100
8.37294	100
8.3735	100
8.37406	100
8.37463	100
8.37519	100
8.37575	100
8.37631	100
8.37688	100
8.37744	100
8.378	100
8.37856	100
8.37912	100
8.37969	100
8.38025	100
8.38081	100
8.38137	100
8.38193	100
8.3825	100
8.38306	100
8.38362	100
8.38418	100
8.38475	100
8.38531	100
8.38587	100
8.38643	101
8.38699	101
8.38756	101
8.38812	101
8.38868	101
8.38924	101
8.3898	101
8.39037	101
8.39093	101
8.39149	101
8.39205	101
8.39262	101
8.39318	101
8.39374	101
8.3943	101
8.39486	101
8.39543	101
8.39599	101
8.39655	101
8.39711	101
8.39767	101
8.39824	101
8.3988	101
8.39936	101
8.39992	101
8.40049	101
8.40105	101
8.40161	101
8.40217	101
8.40273	101
8.4033	101
8.40386	101
8.40442	101
8.40498	101
8.40554	101
8.40611	101
8.40667	101
8.40723	101
8.40779	101
8.40835	101
8.40892	101
8.40948	101
8.41004	101
8.4106	101
8.41117	101
8.41173	101
8.41229	101
8.41285	101
8.41341	101
8.41398	101
8.41454	101
8.4151	101
8.41566	101
8.41622	101
8.41679	101
8.41735	101
8.41791	101
8.41847	101
8.41904	101
8.4196	101
8.42016	101
8.42072	101
8.42128	101
8.42185	101
8.42241	101
8.42297	101
8.42353	101
8.42409	101
8.42466	101
8.44093	101
8.44149	101
8.44206	101
8.44262	101
8.44318	101
8.44374	100
8.4443	100
8.44487	100
8.44543	100
8.44599	100
8.44655	100
8.44711	100
8.44768	100
8.44824	100
8.4488	100
8.44936	100
8.44993	100
8.45049	100
8.45105	100
8.45161	100
8.45217	100
8.45274	100
8.4533	100
8.45386	100
8.45442	100
8.45498	100
8.45555	100
8.45611	100
8.45667	100
8.45723	100
8.45779	100
8.45836	100
8.45892	100
8.45948	100
8.46004	100
8.46061	100
8.46117	100
8.46173	100
8.46229	100
8.46285	100
8.46342	100
8.46398	100
8.46454	100
8.4651	100
8.46566	100
8.46623	100
8.46679	100
8.46735	100
8.46791	100
8.46848	100
8.46904	100
8.4696	100
8.47016	100
8.47072	100
8.47129	100
8.47185	100
8.47241	100
8.47297	100
8.47353	100
8.4741	100
8.47466	100
8.47522	100
8.47578	100
8.47635	100
8.47691	100
8.47747	100
8.47803	100
8.47859	100
8.47916	100
8.47972	100
8.48028	100
8.48084	100
8.4814	100
8.48197	100
8.48253	100
8.48309	100
8.48365	100
8.48422	100
8.48478	100
8.48534	100
8.4859	100
8.48646	100
8.48703	100
8.48759	100
8.48815	101
8.48871	101
8.48927	101
8.48984	101
8.4904	101
8.49096	101
8.49152	101
8.49209	101
8.49265	101
8.49321	101
8.49377	101
8.49433	101
8.4949	101
8.49546	101
8.49602	101
8.49658	101
8.49714	101
8.49771	101
8.49827	101
8.49883	101
8.49939	101
8.49995	101
8.50052	101
8.50108	101
8.50164	101
8.5022	101
8.50277	101
8.50333	101
8.50389	101
8.50445	101
8.50501	101
8.50558	101
8.50614	101
8.5067	101
8.50726	101
8.50782	101
8.50839	101
8.50895	101
8.50951	101
8.51007	101
8.51064	101
8.5112	101
8.51176	101
8.51232	101
8.51288	101
8.51345	101
8.51401	101
8.51457	101
8.51513	101
8.51569	101
8.51626	101
8.51682	101
8.51738	101
8.51794	101
8.51851	101
8.51907	101
8.51963	101
8.52019	101
8.52075	101
8.52132	101
8.52188	101
8.52244	101
8.523	101
8.52356	101
8.52413	101
8.52469	101
8.52525	101
8.52581	101
8.54124	103
8.54181	103
8.54237	103
8.54293	102
8.54349	102
8.54405	102
8.54462	102
8.54518	101
8.54574	101
8.5463	101
8.54687	101
8.54743	101
8.54799	101
8.54855	101
8.54911	101
8.54968	101
8.55024	101
8.5508	101
8.55136	101
8.55192	101
8.55249	101
8.55305	101
8.55361	101
8.55417	101
8.55474	101
8.5553	101
8.55586	101
8.55642	101
8.55698	100
8.55755	100
8.55811	100
8.55867	100
8.55923	100
8.55979	100
8.56036	100
8.56092	100
8.56148	100
8.56204	100
8.56261	100
8.56317	100
8.56373	100
8.56429	100
8.56485	100
8.56542	100
8.56598	100
8.56654	100
8.5671	100
8.56766	100
8.56823	100
8.56879	100
8.56935	100
8.56991	100
8.57048	100
8.57104	100
8.5716	100
8.57216	100
8.57272	100
8.57329	100
8.57385	100
8.57441	100
8.57497	100
8.57553	100
8.5761	100
8.57666	100
8.57722	100
8.57778	100
8.57834	100
8.57891	100
8.57947	100
8.58003	100
8.58059	100
8.58116	100
8.58172	100
8.58228	100
8.58284	100
8.5834	100
8.58397	100
8.58453	100
8.58509	100
8.58565	100
8.58621	100
8.58678	100
8.58734	101
8.5879	101
8.58846	101
8.58903	101
8.58959	101
8.59015	101
8.59071	101
8.59127	101
8.59184	101
8.5924	101
8.59296	101
8.59352	101
8.59408	101
8.59465	101
8.59521	101
8.59577	101
8.59633	101
8.5969	101
8.59746	101
8.59802	101
8.59858	101
8.59914	101
8.59971	101
8.60027	101
8.60083	101
8.60139	101
8.60195	101
8.60252	101
8.60308	101
8.60364	101
8.6042	101
8.60477	101
8.60533	101
8.60589	101
8.60645	101
8.60701	101
8.60758	101
8.60814	101
8.6087	101
8.60926	101
8.60982	101
8.61039	101
8.61095	101
8.61151	101
8.61207	101
8.61264	101
8.6132	101
8.61376	101
8.61432	101
8.61488	101
8.61545	101
8.61601	101
8.61657	101
8.61713	101
8.61769	101
8.61826	101
8.61882	101
8.61938	101
8.61994	101
8.62051	101
8.62107	101
8.62163	101
8.62219	101
8.62275	101
8.62332	101
8.62388	101
8.62444	101
8.625	101
8.62556	101
8.62613	101
8.62669	101
8.62725	101
8.64184	101
8.6424	101
8.64296	101
8.64352	101
8.64409	101
8.64465	100
8.64521	100
8.64577	100
8.64634	100
8.6469	100
8.64746	100
8.64802	100
8.64858	100
8.64915	100
8.64971	100
8.65027	100
8.65083	100
8.65139	100
8.65196	100
8.65252	100
8.65308	100
8.65364	100
8.65421	100
8.65477	100
8.65533	100
8.65589	100
8.65645	100
8.65702	100
8.65758	100
8.65814	100
8.6587	100
8.65926	100
8.65983	100
8.66039	100
8.66095	100
8.66151	100
8.66208	100
8.66264	100
8.6632	100
8.66376	100
8.66432	100
8.66489	100
8.66545	100
8.66601	100
8.66657	100
8.66713	100
8.6677	100
8.66826	100
8.66882	100
8.66938	100
8.66995	100
8.67051	100
8.67107	100
8.67163	100
8.67219	100
8.67276	100
8.67332	100
8.67388	100
8.67444	100
8.675	100
8.67557	100
8.67613	100
8.67669	100
8.67725	100
8.67781	100
8.67838	100
8.67894	100
8.6795	100
8.68006	100
8.68063	100
8.68119	100
8.68175	100
8.68231	100
8.68287	100
8.68344	100
8.684	100
8.68456	100
8.68512	100
8.68568	100
8.68625	100
8.68681	100
8.68737	100
8.68793	100
8.6885	100
8.68906	101
8.68962	101
8.69018	101
8.69074	101
8.69131	101
8.69187	101
8.69243	101
8.69299	101
8.69355	101
8.69412	101
8.69468	101
8.69524	101
8.6958	101
8.69637	101
8.69693	101
8.69749	101
8.69805	101
8.69861	101
8.69918	101
8.69974	101
8.7003	101
8.70086	101
8.70142	101
8.70199	101
8.70255	101
8.70311	101
8.70367	101
8.70424	101
8.7048	101
8.70536	101
8.70592	101
8.70648	101
8.70705	101
8.70761	101
8.70817	101
8.70873	101
8.70929	101
8.70986	101
8.71042	101
8.71098	101
8.71154	101
8.71211	101
8.71267	101
8.71323	101
8.71379	101
8.71435	101
8.71492	101
8.71548	101
8.71604	101
8.7166	101
8.71716	101
8.71773	101
8.71829	101
8.71885	101
8.71941	101
8.71998	101
8.72054	101
8.7211	101
8.72166	101
8.72222	101
8.72279	101
8.72335	101
8.72391	101
8.72447	101
8.72503	101
8.7256	101
8.72616	101
8.72672	101
8.72728	101
8.72784	101
8.72841	101
8.74215	103
8.74271	103
8.74328	102
8.74384	102
8.7444	102
8.74496	102
8.74552	101
8.74609	101
8.74665	101
8.74721	101
8.74777	101
8.74834	101
8.7489	101
8.74946	101
8.75002	101
8.75058	101
8.75115	101
8.75171	101
8.75227	101
8.75283	101
8.75339	101
8.75396	100
8.75452	100
8.75508	100
8.75564	100
8.7562	100
8.75677	100
8.75733	100
8.75789	100
8.75845	100
8.75902	100
8.75958	100
8.76014	100
8.7607	100
8.76126	100
8.76183	100
8.76239	100
8.76295	100
8.76351	100
8.76407	100
8.76464	100
8.7652	100
8.76576	100
8.76632	100
8.76689	100
8.76745	100
8.76801	100
8.76857	100
8.76913	100
8.7697	100
8.77026	100
8.77082	100
8.77138	100
8.77194	100
8.77251	100
8.77307	100
8.77363	100
8.77419	100
8.77476	100
8.77532	100
8.77588	100
8.77644	100
8.777	100
8.77757	100
8.77813	100
8.77869	100
8.77925	100
8.77981	100
8.78038	100
8.78094	100
8.7815	100
8.78206	100
8.78263	100
8.78319	100
8.78375	100
8.78431	100
8.78487	100
8.78544	100
8.786	100
8.78656	100
8.78712	100
8.78768	100
8.78825	101
8.78881	101
8.78937	101
8.78993	101
8.7905	101
8.79106	101
8.79162	101
8.79218	101
8.79274	101
8.79331	101
8.79387	101
8.79443	101
8.79499	101
8.79555	101
8.79612	101
8.79668	101
8.79724	101
8.7978	101
8.79836	101
8.79893	101
8.79949	101
8.80005	101
8.80061	101
8.80118	101
8.80174	101
8.8023	101
8.80286	101
8.80342	101
8.80399	101
8.80455	101
8.80511	101
8.80567	101
8.80623	101
8.8068	101
8.80736	101
8.80792	101
8.80848	101
8.80905	101
8.80961	101
8.81017	101
8.81073	101
8.81129	101
8.81186	101
8.81242	101
8.81298	101
8.81354	101
8.8141	101
8.81467	101
8.81523	101
8.81579	101
8.81635	101
8.81692	101
8.81748	101
8.81804	101
8.8186	101
8.81916	101
8.81973	101
8.82029	101
8.82085	101
8.82141	101
8.82197	101
8.82254	101
8.8231	101
8.82366	101
8.82422	101
8.82479	101
8.82535	101
8.82591	101
8.82647	101
8.82703	101
8.8276	101
8.82816	101
8.82872	101
8.82928	101
8.82984	101
8.84275	101
8.84331	101
8.84387	101
8.84443	101
8.84499	100
8.84556	100
8.84612	100
8.84668	100
8.84724	100
8.84781	100
8.84837	100
8.84893	100
8.84949	100
8.85005	100
8.85062	100
8.85118	100
8.85174	100
8.8523	100
8.85286	100
8.85343	100
8.85399	100
8.85455	100
8.85511	100
8.85567	100
8.85624	100
8.8568	100
8.85736	100
8.85792	100
8.85849	100
8.85905	100
8.85961	100
8.86017	100
8.86073	100
8.8613	100
8.86186	100
8.86242	100
8.86298	100
8.86354	100
8.86411	100
8.86467	100
8.86523	100
8.86579	100
8.86636	100
8.86692	100
8.86748	100
8.86804	100
8.8686	100
8.86917	100
8.86973	100
8.87029	100
8.87085	100
8.87141	100
8.87198	100
8.87254	100
8.8731	100
8.87366	100
8.87423	100
8.87479	100
8.87535	100
8.87591	100
8.87647	100
8.87704	100
8.8776	100
8.87816	100
8.87872	100
8.87928	100
8.87985	100
8.88041	100
8.88097	100
8.88153	100
8.8821	100
8.88266	100
8.88322	100
8.88378	100
8.88434	100
8.88491	100
8.88547	100
8.88603	100
8.88659	100
8.88715	100
8.88772	100
8.88828	101
8.88884	101
8.8894	101
8.88997	101
8.89053	101
8.89109	101
8.89165	101
8.89221	101
8.89278	101
8.89334	101
8.8939	101
8.89446	101
8.89502	101
8.89559	101
8.89615	101
8.89671	101
8.89727	101
8.89783	101
8.8984	101
8.89896	101
8.89952	101
8.90008	101
8.90065	101
8.90121	101
8.90177	101
8.90233	101
8.90289	101
8.90346	101
8.90402	101
8.90458	101
8.90514	101
8.9057	101
8.90627	101
8.90683	101
8.90739	101
8.90795	101
8.90852	101
8.90908	101
8.90964	101
8.9102	101
8.91076	101
8.91133	101
8.91189	101
8.91245	101
8.91301	101
8.91357	101
8.91414	101
8.9147	101
8.91526	101
8.91582	101
8.91639	101
8.91695	101
8.91751	101
8.91807	101
8.91863	101
8.9192	101
8.91976	101
8.92032	101
8.92088	101
8.92144	101
8.92201	101
8.92257	101
8.92313	101
8.92369	101
8.92426	101
8.92482	101
8.92538	101
8.92594	101
8.9265	101
8.92707	101
8.92763	101
8.92819	101
8.92875	101
8.92931	101
8.92988	101
8.93044	101
8.931	101
8.94306	103
8.94362	102
8.94418	102
8.94475	102
8.94531	102
8.94587	102
8.94643	102
8.94699	101
8.94756	101
8.94812	101
8.94868	101
8.94924	101
8.9498	101
8.95037	101
8.95093	101
8.95149	101
8.95205	101
8.95262	101
8.95318	101
8.95374	101
8.9543	101
8.95486	101
8.95543	101
8.95599	100
8.95655	100
8.95711	100
8.95767	100
8.95824	100
8.9588	100
8.95936	100
8.95992	100
8.96049	100
8.96105	100
8.96161	100
8.96217	100
8.96273	100
8.9633	100
8.96386	100
8.96442	100
8.96498	100
8.96554	100
8.96611	100
8.96667	100
8.96723	100
8.96779	100
8.96836	100
8.96892	100
8.96948	100
8.97004	100
8.9706	100
8.97117	100
8.97173	100
8.97229	100
8.97285	100
8.97341	100
8.97398	100
8.97454	100
8.9751	100
8.97566	100
8.97622	100
8.97679	100
8.97735	100
8.97791	100
8.97847	100
8.97904	100
8.9796	100
8.98016	100
8.98072	100
8.98128	100
8.98185	100
8.98241	100
8.98297	100
8.98353	100
8.98409	100
8.98466	100
8.98522	100
8.98578	100
8.98634	100
8.98691	100
8.98747	100
8.98803	100
8.98859	100
8.98915	101
8.98972	101
8.99028	101
8.99084	101
8.9914	101
8.99196	101
8.99253	101
8.99309	101
8.99365	101
8.99421	101
8.99478	101
8.99534	101
8.9959	101
8.99646	101
8.99702	101
8.99759	101
8.99815	101
8.99871	101
8.99927	101
8.99983	101
9.0004	101
9.00096	101
9.00152	101
9.00208	101
9.00265	101
9.00321	101
9.00377	101
9.00433	101
9.00489	101
9.00546	101
9.00602	101
9.00658	101
9.00714	101
9.0077	101
9.00827	101
9.00883	101
9.00939	101
9.00995	101
9.01052	101
9.01108	101
9.01164	101
9.0122	101
9.01276	101
9.01333	101
9.01389	101
9.01445	101
9.01501	101
9.01557	101
9.01614	101
9.0167	101
9.01726	101
9.01782	101
9.01838	101
9.01895	101
9.01951	101
9.02007	101
9.02063	101
9.0212	101
9.02176	101
9.02232	101
9.02288	101
9.02344	101
9.02401	101
9.02457	101
9.02513	101
9.02569	101
9.02625	101
9.02682	101
9.02738	101
9.02794	101
9.0285	101
9.02907	101
9.02963	101
9.03019	101
9.03075	101
9.03131	101
9.03188	101
9.03244	101
9.04365	101
9.04422	101
9.04478	101
9.04534	101
9.0459	100
9.04646	100
9.04703	100
9.04759	100
9.04815	100
9.04871	100
9.04927	100
9.04984	100
9.0504	100
9.05096	100
9.05152	100
9.05209	100
9.05265	100
9.05321	100
9.05377	100
9.05433	100
9.0549	100
9.05546	100
9.05602	100
9.05658	100
9.05714	100
9.05771	100
9.05827	100
9.05883	100
9.05939	100
9.05996	100
9.06052	100
9.06108	100
9.06164	100
9.0622	100
9.06277	100
9.06333	100
9.06389	100
9.06445	100
9.06501	100
9.06558	100
9.06614	100
9.0667	100
9.06726	100
9.06783	100
9.06839	100
9.06895	100
9.06951	100
9.07007	100
9.07064	100
9.0712	100
9.07176	100
9.07232	100
9.07288	100
9.07345	100
9.07401	100
9.07457	100
9.07513	100
9.07569	100
9.07626	100
9.07682	100
9.07738	100
9.07794	100
9.07851	100
9.07907	100
9.07963	100
9.08019	100
9.08075	100
9.08132	100
9.08188	100
9.08244	100
9.083	100
9.08356	100
9.08413	100
9.08469	100
9.08525	100
9.08581	100
9.08638	100
9.08694	100
9.0875	100
9.08806	100
9.08862	100
9.08919	100
9.08975	100
9.09031	100
9.09087	100
9.09143	100
9.092	100
9.09256	100
9.09312	101
9.09368	101
9.09425	101
9.09481	101
9.09537	101
9.09593	101
9.09649	101
9.09706	101
9.09762	101
9.09818	101
9.09874	101
9.0993	101
9.09987	101
9.10043	101
9.10099	101
9.10155	101
9.10212	101
9.10268	101
9.10324	101
9.1038	101
9.10436	101
9.10493	101
9.10549	101
9.10605	101
9.10661	101
9.10717	101
9.10774	101
9.1083	101
9.10886	101
9.10942	101
9.10999	101
9.11055	101
9.11111	101
9.11167	101
9.11223	101
9.1128	101
9.11336	101
9.11392	101
9.11448	101
9.11504	101
9.11561	101
9.11617	101
9.11673	101
9.11729	101
9.11785	101
9.11842	101
9.11898	101
9.11954	101
9.1201	101
9.12067	101
9.12123	101
9.12179	101
9.12235	101
9.12291	101
9.12348	101
9.12404	101
9.1246	101
9.12516	101
9.12572	101
9.12629	101
9.12685	101
9.12741	101
9.12797	101
9.12854	101
9.1291	101
9.12966	101
9.13022	101
9.13078	101
9.13135	101
9.13191	101
9.13247	101
9.13303	101
9.14397	102
9.14453	102
9.14509	102
9.14565	101
9.14622	101
9.14678	101
9.14734	101
9.1479	101
9.14846	101
9.14903	101
9.14959	101
9.15015	101
9.15071	101
9.15127	101
9.15184	101
9.1524	101
9.15296	101
9.15352	101
9.15408	101
9.15465	101
9.15521	101
9.15577	101
9.15633	101
9.1569	100
9.15746	100
9.15802	100
9.15858	100
9.15914	100
9.15971	100
9.16027	100
9.16083	100
9.16139	100
9.16195	100
9.16252	100
9.16308	100
9.16364	100
9.1642	100
9.16477	100
9.16533	100
9.16589	100
9.16645	100
9.16701	100
9.16758	100
9.16814	100
9.1687	100
9.16926	100
9.16982	100
9.17039	100
9.17095	100
9.17151	100
9.17207	100
9.17264	100
9.1732	100
9.17376	100
9.17432	100
9.17488	100
9.17545	100
9.17601	100
9.17657	100
9.17713	100
9.17769	100
9.17826	100
9.17882	100
9.17938	100
9.17994	100
9.18051	100
9.18107	100
9.18163	100
9.18219	100
9.18275	100
9.18332	100
9.18388	100
9.18444	100
9.185	100
9.18556	100
9.18613	100
9.18669	100
9.18725	100
9.18781	100
9.18838	101
9.18894	101
9.1895	101
9.19006	101
9.19062	101
9.19119	101
9.19175	101
9.19231	101
9.19287	101
9.19343	101
9.194	101
9.19456	101
9.19512	101
9.19568	101
9.19624	101
9.19681	101
9.19737	101
9.19793	101
9.19849	101
9.19906	101
9.19962	101
9.20018	101
9.20074	101
9.2013	101
9.20187	101
9.20243	101
9.20299	101
9.20355	101
9.20411	101
9.20468	101
9.20524	101
9.2058	101
9.20636	101
9.20693	101
9.20749	101
9.20805	101
9.20861	101
9.20917	101
9.20974	101
9.2103	101
9.21086	101
9.21142	101
9.21198	101
9.21255	101
9.21311	101
9.21367	101
9.21423	101
9.2148	101
9.21536	101
9.21592	101
9.21648	101
9.21704	101
9.21761	101
9.21817	101
9.21873	101
9.21929	101
9.21985	101
9.22042	101
9.22098	101
9.22154	101
9.2221	101
9.22267	101
9.22323	101
9.22379	101
9.22435	101
9.22491	101
9.22548	101
9.22604	101
9.2266	101
9.22716	101
9.22772	101
9.22829	101
9.22885	101
9.22941	101
9.22997	101
9.23054	101
9.2311	101
9.23166	101
9.23222	101
9.23278	101
9.23335	101
9.23391	101
9.23447	101
9.24456	101
9.24512	101
9.24569	101
9.24625	101
9.24681	100
9.24737	100
9.24793	100
9.2485	100
9.24906	100
9.24962	100
9.25018	100
9.25074	100
9.25131	100
9.25187	100
9.25243	100
9.25299	100
9.25355	100
9.25412	100
9.25468	100
9.25524	100
9.2558	100
9.25637	100
9.25693	100
9.25749	100
9.25805	100
9.25861	100
9.25918	100
9.25974	100
9.2603	100
9.26086	100
9.26142	100
9.26199	100
9.26255	100
9.26311	100
9.26367	100
9.26424	100
9.2648	100
9.26536	100
9.26592	100
9.26648	100
9.26705	100
9.26761	100
9.26817	100
9.26873	100
9.26929	100
9.26986	100
9.27042	100
9.27098	100
9.27154	100
9.27211	100
9.27267	100
9.27323	100
9.27379	100
9.27435	100
9.27492	100
9.27548	100
9.27604	100
9.2766	100
9.27716	100
9.27773	100
9.27829	100
9.27885	100
9.27941	100
9.27998	100
9.28054	100
9.2811	100
9.28166	100
9.28222	100
9.28279	100
9.28335	100
9.28391	100
9.28447	100
9.28503	100
9.2856	100
9.28616	100
9.28672	100
9.28728	100
9.28785	100
9.28841	100
9.28897	100
9.28953	100
9.29009	101
9.29066	101
9.29122	101
9.29178	101
9.29234	101
9.2929	101
9.29347	101
9.29403	101
9.29459	101
9.29515	101
9.29571	101
9.29628	101
9.29684	101
9.2974	101
9.29796	101
9.29853	101
9.29909	101
9.29965	101
9.30021	101
9.30077	101
9.30134	101
9.3019	101
9.30246	101
9.30302	101
9.30358	101
9.30415	101
9.30471	101
9.30527	101
9.30583	101
9.3064	101
9.30696	101
9.30752	101
9.30808	101
9.30864	101
9.30921	101
9.30977	101
9.31033	101
9.31089	101
9.31145	101
9.31202	101
9.31258	101
9.31314	101
9.3137	101
9.31427	101
9.31483	101
9.31539	101
9.31595	101
9.31651	101
9.31708	101
9.31764	101
9.3182	101
9.31876	101
9.31932	101
9.31989	101
9.32045	101
9.32101	101
9.32157	101
9.32214	101
9.3227	101
9.32326	101
9.32382	101
9.32438	101
9.32495	101
9.32551	101
9.32607	101
9.32663	101
9.32719	101
9.32776	101
9.32832	101
9.32888	101
9.32944	101
9.33001	101
9.33057	101
9.33113	101
9.33169	101
9.33225	101
9.33282	101
9.33338	101
9.33394	101
9.3345	101
9.33506	101
9.33563	101
9.34487	102
9.34544	102
9.346	102
9.34656	102
9.34712	101
9.34768	101
9.34825	101
9.34881	101
9.34937	101
9.34993	101
9.3505	101
9.35106	101
9.35162	101
9.35218	101
9.35274	101
9.35331	101
9.35387	101
9.35443	101
9.35499	100
9.35555	100
9.35612	100
9.35668	100
9.35724	100
9.3578	100
9.35837	100
9.35893	100
9.35949	100
9.36005	100
9.36061	100
9.36118	100
9.36174	100
9.3623	100
9.36286	100
9.36342	100
9.36399	100
9.36455	100
9.36511	100
9.36567	100
9.36624	100
9.3668	100
9.36736	100
9.36792	100
9.36848	100
9.36905	100
9.36961	100
9.37017	100
9.37073	100
9.37129	100
9.37186	100
9.37242	100
9.37298	100
9.37354	100
9.3741	100
9.37467	100
9.37523	100
9.37579	100
9.37635	100
9.37692	100
9.37748	100
9.37804	100
9.3786	100
9.37916	100
9.37973	100
9.38029	100
9.38085	100
9.38141	100
9.38197	100
9.38254	100
9.3831	100
9.38366	100
9.38422	100
9.38479	100
9.38535	100
9.38591	100
9.38647	100
9.38703	100
9.3876	100
9.38816	101
9.38872	101
9.38928	101
9.38984	101
9.39041	101
9.39097	101
9.39153	101
9.39209	101
9.39266	101
9.39322	101
9.39378	101
9.39434	101
9.3949	101
9.39547	101
9.39603	101
9.39659	101
9.39715	101
9.39771	101
9.39828	101
9.39884	101
9.3994	101
9.39996	101
9.40053	101
9.40109	101
9.40165	101
9.40221	101
9.40277	101
9.40334	101
9.4039	101
9.40446	101
9.40502	101
9.40558	101
9.40615	101
9.40671	101
9.40727	101
9.40783	101
9.4084	101
9.40896	101
9.40952	101
9.41008	101
9.41064	101
9.41121	101
9.41177	101
9.41233	101
9.41289	101
9.41345	101
9.41402	101
9.41458	101
9.41514	101
9.4157	101
9.41626	101
9.41683	101
9.41739	101
9.41795	101
9.41851	101
9.41908	101
9.41964	101
9.4202	101
9.42076	101
9.42132	101
9.42189	101
9.42245	101
9.42301	101
9.42357	101
9.42413	101
9.4247	101
9.42526	101
9.42582	101
9.42638	101
9.42695	101
9.42751	101
9.42807	101
9.42863	101
9.42919	101
9.42976	101
9.43032	101
9.43088	101
9.43144	101
9.432	101
9.43257	101
9.43313	101
9.43369	101
9.43425	101
9.43482	101
9.43538	101
9.43594	101
9.4365	101
9.43706	101
9.44547	101
9.44603	101
9.44659	101
9.44715	101
9.44772	101
9.44828	101
9.44884	100
9.4494	100
9.44997	100
9.45053	100
9.45109	100
9.45165	100
9.45221	100
9.45278	100
9.45334	100
9.4539	100
9.45446	100
9.45502	100
9.45559	100
9.45615	100
9.45671	100
9.45727	100
9.45784	100
9.4584	100
9.45896	100
9.45952	100
9.46008	100
9.46065	100
9.46121	100
9.46177	100
9.46233	100
9.46289	100
9.46346	100
9.46402	100
9.46458	100
9.46514	100
9.46571	100
9.46627	100
9.46683	100
9.46739	100
9.46795	100
9.46852	100
9.46908	100
9.46964	100
9.4702	100
9.47076	100
9.47133	100
9.47189	100
9.47245	100
9.47301	100
9.47357	100
9.47414	100
9.4747	100
9.47526	100
9.47582	100
9.47639	100
9.47695	100
9.47751	100
9.47807	100
9.47863	100
9.4792	100
9.47976	100
9.48032	100
9.48088	100
9.48144	100
9.48201	100
9.48257	100
9.48313	100
9.48369	100
9.48426	100
9.48482	100
9.48538	100
9.48594	100
9.4865	100
9.48707	100
9.48763	100
9.48819	100
9.48875	100
9.48931	100
9.48988	100
9.49044	101
9.491	101
9.49156	101
9.49213	101
9.49269	101
9.49325	101
9.49381	101
9.49437	101
9.49494	101
9.4955	101
9.49606	101
9.49662	101
9.49718	101
9.49775	101
9.49831	101
9.49887	101
9.49943	101
9.5	101
9.50056	101
9.50112	101
9.50168	101
9.50224	101
9.50281	101
9.50337	101
9.50393	101
9.50449	101
9.50505	101
9.50562	101
9.50618	101
9.50674	101
9.5073	101
9.50787	101
9.50843	101
9.50899	101
9.50955	101
9.51011	101
9.51068	101
9.51124	101
9.5118	101
9.51236	101
9.51292	101
9.51349	101
9.51405	101
9.51461	101
9.51517	101
9.51573	101
9.5163	101
9.51686	101
9.51742	101
9.51798	101
9.51855	101
9.51911	101
9.51967	101
9.52023	101
9.52079	101
9.52136	101
9.52192	101
9.52248	101
9.52304	101
9.5236	101
9.52417	101
9.52473	101
9.52529	101
9.52585	101
9.52642	101
9.52698	101
9.52754	101
9.5281	101
9.52866	101
9.52923	101
9.52979	101
9.53035	101
9.53091	101
9.53147	101
9.53204	101
9.5326	101
9.53316	101
9.53372	101
9.53429	101
9.53485	101
9.53541	101
9.53597	101
9.53653	101
9.5371	101
9.53766	101
9.53822	101
9.54578	102
9.54634	102
9.54691	102
9.54747	101
9.54803	101
9.54859	101
9.54915	101
9.54972	101
9.55028	101
9.55084	101
9.5514	101
9.55196	101
9.55253	101
9.55309	101
9.55365	101
9.55421	101
9.55478	101
9.55534	101
9.5559	100
9.55646	100
9.55702	100
9.55759	100
9.55815	100
9.55871	100
9.55927	100
9.55983	100
9.5604	100
9.56096	100
9.56152	100
9.56208	100
9.56265	100
9.56321	100
9.56377	100
9.56433	100
9.56489	100
9.56546	100
9.56602	100
9.56658	100
9.56714	100
9.5677	100
9.56827	100
9.56883	100
9.56939	100
9.56995	100
9.57052	100
9.57108	100
9.57164	100
9.5722	100
9.57276	100
9.57333	100
9.57389	100
9.57445	100
9.57501	100
9.57557	100
9.57614	100
9.5767	100
9.57726	100
9.57782	100
9.57839	100
9.57895	100
9.57951	100
9.58007	100
9.58063	100
9.5812	100
9.58176	100
9.58232	100
9.58288	100
9.58344	100
9.58401	100
9.58457	100
9.58513	100
9.58569	100
9.58626	100
9.58682	100
9.58738	100
9.58794	100
9.5885	100
9.58907	100
9.58963	100
9.59019	101
9.59075	101
9.59131	101
9.59188	101
9.59244	101
9.593	101
9.59356	101
9.59412	101
9.59469	101
9.59525	101
9.59581	101
9.59637	101
9.59694	101
9.5975	101
9.59806	101
9.59862	101
9.59918	101
9.59975	101
9.60031	101
9.60087	101
9.60143	101
9.60199	101
9.60256	101
9.60312	101
9.60368	101
9.60424	101
9.60481	101
9.60537	101
9.60593	101
9.60649	101
9.60705	101
9.60762	101
9.60818	101
9.60874	101
9.6093	101
9.60986	101
9.61043	101
9.61099	101
9.61155	101
9.61211	101
9.61268	101
9.61324	101
9.6138	101
9.61436	101
9.61492	101
9.61549	101
9.61605	101
9.61661	101
9.61717	101
9.61773	101
9.6183	101
9.61886	101
9.61942	101
9.61998	101
9.62055	101
9.62111	101
9.62167	101
9.62223	101
9.62279	101
9.62336	101
9.62392	101
9.62448	101
9.62504	101
9.6256	101
9.62617	101
9.62673	101
9.62729	101
9.62785	101
9.62842	101
9.62898	101
9.62954	101
9.6301	101
9.63066	101
9.63123	101
9.63179	101
9.63235	101
9.63291	101
9.63347	101
9.63404	101
9.6346	101
9.63516	101
9.63572	101
9.63628	101
9.63685	101
9.63741	101
9.63797	101
9.63853	101
9.6391	101
9.63966	101
9.64638	101
9.64694	101
9.6475	101
9.64806	101
9.64862	100
9.64919	100
9.64975	100
9.65031	100
9.65087	100
9.65143	100
9.652	100
9.65256	100
9.65312	100
9.65368	100
9.65425	100
9.65481	100
9.65537	100
9.65593	100
9.65649	100
9.65706	100
9.65762	100
9.65818	100
9.65874	100
9.6593	100
9.65987	100
9.66043	100
9.66099	100
9.66155	100
9.66212	100
9.66268	100
9.66324	100
9.6638	100
9.66436	100
9.66493	100
9.66549	100
9.66605	100
9.66661	100
9.66717	100
9.66774	100
9.6683	100
9.66886	100
9.66942	100
9.66999	100
9.67055	100
9.67111	100
9.67167	100
9.67223	100
9.6728	100
9.67336	100
9.67392	100
9.67448	100
9.67504	100
9.67561	100
9.67617	100
9.67673	100
9.67729	100
9.67786	100
9.67842	100
9.67898	100
9.67954	100
9.6801	100
9.68067	100
9.68123	100
9.68179	100
9.68235	100
9.68291	100
9.68348	100
9.68404	100
9.6846	100
9.68516	100
9.68573	100
9.68629	100
9.68685	100
9.68741	100
9.68797	100
9.68854	100
9.6891	100
9.68966	100
9.69022	101
9.69078	101
9.69135	101
9.69191	101
9.69247	101
9.69303	101
9.69359	101
9.69416	101
9.69472	101
9.69528	101
9.69584	101
9.69641	101
9.69697	101
9.69753	101
9.69809	101
9.69865	101
9.69922	101
9.69978	101
9.70034	101
9.7009	101
9.70146	101
9.70203	101
9.70259	101
9.70315	101
9.70371	101
9.70428	101
9.70484	101
9.7054	101
9.70596	101
9.70652	101
9.70709	101
9.70765	101
9.70821	101
9.70877	101
9.70933	101
9.7099	101
9.71046	101
9.71102	101
9.71158	101
9.71215	101
9.71271	101
9.71327	101
9.71383	101
9.71439	101
9.71496	101
9.71552	101
9.71608	101
9.71664	101
9.7172	101
9.71777	101
9.71833	101
9.71889	101
9.71945	101
9.72002	101
9.72058	101
9.72114	101
9.7217	101
9.72226	101
9.72283	101
9.72339	101
9.72395	101
9.72451	101
9.72507	101
9.72564	101
9.7262	101
9.72676	101
9.72732	101
9.72789	101
9.72845	101
9.72901	101
9.72957	101
9.73013	101
9.7307	101
9.73126	101
9.73182	101
9.73238	101
9.73294	101
9.73351	101
9.73407	101
9.73463	101
9.73519	101
9.73575	101
9.73632	101
9.73688	101
9.73744	101
9.738	101
9.73857	101
9.73913	101
9.73969	101
9.74025	101
9.74081	101
9.74669	102
9.74725	102
9.74781	102
9.74838	101
9.74894	101
9.7495	101
9.75006	101
9.75062	101
9.75119	101
9.75175	101
9.75231	101
9.75287	101
9.75343	101
9.754	101
9.75456	101
9.75512	101
9.75568	101
9.75625	101
9.75681	101
9.75737	101
9.75793	100
9.75849	100
9.75906	100
9.75962	100
9.76018	100
9.76074	100
9.7613	100
9.76187	100
9.76243	100
9.76299	100
9.76355	100
9.76412	100
9.76468	100
9.76524	100
9.7658	100
9.76636	100
9.76693	100
9.76749	100
9.76805	100
9.76861	100
9.76917	100
9.76974	100
9.7703	100
9.77086	100
9.77142	100
9.77198	100
9.77255	100
9.77311	100
9.77367	100
9.77423	100
9.7748	100
9.77536	100
9.77592	100
9.77648	100
9.77704	100
9.77761	100
9.77817	100
9.77873	100
9.77929	100
9.77985	100
9.78042	100
9.78098	100
9.78154	100
9.7821	100
9.78267	100
9.78323	100
9.78379	100
9.78435	100
9.78491	100
9.78548	100
9.78604	100
9.7866	100
9.78716	100
9.78772	100
9.78829	100
9.78885	100
9.78941	101
9.78997	101
9.79054	101
9.7911	101
9.79166	101
9.79222	101
9.79278	101
9.79335	101
9.79391	101
9.79447	101
9.79503	101
9.79559	101
9.79616	101
9.79672	101
9.79728	101
9.79784	101
9.79841	101
9.79897	101
9.79953	101
9.80009	101
9.80065	101
9.80122	101
9.80178	101
9.80234	101
9.8029	101
9.80346	101
9.80403	101
9.80459	101
9.80515	101
9.80571	101
9.80628	101
9.80684	101
9.8074	101
9.80796	101
9.80852	101
9.80909	101
9.80965	101
9.81021	101
9.81077	101
9.81133	101
9.8119	101
9.81246	101
9.81302	101
9.81358	101
9.81414	101
9.81471	101
9.81527	101
9.81583	101
9.81639	101
9.81696	101
9.81752	101
9.81808	101
9.81864	101
9.8192	101
9.81977	101
9.82033	101
9.82089	101
9.82145	101
9.82201	101
9.82258	101
9.82314	101
9.8237	101
9.82426	101
9.82483	101
9.82539	101
9.82595	101
9.82651	101
9.82707	101
9.82764	101
9.8282	101
9.82876	101
9.82932	101
9.82988	101
9.83045	101
9.83101	101
9.83157	101
9.83213	101
9.8327	101
9.83326	101
9.83382	101
9.83438	101
9.83494	101
9.83551	101
9.83607	101
9.83663	101
9.83719	101
9.83775	101
9.83832	101
9.83888	101
9.83944	101
9.84	101
9.84057	101
9.84113	101
9.84169	101
9.84225	101
9.84728	101
9.84785	101
9.84841	101
9.84897	101
9.84953	101
9.85009	101
9.85066	100
9.85122	100
9.85178	100
9.85234	100
9.8529	100
9.85347	100
9.85403	100
9.85459	100
9.85515	100
9.85572	100
9.85628	100
9.85684	100
9.8574	100
9.85796	100
9.85853	100
9.85909	100
9.85965	100
9.86021	100
9.86077	100
9.86134	100
9.8619	100
9.86246	100
9.86302	100
9.86359	100
9.86415	100
9.86471	100
9.86527	100
9.86583	100
9.8664	100
9.86696	100
9.86752	100
9.86808	100
9.86864	100
9.86921	100
9.86977	100
9.87033	100
9.87089	100
9.87145	100
9.87202	100
9.87258	100
9.87314	100
9.8737	100
9.87427	100
9.87483	100
9.87539	100
9.87595	100
9.87651	100
9.87708	100
9.87764	100
9.8782	100
9.87876	100
9.87932	100
9.87989	100
9.88045	100
9.88101	100
9.88157	100
9.88214	100
9.8827	100
9.88326	100
9.88382	100
9.88438	100
9.88495	100
9.88551	100
9.88607	100
9.88663	100
9.88719	100
9.88776	100
9.88832	100
9.88888	100
9.88944	100
9.89001	100
9.89057	101
9.89113	101
9.89169	101
9.89225	101
9.89282	101
9.89338	101
9.89394	101
9.8945	101
9.89506	101
9.89563	101
9.89619	101
9.89675	101
9.89731	101
9.89788	101
9.89844	101
9.899	101
9.89956	101
9.90012	101
9.90069	101
9.90125	101
9.90181	101
9.90237	101
9.90293	101
9.9035	101
9.90406	101
9.90462	101
9.90518	101
9.90575	101
9.90631	101
9.90687	101
9.90743	101
9.90799	101
9.90856	101
9.90912	101
9.90968	101
9.91024	101
9.9108	101
9.91137	101
9.91193	101
9.91249	101
9.91305	101
9.91361	101
9.91418	101
9.91474	101
9.9153	101
9.91586	101
9.91643	101
9.91699	101
9.91755	101
9.91811	101
9.91867	101
9.91924	101
9.9198	101
9.92036	101
9.92092	101
9.92148	101
9.92205	101
9.92261	101
9.92317	101
9.92373	101
9.9243	101
9.92486	101
9.92542	101
9.92598	101
9.92654	101
9.92711	101
9.92767	101
9.92823	101
9.92879	101
9.92935	101
9.92992	101
9.93048	101
9.93104	101
9.9316	101
9.93217	101
9.93273	101
9.93329	101
9.93385	101
9.93441	101
9.93498	101
9.93554	101
9.9361	101
9.93666	101
9.93722	101
9.93779	101
9.93835	101
9.93891	101
9.93947	101
9.94004	101
9.9406	101
9.94116	101
9.94172	101
9.94228	101
9.94285	101
9.94341	101
9.9476	102
9.94816	101
9.94872	101
9.94928	101
9.94984	101
9.95041	101
9.95097	101
9.95153	101
9.95209	101
9.95266	101
9.95322	101
9.95378	101
9.95434	101
9.9549	101
9.95547	101
9.95603	101
9.95659	101
9.95715	101
9.95771	101
9.95828	101
9.95884	101
9.9594	101
9.95996	100
9.96053	100
9.96109	100
9.96165	100
9.96221	100
9.96277	100
9.96334	100
9.9639	100
9.96446	100
9.96502	100
9.96558	100
9.96615	100
9.96671	100
9.96727	100
9.96783	100
9.9684	100
9.96896	100
9.96952	100
9.97008	100
9.97064	100
9.97121	100
9.97177	100
9.97233	100
9.97289	100
9.97345	100
9.97402	100
9.97458	100
9.97514	100
9.9757	100
9.97627	100
9.97683	100
9.97739	100
9.97795	100
9.97851	100
9.97908	100
9.97964	100
9.9802	100
9.98076	100
9.98132	100
9.98189	100
9.98245	100
9.98301	100
9.98357	100
9.98414	100
9.9847	100
9.98526	100
9.98582	100
9.98638	100
9.98695	100
9.98751	100
9.98807	100
9.98863	100
9.98919	101
9.98976	101
9.99032	101
9.99088	101
9.99144	101
9.992	101
9.99257	101
9.99313	101
9.99369	101
9.99425	101
9.99482	101
9.99538	101
9.99594	101
9.9965	101
9.99706	101
9.99763	101
9.99819	101
9.99875	101
9.99931	101
9.99987	101
10.0004	101
10.001	101
10.0016	101
10.0021	101
10.0027	101
10.0032	101
10.0038	101
10.0044	101
10.0049	101
10.0055	101
10.0061	101
10.0066	101
10.0072	101
10.0077	101
10.0083	101
10.0089	101
10.0094	101
10.01	101
10.0106	101
10.0111	101
10.0117	101
10.0122	101
10.0128	101
10.0134	101
10.0139	101
10.0145	101
10.0151	101
10.0156	101
10.0162	101
10.0167	101
10.0173	101
10.0179	101
10.0184	101
10.019	101
10.0195	101
10.0201	101
10.0207	101
10.0212	101
10.0218	101
10.0224	101
10.0229	101
10.0235	101
10.024	101
10.0246	101
10.0252	101
10.0257	101
10.0263	101
10.0269	101
10.0274	101
10.028	101
10.0285	101
10.0291	101
10.0297	101
10.0302	101
10.0308	101
10.0314	101
10.0319	101
10.0325	101
10.033	101
10.0336	101
10.0342	101
10.0347	101
10.0353	101
10.0359	101
10.0364	101
10.037	101
10.0375	101
10.0381	101
10.0387	101
10.0392	101
10.0398	101
10.0403	101
10.0409	101
10.0415	101
10.042	101
10.0426	101
10.0432	101
10.0437	101
10.0443	101
10.0448	101
10.0482	101
10.0488	101
10.0493	101
10.0499	101
10.0504	101
10.051	101
10.0516	101
10.0521	101
10.0527	100
10.0532	100
10.0538	100
10.0544	100
10.0549	100
10.0555	100
10.0561	100
10.0566	100
10.0572	100
10.0577	100
10.0583	100
10.0589	100
10.0594	100
10.06	100
10.0606	100
10.0611	100
10.0617	100
10.0622	100
10.0628	100
10.0634	100
10.0639	100
10.0645	100
10.0651	100
10.0656	100
10.0662	100
10.0667	100
10.0673	100
10.0679	100
10.0684	100
10.069	100
10.0696	100
10.0701	100
10.0707	100
10.0712	100
10.0718	100
10.0724	100
10.0729	100
10.0735	100
10.074	100
10.0746	100
10.0752	100
10.0757	100
10.0763	100
10.0769	100
10.0774	100
10.078	100
10.0785	100
10.0791	100
10.0797	100
10.0802	100
10.0808	100
10.0814	100
10.0819	100
10.0825	100
10.083	100
10.0836	100
10.0842	100
10.0847	100
10.0853	100
10.0859	100
10.0864	100
10.087	100
10.0875	100
10.0881	100
10.0887	100
10.0892	100
10.0898	100
10.0904	100
10.0909	100
10.0915	100
10.092	100
10.0926	100
10.0932	100
10.0937	100
10.0943	100
10.0948	100
10.0954	100
10.096	100
10.0965	100
10.0971	101
10.0977	101
10.0982	101
10.0988	101
10.0993	101
10.0999	101
10.1005	101
10.101	101
10.1016	101
10.1022	101
10.1027	101
10.1033	101
10.1038	101
10.1044	101
10.105	101
10.1055	101
10.1061	101
10.1067	101
10.1072	101
10.1078	101
10.1083	101
10.1089	101
10.1095	101
10.11	101
10.1106	101
10.1111	101
10.1117	101
10.1123	101
10.1128	101
10.1134	101
10.114	101
10.1145	101
10.1151	101
10.1156	101
10.1162	101
10.1168	101
10.1173	101
10.1179	101
10.1185	101
10.119	101
10.1196	101
10.1201	101
10.1207	101
10.1213	101
10.1218	101
10.1224	101
10.123	101
10.1235	101
10.1241	101
10.1246	101
10.1252	101
10.1258	101
10.1263	101
10.1269	101
10.1275	101
10.128	101
10.1286	101
10.1291	101
10.1297	101
10.1303	101
10.1308	101
10.1314	101
10.1319	101
10.1325	101
10.1331	101
10.1336	101
10.1342	101
10.1348	101
10.1353	101
10.1359	101
10.1364	101
10.137	101
10.1376	101
10.1381	101
10.1387	101
10.1393	101
10.1398	101
10.1404	101
10.1409	101
10.1415	101
10.1421	101
10.1426	101
10.1432	101
10.1438	101
10.1443	101
10.1449	101
10.1454	101
10.1485	101
10.1491	101
10.1496	101
10.1502	101
10.1508	101
10.1513	101
10.1519	101
10.1524	101
10.153	101
10.1536	101
10.1541	101
10.1547	101
10.1552	101
10.1558	101
10.1564	101
10.1569	100
10.1575	100
10.1581	100
10.1586	100
10.1592	100
10.1597	100
10.1603	100
10.1609	100
10.1614	100
10.162	100
10.1626	100
10.1631	100
10.1637	100
10.1642	100
10.1648	100
10.1654	100
10.1659	100
10.1665	100
10.1671	100
10.1676	100
10.1682	100
10.1687	100
10.1693	100
10.1699	100
10.1704	100
10.171	100
10.1716	100
10.1721	100
10.1727	100
10.1732	100
10.1738	100
10.1744	100
10.1749	100
10.1755	100
10.176	100
10.1766	100
10.1772	100
10.1777	100
10.1783	100
10.1789	100
10.1794	100
10.18	100
10.1805	100
10.1811	100
10.1817	100
10.1822	100
10.1828	100
10.1834	100
10.1839	100
10.1845	100
10.185	100
10.1856	100
10.1862	100
10.1867	100
10.1873	100
10.1879	100
10.1884	100
10.189	100
10.1895	100
10.1901	100
10.1907	100
10.1912	101
10.1918	101
10.1924	101
10.1929	101
10.1935	101
10.194	101
10.1946	101
10.1952	101
10.1957	101
10.1963	101
10.1968	101
10.1974	101
10.198	101
10.1985	101
10.1991	101
10.1997	101
10.2002	101
10.2008	101
10.2013	101
10.2019	101
10.2025	101
10.203	101
10.2036	101
10.2042	101
10.2047	101
10.2053	101
10.2058	101
10.2064	101
10.207	101
10.2075	101
10.2081	101
10.2087	101
10.2092	101
10.2098	101
10.2103	101
10.2109	101
10.2115	101
10.212	101
10.2126	101
10.2131	101
10.2137	101
10.2143	101
10.2148	101
10.2154	101
10.216	101
10.2165	101
10.2171	101
10.2176	101
10.2182	101
10.2188	101
10.2193	101
10.2199	101
10.2205	101
10.221	101
10.2216	101
10.2221	101
10.2227	101
10.2233	101
10.2238	101
10.2244	101
10.225	101
10.2255	101
10.2261	101
10.2266	101
10.2272	101
10.2278	101
10.2283	101
10.2289	101
10.2295	101
10.23	101
10.2306	101
10.2311	101
10.2317	101
10.2323	101
10.2328	101
10.2334	101
10.2339	101
10.2345	101
10.2351	101
10.2356	101
10.2362	101
10.2368	101
10.2373	101
10.2379	101
10.2384	101
10.239	101
10.2396	101
10.2401	101
10.2407	101
10.2413	101
10.2418	101
10.2424	101
10.2429	101
10.2435	101
10.2441	101
10.2446	101
10.2452	101
10.2458	101
10.2463	101
10.2469	101
10.2491	101
10.2497	101
10.2502	101
10.2508	101
10.2513	101
10.2519	100
10.2525	100
10.253	100
10.2536	100
10.2542	100
10.2547	100
10.2553	100
10.2558	100
10.2564	100
10.257	100
10.2575	100
10.2581	100
10.2587	100
10.2592	100
10.2598	100
10.2603	100
10.2609	100
10.2615	100
10.262	100
10.2626	100
10.2632	100
10.2637	100
10.2643	100
10.2648	100
10.2654	100
10.266	100
10.2665	100
10.2671	100
10.2676	100
10.2682	100
10.2688	100
10.2693	100
10.2699	100
10.2705	100
10.271	100
10.2716	100
10.2721	100
10.2727	100
10.2733	100
10.2738	100
10.2744	100
10.275	100
10.2755	100
10.2761	100
10.2766	100
10.2772	100
10.2778	100
10.2783	100
10.2789	100
10.2795	100
10.28	100
10.2806	100
10.2811	100
10.2817	100
10.2823	100
10.2828	100
10.2834	100
10.284	100
10.2845	100
10.2851	100
10.2856	100
10.2862	100
10.2868	100
10.2873	100
10.2879	100
10.2884	100
10.289	100
10.2896	100
10.2901	100
10.2907	100
10.2913	101
10.2918	101
10.2924	101
10.2929	101
10.2935	101
10.2941	101
10.2946	101
10.2952	101
10.2958	101
10.2963	101
10.2969	101
10.2974	101
10.298	101
10.2986	101
10.2991	101
10.2997	101
10.3003	101
10.3008	101
10.3014	101
10.3019	101
10.3025	101
10.3031	101
10.3036	101
10.3042	101
10.3047	101
10.3053	101
10.3059	101
10.3064	101
10.307	101
10.3076	101
10.3081	101
10.3087	101
10.3092	101
10.3098	101
10.3104	101
10.3109	101
10.3115	101
10.3121	101
10.3126	101
10.3132	101
10.3137	101
10.3143	101
10.3149	101
10.3154	101
10.316	101
10.3166	101
10.3171	101
10.3177	101
10.3182	101
10.3188	101
10.3194	101
10.3199	101
10.3205	101
10.3211	101
10.3216	101
10.3222	101
10.3227	101
10.3233	101
10.3239	101
10.3244	101
10.325	101
10.3255	101
10.3261	101
10.3267	101
10.3272	101
10.3278	101
10.3284	101
10.3289	101
10.3295	101
10.33	101
10.3306	101
10.3312	101
10.3317	101
10.3323	101
10.3329	101
10.3334	101
10.334	101
10.3345	101
10.3351	101
10.3357	101
10.3362	101
10.3368	101
10.3374	101
10.3379	101
10.3385	101
10.339	101
10.3396	101
10.3402	101
10.3407	101
10.3413	101
10.3419	101
10.3424	101
10.343	101
10.3435	101
10.3441	101
10.3447	101
10.3452	101
10.3458	101
10.3463	101
10.3469	101
10.3475	101
10.348	101
10.3494	101
10.35	101
10.3505	101
10.3511	101
10.3517	101
10.3522	101
10.3528	101
10.3533	101
10.3539	101
10.3545	101
10.355	101
10.3556	101
10.3562	101
10.3567	101
10.3573	101
10.3578	101
10.3584	101
10.359	100
10.3595	100
10.3601	100
10.3607	100
10.3612	100
10.3618	100
10.3623	100
10.3629	100
10.3635	100
10.364	100
10.3646	100
10.3652	100
10.3657	100
10.3663	100
10.3668	100
10.3674	100
10.368	100
10.3685	100
10.3691	100
10.3696	100
10.3702	100
10.3708	100
10.3713	100
10.3719	100
10.3725	100
10.373	100
10.3736	100
10.3741	100
10.3747	100
10.3753	100
10.3758	100
10.3764	100
10.377	100
10.3775	100
10.3781	100
10.3786	100
10.3792	100
10.3798	100
10.3803	100
10.3809	100
10.3815	100
10.382	100
10.3826	100
10.3831	100
10.3837	100
10.3843	100
10.3848	100
10.3854	100
10.3859	100
10.3865	100
10.3871	100
10.3876	100
10.3882	100
10.3888	100
10.3893	100
10.3899	100
10.3904	100
10.391	101
10.3916	101
10.3921	101
10.3927	101
10.3933	101
10.3938	101
10.3944	101
10.3949	101
10.3955	101
10.3961	101
10.3966	101
10.3972	101
10.3978	101
10.3983	101
10.3989	101
10.3994	101
10.4	101
10.4006	101
10.4011	101
10.4017	101
10.4023	101
10.4028	101
10.4034	101
10.4039	101
10.4045	101
10.4051	101
10.4056	101
10.4062	101
10.4067	101
10.4073	101
10.4079	101
10.4084	101
10.409	101
10.4096	101
10.4101	101
10.4107	101
10.4112	101
10.4118	101
10.4124	101
10.4129	101
10.4135	101
10.4141	101
10.4146	101
10.4152	101
10.4157	101
10.4163	101
10.4169	101
10.4174	101
10.418	101
10.4186	101
10.4191	101
10.4197	101
10.4202	101
10.4208	101
10.4214	101
10.4219	101
10.4225	101
10.4231	101
10.4236	101
10.4242	101
10.4247	101
10.4253	101
10.4259	101
10.4264	101
10.427	101
10.4275	101
10.4281	101
10.4287	101
10.4292	101
10.4298	101
10.4304	101
10.4309	101
10.4315	101
10.432	101
10.4326	101
10.4332	101
10.4337	101
10.4343	101
10.4349	101
10.4354	101
10.436	101
10.4365	101
10.4371	101
10.4377	101
10.4382	101
10.4388	101
10.4394	101
10.4399	101
10.4405	101
10.441	101
10.4416	101
10.4422	101
10.4427	101
10.4433	101
10.4438	101
10.4444	101
10.445	101
10.4455	101
10.4461	101
10.4467	101
10.4472	101
10.4478	101
10.4483	101
10.4489	101
10.4495	101
10.45	101
10.4506	101
10.4512	101
10.4517	101
10.4523	101
10.4528	100
10.4534	100
10.454	100
10.4545	100
10.4551	100
10.4557	100
10.4562	100
10.4568	100
10.4573	100
10.4579	100
10.4585	100
10.459	100
10.4596	100
10.4602	100
10.4607	100
10.4613	100
10.4618	100
10.4624	100
10.463	100
10.4635	100
10.4641	100
10.4646	100
10.4652	100
10.4658	100
10.4663	100
10.4669	100
10.4675	100
10.468	100
10.4686	100
10.4691	100
10.4697	100
10.4703	100
10.4708	100
10.4714	100
10.472	100
10.4725	100
10.4731	100
10.4736	100
10.4742	100
10.4748	100
10.4753	100
10.4759	100
10.4765	100
10.477	100
10.4776	100
10.4781	100
10.4787	100
10.4793	100
10.4798	100
10.4804	100
10.481	100
10.4815	100
10.4821	100
10.4826	100
10.4832	100
10.4838	100
10.4843	100
10.4849	100
10.4854	100
10.486	100
10.4866	100
10.4871	100
10.4877	100
10.4883	100
10.4888	100
10.4894	100
10.4899	100
10.4905	100
10.4911	100
10.4916	100
10.4922	100
10.4928	100
10.4933	100
10.4939	100
10.4944	100
10.495	101
10.4956	101
10.4961	101
10.4967	101
10.4973	101
10.4978	101
10.4984	101
10.4989	101
10.4995	101
10.5001	101
10.5006	101
10.5012	101
10.5017	101
10.5023	101
10.5029	101
10.5034	101
10.504	101
10.5046	101
10.5051	101
10.5057	101
10.5062	101
10.5068	101
10.5074	101
10.5079	101
10.5085	101
10.5091	101
10.5096	101
10.5102	101
10.5107	101
10.5113	101
10.5119	101
10.5124	101
10.513	101
10.5136	101
10.5141	101
10.5147	101
10.5152	101
10.5158	101
10.5164	101
10.5169	101
10.5175	101
10.5181	101
10.5186	101
10.5192	101
10.5197	101
10.5203	101
10.5209	101
10.5214	101
10.522	101
10.5225	101
10.5231	101
10.5237	101
10.5242	101
10.5248	101
10.5254	101
10.5259	101
10.5265	101
10.527	101
10.5276	101
10.5282	101
10.5287	101
10.5293	101
10.5299	101
10.5304	101
10.531	101
10.5315	101
10.5321	101
10.5327	101
10.5332	101
10.5338	101
10.5344	101
10.5349	101
10.5355	101
10.536	101
10.5366	101
10.5372	101
10.5377	101
10.5383	101
10.5389	101
10.5394	101
10.54	101
10.5405	101
10.5411	101
10.5417	101
10.5422	101
10.5428	101
10.5433	101
10.5439	101
10.5445	101
10.545	101
10.5456	101
10.5462	101
10.5467	101
10.5473	101
10.5478	101
10.5484	101
10.549	101
10.5495	101
10.5501	101
10.5507	101
10.5512	101
10.5518	101
10.5523	101
10.5529	101
10.5535	101
10.554	101
10.5546	101
10.5552	101
10.5557	101
10.5563	101
10.5568	101
10.5574	101
10.558	101
10.5585	101
10.5591	101
10.5596	101
10.5602	101
10.5608	101
10.5613	101
10.5619	101
10.5625	101
10.563	101
10.5636	101
10.5641	101
10.5647	101
10.5653	101
10.5658	101
10.5664	101
10.567	101
10.5675	101
10.5681	101
10.5686	101
10.5692	101
10.5698	101
10.5703	101
10.5709	101
10.5715	101
10.572	101
10.5726	101
10.5731	101
10.5737	101
10.5743	101
10.5748	101
10.5754	101
10.576	101
10.5765	101
10.5771	101
10.5776	101
10.5782	101
10.5788	101
10.5793	101
10.5799	101
10.5804	101
10.581	101
10.5816	101
10.5821	101
10.5827	101
10.5833	101
10.5838	101
10.5844	101
10.5849	101
10.5855	101
10.5861	101
10.5866	101
10.5872	101
10.5878	101
10.5883	101
10.5889	101
10.5894	101
10.59	101
10.5906	101
10.5911	101
10.5917	101
10.5923	101
10.5928	101
10.5934	101
10.5939	101
10.5945	101
10.5951	101
10.5956	101
10.5962	101
10.5968	101
10.5973	101
10.5979	101
10.5984	101
10.599	101
10.5996	101
10.6001	101
10.6007	101
10.6012	101
10.6018	101
10.6024	101
10.6029	101
10.6035	101
10.6041	101
10.6046	101
10.6052	101
10.6057	101
10.6063	101
10.6069	101
10.6074	101
10.608	101
10.6086	101
10.6091	101
10.6097	101
10.6102	101
10.6108	101
10.6114	101
10.6119	101
10.6125	101
10.6131	101
10.6136	101
10.6142	101
10.6147	101
10.6153	101
10.6159	101
10.6164	101
10.617	101
10.6175	101
10.6181	101
10.6187	101
10.6192	101
10.6198	101
10.6204	101
10.6209	101
10.6215	101
10.622	101
10.6226	101
10.6232	101
10.6237	101
10.6243	101
10.6249	101
10.6254	101
10.626	101
10.6265	101
10.6271	101
10.6277	101
10.6282	101
10.6288	101
10.6294	101
10.6299	101
10.6305	101
10.631	101
10.6316	101
10.6322	101
10.6327	101
10.6333	101
10.6339	101
10.6344	101
10.635	101
10.6355	101
10.6361	101
10.6367	101
10.6372	101
10.6378	101
10.6383	101
10.6389	101
10.6395	101
10.64	101
10.6406	101
10.6412	101
10.6417	101
10.6423	101
10.6428	101
10.6434	101
10.644	101
10.6445	101
10.6451	101
10.6457	101
10.6462	101
10.6468	101
10.6473	101
10.6479	101
10.6485	101
10.649	101
10.6496	101
10.6502	101
10.6507	101
10.6513	101
10.6518	101
10.6524	101
10.653	101
10.6535	101
10.6541	101
10.6546	101
10.6552	101
10.6558	101
10.6563	101
10.6569	101
10.6575	101
10.658	101
10.6586	101
10.6591	101
10.6597	101
10.6603	101
10.6608	101
10.6614	101
10.662	101
10.6625	101
10.6631	101
10.6636	101
10.6642	101
10.6648	101
10.6653	101
10.6659	101
10.6665	101
10.667	101
10.6676	101
10.6681	101
10.6687	101
10.6693	101
10.6698	101
10.6704	101
10.671	101
10.6715	101
10.6721	101
10.6726	101
10.6732	101
10.6738	101
10.6743	101
10.6749	101
10.6754	101
10.676	101
10.6766	101
10.6771	101
10.6777	101
10.6783	101
10.6788	101
10.6794	101
10.6799	101
10.6805	101
10.6811	101
10.6816	101
10.6822	101
10.6828	101
10.6833	101
10.6839	101
10.6844	101
10.685	101
10.6856	101
10.6861	101
10.6867	101
10.6873	101
10.6878	101
10.6884	101
10.6889	101
10.6895	101
10.6901	101
10.6906	101
10.6912	101
10.6918	101
10.6923	101
10.6929	101
10.6934	101
10.694	101
10.6946	101
10.6951	102
10.6957	102
10.6962	102
10.6968	102
10.6974	102
10.6979	102
10.6985	102
10.6991	102
10.6996	102
10.7002	102
10.7007	102
10.7013	102
10.7019	102
10.7024	102
10.703	102
10.7036	102
10.7041	102
10.7047	102
10.7052	102
10.7058	102
10.7064	102
10.7069	102
10.7075	102
10.7081	102
10.7086	102
10.7092	102
10.7097	102
10.7103	102
10.7109	102
10.7114	102
10.712	102
10.7125	102
10.7131	102
10.7137	102
10.7142	102
10.7148	102
10.7154	102
10.7159	102
10.7165	102
10.717	102
10.7176	102
10.7182	102
10.7187	102
10.7193	102
10.7199	102
10.7204	102
10.721	102
10.7215	102
10.7221	102
10.7227	102
10.7232	102
10.7238	102
10.7244	102
10.7249	102
10.7255	102
10.726	102
10.7266	102
10.7272	102
10.7277	102
10.7283	102
10.7289	102
10.7294	102
10.73	102
10.7305	102
10.7311	102
10.7317	102
10.7322	102
10.7328	102
10.7333	102
10.7339	102
10.7345	102
10.735	102
10.7356	102
10.7362	102
10.7367	102
10.7373	102
10.7378	102
10.7384	102
10.739	102
10.7395	102
10.7401	102
10.7407	102
10.7412	102
10.7418	102
10.7423	102
10.7429	102
10.7435	102
10.744	102
10.7446	102
10.7452	102
10.7457	102
10.7463	102
10.7468	102
10.7474	102
10.748	102
10.7485	102
10.7491	102
10.7497	102
10.7502	102
10.7508	102
10.7513	102
10.7519	102
10.7525	102
10.753	102
10.7536	102
10.7541	102
10.7547	102
10.7553	102
10.7558	102
10.7564	102
10.757	102
10.7575	102
10.7581	102
10.7586	102
10.7592	102
10.7598	102
10.7603	102
10.7609	102
10.7615	102
10.762	102
10.7626	102
10.7631	102
10.7637	102
10.7643	102
10.7648	102
10.7654	102
10.766	102
10.7665	102
10.7671	102
10.7676	102
10.7682	102
10.7688	102
10.7693	102
10.7699	102
10.7704	102
10.771	102
10.7716	102
10.7721	102
10.7727	102
10.7733	102
10.7738	102
10.7744	102
10.7749	102
10.7755	102
10.7761	102
10.7766	102
10.7772	102
10.7778	102
10.7783	102
10.7789	102
10.7794	102
10.78	102
10.7806	102
10.7811	102
10.7817	102
10.7823	102
10.7828	102
10.7834	102
10.7839	102
10.7845	102
10.7851	102
10.7856	102
10.7862	102
10.7868	102
10.7873	102
10.7879	102
10.7884	102
10.789	102
10.7896	102
10.7901	102
10.7907	102
10.7912	102
10.7918	102
10.7924	102
10.7929	102
10.7935	102
10.7941	102
10.7946	102
10.7952	102
10.7957	102
10.7963	102
10.7969	101
10.7974	101
10.798	101
10.7986	101
10.7991	101
10.7997	101
10.8002	101
10.8008	101
10.8014	101
10.8019	101
10.8025	101
10.8031	101
10.8036	101
10.8042	101
10.8047	101
10.8053	101
10.8059	101
10.8064	101
10.807	101
10.8076	101
10.8081	101
10.8087	101
10.8092	101
10.8098	101
10.8104	101
10.8109	101
10.8115	101
10.812	101
10.8126	101
10.8132	101
10.8137	101
10.8143	101
10.8149	101
10.8154	101
10.816	101
10.8165	101
10.8171	101
10.8177	101
10.8182	101
10.8188	101
10.8194	101
10.8199	101
10.8205	101
10.821	101
10.8216	101
10.8222	101
10.8227	101
10.8233	101
10.8239	101
10.8244	101
10.825	101
10.8255	101
10.8261	101
10.8267	101
10.8272	101
10.8278	101
10.8283	101
10.8289	101
10.8295	101
10.83	101
10.8306	101
10.8312	101
10.8317	101
10.8323	101
10.8328	101
10.8334	101
10.834	101
10.8345	101
10.8351	101
10.8357	101
10.8362	101
10.8368	101
10.8373	101
10.8379	101
10.8385	101
10.839	101
10.8396	101
10.8402	101
10.8407	101
10.8413	101
10.8418	101
10.8424	101
10.843	101
10.8435	101
10.8441	101
10.8447	101
10.8452	101
10.8458	101
10.8463	101
10.8469	101
10.8475	101
10.848	101
10.8486	101
10.8491	101
10.8497	101
10.8503	101
10.8508	101
10.8514	101
10.852	101
10.8525	101
10.8531	101
10.8536	101
10.8542	101
10.8548	101
10.8553	101
10.8559	101
10.8565	101
10.857	101
10.8576	101
10.8581	101
10.8587	101
10.8593	101
10.8598	101
10.8604	101
10.861	101
10.8615	101
10.8621	101
10.8626	101
10.8632	101
10.8638	101
10.8643	101
10.8649	101
10.8655	101
10.866	101
10.8666	101
10.8671	101
10.8677	101
10.8683	101
10.8688	101
10.8694	101
10.8699	101
10.8705	101
10.8711	101
10.8716	101
10.8722	101
10.8728	101
10.8733	101
10.8739	101
10.8744	101
10.875	101
10.8756	101
10.8761	101
10.8767	101
10.8773	101
10.8778	101
10.8784	101
10.8789	101
10.8795	101
10.8801	101
10.8806	101
10.8812	101
10.8818	101
10.8823	101
10.8829	101
10.8834	101
10.884	101
10.8846	101
10.8851	101
10.8857	101
10.8862	101
10.8868	101
10.8874	101
10.8879	101
10.8885	101
10.8891	101
10.8896	101
10.8902	101
10.8907	101
10.8913	101
10.8919	101
10.8924	101
10.893	101
10.8936	101
10.8941	101
10.8947	101
10.8952	101
10.8958	101
10.8964	101
10.8969	101
10.8975	101
10.8981	101
10.8986	101
10.8992	101
10.8997	101
10.9003	101
10.9009	101
10.9014	101
10.902	101
10.9026	101
10.9031	101
10.9037	101
10.9042	101
10.9048	101
10.9054	101
10.9059	101
10.9065	101
10.907	101
10.9076	101
10.9082	101
10.9087	101
10.9093	101
10.9099	101
10.9104	101
10.911	101
10.9115	101
10.9121	101
10.9127	101
10.9132	101
10.9138	101
10.9144	101
10.9149	101
10.9155	101
10.916	101
10.9166	101
10.9172	101
10.9177	101
10.9183	101
10.9189	101
10.9194	101
10.92	101
10.9205	101
10.9211	101
10.9217	101
10.9222	101
10.9228	101
10.9234	101
10.9239	101
10.9245	101
10.925	101
10.9256	101
10.9262	101
10.9267	101
10.9273	101
10.9278	101
10.9284	101
10.929	101
10.9295	101
10.9301	101
10.9307	101
10.9312	101
10.9318	101
10.9323	101
10.9329	101
10.9335	101
10.934	101
10.9346	101
10.9352	101
10.9357	101
10.9363	101
10.9368	101
10.9374	101
10.938	101
10.9385	101
10.9391	101
10.9397	101
10.9402	101
10.9408	101
10.9413	101
10.9419	101
10.9425	101
10.943	101
10.9436	101
10.9441	101
10.9447	101
10.9453	101
10.9458	101
10.9464	101
10.947	101
10.9475	101
10.9481	101
10.9486	101
10.9492	101
10.9498	101
10.9503	101
10.9509	101
10.9515	101
10.952	101
10.9526	101
10.9531	101
10.9537	101
10.9543	101
10.9548	101
10.9554	101
10.956	101
10.9565	101
10.9571	101
10.9576	101
10.9582	101
10.9588	101
10.9593	101
10.9599	101
10.9605	101
10.961	101
10.9616	101
10.9621	101
10.9627	101
10.9633	101
10.9638	101
10.9644	101
10.9649	101
10.9655	101
10.9661	101
10.9666	101
10.9672	101
10.9678	101
10.9683	101
10.9689	101
10.9694	101
10.97	101
10.9706	101
10.9711	101
10.9717	101
10.9723	101
10.9728	101
10.9734	101
10.9739	101
10.9745	101
10.9751	101
10.9756	101
10.9762	101
10.9768	101
10.9773	101
10.9779	101
10.9784	101
10.979	101
10.9796	101
10.9801	101
10.9807	101
10.9812	101
10.9818	101
10.9824	101
10.9829	101
10.9835	101
10.9841	101
10.9846	101
10.9852	101
10.9857	101
10.9863	101
10.9869	101
10.9874	101
10.988	101
10.9886	101
10.9891	101
10.9897	101
10.9902	101
10.9908	101
10.9914	101
10.9919	101
10.9925	101
10.9931	101
10.9936	101
10.9944	101
10.995	101
10.9956	101
10.9961	101
10.9967	101
10.9972	101
10.9978	101
10.9984	101
10.9989	100
10.9995	100
11.0001	100
11.0006	100
11.0012	100
11.0017	100
11.0023	100
11.0029	100
11.0034	100
11.004	100
11.0046	100
11.0051	100
11.0057	100
11.0062	100
11.0068	100
11.0074	100
11.0079	100
11.0085	100
11.009	100
11.0096	100
11.0102	100
11.0107	100
11.0113	100
11.0119	100
11.0124	100
11.013	100
11.0135	100
11.0141	100
11.0147	100
11.0152	100
11.0158	100
11.0164	100
11.0169	100
11.0175	100
11.018	100
11.0186	100
11.0192	100
11.0197	100
11.0203	100
11.0209	100
11.0214	100
11.022	100
11.0225	100
11.0231	100
11.0237	100
11.0242	100
11.0248	100
11.0253	100
11.0259	100
11.0265	100
11.027	100
11.0276	100
11.0282	100
11.0287	100
11.0293	100
11.0298	100
11.0304	100
11.031	100
11.0315	100
11.0321	100
11.0327	100
11.0332	100
11.0338	100
11.0343	100
11.0349	100
11.0355	100
11.036	100
11.0366	100
11.0372	100
11.0377	100
11.0383	100
11.0388	100
11.0394	100
11.04	100
11.0405	100
11.0411	100
11.0417	100
11.0422	100
11.0428	100
11.0433	100
11.0439	100
11.0445	100
11.045	100
11.0456	100
11.0461	100
11.0467	100
11.0473	100
11.0478	100
11.0484	100
11.049	100
11.0495	100
11.0501	100
11.0506	100
11.0512	100
11.0518	100
11.0523	100
11.0529	100
11.0535	100
11.054	100
11.0546	100
11.0551	100
11.0557	100
11.0563	100
11.0568	100
11.0574	100
11.058	100
11.0585	100
11.0591	100
11.0596	100
11.0602	100
11.0608	100
11.0613	100
11.0619	100
11.0625	100
11.063	100
11.0636	100
11.0641	100
11.0647	100
11.0653	100
11.0658	100
11.0664	100
11.0669	100
11.0675	100
11.0681	100
11.0686	100
11.0692	100
11.0698	100
11.0703	100
11.0709	100
11.0714	100
11.072	100
11.0726	100
11.0731	100
11.0737	100
11.0743	100
11.0748	100
11.0754	100
11.0759	100
11.0765	100
11.0771	100
11.0776	100
11.0782	100
11.0788	100
11.0793	100
11.0799	100
11.0804	100
11.081	100
11.0816	100
11.0821	100
11.0827	100
11.0832	100
11.0838	100
11.0844	100
11.0849	100
11.0855	100
11.0861	100
11.0866	100
11.0872	100
11.0877	100
11.0883	100
11.0889	100
11.0894	100
11.09	100
11.0906	100
11.0911	100
11.0917	100
11.0922	100
11.0928	100
11.0934	100
11.0939	100
11.0947	100
11.0953	100
11.0959	100
11.0964	100
11.097	100
11.0976	100
11.0981	100
11.0987	100
11.0992	100
11.0998	100
11.1004	100
11.1009	100
11.1015	100
11.1021	100
11.1026	100
11.1032	100
11.1037	100
11.1043	100
11.1049	100
11.1054	100
11.106	100
11.1066	100
11.1071	100
11.1077	100
11.1082	100
11.1088	100
11.1094	100
11.1099	100
11.1105	100
11.111	100
11.1116	100
11.1122	100
11.1127	100
11.1133	100
11.1139	100
11.1144	100
11.115	100
11.1155	100
11.1161	100
11.1167	100
11.1172	100
11.1178	100
11.1184	100
11.1189	100
11.1195	100
11.12	100
11.1206	100
11.1212	100
11.1217	100
11.1223	100
11.1229	100
11.1234	100
11.124	100
11.1245	100
11.1251	100
11.1257	100
11.1262	100
11.1268	100
11.1273	100
11.1279	100
11.1285	100
11.129	100
11.1296	100
11.1302	100
11.1307	100
11.1313	100
11.1318	100
11.1324	100
11.133	100
11.1335	100
11.1341	100
11.1347	100
11.1352	100
11.1358	100
11.1363	100
11.1369	100
11.1375	100
11.138	100
11.1386	100
11.1392	100
11.1397	100
11.1403	100
11.1408	100
11.1414	100
11.142	100
11.1425	100
11.1431	100
11.1437	100
11.1442	100
11.1448	100
11.1453	100
11.1459	100
11.1465	100
11.147	100
11.1476	100
11.1481	100
11.1487	100
11.1493	100
11.1498	100
11.1504	100
11.151	100
11.1515	100
11.1521	100
11.1526	100
11.1532	100
11.1538	100
11.1543	100
11.1549	100
11.1555	100
11.156	100
11.1566	100
11.1571	100
11.1577	100
11.1583	100
11.1588	100
11.1594	100
11.16	100
11.1605	100
11.1611	100
11.1616	100
11.1622	100
11.1628	100
11.1633	100
11.1639	100
11.1645	100
11.165	100
11.1656	100
11.1661	100
11.1667	100
11.1673	100
11.1678	100
11.1684	100
11.1689	100
11.1695	100
11.1701	100
11.1706	100
11.1712	100
11.1718	100
11.1723	100
11.1729	100
11.1734	100
11.174	100
11.1746	100
11.1751	100
11.1757	100
11.1763	100
11.1768	100
11.1774	100
11.1779	100
11.1785	100
11.1791	100
11.1796	100
11.1802	100
11.1808	100
11.1813	100
11.1819	100
11.1824	100
11.183	100
11.1836	100
11.1841	100
11.1847	100
11.1852	100
11.1858	100
11.1864	100
11.1869	100
11.1875	100
11.1881	100
11.1886	100
11.1892	100
11.1897	100
11.1903	100
11.1909	100
11.1914	100
11.192	100
11.1926	100
11.1931	100
11.1937	100
11.1942	100
11.1951	101
11.1956	101
11.1962	101
11.1967	101
11.1973	101
11.1979	101
11.1984	101
11.199	100
11.1996	100
11.2001	100
11.2007	100
11.2012	100
11.2018	100
11.2024	100
11.2029	100
11.2035	100
11.2041	100
11.2046	100
11.2052	100
11.2057	100
11.2063	100
11.2069	100
11.2074	100
11.208	100
11.2085	100
11.2091	100
11.2097	100
11.2102	100
11.2108	100
11.2114	100
11.2119	100
11.2125	100
11.213	100
11.2136	100
11.2142	100
11.2147	100
11.2153	100
11.2159	100
11.2164	100
11.217	100
11.2175	100
11.2181	100
11.2187	100
11.2192	100
11.2198	100
11.2204	100
11.2209	100
11.2215	100
11.222	100
11.2226	100
11.2232	100
11.2237	100
11.2243	100
11.2249	100
11.2254	100
11.226	100
11.2265	100
11.2271	100
11.2277	100
11.2282	100
11.2288	100
11.2293	100
11.2299	100
11.2305	100
11.231	100
11.2316	100
11.2322	100
11.2327	100
11.2333	100
11.2338	100
11.2344	100
11.235	100
11.2355	100
11.2361	100
11.2367	100
11.2372	100
11.2378	100
11.2383	100
11.2389	100
11.2395	100
11.24	100
11.2406	100
11.2412	100
11.2417	100
11.2423	100
11.2428	100
11.2434	100
11.244	100
11.2445	100
11.2451	100
11.2457	100
11.2462	100
11.2468	100
11.2473	100
11.2479	100
11.2485	100
11.249	100
11.2496	100
11.2501	100
11.2507	100
11.2513	100
11.2518	100
11.2524	100
11.253	100
11.2535	100
11.2541	100
11.2546	100
11.2552	100
11.2558	100
11.2563	100
11.2569	100
11.2575	100
11.258	100
11.2586	100
11.2591	100
11.2597	100
11.2603	100
11.2608	100
11.2614	100
11.262	100
11.2625	100
11.2631	100
11.2636	100
11.2642	100
11.2648	100
11.2653	100
11.2659	100
11.2664	100
11.267	100
11.2676	100
11.2681	100
11.2687	100
11.2693	100
11.2698	100
11.2704	100
11.2709	100
11.2715	100
11.2721	100
11.2726	100
11.2732	100
11.2738	100
11.2743	100
11.2749	100
11.2754	100
11.276	100
11.2766	100
11.2771	100
11.2777	100
11.2783	100
11.2788	100
11.2794	100
11.2799	100
11.2805	100
11.2811	100
11.2816	100
11.2822	100
11.2828	100
11.2833	100
11.2839	100
11.2844	100
11.285	100
11.2856	100
11.2861	100
11.2867	100
11.2872	100
11.2878	100
11.2884	100
11.2889	100
11.2895	100
11.2901	100
11.2906	100
11.2912	100
11.2917	100
11.2923	100
11.2929	100
11.2934	100
11.294	100
11.2946	100
11.2951	100
11.2957	100
11.2962	100
11.2968	100
11.2974	100
11.2979	100
11.2985	100
11.2991	101
11.2996	101
11.3002	101
11.3007	101
11.3013	101
11.3019	101
11.3024	101
11.303	101
11.3036	101
11.3041	101
11.3047	101
11.3052	101
11.3058	101
11.3064	101
11.3069	101
11.3075	101
11.308	101
11.3086	101
11.3092	101
11.3097	101
11.3103	101
11.3109	101
11.3114	101
11.312	101
11.3125	101
11.3131	101
11.3137	101
11.3142	101
11.3148	101
11.3154	101
11.3159	101
11.3165	101
11.317	101
11.3176	101
11.3182	101
11.3187	101
11.3193	101
11.3199	101
11.3204	101
11.321	101
11.3215	101
11.3221	101
11.3227	101
11.3232	101
11.3238	101
11.3243	101
11.3249	101
11.3255	101
11.326	101
11.3266	101
11.3272	101
11.3277	101
11.3283	101
11.3288	101
11.3294	101
11.33	101
11.3305	101
11.3311	101
11.3317	101
11.3322	101
11.3328	101
11.3333	101
11.3339	101
11.3345	101
11.335	101
11.3356	101
11.3362	101
11.3367	101
11.3373	101
11.3378	101
11.3384	101
11.339	101
11.3395	101
11.3401	101
11.3407	101
11.3412	101
11.3418	101
11.3423	101
11.3429	101
11.3435	101
11.344	101
11.3446	101
11.3451	101
11.3457	101
11.3463	101
11.3468	101
11.3474	101
11.348	101
11.3485	101
11.3491	101
11.3496	101
11.3502	101
11.3508	101
11.3513	101
11.3519	101
11.3525	101
11.353	101
11.3536	101
11.3541	101
11.3547	101
11.3553	101
11.3558	101
11.3564	101
11.357	101
11.3575	101
11.3581	101
11.3586	101
11.3592	101
11.3598	101
11.3603	101
11.3609	101
11.3615	101
11.362	101
11.3626	101
11.3631	101
11.3637	101
11.3643	101
11.3648	101
11.3654	101
11.3659	101
11.3665	101
11.3671	101
11.3676	101
11.3682	101
11.3688	101
11.3693	101
11.3699	101
11.3704	101
11.371	101
11.3716	101
11.3721	101
11.3727	101
11.3733	101
11.3738	101
11.3744	101
11.3749	101
11.3755	101
11.3761	101
11.3766	101
11.3772	101
11.3778	101
11.3783	101
11.3789	101
11.3794	101
11.38	101
11.3806	101
11.3811	101
11.3817	101
11.3822	101
11.3828	101
11.3834	101
11.3839	101
11.3845	101
11.3851	101
11.3856	101
11.3862	101
11.3867	101
11.3873	101
11.3879	101
11.3884	101
11.389	101
11.3896	101
11.3901	101
11.3907	101
11.3912	101
11.3918	101
11.3924	101
11.3929	101
11.3935	101
11.3941	101
11.3946	101
11.3952	101
11.3957	101
11.3963	101
11.3969	101
11.3974	101
11.398	101
11.3986	101
11.3991	101
11.3997	101
11.4002	101
11.4008	101
11.4014	101
11.4019	101
11.4025	101
11.403	101
11.4036	101
11.4042	101
11.4047	101
11.4053	101
11.4059	101
11.4064	101
11.407	101
11.4075	101
11.4081	101
11.4087	101
11.4092	101
11.4098	101
11.4104	101
11.4109	101
11.4115	101
11.412	101
11.4126	101
11.4132	101
11.4137	101
11.4143	101
11.4149	101
11.4154	101
11.416	101
11.4165	101
11.4171	101
11.4177	101
11.4182	101
11.4188	101
11.4194	101
11.4199	101
11.4205	101
11.421	101
11.4216	101
11.4222	101
11.4227	101
11.4233	101
11.4238	101
11.4244	101
11.425	101
11.4255	101
11.4261	101
11.4267	101
11.4272	101
11.4278	101
11.4283	101
11.4289	101
11.4295	101
11.43	101
11.4306	101
11.4312	101
11.4317	101
11.4323	101
11.4328	101
11.4334	101
11.434	101
11.4345	101
11.4351	101
11.4357	101
11.4362	101
11.4368	101
11.4373	101
11.4379	101
11.4385	101
11.439	101
11.4396	101
11.4401	101
11.4407	101
11.4413	101
11.4418	101
11.4424	101
11.443	101
11.4435	101
11.4441	101
11.4446	101
11.4452	101
11.4458	101
11.4463	101
11.4469	101
11.4475	101
11.448	101
11.4486	101
11.4491	101
11.4497	101
11.4503	101
11.4508	101
11.4514	101
11.452	101
11.4525	101
11.4531	101
11.4536	101
11.4542	101
11.4548	101
11.4553	101
11.4559	101
11.4565	101
11.457	101
11.4576	101
11.4581	101
11.4587	101
11.4593	101
11.4598	101
11.4604	101
11.4609	101
11.4615	101
11.4621	101
11.4626	101
11.4632	101
11.4638	101
11.4643	101
11.4649	101
11.4654	101
11.466	101
11.4666	101
11.4671	101
11.4677	101
11.4683	101
11.4688	101
11.4694	101
11.4699	101
11.4705	101
11.4711	101
11.4716	101
11.4722	101
11.4728	101
11.4733	101
11.4739	101
11.4744	101
11.475	101
11.4756	101
11.4761	101
11.4767	101
11.4772	101
11.4778	101
11.4784	101
11.4789	101
11.4795	101
11.4801	101
11.4806	101
11.4812	101
11.4817	101
11.4823	101
11.4829	101
11.4834	101
11.484	101
11.4846	101
11.4851	101
11.4857	101
11.4862	101
11.4868	101
11.4874	101
11.4879	101
11.4885	101
11.4891	101
11.4896	101
11.4902	101
11.4907	101
11.4913	101
11.4919	101
11.4924	101
11.493	101
11.4936	101
11.4941	101
11.4947	101
11.4952	101
11.4958	101
11.4964	101
11.4969	101
11.4975	101
11.498	101
11.4986	101
11.4992	101
11.4997	101
11.5003	101
11.5009	101
11.5014	101
11.502	101
11.5025	101
11.5031	101
11.5037	101
11.5042	101
11.5048	101
11.5054	101
11.5059	101
11.5065	101
11.507	101
11.5076	101
11.5082	101
11.5087	101
11.5093	101
11.5099	101
11.5104	101
11.511	101
11.5115	101
11.5121	101
11.5127	101
11.5132	101
11.5138	101
11.5144	101
11.5149	101
11.5155	101
11.516	101
11.5166	101
11.5172	101
11.5177	101
11.5183	101
11.5188	101
11.5194	101
11.52	101
11.5205	101
11.5211	101
11.5217	101
11.5222	101
11.5228	101
11.5233	101
11.5239	101
11.5245	101
11.525	101
11.5256	101
11.5262	101
11.5267	101
11.5273	101
11.5278	101
11.5284	101
11.529	101
11.5295	101
11.5301	101
11.5307	101
11.5312	101
11.5318	101
11.5323	101
11.5329	101
11.5335	101
11.534	101
11.5346	101
11.5351	101
11.5357	101
11.5363	101
11.5368	101
11.5374	101
11.538	101
11.5385	101
11.5391	101
11.5396	101
11.5402	101
11.5408	101
11.5413	101
11.5419	101
11.5425	101
11.543	101
11.5436	101
11.5441	101
11.5447	101
11.5453	101
11.5458	101
11.5464	101
11.547	101
11.5475	101
11.5481	101
11.5486	101
11.5492	101
11.5498	101
11.5503	101
11.5509	101
11.5515	101
11.552	101
11.5526	101
11.5531	101
11.5537	101
11.5543	101
11.5548	101
11.5554	101
11.5559	101
11.5565	101
11.5571	101
11.5576	101
11.5582	101
11.5588	101
11.5593	101
11.5599	101
11.5604	101
11.561	101
11.5616	101
11.5621	101
11.5627	101
11.5633	101
11.5638	101
11.5644	101
11.5649	101
11.5655	101
11.5661	101
11.5666	101
11.5672	101
11.5678	101
11.5683	101
11.5689	101
11.5694	101
11.57	101
11.5706	101
11.5711	101
11.5717	101
11.5723	101
11.5728	101
11.5734	101
11.5739	101
11.5745	101
11.5751	101
11.5756	101
11.5762	101
11.5767	101
11.5773	101
11.5779	101
11.5784	101
11.579	101
11.5796	101
11.5801	101
11.5807	101
11.5812	101
11.5818	101
11.5824	101
11.5829	101
11.5835	101
11.5841	101
11.5846	101
11.5852	101
11.5857	101
11.5863	101
11.5869	101
11.5874	101
11.588	101
11.5886	101
11.5891	101
11.5897	101
11.5902	101
11.5908	101
11.5914	101
11.5919	101
11.5925	101
11.593	101
11.5936	101
11.5942	101
11.5947	101
11.5953	101
11.5959	101
11.5964	101
11.597	101
11.5975	101
11.5981	101
11.5987	101
11.5992	101
11.5998	101
11.6004	101
11.6009	101
11.6015	101
11.602	101
11.6026	101
11.6032	101
11.6037	101
11.6043	101
11.6049	101
11.6054	101
11.606	101
11.6065	101
11.6071	101
11.6077	101
11.6082	101
11.6088	101
11.6094	101
11.6099	101
11.6105	101
11.611	101
11.6116	101
11.6122	101
11.6127	101
11.6133	101
11.6138	101
11.6144	101
11.615	101
11.6155	101
11.6161	101
11.6167	101
11.6172	101
11.6178	101
11.6183	101
11.6189	101
11.6195	101
11.62	101
11.6206	101
11.6212	101
11.6217	101
11.6223	101
11.6228	101
11.6234	101
11.624	101
11.6245	101
11.6251	101
11.6257	101
11.6262	101
11.6268	101
11.6273	101
11.6279	101
11.6285	101
11.629	101
11.6296	101
11.6302	101
11.6307	101
11.6313	101
11.6318	101
11.6324	101
11.633	101
11.6335	101
11.6341	101
11.6346	101
11.6352	101
11.6358	101
11.6363	101
11.6369	101
11.6375	101
11.638	101
11.6386	101
11.6391	101
11.6397	101
11.6403	101
11.6408	101
11.6414	101
11.642	101
11.6425	101
11.6431	101
11.6436	101
11.6442	101
11.6448	101
11.6453	101
11.6459	101
11.6465	101
11.647	101
11.6476	101
11.6481	101
11.6487	101
11.6493	101
11.6498	101
11.6504	101
11.6509	101
11.6515	101
11.6521	101
11.6526	101
11.6532	101
11.6538	101
11.6543	101
11.6549	101
11.6554	101
11.656	101
11.6566	101
11.6571	101
11.6577	101
11.6583	101
11.6588	101
11.6594	101
11.6599	101
11.6605	101
11.6611	101
11.6616	101
11.6622	101
11.6628	101
11.6633	101
11.6639	101
11.6644	101
11.665	101
11.6656	101
11.6661	101
11.6667	101
11.6673	101
11.6678	101
11.6684	101
11.6689	101
11.6695	101
11.6701	101
11.6706	101
11.6712	101
11.6717	101
11.6723	101
11.6729	101
11.6734	101
11.674	101
11.6746	101
11.6751	101
11.6757	101
11.6762	101
11.6768	101
11.6774	101
11.6779	101
11.6785	101
11.6791	101
11.6796	101
11.6802	101
11.6807	101
11.6813	101
11.6819	101
11.6824	101
11.683	101
11.6836	101
11.6841	101
11.6847	101
11.6852	101
11.6858	101
11.6864	101
11.6869	101
11.6875	101
11.6881	101
11.6886	101
11.6892	101
11.6897	101
11.6903	101
11.6909	101
11.6914	101
11.692	101
11.6925	101
11.6931	101
11.6937	101
11.6942	101
11.6948	101
11.6954	101
11.6959	101
11.6965	101
11.697	101
11.6976	101
11.6982	101
11.6987	101
11.6993	101
11.6999	101
11.7004	101
11.701	101
11.7015	101
11.7021	101
11.7027	101
11.7032	101
11.7038	101
11.7044	101
11.7049	101
11.7055	101
11.706	101
11.7066	101
11.7072	101
11.7077	101
11.7083	101
11.7088	101
11.7094	101
11.71	101
11.7105	101
11.7111	101
11.7117	101
11.7122	101
11.7128	101
11.7133	101
11.7139	101
11.7145	101
11.715	101
11.7156	101
11.7162	101
11.7167	101
11.7173	101
11.7178	101
11.7184	101
11.719	101
11.7195	101
11.7201	101
11.7207	101
11.7212	101
11.7218	101
11.7223	101
11.7229	101
11.7235	101
11.724	101
11.7246	101
11.7252	101
11.7257	101
11.7263	101
11.7268	101
11.7274	101
11.728	101
11.7285	101
11.7291	101
11.7296	101
11.7302	101
11.7308	101
11.7313	101
11.7319	101
11.7325	101
11.733	101
11.7336	101
11.7341	101
11.7347	101
11.7353	101
11.7358	101
11.7364	101
11.737	101
11.7375	101
11.7381	101
11.7386	101
11.7392	101
11.7398	101
11.7403	101
11.7409	101
11.7415	101
11.742	101
11.7426	101
11.7431	101
11.7437	101
11.7443	101
11.7448	101
11.7454	101
11.7459	101
11.7465	101
11.7471	101
11.7476	101
11.7482	101
11.7488	101
11.7493	101
11.7499	101
11.7504	101
11.751	101
11.7516	101
11.7521	101
11.7527	101
11.7533	101
11.7538	101
11.7544	101
11.7549	101
11.7555	101
11.7561	101
11.7566	101
11.7572	101
11.7578	101
11.7583	101
11.7589	101
11.7594	101
11.76	101
11.7606	101
11.7611	101
11.7617	101
11.7623	101
11.7628	101
11.7634	101
11.7639	101
11.7645	101
11.7651	101
11.7656	101
11.7662	101
11.7667	101
11.7673	101
11.7679	101
11.7684	101
11.769	101
11.7696	101
11.7701	101
11.7707	101
11.7712	101
11.7718	101
11.7724	101
11.7729	101
11.7735	101
11.7741	101
11.7746	101
11.7752	101
11.7757	101
11.7763	101
11.7769	101
11.7774	101
11.778	101
11.7786	101
11.7791	101
11.7797	101
11.7802	101
11.7808	101
11.7814	101
11.7819	101
11.7825	101
11.7831	101
11.7836	101
11.7842	101
11.7847	101
11.7853	101
11.7859	101
11.7864	101
11.787	101
11.7875	101
11.7881	101
11.7887	101
11.7892	101
11.7898	101
11.7904	101
11.7909	101
11.7915	101
11.792	101
11.7926	101
11.7932	101
11.7937	101
11.7943	101
11.7949	101
11.7954	101
11.796	101
11.7965	101
11.7971	101
11.7977	101
11.7982	101
11.7988	101
11.7994	101
11.7999	100
11.8005	100
11.801	100
11.8016	100
11.8022	100
11.8027	100
11.8033	100
11.8038	100
11.8044	100
11.805	100
11.8055	100
11.8061	100
11.8067	100
11.8072	100
11.8078	100
11.8083	100
11.8089	100
11.8095	100
11.81	100
11.8106	100
11.8112	100
11.8117	100
11.8123	100
11.8128	100
11.8134	100
11.814	100
11.8145	100
11.8151	100
11.8157	100
11.8162	100
11.8168	100
11.8173	100
11.8179	100
11.8185	100
11.819	100
11.8196	100
11.8202	100
11.8207	100
11.8213	100
11.8218	100
11.8224	100
11.823	100
11.8235	100
11.8241	100
11.8246	100
11.8252	100
11.8258	100
11.8263	100
11.8269	100
11.8275	100
11.828	100
11.8286	100
11.8291	100
11.8297	100
11.8303	100
11.8308	100
11.8314	100
11.832	100
11.8325	100
11.8331	100
11.8336	100
11.8342	100
11.8348	100
11.8353	100
11.8359	100
11.8365	100
11.837	100
11.8376	100
11.8381	100
11.8387	100
11.8393	100
11.8398	100
11.8404	100
11.841	100
11.8415	100
11.8421	100
11.8426	100
11.8432	100
11.8438	100
11.8443	100
11.8449	100
11.8454	100
11.846	100
11.8466	100
11.8471	100
11.8477	100
11.8483	100
11.8488	100
11.8494	100
11.8499	100
11.8505	100
11.8511	100
11.8516	100
11.8522	100
11.8528	100
11.8533	100
11.8539	100
11.8544	100
11.855	100
11.8556	100
11.8561	100
11.8567	100
11.8573	100
11.8578	100
11.8584	100
11.8589	100
11.8595	100
11.8601	100
11.8606	100
11.8612	100
11.8617	100
11.8623	100
11.8629	100
11.8634	100
11.864	100
11.8646	100
11.8651	100
11.8657	100
11.8662	100
11.8668	100
11.8674	100
11.8679	100
11.8685	100
11.8691	100
11.8696	100
11.8702	100
11.8707	100
11.8713	100
11.8719	100
11.8724	100
11.873	100
11.8736	100
11.8741	100
11.8747	100
11.8752	100
11.8758	100
11.8764	100
11.8769	100
11.8775	100
11.8781	100
11.8786	100
11.8792	100
11.8797	100
11.8803	100
11.8809	100
11.8814	100
11.882	100
11.8825	100
11.8831	100
11.8837	100
11.8842	100
11.8848	100
11.8854	100
11.8859	100
11.8865	100
11.887	100
11.8876	100
11.8882	100
11.8887	100
11.8893	100
11.8899	100
11.8904	100
11.891	100
11.8915	100
11.8921	100
11.8927	100
11.8932	100
11.8938	100
11.8944	100
11.8949	100
11.8955	100
11.896	100
11.8966	100
11.8972	100
11.8977	100
11.8983	100
11.8989	100
11.8994	100
11.9	100
11.9005	100
11.9011	100
11.9017	100
11.9022	100
11.9028	100
11.9033	100
11.9039	100
11.9045	100
11.905	100
11.9056	100
11.9062	100
11.9067	100
11.9073	100
11.9078	100
11.9084	100
11.909	100
11.9095	100
11.9101	100
11.9107	100
11.9112	100
11.9118	100
11.9123	100
11.9129	100
11.9135	100
11.914	100
11.9146	100
11.9152	100
11.9157	100
11.9163	100
11.9168	100
11.9174	100
11.918	100
11.9185	100
11.9191	100
11.9196	100
11.9202	100
11.9208	100
11.9213	100
11.9219	100
11.9225	100
11.923	100
11.9236	100
11.9241	100
11.9247	100
11.9253	100
11.9258	100
11.9264	100
11.927	100
11.9275	100
11.9281	100
11.9286	100
11.9292	100
11.9298	100
11.9303	100
11.9309	100
11.9315	100
11.932	100
11.9326	100
11.9331	100
11.9337	100
11.9343	100
11.9348	100
11.9354	100
11.936	100
11.9365	100
11.9371	100
11.9376	100
11.9382	100
11.9388	100
11.9393	100
11.9399	100
11.9404	100
11.941	100
11.9416	100
11.9421	100
11.9427	100
11.9433	100
11.9438	100
11.9444	100
11.9449	100
11.9455	100
11.9461	100
11.9466	100
11.9472	100
11.9478	100
11.9483	100
11.9489	100
11.9494	100
11.95	100
11.9506	100
11.9511	100
11.9517	100
11.9523	100
11.9528	100
11.9534	100
11.9539	100
11.9545	100
11.9551	100
11.9556	100
11.9562	100
11.9568	100
11.9573	100
11.9579	100
11.9584	100
11.959	100
11.9596	100
11.9601	100
11.9607	100
11.9612	100
11.9618	100
11.9624	100
11.9629	100
11.9635	100
11.9641	100
11.9646	100
11.9652	100
11.9657	100
11.9663	100
11.9669	100
11.9674	100
11.968	100
11.9686	100
11.9691	100
11.9697	100
11.9702	100
11.9708	100
11.9714	100
11.9719	100
11.9725	100
11.9731	100
11.9736	100
11.9742	100
11.9747	100
11.9753	100
11.9759	100
11.9764	100
11.977	100
11.9775	100
11.9781	100
11.9787	100
11.9792	100
11.9798	100
11.9804	100
11.9809	100
11.9815	100
11.982	100
11.9826	100
11.9832	100
11.9837	100
11.9843	100
11.9849	100
11.9854	100
11.986	100
11.9865	100
11.9871	100
11.9877	100
11.9882	100
11.9888	100
11.9894	100
11.9899	100
11.9905	100
11.991	100
11.9916	100
11.9922	100
11.9927	100
11.9933	100
11.9939	100
11.9944	100
11.995	100
11.9955	100
11.9961	100
11.9967	100
11.9972	100
11.9978	100
11.9983	100
11.9989	100
11.9995	100
12	100
12.0006	100
12.0012	100
12.0017	100
12.0023	101
12.0028	101
12.0034	101
12.004	101
12.0045	101
12.0051	101
12.0057	101
12.0062	101
12.0068	101
12.0073	101
12.0079	101
12.0085	101
12.009	101
12.0096	101
12.0102	101
12.0107	101
12.0113	101
12.0118	101
12.0124	101
12.013	101
12.0135	101
12.0141	101
12.0147	101
12.0152	101
12.0158	101
12.0163	101
12.0169	101
12.0175	101
12.018	101
12.0186	101
12.0191	101
12.0197	101
12.0203	101
12.0208	101
12.0214	101
12.022	101
12.0225	101
12.0231	101
12.0236	101
12.0242	101
12.0248	101
12.0253	101
12.0259	101
12.0265	101
12.027	101
12.0276	101
12.0281	101
12.0287	101
12.0293	101
12.0298	101
12.0304	101
12.031	101
12.0315	101
12.0321	101
12.0326	101
12.0332	101
12.0338	101
12.0343	101
12.0349	101
12.0354	101
12.036	101
12.0366	101
12.0371	101
12.0377	101
12.0383	101
12.0388	101
12.0394	101
12.0399	101
12.0405	101
12.0411	101
12.0416	101
12.0422	101
12.0428	101
12.0433	101
12.0439	101
12.0444	101
12.045	101
12.0456	101
12.0461	101
12.0467	101
12.0473	101
12.0478	101
12.0484	101
12.0489	101
12.0495	101
12.0501	101
12.0506	101
12.0512	101
12.0518	101
12.0523	101
12.0529	101
12.0534	101
12.054	101
12.0546	101
12.0551	101
12.0557	101
12.0562	101
12.0568	101
12.0574	101
12.0579	101
12.0585	101
12.0591	101
12.0596	101
12.0602	101
12.0607	101
12.0613	101
12.0619	101
12.0624	101
12.063	101
12.0636	101
12.0641	101
12.0647	101
12.0652	101
12.0658	101
12.0664	101
12.0669	101
12.0675	101
12.0681	101
12.0686	101
12.0692	101
12.0697	101
12.0703	101
12.0709	101
12.0714	101
12.072	101
12.0725	101
12.0731	101
12.0737	101
12.0742	101
12.0748	101
12.0754	101
12.0759	101
12.0765	101
12.077	101
12.0776	101
12.0782	101
12.0787	101
12.0793	101
12.0799	101
12.0804	101
12.081	101
12.0815	101
12.0821	101
12.0827	101
12.0832	101
12.0838	101
12.0844	101
12.0849	101
12.0855	101
12.086	101
12.0866	101
12.0872	101
12.0877	101
12.0883	101
12.0889	101
12.0894	101
12.09	101
12.0905	101
12.0911	101
12.0917	101
12.0922	101
12.0928	101
12.0933	101
12.0939	101
12.0945	101
12.095	101
12.0956	101
12.0962	101
12.0967	101
12.0973	101
12.0978	101
12.0984	101
12.099	101
12.0995	101
12.1001	101
12.1007	101
12.1012	101
12.1018	101
12.1023	101
12.1029	101
12.1035	101
12.104	102
12.1046	102
12.1052	102
12.1057	102
12.1063	102
12.1068	102
12.1074	102
12.108	102
12.1085	102
12.1091	102
12.1097	102
12.1102	102
12.1108	102
12.1113	102
12.1119	102
12.1125	102
12.113	102
12.1136	102
12.1141	102
12.1147	102
12.1153	102
12.1158	102
12.1164	102
12.117	102
12.1175	102
12.1181	102
12.1186	102
12.1192	102
12.1198	102
12.1203	102
12.1209	102
12.1215	102
12.122	102
12.1226	102
12.1231	102
12.1237	102
12.1243	102
12.1248	102
12.1254	102
12.126	102
12.1265	102
12.1271	102
12.1276	102
12.1282	102
12.1288	102
12.1293	102
12.1299	102
12.1304	102
12.131	102
12.1316	102
12.1321	102
12.1327	102
12.1333	102
12.1338	102
12.1344	102
12.1349	102
12.1355	102
12.1361	102
12.1366	102
12.1372	102
12.1378	102
12.1383	102
12.1389	102
12.1394	102
12.14	102
12.1406	102
12.1411	102
12.1417	102
12.1423	102
12.1428	102
12.1434	102
12.1439	102
12.1445	102
12.1451	102
12.1456	102
12.1462	102
12.1468	102
12.1473	102
12.1479	102
12.1484	102
12.149	102
12.1496	102
12.1501	102
12.1507	102
12.1512	102
12.1518	102
12.1524	102
12.1529	102
12.1535	102
12.1541	102
12.1546	102
12.1552	102
12.1557	102
12.1563	102
12.1569	102
12.1574	102
12.158	102
12.1586	102
12.1591	102
12.1597	102
12.1602	102
12.1608	102
12.1614	102
12.1619	102
12.1625	102
12.1631	102
12.1636	102
12.1642	102
12.1647	102
12.1653	102
12.1659	102
12.1664	102
12.167	102
12.1676	102
12.1681	102
12.1687	102
12.1692	102
12.1698	102
12.1704	102
12.1709	102
12.1715	102
12.172	102
12.1726	102
12.1732	102
12.1737	102
12.1743	102
12.1749	102
12.1754	102
12.176	102
12.1765	102
12.1771	102
12.1777	102
12.1782	102
12.1788	102
12.1794	102
12.1799	102
12.1805	102
12.181	102
12.1816	102
12.1822	102
12.1827	102
12.1833	102
12.1839	102
12.1844	102
12.185	102
12.1855	102
12.1861	102
12.1867	102
12.1872	102
12.1878	102
12.1883	102
12.1889	102
12.1895	102
12.19	102
12.1906	102
12.1912	102
12.1917	102
12.1923	102
12.1928	102
12.1934	102
12.194	102
12.1945	102
12.1951	102
12.1957	102
12.1962	102
12.1968	102
12.1973	102
12.1979	102
12.1985	102
12.199	102
12.1996	102
12.2002	102
12.2007	102
12.2013	102
12.2018	102
12.2024	102
12.203	102
12.2035	102
12.2041	102
12.2047	102
12.2052	102
12.2058	102
12.2063	102
12.2069	102
12.2075	102
12.208	102
12.2086	102
12.2091	102
12.2097	102
12.2103	102
12.2108	102
12.2114	102
12.212	102
12.2125	102
12.2131	102
12.2136	102
12.2142	102
12.2148	102
12.2153	102
12.2159	102
12.2165	102
12.217	102
12.2176	102
12.2181	102
12.2187	102
12.2193	102
12.2198	102
12.2204	102
12.221	102
12.2215	102
12.2221	102
12.2226	102
12.2232	102
12.2238	102
12.2243	102
12.2249	102
12.2255	102
12.226	102
12.2266	102
12.2271	102
12.2277	102
12.2283	102
12.2288	102
12.2294	102
12.2299	102
12.2305	102
12.2311	102
12.2316	102
12.2322	102
12.2328	102
12.2333	102
12.2339	102
12.2344	102
12.235	102
12.2356	102
12.2361	102
12.2367	102
12.2373	102
12.2378	102
12.2384	102
12.2389	102
12.2395	102
12.2401	102
12.2406	102
12.2412	102
12.2418	102
12.2423	102
12.2429	102
12.2434	102
12.244	102
12.2446	102
12.2451	102
12.2457	102
12.2462	102
12.2468	102
12.2474	102
12.2479	102
12.2485	102
12.2491	102
12.2496	102
12.2502	102
12.2507	102
12.2513	102
12.2519	102
12.2524	102
12.253	102
12.2536	102
12.2541	102
12.2547	102
12.2552	102
12.2558	102
12.2564	102
12.2569	102
12.2575	102
12.2581	102
12.2586	102
12.2592	102
12.2597	102
12.2603	102
12.2609	102
12.2614	102
12.262	102
12.2626	102
12.2631	102
12.2637	102
12.2642	102
12.2648	102
12.2654	102
12.2659	102
12.2665	102
12.267	102
12.2676	102
12.2682	102
12.2687	102
12.2693	102
12.2699	102
12.2704	102
12.271	102
12.2715	102
12.2721	102
12.2727	102
12.2732	102
12.2738	102
12.2744	102
12.2749	102
12.2755	102
12.276	102
12.2766	102
12.2772	102
12.2777	102
12.2783	102
12.2789	102
12.2794	102
12.28	102
12.2805	102
12.2811	102
12.2817	102
12.2822	102
12.2828	102
12.2834	102
12.2839	102
12.2845	102
12.285	102
12.2856	102
12.2862	102
12.2867	102
12.2873	102
12.2878	102
12.2884	102
12.289	102
12.2895	102
12.2901	102
12.2907	102
12.2912	102
12.2918	102
12.2923	102
12.2929	102
12.2935	102
12.294	102
12.2946	102
12.2952	102
12.2957	102
12.2963	102
12.2968	102
12.2974	102
12.298	102
12.2985	102
12.2991	102
12.2997	102
12.3002	102
12.3008	102
12.3013	102
12.3019	102
12.3025	102
12.303	102
12.3036	102
12.3041	102
12.3047	102
12.3053	102
12.3058	102
12.3064	102
12.307	102
12.3075	102
12.3081	102
12.3086	102
12.3092	102
12.3098	102
12.3103	102
12.3109	101
12.3115	101
12.312	101
12.3126	101
12.3131	101
12.3137	101
12.3143	101
12.3148	101
12.3154	101
12.316	101
12.3165	101
12.3171	101
12.3176	101
12.3182	101
12.3188	101
12.3193	101
12.3199	101
12.3205	101
12.321	101
12.3216	101
12.3221	101
12.3227	101
12.3233	101
12.3238	101
12.3244	101
12.3249	101
12.3255	101
12.3261	101
12.3266	101
12.3272	101
12.3278	101
12.3283	101
12.3289	101
12.3294	101
12.33	101
12.3306	101
12.3311	101
12.3317	101
12.3323	101
12.3328	101
12.3334	101
12.3339	101
12.3345	101
12.3351	101
12.3356	101
12.3362	101
12.3368	101
12.3373	101
12.3379	101
12.3384	101
12.339	101
12.3396	101
12.3401	101
12.3407	101
12.3412	101
12.3418	101
12.3424	101
12.3429	101
12.3435	101
12.3441	101
12.3446	101
12.3452	101
12.3457	101
12.3463	101
12.3469	101
12.3474	101
12.348	101
12.3486	101
12.3491	101
12.3497	101
12.3502	101
12.3508	101
12.3514	101
12.3519	101
12.3525	101
12.3531	101
12.3536	101
12.3542	101
12.3547	101
12.3553	101
12.3559	101
12.3564	101
12.357	101
12.3576	101
12.3581	101
12.3587	101
12.3592	101
12.3598	101
12.3604	101
12.3609	101
12.3615	101
12.362	101
12.3626	101
12.3632	101
12.3637	101
12.3643	101
12.3649	101
12.3654	101
12.366	101
12.3665	101
12.3671	101
12.3677	101
12.3682	101
12.3688	101
12.3694	101
12.3699	101
12.3705	101
12.371	101
12.3716	101
12.3722	101
12.3727	101
12.3733	101
12.3739	101
12.3744	101
12.375	101
12.3755	101
12.3761	101
12.3767	101
12.3772	101
12.3778	101
12.3784	101
12.3789	101
12.3795	101
12.38	101
12.3806	101
12.3812	101
12.3817	101
12.3823	101
12.3828	101
12.3834	101
12.384	101
12.3845	101
12.3851	101
12.3857	101
12.3862	101
12.3868	101
12.3873	101
12.3879	101
12.3885	101
12.389	101
12.3896	101
12.3902	101
12.3907	101
12.3913	101
12.3918	101
12.3924	101
12.393	101
12.3935	101
12.3941	101
12.3947	101
12.3952	101
12.3958	101
12.3963	101
12.3969	101
12.3975	101
12.398	101
12.3986	101
12.3991	101
12.3997	101
12.4003	101
12.4008	101
12.4014	101
12.402	101
12.4025	101
12.4031	101
12.4036	101
12.4042	101
12.4048	101
12.4053	101
12.4059	101
12.4067	101
12.4073	101
12.4078	101
12.4084	101
12.409	101
12.4095	101
12.4101	101
12.4106	101
12.4112	101
12.4118	101
12.4123	101
12.4129	100
12.4135	100
12.414	100
12.4146	100
12.4151	100
12.4157	100
12.4163	100
12.4168	100
12.4174	100
12.418	100
12.4185	100
12.4191	100
12.4196	100
12.4202	100
12.4208	100
12.4213	100
12.4219	100
12.4225	100
12.423	100
12.4236	100
12.4241	100
12.4247	100
12.4253	100
12.4258	100
12.4264	100
12.4269	100
12.4275	100
12.4281	100
12.4286	100
12.4292	100
12.4298	100
12.4303	100
12.4309	100
12.4314	100
12.432	100
12.4326	100
12.4331	100
12.4337	100
12.4343	100
12.4348	100
12.4354	100
12.4359	100
12.4365	100
12.4371	100
12.4376	100
12.4382	100
12.4388	100
12.4393	100
12.4399	100
12.4404	100
12.441	100
12.4416	100
12.4421	100
12.4427	100
12.4432	100
12.4438	100
12.4444	100
12.4449	100
12.4455	100
12.4461	100
12.4466	100
12.4472	100
12.4477	100
12.4483	100
12.4489	100
12.4494	100
12.45	100
12.4506	100
12.4511	100
12.4517	100
12.4522	100
12.4528	100
12.4534	100
12.4539	100
12.4545	100
12.4551	100
12.4556	100
12.4562	100
12.4567	100
12.4573	100
12.4579	100
12.4584	100
12.459	100
12.4596	100
12.4601	100
12.4607	100
12.4612	100
12.4618	100
12.4624	100
12.4629	100
12.4635	100
12.464	100
12.4646	100
12.4652	100
12.4657	100
12.4663	100
12.4669	100
12.4674	100
12.468	100
12.4685	100
12.4691	100
12.4697	100
12.4702	100
12.4708	100
12.4714	100
12.4719	100
12.4725	100
12.473	100
12.4736	100
12.4742	100
12.4747	100
12.4753	100
12.4759	100
12.4764	100
12.477	100
12.4775	100
12.4781	100
12.4787	100
12.4792	100
12.4798	100
12.4804	100
12.4809	100
12.4815	100
12.482	100
12.4826	100
12.4832	100
12.4837	100
12.4843	100
12.4848	100
12.4854	100
12.486	100
12.4865	100
12.4871	100
12.4877	100
12.4882	100
12.4888	100
12.4893	100
12.4899	100
12.4905	100
12.491	100
12.4916	100
12.4922	100
12.4927	100
12.4933	100
12.4938	100
12.4944	100
12.495	100
12.4955	100
12.4961	100
12.4967	100
12.4972	100
12.4978	100
12.4983	100
12.4989	100
12.4995	100
12.5	100
12.5006	100
12.5011	100
12.5017	100
12.5023	100
12.5028	100
12.5034	100
12.504	100
12.5045	100
12.5051	100
12.5056	100
12.507	101
12.5076	101
12.5081	101
12.5087	101
12.5093	101
12.5098	101
12.5104	101
12.511	100
12.5115	100
12.5121	100
12.5126	100
12.5132	100
12.5138	100
12.5143	100
12.5149	100
12.5155	100
12.516	100
12.5166	100
12.5171	100
12.5177	100
12.5183	100
12.5188	100
12.5194	100
12.52	100
12.5205	100
12.5211	100
12.5216	100
12.5222	100
12.5228	100
12.5233	100
12.5239	100
12.5245	100
12.525	100
12.5256	100
12.5261	100
12.5267	100
12.5273	100
12.5278	100
12.5284	100
12.5289	100
12.5295	100
12.5301	100
12.5306	100
12.5312	100
12.5318	100
12.5323	100
12.5329	100
12.5334	100
12.534	100
12.5346	100
12.5351	100
12.5357	100
12.5363	100
12.5368	100
12.5374	100
12.5379	100
12.5385	100
12.5391	100
12.5396	100
12.5402	100
12.5408	100
12.5413	100
12.5419	100
12.5424	100
12.543	100
12.5436	100
12.5441	100
12.5447	100
12.5452	100
12.5458	100
12.5464	100
12.5469	100
12.5475	100
12.5481	100
12.5486	100
12.5492	100
12.5497	100
12.5503	100
12.5509	100
12.5514	100
12.552	100
12.5526	100
12.5531	100
12.5537	100
12.5542	100
12.5548	100
12.5554	100
12.5559	100
12.5565	100
12.5571	100
12.5576	100
12.5582	100
12.5587	100
12.5593	100
12.5599	100
12.5604	100
12.561	100
12.5616	100
12.5621	100
12.5627	100
12.5632	100
12.5638	100
12.5644	100
12.5649	100
12.5655	100
12.566	100
12.5666	100
12.5672	100
12.5677	100
12.5683	100
12.5689	100
12.5694	100
12.57	100
12.5705	100
12.5711	100
12.5717	100
12.5722	100
12.5728	100
12.5734	100
12.5739	100
12.5745	100
12.575	100
12.5756	100
12.5762	100
12.5767	100
12.5773	100
12.5779	100
12.5784	100
12.579	100
12.5795	100
12.5801	100
12.5807	100
12.5812	100
12.5818	100
12.5823	100
12.5829	100
12.5835	100
12.584	100
12.5846	100
12.5852	100
12.5857	100
12.5863	100
12.5868	100
12.5874	100
12.588	100
12.5885	100
12.5891	100
12.5897	100
12.5902	100
12.5908	100
12.5913	100
12.5919	100
12.5925	100
12.593	100
12.5936	100
12.5942	100
12.5947	100
12.5953	100
12.5958	100
12.5964	100
12.597	100
12.5975	100
12.5981	100
12.5987	100
12.5992	100
12.5998	100
12.6003	100
12.6009	100
12.6015	100
12.602	100
12.6026	100
12.6031	100
12.6037	100
12.6043	100
12.6048	100
12.6054	100
12.606	100
12.6073	100
12.6079	100
12.6085	100
12.609	100
12.6096	100
12.6101	100
12.6107	100
12.6113	100
12.6118	100
12.6124	100
12.613	100
12.6135	100
12.6141	100
12.6146	100
12.6152	100
12.6158	100
12.6163	100
12.6169	100
12.6175	100
12.618	100
12.6186	100
12.6191	100
12.6197	100
12.6203	100
12.6208	100
12.6214	100
12.622	100
12.6225	100
12.6231	100
12.6236	100
12.6242	100
12.6248	100
12.6253	100
12.6259	100
12.6264	100
12.627	100
12.6276	100
12.6281	100
12.6287	100
12.6293	100
12.6298	100
12.6304	100
12.6309	100
12.6315	100
12.6321	100
12.6326	100
12.6332	100
12.6338	100
12.6343	100
12.6349	100
12.6354	100
12.636	100
12.6366	100
12.6371	100
12.6377	100
12.6383	100
12.6388	100
12.6394	100
12.6399	100
12.6405	100
12.6411	100
12.6416	100
12.6422	100
12.6428	100
12.6433	100
12.6439	100
12.6444	100
12.645	100
12.6456	100
12.6461	100
12.6467	100
12.6472	100
12.6478	100
12.6484	100
12.6489	100
12.6495	100
12.6501	100
12.6506	100
12.6512	100
12.6517	100
12.6523	100
12.6529	100
12.6534	100
12.654	100
12.6546	100
12.6551	100
12.6557	100
12.6562	100
12.6568	100
12.6574	100
12.6579	100
12.6585	100
12.6591	100
12.6596	100
12.6602	100
12.6607	100
12.6613	100
12.6619	100
12.6624	100
12.663	100
12.6636	100
12.6641	100
12.6647	100
12.6652	100
12.6658	100
12.6664	100
12.6669	100
12.6675	100
12.668	100
12.6686	100
12.6692	100
12.6697	100
12.6703	100
12.6709	100
12.6714	100
12.672	100
12.6725	100
12.6731	100
12.6737	100
12.6742	100
12.6748	100
12.6754	100
12.6759	100
12.6765	100
12.677	100
12.6776	100
12.6782	100
12.6787	100
12.6793	100
12.6799	100
12.6804	100
12.681	100
12.6815	100
12.6821	100
12.6827	100
12.6832	100
12.6838	100
12.6843	100
12.6849	100
12.6855	100
12.686	100
12.6866	100
12.6872	100
12.6877	100
12.6883	100
12.6888	100
12.6894	100
12.69	100
12.6905	100
12.6911	100
12.6917	100
12.6922	100
12.6928	100
12.6933	100
12.6939	100
12.6945	100
12.695	100
12.6956	100
12.6962	100
12.6967	100
12.6973	100
12.6978	100
12.6984	100
12.699	100
12.6995	100
12.7001	100
12.7007	100
12.7012	100
12.7018	100
12.7023	100
12.7029	100
12.7035	100
12.704	100
12.7046	100
12.7051	100
12.7057	100
12.7063	100
12.7068	100
12.7079	100
12.7085	100
12.7091	100
12.7096	100
12.7102	100
12.7107	100
12.7113	100
12.7119	100
12.7124	100
12.713	100
12.7136	100
12.7141	101
12.7147	101
12.7152	101
12.7158	101
12.7164	101
12.7169	101
12.7175	101
12.718	101
12.7186	101
12.7192	101
12.7197	101
12.7203	101
12.7209	101
12.7214	101
12.722	101
12.7225	101
12.7231	101
12.7237	101
12.7242	101
12.7248	101
12.7254	101
12.7259	101
12.7265	101
12.727	101
12.7276	101
12.7282	101
12.7287	101
12.7293	101
12.7299	101
12.7304	101
12.731	101
12.7315	101
12.7321	101
12.7327	101
12.7332	101
12.7338	101
12.7344	101
12.7349	101
12.7355	101
12.736	101
12.7366	101
12.7372	101
12.7377	101
12.7383	101
12.7388	101
12.7394	101
12.74	101
12.7405	101
12.7411	101
12.7417	101
12.7422	101
12.7428	101
12.7433	101
12.7439	101
12.7445	101
12.745	101
12.7456	101
12.7462	101
12.7467	101
12.7473	101
12.7478	101
12.7484	101
12.749	101
12.7495	101
12.7501	101
12.7507	101
12.7512	101
12.7518	101
12.7523	101
12.7529	101
12.7535	101
12.754	101
12.7546	101
12.7552	101
12.7557	101
12.7563	101
12.7568	101
12.7574	101
12.758	101
12.7585	101
12.7591	101
12.7596	101
12.7602	101
12.7608	101
12.7613	101
12.7619	101
12.7625	101
12.763	101
12.7636	101
12.7641	101
12.7647	101
12.7653	101
12.7658	101
12.7664	101
12.767	101
12.7675	101
12.7681	101
12.7686	101
12.7692	101
12.7698	101
12.7703	101
12.7709	101
12.7715	101
12.772	101
12.7726	101
12.7731	101
12.7737	101
12.7743	101
12.7748	101
12.7754	101
12.7759	101
12.7765	101
12.7771	101
12.7776	101
12.7782	101
12.7788	101
12.7793	101
12.7799	101
12.7804	101
12.781	101
12.7816	101
12.7821	101
12.7827	101
12.7833	101
12.7838	101
12.7844	101
12.7849	101
12.7855	101
12.7861	101
12.7866	101
12.7872	101
12.7878	101
12.7883	101
12.7889	101
12.7894	101
12.79	101
12.7906	101
12.7911	101
12.7917	101
12.7923	101
12.7928	101
12.7934	101
12.7939	101
12.7945	101
12.7951	101
12.7956	101
12.7962	101
12.7967	101
12.7973	101
12.7979	101
12.7984	101
12.799	101
12.7996	101
12.8001	101
12.8007	101
12.8012	101
12.8018	101
12.8024	101
12.8029	101
12.8035	101
12.8041	101
12.8046	101
12.8052	101
12.8057	101
12.8063	101
12.8069	101
12.8074	101
12.808	101
12.8086	101
12.8091	101
12.8097	100
12.8102	100
12.8108	100
12.8114	100
12.8119	100
12.8125	100
12.8131	100
12.8136	100
12.8142	100
12.8147	100
12.8153	100
12.8159	100
12.8164	100
12.817	100
12.8175	100
12.8181	100
12.8187	100
12.8192	100
12.8198	100
12.8204	100
12.8209	100
12.8215	100
12.822	100
12.8226	100
12.8232	100
12.8237	100
12.8243	100
12.8249	100
12.8254	100
12.826	100
12.8265	100
12.8271	100
12.8277	100
12.8282	100
12.8288	100
12.8294	100
12.8299	100
12.8305	100
12.831	100
12.8316	100
12.8322	100
12.8327	100
12.8333	100
12.8338	100
12.8344	100
12.835	100
12.8355	100
12.8361	100
12.8367	100
12.8372	100
12.8378	100
12.8383	100
12.8389	100
12.8395	100
12.84	100
12.8406	100
12.8412	100
12.8417	100
12.8423	100
12.8428	100
12.8434	100
12.844	100
12.8445	100
12.8451	100
12.8457	100
12.8462	100
12.8468	100
12.8473	100
12.8479	100
12.8485	100
12.849	100
12.8496	100
12.8502	100
12.8507	100
12.8513	100
12.8518	100
12.8524	100
12.853	100
12.8535	100
12.8541	100
12.8546	100
12.8552	100
12.8558	100
12.8563	100
12.8569	100
12.8575	100
12.858	100
12.8586	100
12.8591	100
12.8597	100
12.8603	100
12.8608	100
12.8614	100
12.862	100
12.8625	100
12.8631	100
12.8636	100
12.8642	100
12.8648	100
12.8653	100
12.8659	100
12.8665	100
12.867	100
12.8676	100
12.8681	100
12.8687	100
12.8693	100
12.8698	100
12.8704	100
12.871	100
12.8715	100
12.8721	100
12.8726	100
12.8732	100
12.8738	100
12.8743	100
12.8749	100
12.8754	100
12.876	100
12.8766	100
12.8771	100
12.8777	100
12.8783	100
12.8788	100
12.8794	100
12.8799	100
12.8805	100
12.8811	100
12.8816	100
12.8822	100
12.8828	100
12.8833	100
12.8839	100
12.8844	100
12.885	100
12.8856	100
12.8861	100
12.8867	100
12.8873	100
12.8878	100
12.8884	100
12.8889	100
12.8895	100
12.8901	100
12.8906	100
12.8912	100
12.8917	100
12.8923	100
12.8929	100
12.8934	100
12.894	100
12.8946	100
12.8951	100
12.8957	100
12.8962	100
12.8968	100
12.8974	100
12.8979	100
12.8985	100
12.8991	100
12.8996	100
12.9002	100
12.9007	100
12.9013	100
12.9019	100
12.9024	100
12.903	100
12.9036	100
12.9041	100
12.9047	100
12.9052	100
12.9058	100
12.9064	100
12.9069	100
12.9075	100
12.9081	100
12.9086	100
12.9092	100
12.9097	100
12.9103	100
12.9109	100
12.9114	100
12.912	100
12.9125	100
12.9131	101
12.9137	101
12.9142	101
12.9148	101
12.9154	101
12.9159	101
12.9165	101
12.917	101
12.9176	101
12.9182	101
12.9187	101
12.9193	101
12.9199	101
12.9204	101
12.921	101
12.9215	101
12.9221	101
12.9227	101
12.9232	101
12.9238	101
12.9244	101
12.9249	101
12.9255	101
12.926	101
12.9266	101
12.9272	101
12.9277	101
12.9283	101
12.9289	101
12.9294	101
12.93	101
12.9305	101
12.9311	101
12.9317	101
12.9322	101
12.9328	101
12.9333	101
12.9339	101
12.9345	101
12.935	101
12.9356	101
12.9362	101
12.9367	101
12.9373	101
12.9378	101
12.9384	101
12.939	101
12.9395	101
12.9401	101
12.9407	101
12.9412	101
12.9418	101
12.9423	101
12.9429	101
12.9435	101
12.944	101
12.9446	101
12.9452	101
12.9457	101
12.9463	101
12.9468	101
12.9474	101
12.948	101
12.9485	101
12.9491	101
12.9496	101
12.9502	101
12.9508	101
12.9513	101
12.9519	101
12.9525	101
12.953	101
12.9536	101
12.9541	101
12.9547	101
12.9553	101
12.9558	101
12.9564	101
12.957	101
12.9575	101
12.9581	101
12.9586	101
12.9592	101
12.9598	101
12.9603	101
12.9609	101
12.9615	101
12.962	101
12.9626	101
12.9631	101
12.9637	101
12.9643	101
12.9648	101
12.9654	101
12.966	101
12.9665	101
12.9671	101
12.9676	101
12.9682	101
12.9688	101
12.9693	101
12.9699	101
12.9704	101
12.971	101
12.9716	101
12.9721	101
12.9727	101
12.9733	101
12.9738	101
12.9744	101
12.9749	101
12.9755	101
12.9761	101
12.9766	101
12.9772	101
12.9778	101
12.9783	101
12.9789	101
12.9794	101
12.98	101
12.9806	101
12.9811	101
12.9817	101
12.9823	101
12.9828	101
12.9834	101
12.9839	101
12.9845	101
12.9851	101
12.9856	101
12.9862	101
12.9867	101
12.9873	101
12.9879	101
12.9884	101
12.989	101
12.9896	101
12.9901	101
12.9907	101
12.9912	101
12.9918	101
12.9924	101
12.9929	101
12.9935	101
12.9941	101
12.9946	101
12.9952	101
12.9957	101
12.9963	101
12.9969	101
12.9974	101
12.998	101
12.9986	101
12.9991	101
12.9997	101
13.0002	101
13.0008	101
13.0014	101
13.0019	101
13.0025	101
13.0031	101
13.0036	101
13.0042	101
13.0047	101
13.0053	101
13.0059	101
13.0064	101
13.007	101
13.0075	101
13.0081	101
13.0087	101
13.0092	101
13.0098	101
13.0104	101
13.0109	101
13.0115	101
13.012	101
13.0126	101
13.0132	101
13.0137	101
13.0143	101
13.0149	101
13.0154	101
13.016	101
13.0165	101
13.0171	101
13.0177	101
13.0182	101
13.0188	101
13.0194	101
13.0199	101
13.0205	101
13.021	101
13.0216	101
13.0222	101
13.0227	101
13.0233	101
13.0239	101
13.0244	101
13.025	101
13.0255	101
13.0261	101
13.0267	101
13.0272	101
13.0278	101
13.0283	101
13.0289	101
13.0295	101
13.03	101
13.0306	101
13.0312	101
13.0317	101
13.0323	101
13.0328	101
13.0334	101
13.034	101
13.0345	101
13.0351	101
13.0357	101
13.0362	101
13.0368	101
13.0373	101
13.0379	101
13.0385	101
13.039	101
13.0396	101
13.0402	101
13.0407	101
13.0413	101
13.0418	101
13.0424	101
13.043	101
13.0435	101
13.0441	101
13.0446	101
13.0452	101
13.0458	101
13.0463	101
13.0469	101
13.0475	101
13.048	101
13.0486	101
13.0491	101
13.0497	101
13.0503	101
13.0508	101
13.0514	101
13.052	101
13.0525	101
13.0531	101
13.0536	101
13.0542	101
13.0548	101
13.0553	101
13.0559	101
13.0565	101
13.057	101
13.0576	101
13.0581	101
13.0587	101
13.0593	101
13.0598	101
13.0604	101
13.061	101
13.0615	101
13.0621	101
13.0626	101
13.0632	101
13.0638	101
13.0643	101
13.0649	101
13.0654	101
13.066	101
13.0666	101
13.0671	101
13.0677	101
13.0683	101
13.0688	101
13.0694	101
13.0699	101
13.0705	101
13.0711	101
13.0716	101
13.0722	101
13.0728	101
13.0733	101
13.0739	101
13.0744	101
13.075	101
13.0756	101
13.0761	101
13.0767	101
13.0773	101
13.0778	101
13.0784	101
13.0789	101
13.0795	101
13.0801	101
13.0806	101
13.0812	101
13.0818	101
13.0823	101
13.0829	101
13.0834	101
13.084	101
13.0846	101
13.0851	101
13.0857	101
13.0862	101
13.0868	101
13.0874	101
13.0879	101
13.0885	101
13.0891	101
13.0896	101
13.0902	101
13.0907	101
13.0913	101
13.0919	101
13.0924	101
13.093	101
13.0936	101
13.0941	101
13.0947	101
13.0952	101
13.0958	101
13.0964	101
13.0969	101
13.0975	101
13.0981	101
13.0986	101
13.0992	101
13.0997	101
13.1003	101
13.1009	101
13.1014	101
13.102	101
13.1025	101
13.1031	101
13.1037	101
13.1042	101
13.1048	101
13.1054	101
13.1059	101
13.1065	101
13.107	101
13.1076	101
13.1082	101
13.1087	101
13.1093	101
13.1099	101
13.1104	101
13.111	101
13.1115	101
13.1121	101
13.1127	101
13.1132	102
13.1138	102
13.1144	102
13.1149	102
13.1155	102
13.116	102
13.1166	102
13.1172	102
13.1177	102
13.1183	102
13.1189	102
13.1194	102
13.12	102
13.1205	102
13.1211	102
13.1217	102
13.1222	102
13.1228	102
13.1233	102
13.1239	102
13.1245	102
13.125	102
13.1256	102
13.1262	102
13.1267	102
13.1273	102
13.1278	102
13.1284	102
13.129	102
13.1295	102
13.1301	102
13.1307	102
13.1312	102
13.1318	102
13.1323	102
13.1329	102
13.1335	102
13.134	102
13.1346	102
13.1352	102
13.1357	102
13.1363	102
13.1368	102
13.1374	102
13.138	102
13.1385	102
13.1391	102
13.1397	102
13.1402	102
13.1408	102
13.1413	102
13.1419	102
13.1425	102
13.143	102
13.1436	102
13.1441	102
13.1447	102
13.1453	102
13.1458	102
13.1464	102
13.147	102
13.1475	102
13.1481	102
13.1486	102
13.1492	102
13.1498	102
13.1503	102
13.1509	102
13.1515	102
13.152	102
13.1526	102
13.1531	102
13.1537	102
13.1543	102
13.1548	102
13.1554	102
13.156	102
13.1565	102
13.1571	102
13.1576	102
13.1582	102
13.1588	102
13.1593	102
13.1599	102
13.1604	102
13.161	102
13.1616	102
13.1621	102
13.1627	102
13.1633	102
13.1638	102
13.1644	102
13.1649	102
13.1655	102
13.1661	102
13.1666	102
13.1672	102
13.1678	102
13.1683	102
13.1689	102
13.1694	102
13.17	102
13.1706	102
13.1711	102
13.1717	102
13.1723	102
13.1728	102
13.1734	102
13.1739	102
13.1745	102
13.1751	102
13.1756	102
13.1762	102
13.1768	102
13.1773	102
13.1779	102
13.1784	102
13.179	102
13.1796	102
13.1801	102
13.1807	102
13.1812	102
13.1818	102
13.1824	102
13.1829	102
13.1835	102
13.1841	102
13.1846	102
13.1852	102
13.1857	102
13.1863	102
13.1869	102
13.1874	102
13.188	102
13.1886	102
13.1891	102
13.1897	102
13.1902	102
13.1908	102
13.1914	102
13.1919	102
13.1925	102
13.1931	102
13.1936	102
13.1942	102
13.1947	102
13.1953	102
13.1959	102
13.1964	102
13.197	102
13.1976	102
13.1981	102
13.1987	102
13.1992	102
13.1998	102
13.2004	102
13.2009	102
13.2015	102
13.202	102
13.2026	102
13.2032	102
13.2037	102
13.2043	102
13.2049	102
13.2054	102
13.206	102
13.2065	102
13.2071	102
13.2077	102
13.2082	102
13.2088	102
13.2094	102
13.2099	102
13.2105	102
13.211	102
13.2116	102
13.2122	102
13.2127	102
13.2133	102
13.2139	102
13.2144	102
13.215	101
13.2155	101
13.2161	101
13.2167	101
13.2172	101
13.2178	101
13.2183	101
13.2189	101
13.2195	101
13.22	101
13.2206	101
13.2212	101
13.2217	101
13.2223	101
13.2228	101
13.2234	101
13.224	101
13.2245	101
13.2251	101
13.2257	101
13.2262	101
13.2268	101
13.2273	101
13.2279	101
13.2285	101
13.229	101
13.2296	101
13.2302	101
13.2307	101
13.2313	101
13.2318	101
13.2324	101
13.233	101
13.2335	101
13.2341	101
13.2347	101
13.2352	101
13.2358	101
13.2363	101
13.2369	101
13.2375	101
13.238	101
13.2386	101
13.2391	101
13.2397	101
13.2403	101
13.2408	101
13.2414	101
13.242	101
13.2425	101
13.2431	101
13.2436	101
13.2442	101
13.2448	101
13.2453	101
13.2459	101
13.2465	101
13.247	101
13.2476	101
13.2481	101
13.2487	101
13.2493	101
13.2498	101
13.2504	101
13.251	101
13.2515	101
13.2521	101
13.2526	101
13.2532	101
13.2538	101
13.2543	101
13.2549	101
13.2554	101
13.256	101
13.2566	101
13.2571	101
13.2577	101
13.2583	101
13.2588	101
13.2594	101
13.2599	101
13.2605	101
13.2611	101
13.2616	101
13.2622	101
13.2628	101
13.2633	101
13.2639	101
13.2644	101
13.265	101
13.2656	101
13.2661	101
13.2667	101
13.2673	101
13.2678	101
13.2684	101
13.2689	101
13.2695	101
13.2701	101
13.2706	101
13.2712	101
13.2718	101
13.2723	101
13.2729	101
13.2734	101
13.274	101
13.2746	101
13.2751	101
13.2757	101
13.2762	101
13.2768	101
13.2774	101
13.2779	101
13.2785	101
13.2791	101
13.2796	101
13.2802	101
13.2807	101
13.2813	101
13.2819	101
13.2824	101
13.283	101
13.2836	101
13.2841	101
13.2847	101
13.2852	101
13.2858	101
13.2864	101
13.2869	101
13.2875	101
13.2881	101
13.2886	101
13.2892	101
13.2897	101
13.2903	101
13.2909	101
13.2914	101
13.292	101
13.2926	101
13.2931	101
13.2937	101
13.2942	101
13.2948	101
13.2954	101
13.2959	101
13.2965	101
13.297	101
13.2976	101
13.2982	101
13.2987	101
13.2993	101
13.2999	101
13.3004	101
13.301	101
13.3015	101
13.3021	101
13.3027	101
13.3032	101
13.3038	101
13.3044	101
13.3049	101
13.3055	101
13.306	101
13.3066	101
13.3072	101
13.3077	101
13.3083	101
13.3089	101
13.3094	101
13.31	101
13.3105	101
13.3111	101
13.3117	101
13.3122	101
13.3128	101
13.3133	101
13.3139	101
13.3145	101
13.315	101
13.3156	101
13.3162	101
13.3167	101
13.3173	101
13.3178	101
13.3184	101
13.319	101
13.3195	101
13.3201	101
13.3207	101
13.3212	101
13.3218	101
13.3223	101
13.3229	101
13.3235	101
13.324	101
13.3246	101
13.3252	101
13.3257	101
13.3263	101
13.3268	101
13.3274	101
13.328	101
13.3285	101
13.3291	101
13.3297	101
13.3302	101
13.3308	101
13.3313	101
13.3319	101
13.3325	101
13.333	101
13.3336	101
13.3341	101
13.3347	101
13.3353	101
13.3358	101
13.3364	101
13.337	101
13.3375	101
13.3381	101
13.3386	101
13.3392	101
13.3398	101
13.3403	101
13.3409	101
13.3415	101
13.342	101
13.3426	101
13.3431	101
13.3437	101
13.3443	101
13.3448	101
13.3454	101
13.346	101
13.3465	101
13.3471	101
13.3476	101
13.3482	101
13.3488	101
13.3493	101
13.3499	101
13.3505	101
13.351	101
13.3516	101
13.3521	101
13.3527	101
13.3533	101
13.3538	101
13.3544	101
13.3549	101
13.3555	101
13.3561	101
13.3566	101
13.3572	101
13.3578	101
13.3583	101
13.3589	101
13.3594	101
13.36	101
13.3606	101
13.3611	101
13.3617	101
13.3623	101
13.3628	101
13.3634	101
13.3639	101
13.3645	101
13.3651	101
13.3656	101
13.3662	101
13.3668	101
13.3673	101
13.3679	101
13.3684	101
13.369	101
13.3696	101
13.3701	101
13.3707	101
13.3712	101
13.3718	101
13.3724	101
13.3729	101
13.3735	101
13.3741	101
13.3746	101
13.3752	101
13.3757	101
13.3763	101
13.3769	101
13.3774	101
13.378	101
13.3786	101
13.3791	101
13.3797	101
13.3802	101
13.3808	101
13.3814	101
13.3819	101
13.3825	101
13.3831	101
13.3836	101
13.3842	101
13.3847	101
13.3853	101
13.3859	101
13.3864	101
13.387	101
13.3876	101
13.3881	101
13.3887	101
13.3892	101
13.3898	101
13.3904	101
13.3909	101
13.3915	101
13.392	101
13.3926	101
13.3932	101
13.3937	101
13.3943	101
13.3949	101
13.3954	101
13.396	101
13.3965	101
13.3971	101
13.3977	101
13.3982	101
13.3988	101
13.3994	101
13.3999	101
13.4005	101
13.401	101
13.4016	101
13.4022	101
13.4027	101
13.4033	101
13.4039	101
13.4044	101
13.405	101
13.4055	101
13.4061	101
13.4067	101
13.4072	101
13.4078	101
13.4084	101
13.4089	101
13.4095	101
13.41	101
13.4106	101
13.4112	101
13.4117	101
13.4123	101
13.4131	101
13.4137	101
13.4142	101
13.4148	101
13.4153	101
13.4159	101
13.4165	101
13.417	101
13.4176	101
13.4182	101
13.4187	101
13.4193	101
13.4198	101
13.4204	101
13.421	100
13.4215	100
13.4221	100
13.4227	100
13.4232	100
13.4238	100
13.4243	100
13.4249	100
13.4255	100
13.426	100
13.4266	100
13.4272	100
13.4277	100
13.4283	100
13.4288	100
13.4294	100
13.43	100
13.4305	100
13.4311	100
13.4317	100
13.4322	100
13.4328	100
13.4333	100
13.4339	100
13.4345	100
13.435	100
13.4356	100
13.4361	100
13.4367	100
13.4373	100
13.4378	100
13.4384	100
13.439	100
13.4395	100
13.4401	100
13.4406	100
13.4412	100
13.4418	100
13.4423	100
13.4429	100
13.4435	100
13.444	100
13.4446	100
13.4451	100
13.4457	100
13.4463	100
13.4468	100
13.4474	100
13.448	100
13.4485	100
13.4491	100
13.4496	100
13.4502	100
13.4508	100
13.4513	100
13.4519	100
13.4525	100
13.453	100
13.4536	100
13.4541	100
13.4547	100
13.4553	100
13.4558	100
13.4564	100
13.4569	100
13.4575	100
13.4581	100
13.4586	100
13.4592	100
13.4598	100
13.4603	100
13.4609	100
13.4614	100
13.462	100
13.4626	100
13.4631	100
13.4637	100
13.4643	100
13.4648	100
13.4654	100
13.4659	100
13.4665	100
13.4671	100
13.4676	100
13.4682	100
13.4688	100
13.4693	100
13.4699	100
13.4704	100
13.471	100
13.4716	100
13.4721	100
13.4727	100
13.4732	100
13.4738	100
13.4744	100
13.4749	100
13.4755	100
13.4761	100
13.4766	100
13.4772	100
13.4777	100
13.4783	100
13.4789	100
13.4794	100
13.48	100
13.4806	100
13.4811	100
13.4817	100
13.4822	100
13.4828	100
13.4834	100
13.4839	100
13.4845	100
13.4851	100
13.4856	100
13.4862	100
13.4867	100
13.4873	100
13.4879	100
13.4884	100
13.489	100
13.4896	100
13.4901	100
13.4907	100
13.4912	100
13.4918	100
13.4924	100
13.4929	100
13.4935	100
13.494	100
13.4946	100
13.4952	100
13.4957	100
13.4963	100
13.4969	100
13.4974	100
13.498	100
13.4985	100
13.4991	100
13.4997	100
13.5002	100
13.5008	100
13.5014	100
13.5019	100
13.5025	100
13.503	100
13.5036	100
13.5042	100
13.5047	100
13.5053	100
13.5059	100
13.5064	100
13.507	100
13.5075	100
13.5081	100
13.5087	100
13.5092	100
13.5098	100
13.5103	100
13.5109	100
13.5115	100
13.512	100
13.5126	100
13.5134	100
13.514	100
13.5145	100
13.5151	100
13.5157	100
13.5162	100
13.5168	100
13.5173	100
13.5179	100
13.5185	100
13.519	100
13.5196	100
13.5202	100
13.5207	100
13.5213	100
13.5218	100
13.5224	100
13.523	100
13.5235	100
13.5241	100
13.5247	100
13.5252	100
13.5258	100
13.5263	100
13.5269	100
13.5275	100
13.528	100
13.5286	100
13.5292	100
13.5297	100
13.5303	100
13.5308	100
13.5314	100
13.532	100
13.5325	100
13.5331	100
13.5337	100
13.5342	100
13.5348	100
13.5353	100
13.5359	100
13.5365	100
13.537	100
13.5376	100
13.5381	100
13.5387	100
13.5393	100
13.5398	100
13.5404	100
13.541	100
13.5415	100
13.5421	100
13.5426	100
13.5432	100
13.5438	100
13.5443	100
13.5449	100
13.5455	100
13.546	100
13.5466	100
13.5471	100
13.5477	100
13.5483	100
13.5488	100
13.5494	100
13.55	100
13.5505	100
13.5511	100
13.5516	100
13.5522	100
13.5528	100
13.5533	100
13.5539	100
13.5544	100
13.555	100
13.5556	100
13.5561	100
13.5567	100
13.5573	100
13.5578	100
13.5584	100
13.5589	100
13.5595	100
13.5601	100
13.5606	100
13.5612	100
13.5618	100
13.5623	100
13.5629	100
13.5634	100
13.564	100
13.5646	100
13.5651	100
13.5657	100
13.5663	100
13.5668	100
13.5674	100
13.5679	100
13.5685	100
13.5691	100
13.5696	100
13.5702	100
13.5708	100
13.5713	100
13.5719	100
13.5724	100
13.573	100
13.5736	100
13.5741	100
13.5747	100
13.5752	100
13.5758	100
13.5764	100
13.5769	100
13.5775	100
13.5781	100
13.5786	100
13.5792	100
13.5797	100
13.5803	100
13.5809	100
13.5814	100
13.582	100
13.5826	100
13.5831	100
13.5837	100
13.5842	100
13.5848	100
13.5854	100
13.5859	100
13.5865	100
13.5871	100
13.5876	100
13.5882	100
13.5887	100
13.5893	100
13.5899	100
13.5904	100
13.591	100
13.5916	100
13.5921	100
13.5927	100
13.5932	100
13.5938	100
13.5944	100
13.5949	100
13.5955	100
13.596	100
13.5966	100
13.5972	100
13.5977	100
13.5983	100
13.5989	100
13.5994	100
13.6	100
13.6005	100
13.6011	100
13.6017	100
13.6022	100
13.6028	100
13.6034	100
13.6039	100
13.6045	100
13.605	100
13.6056	100
13.6062	100
13.6067	100
13.6073	100
13.6079	100
13.6084	100
13.609	100
13.6095	100
13.6101	100
13.6107	100
13.6112	100
13.6118	100
13.6123	100
13.6129	100
13.6137	100
13.6143	100
13.6149	100
13.6154	100
13.616	100
13.6165	100
13.6171	100
13.6177	100
13.6182	100
13.6188	100
13.6193	100
13.6199	100
13.6205	100
13.621	100
13.6216	100
13.6222	100
13.6227	100
13.6233	100
13.6238	100
13.6244	100
13.625	100
13.6255	100
13.6261	100
13.6267	100
13.6272	100
13.6278	100
13.6283	100
13.6289	100
13.6295	100
13.63	100
13.6306	100
13.6312	100
13.6317	100
13.6323	100
13.6328	100
13.6334	100
13.634	100
13.6345	100
13.6351	100
13.6357	100
13.6362	100
13.6368	100
13.6373	100
13.6379	100
13.6385	100
13.639	100
13.6396	100
13.6401	100
13.6407	100
13.6413	100
13.6418	100
13.6424	100
13.643	100
13.6435	100
13.6441	100
13.6446	100
13.6452	100
13.6458	100
13.6463	100
13.6469	100
13.6475	100
13.648	100
13.6486	100
13.6491	100
13.6497	100
13.6503	100
13.6508	100
13.6514	100
13.652	100
13.6525	100
13.6531	100
13.6536	100
13.6542	100
13.6548	100
13.6553	100
13.6559	100
13.6564	100
13.657	100
13.6576	100
13.6581	100
13.6587	100
13.6593	100
13.6598	100
13.6604	100
13.6609	100
13.6615	100
13.6621	100
13.6626	100
13.6632	100
13.6638	100
13.6643	100
13.6649	100
13.6654	100
13.666	100
13.6666	100
13.6671	100
13.6677	100
13.6683	100
13.6688	100
13.6694	100
13.6699	100
13.6705	100
13.6711	100
13.6716	100
13.6722	100
13.6728	100
13.6733	100
13.6739	100
13.6744	100
13.675	100
13.6756	100
13.6761	100
13.6767	100
13.6772	100
13.6778	100
13.6784	100
13.6789	100
13.6795	100
13.6801	100
13.6806	100
13.6812	100
13.6817	100
13.6823	100
13.6829	100
13.6834	100
13.684	100
13.6846	100
13.6851	100
13.6857	100
13.6862	100
13.6868	100
13.6874	100
13.6879	100
13.6885	100
13.6891	100
13.6896	100
13.6902	100
13.6907	100
13.6913	100
13.6919	100
13.6924	100
13.693	100
13.6936	100
13.6941	100
13.6947	100
13.6952	100
13.6958	100
13.6964	100
13.6969	100
13.6975	100
13.698	100
13.6986	100
13.6992	100
13.6997	100
13.7003	100
13.7009	100
13.7014	100
13.702	100
13.7025	100
13.7031	100
13.7037	100
13.7042	100
13.7048	100
13.7054	100
13.7059	100
13.7065	100
13.707	100
13.7076	100
13.7082	100
13.7087	100
13.7093	100
13.7099	100
13.7104	100
13.711	100
13.7115	100
13.7121	100
13.7127	100
13.7132	100
13.7138	100
13.7143	100
13.7149	100
13.7155	100
13.716	101
13.7166	101
13.7172	101
13.7177	101
13.7183	101
13.7188	101
13.7194	101
13.72	101
13.7205	101
13.7211	101
13.7217	101
13.7222	101
13.7228	101
13.7233	101
13.7239	101
13.7245	101
13.725	101
13.7256	101
13.7262	101
13.7267	101
13.7273	101
13.7278	101
13.7284	101
13.729	101
13.7295	101
13.7301	101
13.7307	101
13.7312	101
13.7318	101
13.7323	101
13.7329	101
13.7335	101
13.734	101
13.7346	101
13.7351	101
13.7357	101
13.7363	101
13.7368	101
13.7374	101
13.738	101
13.7385	101
13.7391	101
13.7396	101
13.7402	101
13.7408	101
13.7413	101
13.7419	101
13.7425	101
13.743	101
13.7436	101
13.7441	101
13.7447	101
13.7453	101
13.7458	101
13.7464	101
13.747	101
13.7475	101
13.7481	101
13.7486	101
13.7492	101
13.7498	101
13.7503	101
13.7509	101
13.7515	101
13.752	101
13.7526	101
13.7531	101
13.7537	101
13.7543	101
13.7548	101
13.7554	101
13.7559	101
13.7565	101
13.7571	101
13.7576	101
13.7582	101
13.7588	101
13.7593	101
13.7599	101
13.7604	101
13.761	101
13.7616	101
13.7621	101
13.7627	101
13.7633	101
13.7638	101
13.7644	101
13.7649	101
13.7655	101
13.7661	101
13.7666	101
13.7672	101
13.7678	101
13.7683	101
13.7689	101
13.7694	101
13.77	101
13.7706	101
13.7711	101
13.7717	101
13.7722	101
13.7728	101
13.7734	101
13.7739	101
13.7745	101
13.7751	101
13.7756	101
13.7762	101
13.7767	101
13.7773	101
13.7779	101
13.7784	101
13.779	101
13.7796	101
13.7801	101
13.7807	101
13.7812	101
13.7818	101
13.7824	101
13.7829	101
13.7835	101
13.7841	101
13.7846	101
13.7852	101
13.7857	101
13.7863	101
13.7869	101
13.7874	101
13.788	101
13.7886	101
13.7891	101
13.7897	101
13.7902	101
13.7908	101
13.7914	101
13.7919	101
13.7925	101
13.793	101
13.7936	101
13.7942	101
13.7947	101
13.7953	101
13.7959	101
13.7964	101
13.797	101
13.7975	101
13.7981	101
13.7987	101
13.7992	101
13.7998	101
13.8004	101
13.8009	101
13.8015	101
13.802	101
13.8026	101
13.8032	101
13.8037	101
13.8043	101
13.8049	101
13.8054	101
13.806	101
13.8065	101
13.8071	101
13.8077	101
13.8082	101
13.8088	101
13.8093	101
13.8099	101
13.8105	101
13.811	101
13.8116	101
13.8122	101
13.8127	101
13.8133	101
13.8138	101
13.8144	101
13.815	101
13.8155	101
13.8161	101
13.8167	101
13.8172	101
13.8178	101
13.8183	101
13.8189	101
13.8195	101
13.82	101
13.8206	101
13.8212	101
13.8217	101
13.8223	101
13.8228	101
13.8234	101
13.824	101
13.8245	101
13.8251	101
13.8257	101
13.8262	101
13.8268	101
13.8273	101
13.8279	101
13.8285	101
13.829	101
13.8296	101
13.8301	101
13.8307	101
13.8313	101
13.8318	101
13.8324	101
13.833	101
13.8335	101
13.8341	101
13.8346	101
13.8352	101
13.8358	101
13.8363	101
13.8369	101
13.8375	101
13.838	101
13.8386	101
13.8391	101
13.8397	101
13.8403	101
13.8408	101
13.8414	101
13.842	101
13.8425	101
13.8431	101
13.8436	101
13.8442	101
13.8448	101
13.8453	101
13.8459	101
13.8465	101
13.847	101
13.8476	101
13.8481	101
13.8487	101
13.8493	101
13.8498	101
13.8504	101
13.8509	101
13.8515	101
13.8521	101
13.8526	101
13.8532	101
13.8538	101
13.8543	101
13.8549	101
13.8554	101
13.856	101
13.8566	101
13.8571	101
13.8577	101
13.8583	101
13.8588	101
13.8594	101
13.8599	101
13.8605	101
13.8611	101
13.8616	101
13.8622	101
13.8628	101
13.8633	101
13.8639	101
13.8644	101
13.865	101
13.8656	101
13.8661	101
13.8667	101
13.8672	101
13.8678	101
13.8684	101
13.8689	101
13.8695	101
13.8701	101
13.8706	101
13.8712	101
13.8717	101
13.8723	101
13.8729	101
13.8734	101
13.874	101
13.8746	101
13.8751	101
13.8757	101
13.8762	101
13.8768	101
13.8774	101
13.8779	101
13.8785	101
13.8791	101
13.8796	101
13.8802	101
13.8807	101
13.8813	101
13.8819	101
13.8824	101
13.883	101
13.8836	101
13.8841	101
13.8847	101
13.8852	101
13.8858	101
13.8864	101
13.8869	101
13.8875	101
13.888	101
13.8886	101
13.8892	101
13.8897	101
13.8903	101
13.8909	101
13.8914	101
13.892	101
13.8925	101
13.8931	101
13.8937	101
13.8942	101
13.8948	101
13.8954	101
13.8959	101
13.8965	101
13.897	101
13.8976	101
13.8982	101
13.8987	101
13.8993	101
13.8999	101
13.9004	101
13.901	101
13.9015	101
13.9021	101
13.9027	101
13.9032	101
13.9038	101
13.9044	101
13.9049	101
13.9055	101
13.906	101
13.9066	101
13.9072	101
13.9077	101
13.9083	101
13.9088	101
13.9094	101
13.91	101
13.9105	101
13.9111	101
13.9117	101
13.9122	101
13.9128	101
13.9133	101
13.9139	101
13.9145	101
13.915	101
13.9156	101
13.9162	101
13.9167	101
13.9173	101
13.9178	101
13.9184	101
13.919	101
13.9195	101
13.9201	101
13.9207	101
13.9212	101
13.9218	101
13.9223	101
13.9229	101
13.9235	101
13.924	101
13.9246	101
13.9251	101
13.9257	101
13.9263	101
13.9268	101
13.9274	101
13.928	101
13.9285	101
13.9291	101
13.9296	101
13.9302	101
13.9308	101
13.9313	101
13.9319	101
13.9325	101
13.933	101
13.9336	101
13.9341	101
13.9347	101
13.9353	101
13.9358	101
13.9364	101
13.937	101
13.9375	101
13.9381	101
13.9386	101
13.9392	101
13.9398	101
13.9403	101
13.9409	101
13.9415	101
13.942	101
13.9426	101
13.9431	101
13.9437	101
13.9443	101
13.9448	101
13.9454	101
13.9459	101
13.9465	101
13.9471	101
13.9476	101
13.9482	101
13.9488	101
13.9493	101
13.9499	101
13.9504	101
13.951	101
13.9516	101
13.9521	101
13.9527	101
13.9533	101
13.9538	101
13.9544	101
13.9549	101
13.9555	101
13.9561	101
13.9566	101
13.9572	101
13.9578	101
13.9583	101
13.9589	101
13.9594	101
13.96	101
13.9606	101
13.9611	101
13.9617	101
13.9623	101
13.9628	101
13.9634	101
13.9639	101
13.9645	101
13.9651	101
13.9656	101
13.9662	101
13.9667	101
13.9673	101
13.9679	101
13.9684	101
13.969	101
13.9696	101
13.9701	101
13.9707	101
13.9712	101
13.9718	101
13.9724	101
13.9729	101
13.9735	101
13.9741	101
13.9746	101
13.9752	101
13.9757	101
13.9763	101
13.9769	101
13.9774	101
13.978	101
13.9786	101
13.9791	101
13.9797	101
13.9802	101
13.9808	101
13.9814	101
13.9819	101
13.9825	101
13.983	101
13.9836	101
13.9842	101
13.9847	101
13.9853	101
13.9859	101
13.9864	101
13.987	101
13.9875	101
13.9881	101
13.9887	101
13.9892	101
13.9898	101
13.9904	101
13.9909	101
13.9915	101
13.992	101
13.9926	101
13.9932	101
13.9937	101
13.9943	101
13.9949	101
13.9954	101
13.996	101
13.9965	101
13.9971	101
13.9977	101
13.9982	101
13.9988	101
13.9994	101
13.9999	101
14.0005	101
14.001	101
14.0016	101
14.0022	101
14.0027	101
14.0033	101
14.0038	101
14.0044	101
14.005	101
14.0055	101
14.0061	101
14.0067	101
14.0072	101
14.0078	101
14.0083	101
14.0089	101
14.0095	101
14.01	101
14.0106	101
14.0112	101
14.0117	101
14.0123	101
14.0128	101
14.0134	101
14.014	101
14.0145	101
14.0151	101
14.0157	101
14.0162	101
14.0168	101
14.0173	101
14.0179	101
14.0185	101
14.019	101
14.0196	101
14.0202	101
14.0207	101
14.0213	101
14.0218	101
14.0224	101
14.023	101
14.0235	101
14.0241	101
14.0246	101
14.0252	101
14.0258	101
14.0263	101
14.0269	101
14.0275	101
14.028	101
14.0286	101
14.0291	101
14.0297	101
14.0303	101
14.0308	101
14.0314	101
14.032	101
14.0325	101
14.0331	101
14.0336	101
14.0342	101
14.0348	101
14.0353	101
14.0359	101
14.0365	101
14.037	101
14.0376	101
14.0381	101
14.0387	101
14.0393	101
14.0398	101
14.0404	101
14.0409	101
14.0415	101
14.0421	101
14.0426	101
14.0432	101
14.0438	101
14.0443	101
14.0449	101
14.0454	101
14.046	101
14.0466	101
14.0471	101
14.0477	101
14.0483	101
14.0488	101
14.0494	101
14.0499	101
14.0505	101
14.0511	101
14.0516	101
14.0522	101
14.0528	101
14.0533	101
14.0539	101
14.0544	101
14.055	101
14.0556	101
14.0561	101
14.0567	101
14.0573	101
14.0578	101
14.0584	101
14.0589	101
14.0595	101
14.0601	101
14.0606	101
14.0612	101
14.0617	101
14.0623	101
14.0629	101
14.0634	101
14.064	101
14.0646	101
14.0651	101
14.0657	101
14.0662	101
14.0668	101
14.0674	101
14.0679	101
14.0685	101
14.0691	101
14.0696	101
14.0702	101
14.0707	101
14.0713	101
14.0719	101
14.0724	101
14.073	101
14.0736	101
14.0741	101
14.0747	101
14.0752	101
14.0758	101
14.0764	101
14.0769	101
14.0775	101
14.078	101
14.0786	101
14.0792	101
14.0797	101
14.0803	101
14.0809	101
14.0814	101
14.082	101
14.0825	101
14.0831	101
14.0837	101
14.0842	101
14.0848	101
14.0854	101
14.0859	101
14.0865	101
14.087	101
14.0876	101
14.0882	101
14.0887	101
14.0893	101
14.0899	101
14.0904	101
14.091	101
14.0915	101
14.0921	101
14.0927	101
14.0932	101
14.0938	101
14.0944	101
14.0949	101
14.0955	101
14.096	101
14.0966	101
14.0972	101
14.0977	101
14.0983	101
14.0988	101
14.0994	101
14.1	101
14.1005	101
14.1011	101
14.1017	101
14.1022	101
14.1028	101
14.1033	101
14.1039	101
14.1045	101
14.105	101
14.1056	101
14.1062	101
14.1067	101
14.1073	101
14.1078	101
14.1084	101
14.109	101
14.1095	101
14.1101	101
14.1107	101
14.1112	101
14.1118	101
14.1123	101
14.1129	101
14.1135	101
14.114	101
14.1146	101
14.1152	101
14.1157	101
14.1163	101
14.1168	101
14.1174	101
14.118	101
14.1185	101
14.1191	101
14.1196	101
14.1202	101
14.1208	101
14.1213	101
14.1219	101
14.1225	101
14.123	101
14.1236	101
14.1241	101
14.1247	101
14.1253	101
14.1258	101
14.1264	101
14.127	101
14.1275	101
14.1281	101
14.1286	101
14.1292	101
14.1298	101
14.1303	101
14.1309	101
14.1315	101
14.132	101
14.1326	101
14.1331	101
14.1337	101
14.1343	101
14.1348	101
14.1354	101
14.1359	101
14.1365	101
14.1371	101
14.1376	101
14.1382	101
14.1388	101
14.1393	101
14.1399	101
14.1404	101
14.141	101
14.1416	101
14.1421	101
14.1427	101
14.1433	101
14.1438	101
14.1444	101
14.1449	101
14.1455	101
14.1461	101
14.1466	101
14.1472	101
14.1478	101
14.1483	101
14.1489	101
14.1494	101
14.15	101
14.1506	101
14.1511	101
14.1517	101
14.1523	101
14.1528	101
14.1534	101
14.1539	101
14.1545	101
14.1551	101
14.1556	101
14.1562	101
14.1567	101
14.1573	101
14.1579	101
14.1584	101
14.159	101
14.1596	101
14.1601	101
14.1607	101
14.1612	101
14.1618	101
14.1624	101
14.1629	101
14.1635	101
14.1641	101
14.1646	101
14.1652	101
14.1657	101
14.1663	101
14.1669	101
14.1674	101
14.168	101
14.1686	101
14.1691	101
14.1697	101
14.1702	101
14.1708	101
14.1714	101
14.1719	101
14.1725	101
14.1731	101
14.1736	101
14.1742	101
14.1747	101
14.1753	101
14.1759	101
14.1764	101
14.177	101
14.1775	101
14.1781	101
14.1787	101
14.1792	101
14.1798	101
14.1804	101
14.1809	101
14.1815	101
14.182	101
14.1826	101
14.1832	101
14.1837	101
14.1843	101
14.1849	101
14.1854	101
14.186	101
14.1865	101
14.1871	101
14.1877	101
14.1882	101
14.1888	101
14.1894	101
14.1899	101
14.1905	101
14.191	101
14.1916	101
14.1922	101
14.1927	101
14.1933	101
14.1938	101
14.1944	101
14.195	101
14.1955	101
14.1961	101
14.1967	101
14.1972	101
14.1978	101
14.1983	101
14.1989	101
14.1995	101
14.2	101
14.2006	101
14.2012	101
14.2017	101
14.2023	101
14.2028	101
14.2034	101
14.204	101
14.2045	101
14.2051	101
14.2057	101
14.2062	101
14.2068	101
14.2073	101
14.2079	101
14.2085	101
14.209	101
14.2096	101
14.2102	101
14.2107	101
14.2113	101
14.2118	101
14.2124	101
14.213	101
14.2135	101
14.2141	101
14.2146	101
14.2152	101
14.2158	101
14.2163	101
14.2169	101
14.2175	101
14.218	101
14.2186	101
14.2191	101
14.2197	101
14.2203	101
14.2208	101
14.2214	101
14.222	101
14.2225	101
14.2231	101
14.2236	101
14.2242	101
14.2248	101
14.2253	101
14.2259	101
14.2265	101
14.227	101
14.2276	101
14.2281	101
14.2287	101
14.2293	101
14.2298	101
14.2304	101
14.231	101
14.2315	101
14.2321	101
14.2326	101
14.2332	101
14.2338	101
14.2343	101
14.2349	101
14.2354	101
14.236	101
14.2366	101
14.2371	101
14.2377	101
14.2383	101
14.2388	101
14.2394	101
14.2399	101
14.2405	101
14.2411	101
14.2416	101
14.2422	101
14.2428	101
14.2433	101
14.2439	101
14.2444	101
14.245	101
14.2456	101
14.2461	101
14.2467	101
14.2473	101
14.2478	101
14.2484	101
14.2489	101
14.2495	101
14.2501	101
14.2506	101
14.2512	101
14.2517	101
14.2523	101
14.2529	101
14.2534	101
14.254	101
14.2546	101
14.2551	101
14.2557	101
14.2562	101
14.2568	101
14.2574	101
14.2579	101
14.2585	101
14.2591	101
14.2596	101
14.2602	101
14.2607	101
14.2613	101
14.2619	101
14.2624	101
14.263	101
14.2636	101
14.2641	101
14.2647	101
14.2652	101
14.2658	101
14.2664	101
14.2669	101
14.2675	101
14.2681	101
14.2686	101
14.2692	101
14.2697	101
14.2703	101
14.2709	101
14.2714	101
14.272	101
14.2725	101
14.2731	101
14.2737	101
14.2742	101
14.2748	101
14.2754	101
14.2759	101
14.2765	101
14.277	101
14.2776	101
14.2782	101
14.2787	101
14.2793	101
14.2799	101
14.2804	101
14.281	101
14.2815	101
14.2821	101
14.2827	101
14.2832	101
14.2838	101
14.2844	101
14.2849	101
14.2855	101
14.286	101
14.2866	101
14.2872	101
14.2877	101
14.2883	101
14.2889	101
14.2894	101
14.29	101
14.2905	101
14.2911	101
14.2917	101
14.2922	101
14.2928	101
14.2933	101
14.2939	101
14.2945	101
14.295	101
14.2956	101
14.2962	101
14.2967	101
14.2973	101
14.2978	101
14.2984	101
14.299	101
14.2995	101
14.3001	101
14.3007	101
14.3012	101
14.3018	101
14.3023	101
14.3029	101
14.3035	101
14.304	101
14.3046	101
14.3052	101
14.3057	101
14.3063	101
14.3068	101
14.3074	101
14.308	101
14.3085	101
14.3091	101
14.3096	101
14.3102	101
14.3108	101
14.3113	101
14.3119	101
14.3125	101
14.313	101
14.3136	101
14.3141	101
14.3147	101
14.3153	101
14.3158	101
14.3164	101
14.317	101
14.3175	101
14.3181	101
14.3186	101
14.3192	101
14.3198	101
14.3203	101
14.3209	101
14.3215	101
14.322	101
14.3226	101
14.3231	101
14.3237	101
14.3243	101
14.3248	101
14.3254	101
14.326	101
14.3265	101
14.3271	101
14.3276	101
14.3282	101
14.3288	101
14.3293	101
14.3299	101
14.3304	101
14.331	101
14.3316	101
14.3321	101
14.3327	101
14.3333	101
14.3338	101
14.3344	101
14.3349	101
14.3355	101
14.3361	101
14.3366	101
14.3372	101
14.3378	101
14.3383	101
14.3389	101
14.3394	101
14.34	101
14.3406	101
14.3411	101
14.3417	101
14.3423	101
14.3428	101
14.3434	101
14.3439	101
14.3445	101
14.3451	101
14.3456	101
14.3462	101
14.3467	101
14.3473	101
14.3479	101
14.3484	101
14.349	101
14.3496	101
14.3501	101
14.3507	101
14.3512	101
14.3518	101
14.3524	101
14.3529	101
14.3535	101
14.3541	101
14.3546	101
14.3552	101
14.3557	101
14.3563	101
14.3569	101
14.3574	101
14.358	101
14.3586	101
14.3591	101
14.3597	101
14.3602	101
14.3608	101
14.3614	101
14.3619	101
14.3625	101
14.3631	101
14.3636	101
14.3642	101
14.3647	101
14.3653	101
14.3659	101
14.3664	101
14.367	101
14.3675	101
14.3681	101
14.3687	101
14.3692	101
14.3698	101
14.3704	101
14.3709	101
14.3715	101
14.372	101
14.3726	101
14.3732	101
14.3737	101
14.3743	101
14.3749	101
14.3754	101
14.376	101
14.3765	101
14.3771	101
14.3777	101
14.3782	101
14.3788	101
14.3794	101
14.3799	101
14.3805	101
14.381	101
14.3816	101
14.3822	101
14.3827	101
14.3833	101
14.3839	101
14.3844	101
14.385	101
14.3855	101
14.3861	101
14.3867	101
14.3872	101
14.3878	101
14.3883	101
14.3889	101
14.3895	101
14.39	101
14.3906	101
14.3912	101
14.3917	101
14.3923	101
14.3928	101
14.3934	101
14.394	101
14.3945	101
14.3951	101
14.3957	101
14.3962	101
14.3968	101
14.3973	101
14.3979	101
14.3985	101
14.399	101
14.3996	101
14.4002	101
14.4007	101
14.4013	101
14.4018	101
14.4024	101
14.403	101
14.4035	101
14.4041	101
14.4046	101
14.4052	101
14.4058	101
14.4063	101
14.4069	101
14.4075	101
14.408	101
14.4086	101
14.4091	101
14.4097	101
14.4103	101
14.4108	101
14.4114	101
14.412	101
14.4125	101
14.4131	101
14.4136	101
14.4142	101
14.4148	101
14.4153	101
14.4159	101
14.4165	101
14.417	101
14.4176	101
14.4181	101
14.4187	101
14.4193	101
14.4198	101
14.4204	101
14.421	101
14.4215	101
14.4221	101
14.4226	101
14.4232	101
14.4238	101
14.4243	101
14.4249	101
14.4254	101
14.426	101
14.4266	101
14.4271	101
14.4277	101
14.4283	101
14.4288	101
14.4294	101
14.4299	101
14.4305	101
14.4311	101
14.4316	101
14.4322	101
14.4328	101
14.4333	101
14.4339	101
14.4344	101
14.435	101
14.4356	101
14.4361	101
14.4367	101
14.4373	101
14.4378	101
14.4384	101
14.4389	101
14.4395	101
14.4401	101
14.4406	101
14.4412	101
14.4418	101
14.4423	101
14.4429	101
14.4434	101
14.444	101
14.4446	101
14.4451	101
14.4457	101
14.4462	101
14.4468	101
14.4474	101
14.4479	101
14.4485	101
14.4491	101
14.4496	101
14.4502	101
14.4507	101
14.4513	101
14.4519	101
14.4524	101
14.453	101
14.4536	101
14.4541	101
14.4547	101
14.4552	101
14.4558	101
14.4564	101
14.4569	101
14.4575	101
14.4581	101
14.4586	101
14.4592	101
14.4597	101
14.4603	101
14.4609	101
14.4614	101
14.462	101
14.4625	101
14.4631	101
14.4637	101
14.4642	101
14.4648	101
14.4654	101
14.4659	101
14.4665	101
14.467	101
14.4676	101
14.4682	101
14.4687	101
14.4693	101
14.4699	101
14.4704	101
14.471	101
14.4715	101
14.4721	101
14.4727	101
14.4732	101
14.4738	101
14.4744	101
14.4749	101
14.4755	101
14.476	101
14.4766	101
14.4772	101
14.4777	101
14.4783	101
14.4789	101
14.4794	101
14.48	101
14.4805	101
14.4811	101
14.4817	101
14.4822	101
14.4828	101
14.4833	101
14.4839	101
14.4845	101
14.485	101
14.4856	101
14.4862	101
14.4867	101
14.4873	101
14.4878	101
14.4884	101
14.489	101
14.4895	101
14.4901	101
14.4907	101
14.4912	101
14.4918	101
14.4923	101
14.4929	101
14.4935	101
14.494	101
14.4946	101
14.4952	101
14.4957	101
14.4963	101
14.4968	101
14.4974	101
14.498	101
14.4985	101
14.4991	101
14.4997	101
14.5002	101
14.5008	101
14.5013	101
14.5019	101
14.5025	101
14.503	101
14.5036	101
14.5041	101
14.5047	101
14.5053	101
14.5058	101
14.5064	101
14.507	101
14.5075	101
14.5081	101
14.5086	101
14.5092	101
14.5098	101
14.5103	101
14.5109	101
14.5115	101
14.512	101
14.5126	101
14.5131	101
14.5137	101
14.5143	101
14.5148	101
14.5154	101
14.516	101
14.5165	101
14.5171	101
14.5176	101
14.5182	101
14.5188	101
14.5193	101
14.5199	101
14.5204	101
14.521	101
14.5216	101
14.5221	101
14.5227	101
14.5233	101
14.5238	101
14.5244	101
14.5249	101
14.5255	101
14.5261	101
14.5266	101
14.5272	101
14.5278	101
14.5283	101
14.5289	101
14.5294	101
14.53	101
14.5306	101
14.5311	101
14.5317	101
14.5323	101
14.5328	101
14.5334	101
14.5339	101
14.5345	101
14.5351	101
14.5356	101
14.5362	101
14.5368	101
14.5373	101
14.5379	101
14.5384	101
14.539	101
14.5396	101
14.5401	101
14.5407	101
14.5412	101
14.5418	101
14.5424	101
14.5429	101
14.5435	101
14.5441	101
14.5446	101
14.5452	101
14.5457	101
14.5463	101
14.5469	101
14.5474	101
14.548	101
14.5486	101
14.5491	101
14.5497	101
14.5502	101
14.5508	101
14.5514	101
14.5519	101
14.5525	101
14.5531	101
14.5536	101
14.5542	101
14.5547	101
14.5553	101
14.5559	101
14.5564	101
14.557	101
14.5576	101
14.5581	101
14.5587	101
14.5592	101
14.5598	101
14.5604	101
14.5609	101
14.5615	101
14.562	101
14.5626	101
14.5632	101
14.5637	101
14.5643	101
14.5649	101
14.5654	101
14.566	101
14.5665	101
14.5671	101
14.5677	101
14.5682	101
14.5688	101
14.5694	101
14.5699	101
14.5705	101
14.571	101
14.5716	101
14.5722	101
14.5727	101
14.5733	101
14.5739	101
14.5744	101
14.575	101
14.5755	101
14.5761	101
14.5767	101
14.5772	101
14.5778	101
14.5783	101
14.5789	101
14.5795	101
14.58	101
14.5806	101
14.5812	101
14.5817	101
14.5823	101
14.5828	101
14.5834	101
14.584	101
14.5845	101
14.5851	101
14.5857	101
14.5862	101
14.5868	101
14.5873	101
14.5879	101
14.5885	101
14.589	101
14.5896	101
14.5902	101
14.5907	101
14.5913	101
14.5918	101
14.5924	101
14.593	101
14.5935	101
14.5941	101
14.5947	101
14.5952	101
14.5958	101
14.5963	101
14.5969	101
14.5975	101
14.598	101
14.5986	101
14.5991	101
14.5997	101
14.6003	101
14.6008	101
14.6014	101
14.602	101
14.6025	101
14.6031	101
14.6036	101
14.6042	101
14.6048	101
14.6053	101
14.6059	101
14.6065	101
14.607	101
14.6076	101
14.6081	101
14.6087	101
14.6093	101
14.6098	101
14.6104	101
14.611	101
14.6115	101
14.6121	101
14.6126	101
14.6132	101
14.6138	101
14.6143	101
14.6149	101
14.6154	101
14.616	101
14.6166	101
14.6171	101
14.6177	101
14.6183	101
14.6188	101
14.6194	101
14.6199	101
14.6205	101
14.6211	101
14.6216	101
14.6222	101
14.6228	101
14.6233	101
14.6239	101
14.6244	101
14.625	101
14.6256	101
14.6261	101
14.6267	101
14.6273	101
14.6278	101
14.6284	101
14.6289	101
14.6295	101
14.6301	101
14.6306	101
14.6312	101
14.6318	101
14.6323	101
14.6329	101
14.6334	101
14.634	101
14.6346	101
14.6351	101
14.6357	101
14.6362	101
14.6368	101
14.6374	101
14.6379	101
14.6385	101
14.6391	101
14.6396	101
14.6402	101
14.6407	101
14.6413	101
14.6419	101
14.6424	101
14.643	101
14.6436	101
14.6441	101
14.6447	101
14.6452	101
14.6458	101
14.6464	101
14.6469	101
14.6475	101
14.6481	101
14.6486	101
14.6492	101
14.6497	101
14.6503	101
14.6509	101
14.6514	101
14.652	101
14.6526	101
14.6531	101
14.6537	101
14.6542	101
14.6548	101
14.6554	101
14.6559	101
14.6565	101
14.657	101
14.6576	101
14.6582	101
14.6587	101
14.6593	101
14.6599	101
14.6604	101
14.661	101
14.6615	101
14.6621	101
14.6627	101
14.6632	101
14.6638	101
14.6644	101
14.6649	101
14.6655	101
14.666	101
14.6666	101
14.6672	101
14.6677	101
14.6683	101
14.6689	101
14.6694	101
14.67	101
14.6705	101
14.6711	101
14.6717	101
14.6722	101
14.6728	101
14.6733	101
14.6739	101
14.6745	101
14.675	101
14.6756	101
14.6762	101
14.6767	101
14.6773	101
14.6778	101
14.6784	101
14.679	101
14.6795	101
14.6801	101
14.6807	101
14.6812	101
14.6818	101
14.6823	101
14.6829	101
14.6835	101
14.684	101
14.6846	101
14.6852	101
14.6857	101
14.6863	101
14.6868	101
14.6874	101
14.688	101
14.6885	101
14.6891	101
14.6897	101
14.6902	101
14.6908	101
14.6913	101
14.6919	101
14.6925	101
14.693	101
14.6936	101
14.6941	101
14.6947	101
14.6953	101
14.6958	101
14.6964	101
14.697	101
14.6975	101
14.6981	101
14.6986	101
14.6992	101
14.6998	101
14.7003	101
14.7009	101
14.7015	101
14.702	101
14.7026	101
14.7031	101
14.7037	101
14.7043	101
14.7048	101
14.7054	101
14.706	101
14.7065	101
14.7071	101
14.7076	101
14.7082	101
14.7088	101
14.7093	101
14.7099	101
14.7105	101
14.711	101
14.7116	101
14.7121	101
14.7127	101
14.7133	101
14.7138	101
14.7144	101
14.7149	101
14.7155	101
14.7161	101
14.7166	101
14.7172	101
14.7178	101
14.7183	101
14.7189	101
14.7194	101
14.72	101
14.7206	101
14.7211	101
14.7217	101
14.7223	101
14.7228	101
14.7234	101
14.7239	101
14.7245	101
14.7251	101
14.7256	101
14.7262	101
14.7268	101
14.7273	101
14.7279	101
14.7284	101
14.729	101
14.7296	101
14.7301	101
14.7307	101
14.7312	101
14.7318	101
14.7324	101
14.7329	101
14.7335	101
14.7341	101
14.7346	101
14.7352	101
14.7357	101
14.7363	101
14.7369	101
14.7374	101
14.738	101
14.7386	101
14.7391	101
14.7397	101
14.7402	101
14.7408	101
14.7414	101
14.7419	101
14.7425	101
14.7431	101
14.7436	101
14.7442	101
14.7447	101
14.7453	101
14.7459	101
14.7464	101
14.747	101
14.7476	101
14.7481	101
14.7487	101
14.7492	101
14.7498	101
14.7504	101
14.7509	101
14.7515	101
14.752	101
14.7526	101
14.7532	101
14.7537	101
14.7543	101
14.7549	101
14.7554	101
14.756	101
14.7565	101
14.7571	101
14.7577	101
14.7582	101
14.7588	101
14.7594	101
14.7599	101
14.7605	101
14.761	101
14.7616	101
14.7622	101
14.7627	101
14.7633	101
14.7639	101
14.7644	101
14.765	101
14.7655	101
14.7661	101
14.7667	101
14.7672	101
14.7678	101
14.7684	101
14.7689	101
14.7695	101
14.77	101
14.7706	101
14.7712	101
14.7717	101
14.7723	101
14.7728	101
14.7734	101
14.774	101
14.7745	101
14.7751	101
14.7757	101
14.7762	101
14.7768	101
14.7773	101
14.7779	101
14.7785	101
14.779	101
14.7796	101
14.7802	101
14.7807	101
14.7813	101
14.7818	101
14.7824	101
14.783	101
14.7835	101
14.7841	101
14.7847	101
14.7852	101
14.7858	101
14.7863	101
14.7869	101
14.7875	101
14.788	101
14.7886	101
14.7891	101
14.7897	101
14.7903	101
14.7908	101
14.7914	101
14.792	101
14.7925	101
14.7931	101
14.7936	101
14.7942	101
14.7948	101
14.7953	101
14.7959	101
14.7965	101
14.797	101
14.7976	101
14.7981	101
14.7987	101
14.7993	101
14.7998	101
14.8004	101
14.801	101
14.8015	101
14.8021	101
14.8026	101
14.8032	101
14.8038	101
14.8043	101
14.8049	101
14.8055	101
14.806	101
14.8066	101
14.8071	101
14.8077	101
14.8083	101
14.8088	101
14.8094	101
14.8099	101
14.8105	101
14.8111	101
14.8116	101
14.8122	101
14.8128	101
14.8133	101
14.8139	101
14.8144	101
14.815	101
14.8156	101
14.8161	101
14.8167	101
14.8173	101
14.8178	101
14.8184	101
14.8189	101
14.8195	101
14.8201	101
14.8206	101
14.8212	101
14.8218	101
14.8223	101
14.8229	101
14.8234	101
14.824	101
14.8246	101
14.8251	101
14.8257	101
14.8263	101
14.8268	101
14.8274	101
14.8279	101
14.8285	101
14.8291	101
14.8296	101
14.8302	101
14.8307	101
14.8313	101
14.8319	101
14.8324	101
14.833	101
14.8336	101
14.8341	101
14.8347	101
14.8352	101
14.8358	101
14.8364	101
14.8369	101
14.8375	101
14.8381	101
14.8386	101
14.8392	101
14.8397	101
14.8403	101
14.8409	101
14.8414	101
14.842	101
14.8426	101
14.8431	101
14.8437	101
14.8442	101
14.8448	101
14.8454	101
14.8459	101
14.8465	101
14.847	101
14.8476	101
14.8482	101
14.8487	101
14.8493	101
14.8499	101
14.8504	101
14.851	101
14.8515	101
14.8521	101
14.8527	101
14.8532	101
14.8538	101
14.8544	101
14.8549	101
14.8555	101
14.856	101
14.8566	101
14.8572	101
14.8577	101
14.8583	101
14.8589	101
14.8594	101
14.86	101
14.8605	101
14.8611	101
14.8617	101
14.8622	101
14.8628	101
14.8634	101
14.8639	101
14.8645	101
14.865	101
14.8656	101
14.8662	101
14.8667	101
14.8673	101
14.8678	101
14.8684	101
14.869	101
14.8695	101
14.8701	101
14.8707	101
14.8712	101
14.8718	101
14.8723	101
14.8729	101
14.8735	101
14.874	101
14.8746	101
14.8752	101
14.8757	101
14.8763	101
14.8768	101
14.8774	101
14.878	101
14.8785	101
14.8791	101
14.8797	101
14.8802	101
14.8808	101
14.8813	101
14.8819	101
14.8825	101
14.883	101
14.8836	101
14.8842	101
14.8847	101
14.8853	101
14.8858	101
14.8864	101
14.887	101
14.8875	101
14.8881	101
14.8886	101
14.8892	101
14.8898	101
14.8903	101
14.8909	101
14.8915	101
14.892	101
14.8926	101
14.8931	101
14.8937	101
14.8943	101
14.8948	101
14.8954	101
14.896	101
14.8965	101
14.8971	101
14.8976	101
14.8982	101
14.8988	101
14.8993	101
14.8999	101
14.9005	101
14.901	101
14.9016	101
14.9021	101
14.9027	101
14.9033	101
14.9038	101
14.9044	101
14.9049	101
14.9055	101
14.9061	101
14.9066	101
14.9072	101
14.9078	101
14.9083	101
14.9089	101
14.9094	101
14.91	101
14.9106	101
14.9111	101
14.9117	101
14.9123	101
14.9128	101
14.9134	101
14.9139	101
14.9145	101
14.9151	101
14.9156	101
14.9162	101
14.9168	101
14.9173	101
14.9179	101
14.9184	101
14.919	101
14.9196	101
14.9201	101
14.9207	101
14.9213	101
14.9218	101
14.9224	101
14.9229	101
14.9235	101
14.9241	101
14.9246	101
14.9252	101
14.9257	101
14.9263	101
14.9269	101
14.9274	101
14.928	101
14.9286	101
14.9291	101
14.9297	101
14.9302	101
14.9308	101
14.9314	101
14.9319	101
14.9325	101
14.9331	101
14.9336	101
14.9342	101
14.9347	101
14.9353	101
14.9359	101
14.9364	101
14.937	101
14.9376	101
14.9381	101
14.9387	101
14.9392	101
14.9398	101
14.9404	101
14.9409	101
14.9415	101
14.942	101
14.9426	101
14.9432	101
14.9437	101
14.9443	101
14.9449	101
14.9454	101
14.946	101
14.9465	101
14.9471	101
14.9477	101
14.9482	101
14.9488	101
14.9494	101
14.9499	101
14.9505	101
14.951	101
14.9516	101
14.9522	101
14.9527	101
14.9533	101
14.9539	101
14.9544	101
14.955	101
14.9555	101
14.9561	101
14.9567	101
14.9572	101
14.9578	101
14.9584	101
14.9589	101
14.9595	101
14.96	101
14.9606	101
14.9612	101
14.9617	101
14.9623	101
14.9628	101
14.9634	101
14.964	101
14.9645	101
14.9651	101
14.9657	101
14.9662	101
14.9668	101
14.9673	101
14.9679	101
14.9685	101
14.969	101
14.9696	101
14.9702	101
14.9707	101
14.9713	101
14.9718	101
14.9724	101
14.973	101
14.9735	101
14.9741	101
14.9747	101
14.9752	101
14.9758	101
14.9763	101
14.9769	101
14.9775	101
14.978	101
14.9786	101
14.9792	101
14.9797	101
14.9803	101
14.9808	101
14.9814	101
14.982	101
14.9825	101
14.9831	101
14.9836	101
14.9842	101
14.9848	101
14.9853	101
14.9859	101
14.9865	101
14.987	101
14.9876	101
14.9881	101
14.9887	101
14.9893	101
14.9898	101
14.9904	101
14.991	101
14.9915	101
14.9921	101
14.9926	101
14.9932	101
14.9938	101
14.9943	101
14.9949	101
14.9955	101
14.996	101
14.9966	101
14.9971	101
14.9977	101
14.9983	101
14.9988	101
14.9994	101
14.9999	101
15.0005	101
15.0011	101
15.0016	101
15.0022	101
15.0028	101
15.0033	101
15.0039	101
15.0044	101
15.005	101
15.0056	101
15.0061	101
15.0067	101
15.0073	101
15.0078	101
15.0084	101
15.0089	101
15.0095	101
15.0101	101
15.0106	101
15.0112	101
15.0118	101
15.0123	101
15.0129	101
15.0134	101
15.014	101
15.0146	101
15.0151	101
15.0157	101
15.0163	101
15.0168	101
15.0174	101
15.0179	101
15.0185	101
15.0191	101
15.0196	101
15.0202	101
15.0207	101
15.0213	101
15.0219	101
15.0224	101
15.023	101
15.0236	101
15.0241	101
15.0247	101
15.0252	101
15.0258	101
15.0264	101
15.0269	101
15.0275	101
15.0281	101
15.0286	101
15.0292	101
15.0297	101
15.0303	101
15.0309	101
15.0314	101
15.032	101
15.0326	101
15.0331	101
15.0337	101
15.0342	101
15.0348	101
15.0354	101
15.0359	101
15.0365	101
15.0371	101
15.0376	101
15.0382	101
15.0387	101
15.0393	101
15.0399	101
15.0404	101
15.041	101
15.0415	101
15.0421	101
15.0427	101
15.0432	101
15.0438	101
15.0444	101
15.0449	101
15.0455	101
15.046	101
15.0466	101
15.0472	101
15.0477	101
15.0483	101
15.0489	101
15.0494	101
15.05	101
15.0505	101
15.0511	101
15.0517	101
15.0522	101
15.0528	101
15.0534	101
15.0539	101
15.0545	101
15.055	101
15.0556	101
15.0562	101
15.0567	101
15.0573	101
15.0578	101
15.0584	101
15.059	101
15.0595	101
15.0601	101
15.0607	101
15.0612	101
15.0618	101
15.0623	101
15.0629	101
15.0635	101
15.064	101
15.0646	101
15.0652	101
15.0657	101
15.0663	101
15.0668	101
15.0674	101
15.068	101
15.0685	101
15.0691	101
15.0697	101
15.0702	101
15.0708	101
15.0713	101
15.0719	101
15.0725	101
15.073	101
15.0736	101
15.0742	101
15.0747	101
15.0753	101
15.0758	101
15.0764	101
15.077	101
15.0775	101
15.0781	101
15.0786	101
15.0792	101
15.0798	101
15.0803	101
15.0809	101
15.0815	101
15.082	101
15.0826	101
15.0831	101
15.0837	101
15.0843	101
15.0848	101
15.0854	101
15.086	101
15.0865	101
15.0871	101
15.0876	101
15.0882	101
15.0888	101
15.0893	101
15.0899	101
15.0905	101
15.091	101
15.0916	101
15.0921	101
15.0927	101
15.0933	101
15.0938	101
15.0944	101
15.095	101
15.0955	101
15.0961	101
15.0966	101
15.0972	101
15.0978	101
15.0983	101
15.0989	101
15.0994	101
15.1	101
15.1006	101
15.1011	101
15.1017	101
15.1023	101
15.1028	101
15.1034	101
15.1039	101
15.1045	101
15.1051	101
15.1056	101
15.1062	101
15.1068	101
15.1073	101
15.1079	101
15.1084	101
15.109	101
15.1096	101
15.1101	101
15.1107	101
15.1113	101
15.1118	101
15.1124	101
15.1129	101
15.1135	101
15.1141	101
15.1146	101
15.1152	101
15.1157	101
15.1163	101
15.1169	101
15.1174	101
15.118	101
15.1186	101
15.1191	101
15.1197	101
15.1202	101
15.1208	101
15.1214	101
15.1219	101
15.1225	101
15.1231	101
15.1236	101
15.1242	101
15.1247	101
15.1253	101
15.1259	101
15.1264	101
15.127	101
15.1276	101
15.1281	101
15.1287	101
15.1292	101
15.1298	101
15.1304	101
15.1309	101
15.1315	101
15.1321	101
15.1326	101
15.1332	101
15.1337	101
15.1343	101
15.1349	101
15.1354	101
15.136	101
15.1365	101
15.1371	101
15.1377	101
15.1382	101
15.1388	101
15.1394	101
15.1399	101
15.1405	101
15.141	101
15.1416	101
15.1422	101
15.1427	101
15.1433	101
15.1439	101
15.1444	101
15.145	101
15.1455	101
15.1461	101
15.1467	101
15.1472	101
15.1478	101
15.1484	101
15.1489	101
15.1495	101
15.15	101
15.1506	101
15.1512	101
15.1517	101
15.1523	101
15.1529	101
15.1534	101
15.154	101
15.1545	101
15.1551	101
15.1557	101
15.1562	101
15.1568	101
15.1573	101
15.1579	101
15.1585	101
15.159	101
15.1596	101
15.1602	101
15.1607	101
15.1613	101
15.1618	101
15.1624	101
15.163	101
15.1635	101
15.1641	101
15.1647	101
15.1652	101
15.1658	101
15.1663	101
15.1669	101
15.1675	101
15.168	101
15.1686	101
15.1692	101
15.1697	101
15.1703	101
15.1708	101
15.1714	101
15.172	101
15.1725	101
15.1731	101
15.1736	101
15.1742	101
15.1748	101
15.1753	101
15.1759	101
15.1765	101
15.177	101
15.1776	101
15.1781	101
15.1787	101
15.1793	101
15.1798	101
15.1804	101
15.181	101
15.1815	101
15.1821	101
15.1826	101
15.1832	101
15.1838	101
15.1843	101
15.1849	101
15.1855	101
15.186	101
15.1866	101
15.1871	101
15.1877	101
15.1883	101
15.1888	101
15.1894	101
15.19	101
15.1905	101
15.1911	101
15.1916	101
15.1922	101
15.1928	101
15.1933	101
15.1939	101
15.1944	101
15.195	101
15.1956	101
15.1961	101
15.1967	101
15.1973	101
15.1978	101
15.1984	101
15.1989	101
15.1995	101
15.2001	101
15.2006	101
15.2012	101
15.2018	101
15.2023	101
15.2029	101
15.2034	101
15.204	101
15.2046	101
15.2051	101
15.2057	101
15.2063	101
15.2068	101
15.2074	101
15.2079	101
15.2085	101
15.2091	101
15.2096	101
15.2102	101
15.2107	101
15.2113	101
15.2119	101
15.2124	101
15.213	101
15.2136	101
15.2141	101
15.2147	101
15.2152	101
15.2158	101
15.2164	101
15.2169	101
15.2175	101
15.2181	101
15.2186	101
15.2192	101
15.2197	101
15.2203	101
15.2209	101
15.2214	101
15.222	101
15.2226	101
15.2231	101
15.2237	101
15.2242	101
15.2248	101
15.2254	101
15.2259	101
15.2265	101
15.2271	101
15.2276	101
15.2282	101
15.2287	101
15.2293	101
15.2299	101
15.2304	101
15.231	101
15.2315	101
15.2321	101
15.2327	101
15.2332	101
15.2338	101
15.2344	101
15.2349	101
15.2355	101
15.236	101
15.2366	101
15.2372	101
15.2377	101
15.2383	101
15.2389	101
15.2394	101
15.24	101
15.2405	101
15.2411	101
15.2417	101
15.2422	101
15.2428	101
15.2434	101
15.2439	101
15.2445	101
15.245	101
15.2456	101
15.2462	101
15.2467	101
15.2473	101
15.2479	101
15.2484	101
15.249	101
15.2495	101
15.2501	101
15.2507	101
15.2512	101
15.2518	101
15.2523	101
15.2529	101
15.2535	101
15.254	101
15.2546	101
15.2552	101
15.2557	101
15.2563	101
15.2568	101
15.2574	101
15.258	101
15.2585	101
15.2591	101
15.2597	101
15.2602	101
15.2608	101
15.2613	101
15.2619	101
15.2625	101
15.263	101
15.2636	101
15.2642	101
15.2647	101
15.2653	101
15.2658	101
15.2664	101
15.267	101
15.2675	101
15.2681	101
15.2686	101
15.2692	101
15.2698	101
15.2703	101
15.2709	101
15.2715	101
15.272	101
15.2726	101
15.2731	101
15.2737	101
15.2743	101
15.2748	101
15.2754	101
15.276	101
15.2765	101
15.2771	101
15.2776	101
15.2782	101
15.2788	101
15.2793	101
15.2799	101
15.2805	101
15.281	101
15.2816	101
15.2821	101
15.2827	101
15.2833	101
15.2838	101
15.2844	101
15.285	101
15.2855	101
15.2861	101
15.2866	101
15.2872	101
15.2878	101
15.2883	101
15.2889	101
15.2894	101
15.29	101
15.2906	101
15.2911	101
15.2917	101
15.2923	101
15.2928	101
15.2934	101
15.2939	101
15.2945	101
15.2951	101
15.2956	101
15.2962	101
15.2968	101
15.2973	101
15.2979	101
15.2984	101
15.299	101
15.2996	101
15.3001	101
15.3007	101
15.3013	101
15.3018	101
15.3024	101
15.3029	101
15.3035	101
15.3041	101
15.3046	101
15.3052	101
15.3058	101
15.3063	101
15.3069	101
15.3074	101
15.308	101
15.3086	101
15.3091	101
15.3097	101
15.3102	101
15.3108	101
15.3114	101
15.3119	101
15.3125	101
15.3131	101
15.3136	101
15.3142	101
15.3147	101
15.3153	101
15.3159	101
15.3164	101
15.317	101
15.3176	101
15.3181	101
15.3187	101
15.3192	101
15.3198	101
15.3204	101
15.3209	101
15.3215	101
15.3221	101
15.3226	101
15.3232	101
15.3237	101
15.3243	101
15.3249	101
15.3254	101
15.326	101
15.3265	101
15.3271	101
15.3277	101
15.3282	101
15.3288	101
15.3294	101
15.3299	101
15.3305	101
15.331	101
15.3316	101
15.3322	101
15.3327	101
15.3333	101
15.3339	101
15.3344	101
15.335	101
15.3355	101
15.3361	101
15.3367	101
15.3372	101
15.3378	101
15.3384	101
15.3389	101
15.3395	101
15.34	101
15.3406	101
15.3412	101
15.3417	101
15.3423	101
15.3429	101
15.3434	101
15.344	101
15.3445	101
15.3451	101
15.3457	101
15.3462	101
15.3468	101
15.3473	101
15.3479	101
15.3485	101
15.349	101
15.3496	101
15.3502	101
15.3507	101
15.3513	101
15.3518	101
15.3524	101
15.353	101
15.3535	101
15.3541	101
15.3547	101
15.3552	101
15.3558	101
15.3563	101
15.3569	101
15.3575	101
15.358	101
15.3586	101
15.3592	101
15.3597	101
15.3603	101
15.3608	101
15.3614	101
15.362	101
15.3625	101
15.3631	101
15.3637	101
15.3642	101
15.3648	101
15.3653	101
15.3659	101
15.3665	101
15.367	101
15.3676	101
15.3681	101
15.3687	101
15.3693	101
15.3698	101
15.3704	101
15.371	101
15.3715	101
15.3721	101
15.3726	101
15.3732	101
15.3738	101
15.3743	101
15.3749	101
15.3755	101
15.376	101
15.3766	101
15.3771	101
15.3777	101
15.3783	101
15.3788	101
15.3794	101
15.38	101
15.3805	101
15.3811	101
15.3816	101
15.3822	101
15.3828	101
15.3833	101
15.3839	101
15.3844	101
15.385	101
15.3856	101
15.3861	101
15.3867	101
15.3873	101
15.3878	101
15.3884	101
15.3889	101
15.3895	101
15.3901	101
15.3906	101
15.3912	101
15.3918	101
15.3923	101
15.3929	101
15.3934	101
15.394	101
15.3946	101
15.3951	101
15.3957	101
15.3963	101
15.3968	101
15.3974	101
15.3979	101
15.3985	101
15.3991	101
15.3996	101
15.4002	101
15.4008	101
15.4013	101
15.4019	101
15.4024	101
15.403	101
15.4036	101
15.4041	101
15.4047	101
15.4052	101
15.4058	101
15.4064	101
15.4069	101
15.4075	101
15.4081	101
15.4086	101
15.4092	101
15.4097	101
15.4103	101
15.4109	101
15.4114	101
15.412	101
15.4126	101
15.4131	101
15.4137	101
15.4142	101
15.4148	101
15.4154	101
15.4159	101
15.4165	101
15.4171	101
15.4176	101
15.4182	101
15.4187	101
15.4193	101
15.4199	101
15.4204	101
15.421	101
15.4216	101
15.4221	101
15.4227	101
15.4232	101
15.4238	101
15.4244	101
15.4249	101
15.4255	101
15.426	101
15.4266	101
15.4272	101
15.4277	101
15.4283	101
15.4289	101
15.4294	101
15.43	101
15.4305	101
15.4311	101
15.4317	101
15.4322	101
15.4328	101
15.4334	101
15.4339	101
15.4345	101
15.435	101
15.4356	101
15.4362	101
15.4367	101
15.4373	101
15.4379	101
15.4384	101
15.439	101
15.4395	101
15.4401	101
15.4407	101
15.4412	101
15.4418	101
15.4423	101
15.4429	101
15.4435	101
15.444	101
15.4446	101
15.4452	101
15.4457	101
15.4463	101
15.4468	101
15.4474	101
15.448	101
15.4485	101
15.4491	101
15.4497	101
15.4502	101
15.4508	101
15.4513	101
15.4519	101
15.4525	101
15.453	101
15.4536	101
15.4542	101
15.4547	101
15.4553	101
15.4558	101
15.4564	101
15.457	101
15.4575	101
15.4581	101
15.4587	101
15.4592	101
15.4598	101
15.4603	101
15.4609	101
15.4615	101
15.462	101
15.4626	101
15.4631	101
15.4637	101
15.4643	101
15.4648	101
15.4654	101
15.466	101
15.4665	101
15.4671	101
15.4676	101
15.4682	101
15.4688	101
15.4693	101
15.4699	101
15.4705	101
15.471	101
15.4716	101
15.4721	101
15.4727	101
15.4733	101
15.4738	101
15.4744	101
15.475	101
15.4755	101
15.4761	101
15.4766	101
15.4772	101
15.4778	101
15.4783	101
15.4789	101
15.4794	101
15.48	101
15.4806	101
15.4811	101
15.4817	101
15.4823	101
15.4828	101
15.4834	101
15.4839	101
15.4845	101
15.4851	101
15.4856	101
15.4862	101
15.4868	101
15.4873	101
15.4879	101
15.4884	101
15.489	101
15.4896	101
15.4901	101
15.4907	101
15.4913	101
15.4918	101
15.4924	101
15.4929	101
15.4935	101
15.4941	101
15.4946	101
15.4952	101
15.4958	101
15.4963	101
15.4969	101
15.4974	101
15.498	101
15.4986	101
15.4991	101
15.4997	101
15.5002	101
15.5008	101
15.5014	101
15.5019	101
15.5025	101
15.5031	101
15.5036	101
15.5042	101
15.5047	101
15.5053	101
15.5059	101
15.5064	101
15.507	101
15.5076	101
15.5081	101
15.5087	101
15.5092	101
15.5098	101
15.5104	101
15.5109	101
15.5115	101
15.5121	101
15.5126	101
15.5132	101
15.5137	101
15.5143	101
15.5149	101
15.5154	101
15.516	101
15.5166	101
15.5171	101
15.5177	101
15.5182	101
15.5188	101
15.5194	101
15.5199	101
15.5205	101
15.521	101
15.5216	101
15.5222	101
15.5227	101
15.5233	101
15.5239	101
15.5244	101
15.525	101
15.5255	101
15.5261	101
15.5267	101
15.5272	101
15.5278	101
15.5284	101
15.5289	101
15.5295	101
15.53	101
15.5306	101
15.5312	101
15.5317	101
15.5323	101
15.5329	101
15.5334	101
15.534	101
15.5345	101
15.5351	101
15.5357	101
15.5362	101
15.5368	101
15.5373	101
15.5379	101
15.5385	101
15.539	101
15.5396	101
15.5402	101
15.5407	101
15.5413	101
15.5418	101
15.5424	101
15.543	101
15.5435	101
15.5441	101
15.5447	101
15.5452	101
15.5458	101
15.5463	101
15.5469	101
15.5475	101
15.548	101
15.5486	101
15.5492	101
15.5497	101
15.5503	101
15.5508	101
15.5514	101
15.552	101
15.5525	101
15.5531	101
15.5537	101
15.5542	101
15.5548	101
15.5553	101
15.5559	101
15.5565	101
15.557	101
15.5576	101
15.5581	101
15.5587	101
15.5593	101
15.5598	101
15.5604	101
15.561	101
15.5615	101
15.5621	101
15.5626	101
15.5632	101
15.5638	101
15.5643	101
15.5649	101
15.5655	101
15.566	101
15.5666	101
15.5671	101
15.5677	101
15.5683	101
15.5688	101
15.5694	101
15.57	101
15.5705	101
15.5711	101
15.5716	101
15.5722	101
15.5728	101
15.5733	101
15.5739	101
15.5745	101
15.575	101
15.5756	101
15.5761	101
15.5767	101
15.5773	101
15.5778	101
15.5784	101
15.5789	101
15.5795	101
15.5801	101
15.5806	101
15.5812	101
15.5818	101
15.5823	101
15.5829	101
15.5834	101
15.584	101
15.5846	101
15.5851	101
15.5857	101
15.5863	101
15.5868	101
15.5874	101
15.5879	101
15.5885	101
15.5891	101
15.5896	101
15.5902	101
15.5908	101
15.5913	101
15.5919	101
15.5924	101
15.593	101
15.5936	101
15.5941	101
15.5947	101
15.5952	101
15.5958	101
15.5964	101
15.5969	101
15.5975	101
15.5981	101
15.5986	101
15.5992	101
15.5997	101
15.6003	101
15.6009	101
15.6014	101
15.602	101
15.6026	101
15.6031	101
15.6037	101
15.6042	101
15.6048	101
15.6054	101
15.6059	101
15.6065	101
15.6071	101
15.6076	101
15.6082	101
15.6087	101
15.6093	101
15.6099	101
15.6104	101
15.611	101
15.6116	101
15.6121	101
15.6127	101
15.6132	101
15.6138	101
15.6144	101
15.6149	101
15.6155	101
15.616	101
15.6166	101
15.6172	101
15.6177	101
15.6183	101
15.6189	101
15.6194	101
15.62	101
15.6205	101
15.6211	101
15.6217	101
15.6222	101
15.6228	101
15.6234	101
15.6239	101
15.6245	101
15.625	101
15.6256	101
15.6262	101
15.6267	101
15.6273	101
15.6279	101
15.6284	101
15.629	101
15.6295	101
15.6301	101
15.6307	101
15.6312	101
15.6318	101
15.6324	101
15.6329	101
15.6335	101
15.634	101
15.6346	101
15.6352	101
15.6357	101
15.6363	101
15.6368	101
15.6374	101
15.638	101
15.6385	101
15.6391	101
15.6397	101
15.6402	101
15.6408	101
15.6413	101
15.6419	101
15.6425	101
15.643	101
15.6436	101
15.6442	101
15.6447	101
15.6453	101
15.6458	101
15.6464	101
15.647	101
15.6475	101
15.6481	101
15.6487	101
15.6492	101
15.6498	101
15.6503	101
15.6509	101
15.6515	101
15.652	101
15.6526	101
15.6531	101
15.6537	101
15.6543	101
15.6548	101
15.6554	101
15.656	101
15.6565	101
15.6571	101
15.6576	101
15.6582	101
15.6588	101
15.6593	101
15.6599	101
15.6605	101
15.661	101
15.6616	101
15.6621	101
15.6627	101
15.6633	101
15.6638	101
15.6644	101
15.665	101
15.6655	101
15.6661	101
15.6666	101
15.6672	101
15.6678	101
15.6683	101
15.6689	101
15.6695	101
15.67	101
15.6706	101
15.6711	101
15.6717	101
15.6723	101
15.6728	101
15.6734	101
15.6739	101
15.6745	101
15.6751	101
15.6756	101
15.6762	101
15.6768	101
15.6773	101
15.6779	101
15.6784	101
15.679	101
15.6796	101
15.6801	101
15.6807	101
15.6813	101
15.6818	101
15.6824	101
15.6829	101
15.6835	101
15.6841	101
15.6846	101
15.6852	101
15.6858	101
15.6863	101
15.6869	101
15.6874	101
15.688	101
15.6886	101
15.6891	101
15.6897	101
15.6903	101
15.6908	101
15.6914	101
15.6919	101
15.6925	101
15.6931	101
15.6936	101
15.6942	101
15.6947	101
15.6953	101
15.6959	101
15.6964	101
15.697	101
15.6976	101
15.6981	101
15.6987	101
15.6992	101
15.6998	101
15.7004	101
15.7009	101
15.7015	101
15.7021	101
15.7026	101
15.7032	101
15.7037	101
15.7043	101
15.7049	101
15.7054	101
15.706	101
15.7066	101
15.7071	101
15.7077	101
15.7082	101
15.7088	101
15.7094	101
15.7099	101
15.7105	101
15.711	101
15.7116	101
15.7122	101
15.7127	101
15.7133	101
15.7139	101
15.7144	101
15.715	101
15.7155	101
15.7161	101
15.7167	101
15.7172	101
15.7178	101
15.7184	101
15.7189	101
15.7195	101
15.72	101
15.7206	101
15.7212	101
15.7217	101
15.7223	101
15.7229	101
15.7234	101
15.724	101
15.7245	101
15.7251	101
15.7257	101
15.7262	101
15.7268	101
15.7274	101
15.7279	101
15.7285	101
15.729	101
15.7296	101
15.7302	101
15.7307	101
15.7313	101
15.7318	101
15.7324	101
15.733	101
15.7335	101
15.7341	101
15.7347	101
15.7352	101
15.7358	101
15.7363	101
15.7369	101
15.7375	101
15.738	101
15.7386	101
15.7392	101
15.7397	101
15.7403	101
15.7408	101
15.7414	101
15.742	101
15.7425	101
15.7431	101
15.7437	101
15.7442	101
15.7448	101
15.7453	101
15.7459	101
15.7465	101
15.747	101
15.7476	101
15.7481	101
15.7487	101
15.7493	101
15.7498	101
15.7504	101
15.751	101
15.7515	101
15.7521	101
15.7526	101
15.7532	101
15.7538	101
15.7543	101
15.7549	101
15.7555	101
15.756	101
15.7566	101
15.7571	101
15.7577	101
15.7583	101
15.7588	101
15.7594	101
15.76	101
15.7605	101
15.7611	101
15.7616	101
15.7622	101
15.7628	101
15.7633	101
15.7639	101
15.7645	101
15.765	101
15.7656	101
15.7661	101
15.7667	101
15.7673	101
15.7678	101
15.7684	101
15.7689	101
15.7695	101
15.7701	101
15.7706	101
15.7712	101
15.7718	101
15.7723	101
15.7729	101
15.7734	101
15.774	101
15.7746	101
15.7751	101
15.7757	101
15.7763	101
15.7768	101
15.7774	101
15.7779	101
15.7785	101
15.7791	101
15.7796	101
15.7802	101
15.7808	101
15.7813	101
15.7819	101
15.7824	101
15.783	101
15.7836	101
15.7841	101
15.7847	101
15.7853	101
15.7858	101
15.7864	101
15.7869	101
15.7875	101
15.7881	101
15.7886	101
15.7892	101
15.7897	101
15.7903	101
15.7909	101
15.7914	101
15.792	101
15.7926	101
15.7931	101
15.7937	101
15.7942	101
15.7948	101
15.7954	101
15.7959	101
15.7965	101
15.7971	101
15.7976	101
15.7982	101
15.7987	101
15.7993	101
15.7999	101
15.8004	101
15.801	101
15.8016	101
15.8021	101
15.8027	101
15.8032	101
15.8038	101
15.8044	101
15.8049	101
15.8055	101
15.806	101
15.8066	101
15.8072	101
15.8077	101
15.8083	101
15.8089	101
15.8094	101
15.81	101
15.8105	101
15.8111	101
15.8117	101
15.8122	101
15.8128	101
15.8134	101
15.8139	101
15.8145	101
15.815	101
15.8156	101
15.8162	101
15.8167	101
15.8173	101
15.8179	101
15.8184	101
15.819	101
15.8195	101
15.8201	101
15.8207	101
15.8212	101
15.8218	101
15.8224	101
15.8229	101
15.8235	101
15.824	101
15.8246	101
15.8252	101
15.8257	101
15.8263	101
15.8268	101
15.8274	101
15.828	101
15.8285	101
15.8291	101
15.8297	101
15.8302	101
15.8308	101
15.8313	101
15.8319	101
15.8325	101
15.833	101
15.8336	101
15.8342	101
15.8347	101
15.8353	101
15.8358	101
15.8364	101
15.837	101
15.8375	101
15.8381	101
15.8387	101
15.8392	101
15.8398	101
15.8403	101
15.8409	101
15.8415	101
15.842	101
15.8426	101
15.8432	101
15.8437	101
15.8443	101
15.8448	101
15.8454	101
15.846	101
15.8465	101
15.8471	101
15.8476	101
15.8482	101
15.8488	101
15.8493	101
15.8499	101
15.8505	101
15.851	101
15.8516	101
15.8521	101
15.8527	101
15.8533	101
15.8538	101
15.8544	101
15.855	101
15.8555	101
15.8561	101
15.8566	101
15.8572	101
15.8578	101
15.8583	101
15.8589	101
15.8595	101
15.86	101
15.8606	101
15.8611	101
15.8617	101
15.8623	101
15.8628	101
15.8634	101
15.8639	101
15.8645	101
15.8651	101
15.8656	101
15.8662	101
15.8668	101
15.8673	101
15.8679	101
15.8684	101
15.869	101
15.8696	101
15.8701	101
15.8707	101
15.8713	101
15.8718	101
15.8724	101
15.8729	101
15.8735	101
15.8741	101
15.8746	101
15.8752	101
15.8758	101
15.8763	101
15.8769	101
15.8774	101
15.878	101
15.8786	101
15.8791	101
15.8797	101
15.8803	101
15.8808	101
15.8814	101
15.8819	101
15.8825	101
15.8831	101
15.8836	101
15.8842	101
15.8847	101
15.8853	101
15.8859	101
15.8864	101
15.887	101
15.8876	101
15.8881	101
15.8887	101
15.8892	101
15.8898	101
15.8904	101
15.8909	101
15.8915	101
15.8921	101
15.8926	101
15.8932	101
15.8937	101
15.8943	101
15.8949	101
15.8954	101
15.896	101
15.8966	101
15.8971	101
15.8977	101
15.8982	101
15.8988	101
15.8994	101
15.8999	101
15.9005	101
15.9011	101
15.9016	101
15.9022	101
15.9027	101
15.9033	101
15.9039	101
15.9044	101
15.905	101
15.9055	101
15.9061	101
15.9067	101
15.9072	101
15.9078	101
15.9084	101
15.9089	101
15.9095	101
15.91	101
15.9106	101
15.9112	101
15.9117	101
15.9123	101
15.9129	101
15.9134	101
15.914	101
15.9145	101
15.9151	101
15.9157	101
15.9162	101
15.9168	101
15.9174	101
15.9179	101
15.9185	101
15.919	101
15.9196	101
15.9202	101
15.9207	101
15.9213	101
15.9218	101
15.9224	101
15.923	101
15.9235	101
15.9241	101
15.9247	101
15.9252	101
15.9258	101
15.9263	101
15.9269	101
15.9275	101
15.928	101
15.9286	101
15.9292	101
15.9297	101
15.9303	101
15.9308	101
15.9314	101
15.932	101
15.9325	101
15.9331	101
15.9337	101
15.9342	101
15.9348	101
15.9353	101
15.9359	101
15.9365	101
15.937	101
15.9376	101
15.9382	101
15.9387	101
15.9393	101
15.9398	101
15.9404	101
15.941	101
15.9415	101
15.9421	101
15.9426	101
15.9432	101
15.9438	101
15.9443	101
15.9449	101
15.9455	101
15.946	101
15.9466	101
15.9471	101
15.9477	101
15.9483	101
15.9488	101
15.9494	101
15.95	101
15.9505	101
15.9511	101
15.9516	101
15.9522	101
15.9528	101
15.9533	101
15.9539	101
15.9545	101
15.955	101
15.9556	101
15.9561	101
15.9567	101
15.9573	101
15.9578	101
15.9584	101
15.959	101
15.9595	101
15.9601	101
15.9606	101
15.9612	101
15.9618	101
15.9623	101
15.9629	101
15.9634	101
15.964	101
15.9646	101
15.9651	101
15.9657	101
15.9663	101
15.9668	101
15.9674	101
15.9679	101
15.9685	101
15.9691	101
15.9696	101
15.9702	101
15.9708	101
15.9713	101
15.9719	101
15.9724	101
15.973	101
15.9736	101
15.9741	101
15.9747	101
15.9753	101
15.9758	101
15.9764	101
15.9769	101
15.9775	101
15.9781	101
15.9786	101
15.9792	101
15.9797	101
15.9803	101
15.9809	101
15.9814	101
15.982	101
15.9826	101
15.9831	101
15.9837	101
15.9842	101
15.9848	101
15.9854	101
15.9859	101
15.9865	101
15.9871	101
15.9876	101
15.9882	101
15.9887	101
15.9893	101
15.9899	101
15.9904	101
15.991	101
15.9916	101
15.9921	101
15.9927	101
15.9932	101
15.9938	101
15.9944	101
15.9949	101
15.9955	101
15.9961	101
15.9966	101
15.9972	101
15.9977	101
15.9983	101
15.9989	101
15.9994	101
16	101
16.0005	101
16.0011	101
16.0017	101
16.0022	101
16.0028	101
16.0034	101
16.0039	101
16.0045	101
16.005	101
16.0056	101
16.0062	101
16.0067	101
16.0073	101
16.0079	101
16.0084	101
16.009	101
16.0095	101
16.0101	101
16.0107	101
16.0112	101
16.0118	101
16.0124	101
16.0129	101
16.0135	101
16.014	101
16.0146	101
16.0152	101
16.0157	101
16.0163	101
16.0169	101
16.0174	101
16.018	101
16.0185	101
16.0191	101
16.0197	101
16.0202	101
16.0208	101
16.0213	101
16.0219	101
16.0225	101
16.023	101
16.0236	101
16.0242	101
16.0247	101
16.0253	101
16.0258	101
16.0264	101
16.027	101
16.0275	101
16.0281	101
16.0287	101
16.0292	101
16.0298	101
16.0303	101
16.0309	101
16.0315	101
16.032	101
16.0326	101
16.0332	101
16.0337	101
16.0343	101
16.0348	101
16.0354	101
16.036	101
16.0365	101
16.0371	101
16.0376	101
16.0382	101
16.0388	101
16.0393	101
16.0399	101
16.0405	101
16.041	101
16.0416	101
16.0421	101
16.0427	101
16.0433	101
16.0438	101
16.0444	101
16.045	101
16.0455	101
16.0461	101
16.0466	101
16.0472	101
16.0478	101
16.0483	101
16.0489	101
16.0495	101
16.05	101
16.0506	101
16.0511	101
16.0517	101
16.0523	101
16.0528	101
16.0534	101
16.054	101
16.0545	101
16.0551	101
16.0556	101
16.0562	101
16.0568	101
16.0573	101
16.0579	101
16.0584	101
16.059	101
16.0596	101
16.0601	101
16.0607	101
16.0613	101
16.0618	101
16.0624	101
16.0629	101
16.0635	101
16.0641	101
16.0646	101
16.0652	101
16.0658	101
16.0663	101
16.0669	101
16.0674	101
16.068	101
16.0686	101
16.0691	101
16.0697	101
16.0703	101
16.0708	101
16.0714	101
16.0719	101
16.0725	101
16.0731	101
16.0736	101
16.0742	101
16.0747	101
16.0753	101
16.0759	101
16.0764	101
16.077	101
16.0776	101
16.0781	101
16.0787	101
16.0792	101
16.0798	101
16.0804	101
16.0809	101
16.0815	101
16.0821	101
16.0826	101
16.0832	101
16.0837	101
16.0843	101
16.0849	101
16.0854	101
16.086	101
16.0866	101
16.0871	101
16.0877	101
16.0882	101
16.0888	101
16.0894	101
16.0899	101
16.0905	101
16.0911	101
16.0916	101
16.0922	101
16.0927	101
16.0933	101
16.0939	101
16.0944	101
16.095	101
16.0955	101
16.0961	101
16.0967	101
16.0972	101
16.0978	101
16.0984	101
16.0989	101
16.0995	101
16.1	101
16.1006	101
16.1012	101
16.1017	101
16.1023	101
16.1029	101
16.1034	101
16.104	101
16.1045	101
16.1051	101
16.1057	101
16.1062	101
16.1068	101
16.1074	101
16.1079	101
16.1085	101
16.109	101
16.1096	101
16.1102	101
16.1107	101
16.1113	101
16.1119	101
16.1124	101
16.113	101
16.1135	101
16.1141	101
16.1147	101
16.1152	101
16.1158	101
16.1163	101
16.1169	101
16.1175	101
16.118	101
16.1186	101
16.1192	101
16.1197	101
16.1203	101
16.1208	101
16.1214	101
16.122	101
16.1225	101
16.1231	101
16.1237	101
16.1242	101
16.1248	101
16.1253	101
16.1259	101
16.1265	101
16.127	101
16.1276	101
16.1282	101
16.1287	101
16.1293	101
16.1298	101
16.1304	101
16.131	101
16.1315	101
16.1321	101
16.1326	101
16.1332	101
16.1338	101
16.1343	101
16.1349	101
16.1355	101
16.136	101
16.1366	101
16.1371	101
16.1377	101
16.1383	101
16.1388	101
16.1394	101
16.14	101
16.1405	101
16.1411	101
16.1416	101
16.1422	101
16.1428	101
16.1433	101
16.1439	101
16.1445	101
16.145	101
16.1456	101
16.1461	101
16.1467	101
16.1473	101
16.1478	101
16.1484	101
16.149	101
16.1495	101
16.1501	101
16.1506	101
16.1512	101
16.1518	101
16.1523	101
16.1529	101
16.1534	101
16.154	101
16.1546	101
16.1551	101
16.1557	101
16.1563	101
16.1568	101
16.1574	101
16.1579	101
16.1585	101
16.1591	101
16.1596	101
16.1602	101
16.1608	101
16.1613	101
16.1619	101
16.1624	101
16.163	101
16.1636	101
16.1641	101
16.1647	101
16.1653	101
16.1658	101
16.1664	101
16.1669	101
16.1675	101
16.1681	101
16.1686	101
16.1692	101
16.1698	101
16.1703	101
16.1709	101
16.1714	101
16.172	101
16.1726	101
16.1731	101
16.1737	101
16.1742	101
16.1748	101
16.1754	101
16.1759	101
16.1765	101
16.1771	101
16.1776	101
16.1782	101
16.1787	101
16.1793	101
16.1799	101
16.1804	101
16.181	101
16.1816	101
16.1821	101
16.1827	101
16.1832	101
16.1838	101
16.1844	101
16.1849	101
16.1855	101
16.1861	101
16.1866	101
16.1872	101
16.1877	101
16.1883	101
16.1889	101
16.1894	101
16.19	101
16.1905	101
16.1911	101
16.1917	101
16.1922	101
16.1928	101
16.1934	101
16.1939	101
16.1945	101
16.195	101
16.1956	101
16.1962	101
16.1967	101
16.1973	101
16.1979	101
16.1984	101
16.199	101
16.1995	101
16.2001	101
16.2007	101
16.2012	101
16.2018	101
16.2024	101
16.2029	101
16.2035	101
16.204	101
16.2046	101
16.2052	101
16.2057	101
16.2063	101
16.2069	101
16.2074	101
16.208	101
16.2085	101
16.2091	101
16.2097	101
16.2102	101
16.2108	101
16.2113	101
16.2119	101
16.2125	101
16.213	101
16.2136	101
16.2142	101
16.2147	101
16.2153	101
16.2158	101
16.2164	101
16.217	101
16.2175	101
16.2181	101
16.2187	101
16.2192	101
16.2198	101
16.2203	101
16.2209	101
16.2215	101
16.222	101
16.2226	101
16.2232	101
16.2237	101
16.2243	101
16.2248	101
16.2254	101
16.226	101
16.2265	101
16.2271	101
16.2277	101
16.2282	101
16.2288	101
16.2293	101
16.2299	101
16.2305	101
16.231	101
16.2316	101
16.2321	101
16.2327	101
16.2333	101
16.2338	101
16.2344	101
16.235	101
16.2355	101
16.2361	101
16.2366	101
16.2372	101
16.2378	101
16.2383	101
16.2389	101
16.2395	101
16.24	101
16.2406	101
16.2411	101
16.2417	101
16.2423	101
16.2428	101
16.2434	101
16.244	101
16.2445	101
16.2451	101
16.2456	101
16.2462	101
16.2468	101
16.2473	101
16.2479	101
16.2484	101
16.249	101
16.2496	101
16.2501	101
16.2507	101
16.2513	101
16.2518	101
16.2524	101
16.2529	101
16.2535	101
16.2541	101
16.2546	101
16.2552	101
16.2558	101
16.2563	101
16.2569	101
16.2574	101
16.258	101
16.2586	101
16.2591	101
16.2597	101
16.2603	101
16.2608	101
16.2614	101
16.2619	101
16.2625	101
16.2631	101
16.2636	101
16.2642	101
16.2648	101
16.2653	101
16.2659	101
16.2664	101
16.267	101
16.2676	101
16.2681	101
16.2687	101
16.2692	101
16.2698	101
16.2704	101
16.2709	101
16.2715	101
16.2721	101
16.2726	101
16.2732	101
16.2737	101
16.2743	101
16.2749	101
16.2754	101
16.276	101
16.2766	101
16.2771	101
16.2777	101
16.2782	101
16.2788	101
16.2794	101
16.2799	101
16.2805	101
16.2811	101
16.2816	101
16.2822	101
16.2827	101
16.2833	101
16.2839	101
16.2844	101
16.285	101
16.2856	101
16.2861	101
16.2867	101
16.2872	101
16.2878	101
16.2884	101
16.2889	101
16.2895	101
16.29	101
16.2906	101
16.2912	101
16.2917	101
16.2923	101
16.2929	101
16.2934	101
16.294	101
16.2945	101
16.2951	101
16.2957	101
16.2962	101
16.2968	101
16.2974	101
16.2979	101
16.2985	101
16.299	101
16.2996	101
16.3002	101
16.3007	101
16.3013	101
16.3019	101
16.3024	101
16.303	101
16.3035	101
16.3041	101
16.3047	101
16.3052	101
16.3058	101
16.3063	101
16.3069	101
16.3075	101
16.308	101
16.3086	101
16.3092	101
16.3097	101
16.3103	101
16.3108	101
16.3114	101
16.312	101
16.3125	101
16.3131	101
16.3137	101
16.3142	101
16.3148	101
16.3153	101
16.3159	101
16.3165	101
16.317	101
16.3176	101
16.3182	101
16.3187	101
16.3193	101
16.3198	101
16.3204	101
16.321	101
16.3215	101
16.3221	101
16.3227	101
16.3232	101
16.3238	101
16.3243	101
16.3249	101
16.3255	101
16.326	101
16.3266	101
16.3271	101
16.3277	101
16.3283	101
16.3288	101
16.3294	101
16.33	101
16.3305	101
16.3311	101
16.3316	101
16.3322	101
16.3328	101
16.3333	101
16.3339	101
16.3345	101
16.335	101
16.3356	101
16.3361	101
16.3367	101
16.3373	101
16.3378	101
16.3384	101
16.339	101
16.3395	101
16.3401	101
16.3406	101
16.3412	101
16.3418	101
16.3423	101
16.3429	101
16.3434	101
16.344	101
16.3446	101
16.3451	101
16.3457	101
16.3463	101
16.3468	101
16.3474	101
16.3479	101
16.3485	101
16.3491	101
16.3496	101
16.3502	101
16.3508	101
16.3513	101
16.3519	101
16.3524	101
16.353	101
16.3536	101
16.3541	101
16.3547	101
16.3553	101
16.3558	101
16.3564	101
16.3569	101
16.3575	101
16.3581	101
16.3586	101
16.3592	101
16.3598	101
16.3603	101
16.3609	101
16.3614	101
16.362	101
16.3626	101
16.3631	101
16.3637	101
16.3642	101
16.3648	101
16.3654	101
16.3659	101
16.3665	101
16.3671	101
16.3676	101
16.3682	101
16.3687	101
16.3693	101
16.3699	101
16.3704	101
16.371	101
16.3716	101
16.3721	101
16.3727	101
16.3732	101
16.3738	101
16.3744	101
16.3749	101
16.3755	101
16.3761	101
16.3766	101
16.3772	101
16.3777	101
16.3783	101
16.3789	101
16.3794	101
16.38	101
16.3806	101
16.3811	101
16.3817	101
16.3822	101
16.3828	101
16.3834	101
16.3839	101
16.3845	101
16.385	101
16.3856	101
16.3862	101
16.3867	101
16.3873	101
16.3879	101
16.3884	101
16.389	101
16.3895	101
16.3901	101
16.3907	101
16.3912	101
16.3918	101
16.3924	101
16.3929	101
16.3935	101
16.394	101
16.3946	101
16.3952	101
16.3957	101
16.3963	101
16.3969	101
16.3974	101
16.398	101
16.3985	101
16.3991	101
16.3997	101
16.4002	101
16.4008	101
16.4013	101
16.4019	101
16.4025	101
16.403	101
16.4036	101
16.4042	101
16.4047	101
16.4053	101
16.4058	101
16.4064	101
16.407	101
16.4075	101
16.4081	101
16.4087	101
16.4092	101
16.4098	101
16.4103	101
16.4109	101
16.4115	101
16.412	101
16.4126	101
16.4132	101
16.4137	101
16.4143	101
16.4148	101
16.4154	101
16.416	101
16.4165	101
16.4171	101
16.4177	101
16.4182	101
16.4188	101
16.4193	101
16.4199	101
16.4205	101
16.421	101
16.4216	101
16.4221	101
16.4227	101
16.4233	101
16.4238	101
16.4244	101
16.425	101
16.4255	101
16.4261	101
16.4266	101
16.4272	101
16.4278	101
16.4283	101
16.4289	101
16.4295	101
16.43	101
16.4306	101
16.4311	101
16.4317	101
16.4323	101
16.4328	101
16.4334	101
16.434	101
16.4345	101
16.4351	101
16.4356	101
16.4362	101
16.4368	101
16.4373	101
16.4379	101
16.4385	101
16.439	101
16.4396	101
16.4401	101
16.4407	101
16.4413	101
16.4418	101
16.4424	101
16.4429	101
16.4435	101
16.4441	101
16.4446	101
16.4452	101
16.4458	101
16.4463	101
16.4469	101
16.4474	101
16.448	101
16.4486	101
16.4491	101
16.4497	101
16.4503	101
16.4508	101
16.4514	101
16.4519	101
16.4525	101
16.4531	101
16.4536	101
16.4542	101
16.4548	101
16.4553	101
16.4559	101
16.4564	101
16.457	101
16.4576	101
16.4581	101
16.4587	101
16.4592	101
16.4598	101
16.4604	101
16.4609	101
16.4615	101
16.4621	101
16.4626	101
16.4632	101
16.4637	101
16.4643	101
16.4649	101
16.4654	101
16.466	101
16.4666	101
16.4671	101
16.4677	101
16.4682	101
16.4688	101
16.4694	101
16.4699	101
16.4705	101
16.4711	101
16.4716	101
16.4722	101
16.4727	101
16.4733	101
16.4739	101
16.4744	101
16.475	101
16.4756	101
16.4761	101
16.4767	101
16.4772	101
16.4778	101
16.4784	101
16.4789	101
16.4795	101
16.48	101
16.4806	101
16.4812	101
16.4817	101
16.4823	101
16.4829	101
16.4834	101
16.484	101
16.4845	101
16.4851	101
16.4857	101
16.4862	101
16.4868	101
16.4874	101
16.4879	101
16.4885	101
16.489	101
16.4896	101
16.4902	101
16.4907	101
16.4913	101
16.4919	101
16.4924	101
16.493	101
16.4935	101
16.4941	101
16.4947	101
16.4952	101
16.4958	101
16.4964	101
16.4969	101
16.4975	101
16.498	101
16.4986	101
16.4992	101
16.4997	101
16.5003	101
16.5008	101
16.5014	101
16.502	101
16.5025	101
16.5031	101
16.5037	101
16.5042	101
16.5048	101
16.5053	101
16.5059	101
16.5065	101
16.507	101
16.5076	101
16.5082	101
16.5087	101
16.5093	101
16.5098	101
16.5104	101
16.511	101
16.5115	101
16.5121	101
16.5127	101
16.5132	101
16.5138	101
16.5143	101
16.5149	101
16.5155	101
16.516	101
16.5166	101
16.5171	101
16.5177	101
16.5183	101
16.5188	101
16.5194	101
16.52	101
16.5205	101
16.5211	101
16.5216	101
16.5222	101
16.5228	101
16.5233	101
16.5239	101
16.5245	101
16.525	101
16.5256	101
16.5261	101
16.5267	101
16.5273	101
16.5278	101
16.5284	101
16.529	101
16.5295	101
16.5301	101
16.5306	101
16.5312	101
16.5318	101
16.5323	101
16.5329	101
16.5335	101
16.534	101
16.5346	101
16.5351	101
16.5357	101
16.5363	101
16.5368	101
16.5374	101
16.5379	101
16.5385	101
16.5391	101
16.5396	101
16.5402	101
16.5408	101
16.5413	101
16.5419	101
16.5424	101
16.543	101
16.5436	101
16.5441	101
16.5447	101
16.5453	101
16.5458	101
16.5464	101
16.5469	101
16.5475	101
16.5481	101
16.5486	101
16.5492	101
16.5498	101
16.5503	101
16.5509	101
16.5514	101
16.552	101
16.5526	101
16.5531	101
16.5537	101
16.5543	101
16.5548	101
16.5554	101
16.5559	101
16.5565	101
16.5571	101
16.5576	101
16.5582	101
16.5587	101
16.5593	101
16.5599	101
16.5604	101
16.561	101
16.5616	101
16.5621	101
16.5627	101
16.5632	101
16.5638	101
16.5644	101
16.5649	101
16.5655	101
16.5661	101
16.5666	101
16.5672	101
16.5677	101
16.5683	101
16.5689	101
16.5694	101
16.57	101
16.5706	101
16.5711	101
16.5717	101
16.5722	101
16.5728	101
16.5734	101
16.5739	101
16.5745	101
16.575	101
16.5756	101
16.5762	101
16.5767	101
16.5773	101
16.5779	101
16.5784	101
16.579	101
16.5795	101
16.5801	101
16.5807	101
16.5812	101
16.5818	101
16.5824	101
16.5829	101
16.5835	101
16.584	101
16.5846	101
16.5852	101
16.5857	101
16.5863	101
16.5869	101
16.5874	101
16.588	101
16.5885	101
16.5891	101
16.5897	101
16.5902	101
16.5908	101
16.5914	101
16.5919	101
16.5925	101
16.593	101
16.5936	101
16.5942	101
16.5947	101
16.5953	101
16.5958	101
16.5964	101
16.597	101
16.5975	101
16.5981	101
16.5987	101
16.5992	101
16.5998	101
16.6003	101
16.6009	101
16.6015	101
16.602	101
16.6026	101
16.6032	101
16.6037	101
16.6043	101
16.6048	101
16.6054	101
16.606	101
16.6065	101
16.6071	101
16.6077	101
16.6082	101
16.6088	101
16.6093	101
16.6099	101
16.6105	101
16.611	101
16.6116	101
16.6121	101
16.6127	101
16.6133	101
16.6138	101
16.6144	101
16.615	101
16.6155	101
16.6161	101
16.6166	101
16.6172	101
16.6178	101
16.6183	101
16.6189	101
16.6195	101
16.62	101
16.6206	101
16.6211	101
16.6217	101
16.6223	101
16.6228	101
16.6234	101
16.624	101
16.6245	101
16.6251	101
16.6256	101
16.6262	101
16.6268	101
16.6273	101
16.6279	101
16.6285	101
16.629	101
16.6296	101
16.6301	101
16.6307	101
16.6313	101
16.6318	101
16.6324	101
16.6329	101
16.6335	101
16.6341	101
16.6346	101
16.6352	101
16.6358	101
16.6363	101
16.6369	101
16.6374	101
16.638	101
16.6386	101
16.6391	101
16.6397	101
16.6403	101
16.6408	101
16.6414	101
16.6419	101
16.6425	101
16.6431	101
16.6436	101
16.6442	101
16.6448	101
16.6453	101
16.6459	101
16.6464	101
16.647	101
16.6476	101
16.6481	101
16.6487	101
16.6493	101
16.6498	101
16.6504	101
16.6509	101
16.6515	101
16.6521	101
16.6526	101
16.6532	101
16.6537	101
16.6543	101
16.6549	101
16.6554	101
16.656	101
16.6566	101
16.6571	101
16.6577	101
16.6582	101
16.6588	101
16.6594	101
16.6599	101
16.6605	101
16.6611	101
16.6616	101
16.6622	101
16.6627	101
16.6633	101
16.6639	101
16.6644	101
16.665	101
16.6656	101
16.6661	101
16.6667	101
16.6672	101
16.6678	101
16.6684	101
16.6689	101
16.6695	101
16.67	101
16.6706	101
16.6712	101
16.6717	101
16.6723	101
16.6729	101
16.6734	101
16.674	101
16.6745	101
16.6751	101
16.6757	101
16.6762	101
16.6768	101
16.6774	101
16.6779	101
16.6785	101
16.679	101
16.6796	101
16.6802	101
16.6807	101
16.6813	101
16.6819	101
16.6824	101
16.683	101
16.6835	101
16.6841	101
16.6847	101
16.6852	101
16.6858	101
16.6864	101
16.6869	101
16.6875	101
16.688	101
16.6886	101
16.6892	101
16.6897	101
16.6903	101
16.6908	101
16.6914	101
16.692	101
16.6925	101
16.6931	101
16.6937	101
16.6942	101
16.6948	101
16.6953	101
16.6959	101
16.6965	101
16.697	101
16.6976	101
16.6982	101
16.6987	101
16.6993	101
16.6998	101
16.7004	101
16.701	101
16.7015	101
16.7021	101
16.7027	101
16.7032	101
16.7038	101
16.7043	101
16.7049	101
16.7055	101
16.706	101
16.7066	101
16.7072	101
16.7077	101
16.7083	101
16.7088	101
16.7094	101
16.71	101
16.7105	101
16.7111	101
16.7116	101
16.7122	101
16.7128	101
16.7133	101
16.7139	101
16.7145	101
16.715	101
16.7156	101
16.7161	101
16.7167	101
16.7173	101
16.7178	101
16.7184	101
16.719	101
16.7195	101
16.7201	101
16.7206	101
16.7212	101
16.7218	101
16.7223	101
16.7229	101
16.7235	101
16.724	101
16.7246	101
16.7251	101
16.7257	101
16.7263	101
16.7268	101
16.7274	101
16.7279	101
16.7285	101
16.7291	101
16.7296	101
16.7302	101
16.7308	101
16.7313	101
16.7319	101
16.7324	101
16.733	101
16.7336	101
16.7341	101
16.7347	101
16.7353	101
16.7358	101
16.7364	101
16.7369	101
16.7375	101
16.7381	101
16.7386	101
16.7392	101
16.7398	101
16.7403	101
16.7409	101
16.7414	101
16.742	101
16.7426	101
16.7431	101
16.7437	101
16.7443	101
16.7448	101
16.7454	101
16.7459	101
16.7465	101
16.7471	101
16.7476	101
16.7482	101
16.7487	101
16.7493	101
16.7499	101
16.7504	101
16.751	101
16.7516	101
16.7521	101
16.7527	101
16.7532	101
16.7538	101
16.7544	101
16.7549	101
16.7555	101
16.7561	101
16.7566	101
16.7572	101
16.7577	101
16.7583	101
16.7589	101
16.7594	101
16.76	101
16.7606	101
16.7611	101
16.7617	101
16.7622	101
16.7628	101
16.7634	101
16.7639	101
16.7645	101
16.7651	101
16.7656	101
16.7662	101
16.7667	101
16.7673	101
16.7679	101
16.7684	101
16.769	101
16.7695	101
16.7701	101
16.7707	101
16.7712	101
16.7718	101
16.7724	101
16.7729	101
16.7735	101
16.774	101
16.7746	101
16.7752	101
16.7757	101
16.7763	101
16.7769	101
16.7774	101
16.778	101
16.7785	101
16.7791	101
16.7797	101
16.7802	101
16.7808	101
16.7814	101
16.7819	101
16.7825	101
16.783	101
16.7836	101
16.7842	101
16.7847	101
16.7853	101
16.7858	101
16.7864	101
16.787	101
16.7875	101
16.7881	101
16.7887	101
16.7892	101
16.7898	101
16.7903	101
16.7909	101
16.7915	101
16.792	101
16.7926	101
16.7932	101
16.7937	101
16.7943	101
16.7948	101
16.7954	101
16.796	101
16.7965	101
16.7971	101
16.7977	101
16.7982	101
16.7988	101
16.7993	101
16.7999	101
16.8005	101
16.801	101
16.8016	101
16.8022	101
16.8027	101
16.8033	101
16.8038	101
16.8044	101
16.805	101
16.8055	101
16.8061	101
16.8066	101
16.8072	101
16.8078	101
16.8083	101
16.8089	101
16.8095	101
16.81	101
16.8106	101
16.8111	101
16.8117	101
16.8123	101
16.8128	101
16.8134	101
16.814	101
16.8145	101
16.8151	101
16.8156	101
16.8162	101
16.8168	101
16.8173	101
16.8179	101
16.8185	101
16.819	101
16.8196	101
16.8201	101
16.8207	101
16.8213	101
16.8218	101
16.8224	101
16.823	101
16.8235	101
16.8241	101
16.8246	101
16.8252	101
16.8258	101
16.8263	101
16.8269	101
16.8274	101
16.828	101
16.8286	101
16.8291	101
16.8297	101
16.8303	101
16.8308	101
16.8314	101
16.8319	101
16.8325	101
16.8331	101
16.8336	101
16.8342	101
16.8348	101
16.8353	101
16.8359	101
16.8364	101
16.837	101
16.8376	101
16.8381	101
16.8387	101
16.8393	101
16.8398	101
16.8404	101
16.8409	101
16.8415	101
16.8421	101
16.8426	101
16.8432	101
16.8437	101
16.8443	101
16.8449	101
16.8454	101
16.846	101
16.8466	101
16.8471	101
16.8477	101
16.8482	101
16.8488	101
16.8494	101
16.8499	101
16.8505	101
16.8511	101
16.8516	101
16.8522	101
16.8527	101
16.8533	101
16.8539	101
16.8544	101
16.855	101
16.8556	101
16.8561	101
16.8567	101
16.8572	101
16.8578	101
16.8584	101
16.8589	101
16.8595	101
16.8601	101
16.8606	101
16.8612	101
16.8617	101
16.8623	101
16.8629	101
16.8634	101
16.864	101
16.8645	101
16.8651	101
16.8657	101
16.8662	101
16.8668	101
16.8674	101
16.8679	101
16.8685	101
16.869	101
16.8696	101
16.8702	101
16.8707	101
16.8713	101
16.8719	101
16.8724	101
16.873	101
16.8735	101
16.8741	101
16.8747	101
16.8752	101
16.8758	101
16.8764	101
16.8769	101
16.8775	101
16.878	101
16.8786	101
16.8792	101
16.8797	101
16.8803	101
16.8809	101
16.8814	101
16.882	101
16.8825	101
16.8831	101
16.8837	101
16.8842	101
16.8848	101
16.8853	101
16.8859	101
16.8865	101
16.887	101
16.8876	101
16.8882	101
16.8887	101
16.8893	101
16.8898	101
16.8904	101
16.891	101
16.8915	101
16.8921	101
16.8927	101
16.8932	101
16.8938	101
16.8943	101
16.8949	101
16.8955	101
16.896	101
16.8966	101
16.8972	101
16.8977	101
16.8983	101
16.8988	101
16.8994	101
16.9	101
16.9005	101
16.9011	101
16.9016	101
16.9022	101
16.9028	101
16.9033	101
16.9039	101
16.9045	101
16.905	101
16.9056	101
16.9061	101
16.9067	101
16.9073	101
16.9078	101
16.9084	101
16.909	101
16.9095	101
16.9101	101
16.9106	101
16.9112	101
16.9118	101
16.9123	101
16.9129	101
16.9135	101
16.914	101
16.9146	101
16.9151	101
16.9157	101
16.9163	101
16.9168	101
16.9174	101
16.918	101
16.9185	101
16.9191	101
16.9196	101
16.9202	101
16.9208	101
16.9213	101
16.9219	101
16.9224	101
16.923	101
16.9236	101
16.9241	101
16.9247	101
16.9253	101
16.9258	101
16.9264	101
16.9269	101
16.9275	101
16.9281	101
16.9286	101
16.9292	101
16.9298	101
16.9303	101
16.9309	101
16.9314	101
16.932	101
16.9326	101
16.9331	101
16.9337	101
16.9343	101
16.9348	101
16.9354	101
16.9359	101
16.9365	101
16.9371	101
16.9376	101
16.9382	101
16.9387	101
16.9393	101
16.9399	101
16.9404	101
16.941	101
16.9416	101
16.9421	101
16.9427	101
16.9432	101
16.9438	101
16.9444	101
16.9449	101
16.9455	101
16.9461	101
16.9466	101
16.9472	101
16.9477	101
16.9483	101
16.9489	101
16.9494	101
16.95	101
16.9506	101
16.9511	101
16.9517	101
16.9522	101
16.9528	101
16.9534	101
16.9539	101
16.9545	101
16.9551	101
16.9556	101
16.9562	101
16.9567	101
16.9573	101
16.9579	101
16.9584	101
16.959	101
16.9595	101
16.9601	101
16.9607	101
16.9612	101
16.9618	101
16.9624	101
16.9629	101
16.9635	101
16.964	101
16.9646	101
16.9652	101
16.9657	101
16.9663	101
16.9669	101
16.9674	101
16.968	101
16.9685	101
16.9691	101
16.9697	101
16.9702	101
16.9708	101
16.9714	101
16.9719	101
16.9725	101
16.973	101
16.9736	101
16.9742	101
16.9747	101
16.9753	101
16.9759	101
16.9764	101
16.977	101
16.9775	101
16.9781	101
16.9787	101
16.9792	101
16.9798	101
16.9803	101
16.9809	101
16.9815	101
16.982	101
16.9826	101
16.9832	101
16.9837	101
16.9843	101
16.9848	101
16.9854	101
16.986	101
16.9865	101
16.9871	101
16.9877	101
16.9882	101
16.9888	101
16.9893	101
16.9899	101
16.9905	101
16.991	101
16.9916	101
16.9922	101
16.9927	101
16.9933	101
16.9938	101
16.9944	101
16.995	101
16.9955	101
16.9961	101
16.9966	101
16.9972	101
16.9978	101
16.9983	101
16.9989	101
16.9995	101
17	101
17.0006	101
17.0011	101
17.0017	101
17.0023	101
17.0028	101
17.0034	101
17.004	101
17.0045	101
17.0051	101
17.0056	101
17.0062	101
17.0068	101
17.0073	101
17.0079	101
17.0085	101
17.009	101
17.0096	101
17.0101	101
17.0107	101
17.0113	101
17.0118	101
17.0124	101
17.013	101
17.0135	101
17.0141	101
17.0146	101
17.0152	101
17.0158	101
17.0163	101
17.0169	101
17.0174	101
17.018	101
17.0186	101
17.0191	101
17.0197	101
17.0203	101
17.0208	101
17.0214	101
17.0219	101
17.0225	101
17.0231	101
17.0236	101
17.0242	101
17.0248	101
17.0253	101
17.0259	101
17.0264	101
17.027	101
17.0276	101
17.0281	101
17.0287	101
17.0293	101
17.0298	101
17.0304	101
17.0309	101
17.0315	101
17.0321	101
17.0326	101
17.0332	101
17.0338	101
17.0343	101
17.0349	101
17.0354	101
17.036	101
17.0366	101
17.0371	101
17.0377	101
17.0382	101
17.0388	101
17.0394	101
17.0399	101
17.0405	101
17.0411	101
17.0416	101
17.0422	101
17.0427	101
17.0433	101
17.0439	101
17.0444	101
17.045	101
17.0456	101
17.0461	101
17.0467	101
17.0472	101
17.0478	101
17.0484	101
17.0489	101
17.0495	101
17.0501	101
17.0506	101
17.0512	101
17.0517	101
17.0523	101
17.0529	101
17.0534	101
17.054	101
17.0545	101
17.0551	101
17.0557	101
17.0562	101
17.0568	101
17.0574	101
17.0579	101
17.0585	101
17.059	101
17.0596	101
17.0602	101
17.0607	101
17.0613	101
17.0619	101
17.0624	101
17.063	101
17.0635	101
17.0641	101
17.0647	101
17.0652	101
17.0658	101
17.0664	101
17.0669	101
17.0675	101
17.068	101
17.0686	101
17.0692	101
17.0697	101
17.0703	101
17.0709	101
17.0714	101
17.072	101
17.0725	101
17.0731	101
17.0737	101
17.0742	101
17.0748	101
17.0753	101
17.0759	101
17.0765	101
17.077	101
17.0776	101
17.0782	101
17.0787	101
17.0793	101
17.0798	101
17.0804	101
17.081	101
17.0815	101
17.0821	101
17.0827	101
17.0832	101
17.0838	101
17.0843	101
17.0849	101
17.0855	101
17.086	101
17.0866	101
17.0872	101
17.0877	101
17.0883	101
17.0888	101
17.0894	101
17.09	101
17.0905	101
17.0911	101
17.0917	101
17.0922	101
17.0928	101
17.0933	101
17.0939	101
17.0945	101
17.095	101
17.0956	101
17.0961	101
17.0967	101
17.0973	101
17.0978	101
17.0984	101
17.099	101
17.0995	101
17.1001	101
17.1006	101
17.1012	101
17.1018	101
17.1023	101
17.1029	101
17.1035	101
17.104	101
17.1046	101
17.1051	101
17.1057	101
17.1063	101
17.1068	101
17.1074	101
17.108	101
17.1085	101
17.1091	101
17.1096	101
17.1102	101
17.1108	101
17.1113	101
17.1119	101
17.1124	101
17.113	101
17.1136	101
17.1141	101
17.1147	101
17.1153	101
17.1158	101
17.1164	101
17.1169	101
17.1175	101
17.1181	101
17.1186	101
17.1192	101
17.1198	101
17.1203	101
17.1209	101
17.1214	101
17.122	101
17.1226	101
17.1231	101
17.1237	101
17.1243	101
17.1248	101
17.1254	101
17.1259	101
17.1265	101
17.1271	101
17.1276	101
17.1282	101
17.1288	101
17.1293	101
17.1299	101
17.1304	101
17.131	101
17.1316	101
17.1321	101
17.1327	101
17.1332	101
17.1338	101
17.1344	101
17.1349	101
17.1355	101
17.1361	101
17.1366	101
17.1372	101
17.1377	101
17.1383	101
17.1389	101
17.1394	101
17.14	101
17.1406	101
17.1411	101
17.1417	101
17.1422	101
17.1428	101
17.1434	101
17.1439	101
17.1445	101
17.1451	101
17.1456	101
17.1462	101
17.1467	101
17.1473	101
17.1479	101
17.1484	101
17.149	101
17.1496	101
17.1501	101
17.1507	101
17.1512	101
17.1518	101
17.1524	101
17.1529	101
17.1535	101
17.154	101
17.1546	101
17.1552	101
17.1557	101
17.1563	101
17.1569	101
17.1574	101
17.158	101
17.1585	101
17.1591	101
17.1597	101
17.1602	101
17.1608	101
17.1614	101
17.1619	101
17.1625	101
17.163	101
17.1636	101
17.1642	101
17.1647	101
17.1653	101
17.1659	101
17.1664	101
17.167	101
17.1675	101
17.1681	101
17.1687	101
17.1692	101
17.1698	101
17.1703	101
17.1709	101
17.1715	101
17.172	101
17.1726	101
17.1732	101
17.1737	101
17.1743	101
17.1748	101
17.1754	101
17.176	101
17.1765	101
17.1771	101
17.1777	101
17.1782	101
17.1788	101
17.1793	101
17.1799	101
17.1805	101
17.181	101
17.1816	101
17.1822	101
17.1827	101
17.1833	101
17.1838	101
17.1844	101
17.185	101
17.1855	101
17.1861	101
17.1867	101
17.1872	101
17.1878	101
17.1883	101
17.1889	101
17.1895	101
17.19	101
17.1906	101
17.1911	101
17.1917	101
17.1923	101
17.1928	101
17.1934	101
17.194	101
17.1945	101
17.1951	101
17.1956	101
17.1962	101
17.1968	101
17.1973	101
17.1979	101
17.1985	101
17.199	101
17.1996	101
17.2001	101
17.2007	101
17.2013	101
17.2018	101
17.2024	101
17.203	101
17.2035	101
17.2041	101
17.2046	101
17.2052	101
17.2058	101
17.2063	101
17.2069	101
17.2074	101
17.208	101
17.2086	101
17.2091	101
17.2097	101
17.2103	101
17.2108	101
17.2114	101
17.2119	101
17.2125	101
17.2131	101
17.2136	101
17.2142	101
17.2148	101
17.2153	101
17.2159	101
17.2164	101
17.217	101
17.2176	101
17.2181	101
17.2187	101
17.2193	101
17.2198	101
17.2204	101
17.2209	101
17.2215	101
17.2221	101
17.2226	101
17.2232	101
17.2238	101
17.2243	101
17.2249	101
17.2254	101
17.226	101
17.2266	101
17.2271	101
17.2277	101
17.2282	101
17.2288	101
17.2294	101
17.2299	101
17.2305	101
17.2311	101
17.2316	101
17.2322	101
17.2327	101
17.2333	101
17.2339	101
17.2344	101
17.235	101
17.2356	101
17.2361	101
17.2367	101
17.2372	101
17.2378	101
17.2384	101
17.2389	101
17.2395	101
17.2401	101
17.2406	101
17.2412	101
17.2417	101
17.2423	101
17.2429	101
17.2434	101
17.244	101
17.2446	101
17.2451	101
17.2457	101
17.2462	101
17.2468	101
17.2474	101
17.2479	101
17.2485	101
17.249	101
17.2496	101
17.2502	101
17.2507	101
17.2513	101
17.2519	101
17.2524	101
17.253	101
17.2535	101
17.2541	101
17.2547	101
17.2552	101
17.2558	101
17.2564	101
17.2569	101
17.2575	101
17.258	101
17.2586	101
17.2592	101
17.2597	101
17.2603	101
17.2609	101
17.2614	101
17.262	101
17.2625	101
17.2631	101
17.2637	101
17.2642	101
17.2648	101
17.2653	101
17.2659	101
17.2665	101
17.267	101
17.2676	101
17.2682	101
17.2687	101
17.2693	101
17.2698	101
17.2704	101
17.271	101
17.2715	101
17.2721	101
17.2727	101
17.2732	101
17.2738	101
17.2743	101
17.2749	101
17.2755	101
17.276	101
17.2766	101
17.2772	101
17.2777	101
17.2783	101
17.2788	101
17.2794	101
17.28	101
17.2805	101
17.2811	101
17.2817	101
17.2822	101
17.2828	101
17.2833	101
17.2839	101
17.2845	101
17.285	101
17.2856	101
17.2861	101
17.2867	101
17.2873	101
17.2878	101
17.2884	101
17.289	101
17.2895	101
17.2901	101
17.2906	101
17.2912	101
17.2918	101
17.2923	101
17.2929	101
17.2935	101
17.294	101
17.2946	101
17.2951	101
17.2957	101
17.2963	101
17.2968	101
17.2974	101
17.298	101
17.2985	101
17.2991	101
17.2996	101
17.3002	101
17.3008	101
17.3013	101
17.3019	101
17.3025	101
17.303	101
17.3036	101
17.3041	101
17.3047	101
17.3053	101
17.3058	101
17.3064	101
17.3069	101
17.3075	101
17.3081	101
17.3086	101
17.3092	101
17.3098	101
17.3103	101
17.3109	101
17.3114	101
17.312	101
17.3126	101
17.3131	101
17.3137	101
17.3143	101
17.3148	101
17.3154	101
17.3159	101
17.3165	101
17.3171	101
17.3176	101
17.3182	101
17.3188	101
17.3193	101
17.3199	101
17.3204	101
17.321	101
17.3216	101
17.3221	101
17.3227	101
17.3232	101
17.3238	101
17.3244	101
17.3249	101
17.3255	101
17.3261	101
17.3266	101
17.3272	101
17.3277	101
17.3283	101
17.3289	101
17.3294	101
17.33	101
17.3306	101
17.3311	101
17.3317	101
17.3322	101
17.3328	101
17.3334	101
17.3339	101
17.3345	101
17.3351	101
17.3356	101
17.3362	101
17.3367	101
17.3373	101
17.3379	101
17.3384	101
17.339	101
17.3396	101
17.3401	101
17.3407	101
17.3412	101
17.3418	101
17.3424	101
17.3429	101
17.3435	101
17.344	101
17.3446	101
17.3452	101
17.3457	101
17.3463	101
17.3469	101
17.3474	101
17.348	101
17.3485	101
17.3491	101
17.3497	101
17.3502	101
17.3508	101
17.3514	101
17.3519	101
17.3525	101
17.353	101
17.3536	101
17.3542	101
17.3547	101
17.3553	101
17.3559	101
17.3564	101
17.357	101
17.3575	101
17.3581	101
17.3587	101
17.3592	101
17.3598	101
17.3604	101
17.3609	101
17.3615	101
17.362	101
17.3626	101
17.3632	101
17.3637	101
17.3643	101
17.3648	101
17.3654	101
17.366	101
17.3665	101
17.3671	101
17.3677	101
17.3682	101
17.3688	101
17.3693	101
17.3699	101
17.3705	101
17.371	101
17.3716	101
17.3722	101
17.3727	101
17.3733	101
17.3738	101
17.3744	101
17.375	101
17.3755	101
17.3761	101
17.3767	101
17.3772	101
17.3778	101
17.3783	101
17.3789	101
17.3795	101
17.38	101
17.3806	101
17.3811	101
17.3817	101
17.3823	101
17.3828	101
17.3834	101
17.384	101
17.3845	101
17.3851	101
17.3856	101
17.3862	101
17.3868	101
17.3873	101
17.3879	101
17.3885	101
17.389	101
17.3896	101
17.3901	101
17.3907	101
17.3913	101
17.3918	101
17.3924	101
17.393	101
17.3935	101
17.3941	101
17.3946	101
17.3952	101
17.3958	101
17.3963	101
17.3969	101
17.3975	101
17.398	101
17.3986	101
17.3991	101
17.3997	101
17.4003	101
17.4008	101
17.4014	101
17.4019	101
17.4025	101
17.4031	101
17.4036	101
17.4042	101
17.4048	101
17.4053	101
17.4059	101
17.4064	101
17.407	101
17.4076	101
17.4081	101
17.4087	101
17.4093	101
17.4098	101
17.4104	101
17.4109	101
17.4115	101
17.4121	101
17.4126	101
17.4132	101
17.4138	101
17.4143	101
17.4149	101
17.4154	101
17.416	101
17.4166	101
17.4171	101
17.4177	101
17.4183	101
17.4188	101
17.4194	101
17.4199	101
17.4205	101
17.4211	101
17.4216	101
17.4222	101
17.4227	101
17.4233	101
17.4239	101
17.4244	101
17.425	101
17.4256	101
17.4261	101
17.4267	101
17.4272	101
17.4278	101
17.4284	101
17.4289	101
17.4295	101
17.4301	101
17.4306	101
17.4312	101
17.4317	101
17.4323	101
17.4329	101
17.4334	101
17.434	101
17.4346	101
17.4351	101
17.4357	101
17.4362	101
17.4368	101
17.4374	101
17.4379	101
17.4385	101
17.439	101
17.4396	101
17.4402	101
17.4407	101
17.4413	101
17.4419	101
17.4424	101
17.443	101
17.4435	101
17.4441	101
17.4447	101
17.4452	101
17.4458	101
17.4464	101
17.4469	101
17.4475	101
17.448	101
17.4486	101
17.4492	101
17.4497	101
17.4503	101
17.4509	101
17.4514	101
17.452	101
17.4525	101
17.4531	101
17.4537	101
17.4542	101
17.4548	101
17.4554	101
17.4559	101
17.4565	101
17.457	101
17.4576	101
17.4582	101
17.4587	101
17.4593	101
17.4598	101
17.4604	101
17.461	101
17.4615	101
17.4621	101
17.4627	101
17.4632	101
17.4638	101
17.4643	101
17.4649	101
17.4655	101
17.466	101
17.4666	101
17.4672	101
17.4677	101
17.4683	101
17.4688	101
17.4694	101
17.47	101
17.4705	101
17.4711	101
17.4717	101
17.4722	101
17.4728	101
17.4733	101
17.4739	101
17.4745	101
17.475	101
17.4756	101
17.4761	101
17.4767	101
17.4773	101
17.4778	101
17.4784	101
17.479	101
17.4795	101
17.4801	101
17.4806	101
17.4812	101
17.4818	101
17.4823	101
17.4829	101
17.4835	101
17.484	101
17.4846	101
17.4851	101
17.4857	101
17.4863	101
17.4868	101
17.4874	101
17.488	101
17.4885	101
17.4891	101
17.4896	101
17.4902	101
17.4908	101
17.4913	101
17.4919	101
17.4925	101
17.493	101
17.4936	101
17.4941	101
17.4947	101
17.4953	101
17.4958	101
17.4964	101
17.4969	101
17.4975	101
17.4981	101
17.4986	101
17.4992	101
17.4998	101
17.5003	101
17.5009	101
17.5014	101
17.502	101
17.5026	101
17.5031	101
17.5037	101
17.5043	101
17.5048	101
17.5054	101
17.5059	101
17.5065	101
17.5071	101
17.5076	101
17.5082	101
17.5088	101
17.5093	101
17.5099	101
17.5104	101
17.511	101
17.5116	101
17.5121	101
17.5127	101
17.5133	101
17.5138	101
17.5144	101
17.5149	101
17.5155	101
17.5161	101
17.5166	101
17.5172	101
17.5177	101
17.5183	101
17.5189	101
17.5194	101
17.52	101
17.5206	101
17.5211	101
17.5217	101
17.5222	101
17.5228	101
17.5234	101
17.5239	101
17.5245	101
17.5251	101
17.5256	101
17.5262	101
17.5267	101
17.5273	101
17.5279	101
17.5284	101
17.529	101
17.5296	101
17.5301	101
17.5307	101
17.5312	101
17.5318	101
17.5324	101
17.5329	101
17.5335	101
17.534	101
17.5346	101
17.5352	101
17.5357	101
17.5363	101
17.5369	101
17.5374	101
17.538	101
17.5385	101
17.5391	101
17.5397	101
17.5402	101
17.5408	101
17.5414	101
17.5419	101
17.5425	101
17.543	101
17.5436	101
17.5442	101
17.5447	101
17.5453	101
17.5459	101
17.5464	101
17.547	101
17.5475	101
17.5481	101
17.5487	101
17.5492	101
17.5498	101
17.5504	101
17.5509	101
17.5515	101
17.552	101
17.5526	101
17.5532	101
17.5537	101
17.5543	101
17.5548	101
17.5554	101
17.556	101
17.5565	101
17.5571	101
17.5577	101
17.5582	101
17.5588	101
17.5593	101
17.5599	101
17.5605	101
17.561	101
17.5616	101
17.5622	101
17.5627	101
17.5633	101
17.5638	101
17.5644	101
17.565	101
17.5655	101
17.5661	101
17.5667	101
17.5672	101
17.5678	101
17.5683	101
17.5689	101
17.5695	101
17.57	101
17.5706	101
17.5712	101
17.5717	101
17.5723	101
17.5728	101
17.5734	101
17.574	101
17.5745	101
17.5751	101
17.5756	101
17.5762	101
17.5768	101
17.5773	101
17.5779	101
17.5785	101
17.579	101
17.5796	101
17.5801	101
17.5807	101
17.5813	101
17.5818	101
17.5824	101
17.583	101
17.5835	101
17.5841	101
17.5846	101
17.5852	101
17.5858	101
17.5863	101
17.5869	101
17.5875	101
17.588	101
17.5886	101
17.5891	101
17.5897	101
17.5903	101
17.5908	101
17.5914	101
17.5919	101
17.5925	101
17.5931	101
17.5936	101
17.5942	101
17.5948	101
17.5953	101
17.5959	101
17.5964	101
17.597	101
17.5976	101
17.5981	101
17.5987	101
17.5993	101
17.5998	101
17.6004	101
17.6009	101
17.6015	101
17.6021	101
17.6026	101
17.6032	101
17.6038	101
17.6043	101
17.6049	101
17.6054	101
17.606	101
17.6066	101
17.6071	101
17.6077	101
17.6083	101
17.6088	101
17.6094	101
17.6099	101
17.6105	101
17.6111	101
17.6116	101
17.6122	101
17.6127	101
17.6133	101
17.6139	101
17.6144	101
17.615	101
17.6156	101
17.6161	101
17.6167	101
17.6172	101
17.6178	101
17.6184	101
17.6189	101
17.6195	101
17.6201	101
17.6206	101
17.6212	101
17.6217	101
17.6223	101
17.6229	101
17.6234	101
17.624	101
17.6246	101
17.6251	101
17.6257	101
17.6262	101
17.6268	101
17.6274	101
17.6279	101
17.6285	101
17.6291	101
17.6296	101
17.6302	101
17.6307	101
17.6313	101
17.6319	101
17.6324	101
17.633	101
17.6335	101
17.6341	101
17.6347	101
17.6352	101
17.6358	101
17.6364	101
17.6369	101
17.6375	101
17.638	101
17.6386	101
17.6392	101
17.6397	101
17.6403	101
17.6409	101
17.6414	101
17.642	101
17.6425	101
17.6431	101
17.6437	101
17.6442	101
17.6448	101
17.6454	101
17.6459	101
17.6465	101
17.647	101
17.6476	101
17.6482	101
17.6487	101
17.6493	101
17.6498	101
17.6504	101
17.651	101
17.6515	101
17.6521	101
17.6527	101
17.6532	101
17.6538	101
17.6543	101
17.6549	101
17.6555	101
17.656	101
17.6566	101
17.6572	101
17.6577	101
17.6583	101
17.6588	101
17.6594	101
17.66	101
17.6605	101
17.6611	101
17.6617	101
17.6622	101
17.6628	101
17.6633	101
17.6639	101
17.6645	101
17.665	101
17.6656	101
17.6662	101
17.6667	101
17.6673	101
17.6678	101
17.6684	101
17.669	101
17.6695	101
17.6701	101
17.6706	101
17.6712	101
17.6718	101
17.6723	101
17.6729	101
17.6735	101
17.674	101
17.6746	101
17.6751	101
17.6757	101
17.6763	101
17.6768	101
17.6774	101
17.678	101
17.6785	101
17.6791	101
17.6796	101
17.6802	101
17.6808	101
17.6813	101
17.6819	101
17.6825	101
17.683	101
17.6836	101
17.6841	101
17.6847	101
17.6853	101
17.6858	101
17.6864	101
17.687	101
17.6875	101
17.6881	101
17.6886	101
17.6892	101
17.6898	101
17.6903	101
17.6909	101
17.6914	101
17.692	101
17.6926	101
17.6931	101
17.6937	101
17.6943	101
17.6948	101
17.6954	101
17.6959	101
17.6965	101
17.6971	101
17.6976	101
17.6982	101
17.6988	101
17.6993	101
17.6999	101
17.7004	101
17.701	101
17.7016	101
17.7021	101
17.7027	101
17.7033	101
17.7038	101
17.7044	101
17.7049	101
17.7055	101
17.7061	101
17.7066	101
17.7072	101
17.7077	101
17.7083	101
17.7089	101
17.7094	101
17.71	101
17.7106	101
17.7111	101
17.7117	101
17.7122	101
17.7128	101
17.7134	101
17.7139	101
17.7145	101
17.7151	101
17.7156	101
17.7162	101
17.7167	101
17.7173	101
17.7179	101
17.7184	101
17.719	101
17.7196	101
17.7201	101
17.7207	101
17.7212	101
17.7218	101
17.7224	101
17.7229	101
17.7235	101
17.7241	101
17.7246	101
17.7252	101
17.7257	101
17.7263	101
17.7269	101
17.7274	101
17.728	101
17.7285	101
17.7291	101
17.7297	101
17.7302	101
17.7308	101
17.7314	101
17.7319	101
17.7325	101
17.733	101
17.7336	101
17.7342	101
17.7347	101
17.7353	101
17.7359	101
17.7364	101
17.737	101
17.7375	101
17.7381	101
17.7387	101
17.7392	101
17.7398	101
17.7404	101
17.7409	101
17.7415	101
17.742	101
17.7426	101
17.7432	101
17.7437	101
17.7443	101
17.7448	101
17.7454	101
17.746	101
17.7465	101
17.7471	101
17.7477	101
17.7482	101
17.7488	101
17.7493	101
17.7499	101
17.7505	101
17.751	101
17.7516	101
17.7522	101
17.7527	101
17.7533	101
17.7538	101
17.7544	101
17.755	101
17.7555	101
17.7561	101
17.7567	101
17.7572	101
17.7578	101
17.7583	101
17.7589	101
17.7595	101
17.76	101
17.7606	101
17.7612	101
17.7617	101
17.7623	101
17.7628	101
17.7634	101
17.764	101
17.7645	101
17.7651	101
17.7656	101
17.7662	101
17.7668	101
17.7673	101
17.7679	101
17.7685	101
17.769	101
17.7696	101
17.7701	101
17.7707	101
17.7713	101
17.7718	101
17.7724	101
17.773	101
17.7735	101
17.7741	101
17.7746	101
17.7752	101
17.7758	101
17.7763	101
17.7769	101
17.7775	101
17.778	101
17.7786	101
17.7791	101
17.7797	101
17.7803	101
17.7808	101
17.7814	101
17.782	101
17.7825	101
17.7831	101
17.7836	101
17.7842	101
17.7848	101
17.7853	101
17.7859	101
17.7864	101
17.787	101
17.7876	101
17.7881	101
17.7887	101
17.7893	101
17.7898	101
17.7904	101
17.7909	101
17.7915	101
17.7921	101
17.7926	101
17.7932	101
17.7938	101
17.7943	101
17.7949	101
17.7954	101
17.796	101
17.7966	101
17.7971	101
17.7977	101
17.7983	101
17.7988	101
17.7994	101
17.7999	101
17.8005	101
17.8011	101
17.8016	101
17.8022	101
17.8027	101
17.8033	101
17.8039	101
17.8044	101
17.805	101
17.8056	101
17.8061	101
17.8067	101
17.8072	101
17.8078	101
17.8084	101
17.8089	101
17.8095	101
17.8101	101
17.8106	101
17.8112	101
17.8117	101
17.8123	101
17.8129	101
17.8134	101
17.814	101
17.8146	101
17.8151	101
17.8157	101
17.8162	101
17.8168	101
17.8174	101
17.8179	101
17.8185	101
17.8191	101
17.8196	101
17.8202	101
17.8207	101
17.8213	101
17.8219	101
17.8224	101
17.823	101
17.8235	101
17.8241	101
17.8247	101
17.8252	101
17.8258	101
17.8264	101
17.8269	101
17.8275	101
17.828	101
17.8286	101
17.8292	101
17.8297	101
17.8303	101
17.8309	101
17.8314	101
17.832	101
17.8325	101
17.8331	101
17.8337	101
17.8342	101
17.8348	101
17.8354	101
17.8359	101
17.8365	101
17.837	101
17.8376	101
17.8382	101
17.8387	101
17.8393	101
17.8399	101
17.8404	101
17.841	101
17.8415	101
17.8421	101
17.8427	101
17.8432	101
17.8438	101
17.8443	101
17.8449	101
17.8455	101
17.846	101
17.8466	101
17.8472	101
17.8477	101
17.8483	101
17.8488	101
17.8494	101
17.85	101
17.8505	101
17.8511	101
17.8517	101
17.8522	101
17.8528	101
17.8533	101
17.8539	101
17.8545	101
17.855	101
17.8556	101
17.8562	101
17.8567	101
17.8573	101
17.8578	101
17.8584	101
17.859	101
17.8595	101
17.8601	101
17.8606	101
17.8612	101
17.8618	101
17.8623	101
17.8629	101
17.8635	101
17.864	101
17.8646	101
17.8651	101
17.8657	101
17.8663	101
17.8668	101
17.8674	101
17.868	101
17.8685	101
17.8691	101
17.8696	101
17.8702	101
17.8708	101
17.8713	101
17.8719	101
17.8725	101
17.873	101
17.8736	101
17.8741	101
17.8747	101
17.8753	101
17.8758	101
17.8764	101
17.877	101
17.8775	101
17.8781	101
17.8786	101
17.8792	101
17.8798	101
17.8803	101
17.8809	101
17.8814	101
17.882	101
17.8826	101
17.8831	101
17.8837	101
17.8843	101
17.8848	101
17.8854	101
17.8859	101
17.8865	101
17.8871	101
17.8876	101
17.8882	101
17.8888	101
17.8893	101
17.8899	101
17.8904	101
17.891	101
17.8916	101
17.8921	101
17.8927	101
17.8933	101
17.8938	101
17.8944	101
17.8949	101
17.8955	101
17.8961	101
17.8966	101
17.8972	101
17.8978	101
17.8983	101
17.8989	101
17.8994	101
17.9	101
17.9006	101
17.9011	101
17.9017	101
17.9022	101
17.9028	101
17.9034	101
17.9039	101
17.9045	101
17.9051	101
17.9056	101
17.9062	101
17.9067	101
17.9073	101
17.9079	101
17.9084	101
17.909	101
17.9096	101
17.9101	101
17.9107	101
17.9112	101
17.9118	101
17.9124	101
17.9129	101
17.9135	101
17.9141	101
17.9146	101
17.9152	101
17.9157	101
17.9163	101
17.9169	101
17.9174	101
17.918	101
17.9185	101
17.9191	101
17.9197	101
17.9202	101
17.9208	101
17.9214	101
17.9219	101
17.9225	101
17.923	101
17.9236	101
17.9242	101
17.9247	101
17.9253	101
17.9259	101
17.9264	101
17.927	101
17.9275	101
17.9281	101
17.9287	101
17.9292	101
17.9298	101
17.9304	101
17.9309	101
17.9315	101
17.932	101
17.9326	101
17.9332	101
17.9337	101
17.9343	101
17.9349	101
17.9354	101
17.936	101
17.9365	101
17.9371	101
17.9377	101
17.9382	101
17.9388	101
17.9393	101
17.9399	101
17.9405	101
17.941	101
17.9416	101
17.9422	101
17.9427	101
17.9433	101
17.9438	101
17.9444	101
17.945	101
17.9455	101
17.9461	101
17.9467	101
17.9472	101
17.9478	101
17.9483	101
17.9489	101
17.9495	101
17.95	101
17.9506	101
17.9512	101
17.9517	101
17.9523	101
17.9528	101
17.9534	101
17.954	101
17.9545	101
17.9551	101
17.9557	101
17.9562	101
17.9568	101
17.9573	101
17.9579	101
17.9585	101
17.959	101
17.9596	101
17.9601	101
17.9607	101
17.9613	101
17.9618	101
17.9624	101
17.963	101
17.9635	101
17.9641	101
17.9646	101
17.9652	101
17.9658	101
17.9663	101
17.9669	101
17.9675	101
17.968	101
17.9686	101
17.9691	101
17.9697	101
17.9703	101
17.9708	101
17.9714	101
17.972	101
17.9725	101
17.9731	101
17.9736	101
17.9742	101
17.9748	101
17.9753	101
17.9759	101
17.9764	101
17.977	101
17.9776	101
17.9781	101
17.9787	101
17.9793	101
17.9798	101
17.9804	101
17.9809	101
17.9815	101
17.9821	101
17.9826	101
17.9832	101
17.9838	101
17.9843	101
17.9849	101
17.9854	101
17.986	101
17.9866	101
17.9871	101
17.9877	101
17.9883	101
17.9888	101
17.9894	101
17.9899	101
17.9905	101
17.9911	101
17.9916	101
17.9922	101
17.9928	101
17.9933	101
17.9939	101
17.9944	101
17.995	101
17.9956	101
17.9961	101
17.9967	101
17.9972	101
17.9978	101
17.9984	101
17.9989	101
17.9995	101
18.0001	101
18.0006	101
18.0012	101
18.0017	101
18.0023	101
18.0029	101
18.0034	101
18.004	101
18.0046	101
18.0051	101
18.0057	101
18.0062	101
18.0068	101
18.0074	101
18.0079	101
18.0085	101
18.0091	101
18.0096	101
18.0102	101
18.0107	101
18.0113	101
18.0119	101
18.0124	101
18.013	101
18.0136	101
18.0141	101
18.0147	101
18.0152	101
18.0158	101
18.0164	101
18.0169	101
18.0175	101
18.018	101
18.0186	101
18.0192	101
18.0197	101
18.0203	101
18.0209	101
18.0214	101
18.022	101
18.0225	101
18.0231	101
18.0237	101
18.0242	101
18.0248	101
18.0254	101
18.0259	101
18.0265	101
18.027	101
18.0276	101
18.0282	101
18.0287	101
18.0293	101
18.0299	101
18.0304	101
18.031	101
18.0315	101
18.0321	101
18.0327	101
18.0332	101
18.0338	101
18.0343	101
18.0349	101
18.0355	101
18.036	101
18.0366	101
18.0372	101
18.0377	101
18.0383	101
18.0388	101
18.0394	101
18.04	101
18.0405	101
18.0411	101
18.0417	101
18.0422	101
18.0428	101
18.0433	101
18.0439	101
18.0445	101
18.045	101
18.0456	101
18.0462	101
18.0467	101
18.0473	101
18.0478	101
18.0484	101
18.049	101
18.0495	101
18.0501	101
18.0507	101
18.0512	101
18.0518	101
18.0523	101
18.0529	101
18.0535	101
18.054	101
18.0546	101
18.0551	101
18.0557	101
18.0563	101
18.0568	101
18.0574	101
18.058	101
18.0585	101
18.0591	101
18.0596	101
18.0602	101
18.0608	101
18.0613	101
18.0619	101
18.0625	101
18.063	101
18.0636	101
18.0641	101
18.0647	101
18.0653	101
18.0658	101
18.0664	101
18.067	101
18.0675	101
18.0681	101
18.0686	101
18.0692	101
18.0698	101
18.0703	101
18.0709	101
18.0714	101
18.072	101
18.0726	101
18.0731	101
18.0737	101
18.0743	101
18.0748	101
18.0754	101
18.0759	101
18.0765	101
18.0771	101
18.0776	101
18.0782	101
18.0788	101
18.0793	101
18.0799	101
18.0804	101
18.081	101
18.0816	101
18.0821	101
18.0827	101
18.0833	101
18.0838	101
18.0844	101
18.0849	101
18.0855	101
18.0861	101
18.0866	101
18.0872	101
18.0878	101
18.0883	101
18.0889	101
18.0894	101
18.09	101
18.0906	101
18.0911	101
18.0917	101
18.0922	101
18.0928	101
18.0934	101
18.0939	101
18.0945	101
18.0951	101
18.0956	101
18.0962	101
18.0967	101
18.0973	101
18.0979	101
18.0984	101
18.099	101
18.0996	101
18.1001	101
18.1007	101
18.1012	101
18.1018	101
18.1024	101
18.1029	101
18.1035	101
18.1041	101
18.1046	101
18.1052	101
18.1057	101
18.1063	101
18.1069	101
18.1074	101
18.108	101
18.1086	101
18.1091	101
18.1097	101
18.1102	101
18.1108	101
18.1114	101
18.1119	101
18.1125	101
18.113	101
18.1136	101
18.1142	101
18.1147	101
18.1153	101
18.1159	101
18.1164	101
18.117	101
18.1175	101
18.1181	101
18.1187	101
18.1192	101
18.1198	101
18.1204	101
18.1209	101
18.1215	101
18.122	101
18.1226	101
18.1232	101
18.1237	101
18.1243	101
18.1249	101
18.1254	101
18.126	101
18.1265	101
18.1271	101
18.1277	101
18.1282	101
18.1288	101
18.1293	101
18.1299	101
18.1305	101
18.131	101
18.1316	101
18.1322	101
18.1327	101
18.1333	101
18.1338	101
18.1344	101
18.135	101
18.1355	101
18.1361	101
18.1367	101
18.1372	101
18.1378	101
18.1383	101
18.1389	101
18.1395	101
18.14	101
18.1406	101
18.1412	101
18.1417	101
18.1423	101
18.1428	101
18.1434	101
18.144	101
18.1445	101
18.1451	101
18.1457	101
18.1462	101
18.1468	101
18.1473	101
18.1479	101
18.1485	101
18.149	101
18.1496	101
18.1501	101
18.1507	101
18.1513	101
18.1518	101
18.1524	101
18.153	101
18.1535	101
18.1541	101
18.1546	101
18.1552	101
18.1558	101
18.1563	101
18.1569	101
18.1575	101
18.158	101
18.1586	101
18.1591	101
18.1597	101
18.1603	101
18.1608	101
18.1614	101
18.162	101
18.1625	101
18.1631	101
18.1636	101
18.1642	101
18.1648	101
18.1653	101
18.1659	101
18.1665	101
18.167	101
18.1676	101
18.1681	101
18.1687	101
18.1693	101
18.1698	101
18.1704	101
18.1709	101
18.1715	101
18.1721	101
18.1726	101
18.1732	101
18.1738	101
18.1743	101
18.1749	101
18.1754	101
18.176	101
18.1766	101
18.1771	101
18.1777	101
18.1783	101
18.1788	101
18.1794	101
18.1799	101
18.1805	101
18.1811	101
18.1816	101
18.1822	101
18.1828	101
18.1833	101
18.1839	101
18.1844	101
18.185	101
18.1856	101
18.1861	101
18.1867	101
18.1872	101
18.1878	101
18.1884	101
18.1889	101
18.1895	101
18.1901	101
18.1906	101
18.1912	101
18.1917	101
18.1923	101
18.1929	101
18.1934	101
18.194	101
18.1946	101
18.1951	101
18.1957	101
18.1962	101
18.1968	101
18.1974	101
18.1979	101
18.1985	101
18.1991	101
18.1996	101
18.2002	101
18.2007	101
18.2013	101
18.2019	101
18.2024	101
18.203	101
18.2036	101
18.2041	101
18.2047	101
18.2052	101
18.2058	101
18.2064	101
18.2069	101
18.2075	101
18.208	101
18.2086	101
18.2092	101
18.2097	101
18.2103	101
18.2109	101
18.2114	101
18.212	101
18.2125	101
18.2131	101
18.2137	101
18.2142	101
18.2148	101
18.2154	101
18.2159	101
18.2165	101
18.217	101
18.2176	101
18.2182	101
18.2187	101
18.2193	101
18.2199	101
18.2204	101
18.221	101
18.2215	101
18.2221	101
18.2227	101
18.2232	101
18.2238	101
18.2244	101
18.2249	101
18.2255	101
18.226	101
18.2266	101
18.2272	101
18.2277	101
18.2283	101
18.2288	101
18.2294	101
18.23	101
18.2305	101
18.2311	101
18.2317	101
18.2322	101
18.2328	101
18.2333	101
18.2339	101
18.2345	101
18.235	101
18.2356	101
18.2362	101
18.2367	101
18.2373	101
18.2378	101
18.2384	101
18.239	101
18.2395	101
18.2401	101
18.2407	101
18.2412	101
18.2418	101
18.2423	101
18.2429	101
18.2435	101
18.244	101
18.2446	101
18.2451	101
18.2457	101
18.2463	101
18.2468	101
18.2474	101
18.248	101
18.2485	101
18.2491	101
18.2496	101
18.2502	101
18.2508	101
18.2513	101
18.2519	101
18.2525	101
18.253	101
18.2536	101
18.2541	101
18.2547	101
18.2553	101
18.2558	101
18.2564	101
18.257	101
18.2575	101
18.2581	101
18.2586	101
18.2592	101
18.2598	101
18.2603	101
18.2609	101
18.2615	101
18.262	101
18.2626	101
18.2631	101
18.2637	101
18.2643	101
18.2648	101
18.2654	101
18.2659	101
18.2665	101
18.2671	101
18.2676	101
18.2682	101
18.2688	101
18.2693	101
18.2699	101
18.2704	101
18.271	101
18.2716	101
18.2721	101
18.2727	101
18.2733	101
18.2738	101
18.2744	101
18.2749	101
18.2755	101
18.2761	101
18.2766	101
18.2772	101
18.2778	101
18.2783	101
18.2789	101
18.2794	101
18.28	101
18.2806	101
18.2811	101
18.2817	101
18.2823	101
18.2828	101
18.2834	101
18.2839	101
18.2845	101
18.2851	101
18.2856	101
18.2862	101
18.2867	101
18.2873	101
18.2879	101
18.2884	101
18.289	101
18.2896	101
18.2901	101
18.2907	101
18.2912	101
18.2918	101
18.2924	101
18.2929	101
18.2935	101
18.2941	101
18.2946	101
18.2952	101
18.2957	101
18.2963	101
18.2969	101
18.2974	101
18.298	101
18.2986	101
18.2991	101
18.2997	101
18.3002	101
18.3008	101
18.3014	101
18.3019	101
18.3025	101
18.303	101
18.3036	101
18.3042	101
18.3047	101
18.3053	101
18.3059	101
18.3064	101
18.307	101
18.3075	101
18.3081	101
18.3087	101
18.3092	101
18.3098	101
18.3104	101
18.3109	101
18.3115	101
18.312	101
18.3126	101
18.3132	101
18.3137	101
18.3143	101
18.3149	101
18.3154	101
18.316	101
18.3165	101
18.3171	101
18.3177	101
18.3182	101
18.3188	101
18.3194	101
18.3199	101
18.3205	101
18.321	101
18.3216	101
18.3222	101
18.3227	101
18.3233	101
18.3238	101
18.3244	101
18.325	101
18.3255	101
18.3261	101
18.3267	101
18.3272	101
18.3278	101
18.3283	101
18.3289	101
18.3295	101
18.33	101
18.3306	101
18.3312	101
18.3317	101
18.3323	101
18.3328	101
18.3334	101
18.334	101
18.3345	101
18.3351	101
18.3357	101
18.3362	101
18.3368	101
18.3373	101
18.3379	101
18.3385	101
18.339	101
18.3396	101
18.3401	101
18.3407	101
18.3413	101
18.3418	101
18.3424	101
18.343	101
18.3435	101
18.3441	101
18.3446	101
18.3452	101
18.3458	101
18.3463	101
18.3469	101
18.3475	101
18.348	101
18.3486	101
18.3491	101
18.3497	101
18.3503	101
18.3508	101
18.3514	101
18.352	101
18.3525	101
18.3531	101
18.3536	101
18.3542	101
18.3548	101
18.3553	101
18.3559	101
18.3565	101
18.357	101
18.3576	101
18.3581	101
18.3587	101
18.3593	101
18.3598	101
18.3604	101
18.3609	101
18.3615	101
18.3621	101
18.3626	101
18.3632	101
18.3638	101
18.3643	101
18.3649	101
18.3654	101
18.366	101
18.3666	101
18.3671	101
18.3677	101
18.3683	101
18.3688	101
18.3694	101
18.3699	101
18.3705	101
18.3711	101
18.3716	101
18.3722	101
18.3728	101
18.3733	101
18.3739	101
18.3744	101
18.375	101
18.3756	101
18.3761	101
18.3767	101
18.3773	101
18.3778	101
18.3784	101
18.3789	101
18.3795	101
18.3801	101
18.3806	101
18.3812	101
18.3817	101
18.3823	101
18.3829	101
18.3834	101
18.384	101
18.3846	101
18.3851	101
18.3857	101
18.3862	101
18.3868	101
18.3874	101
18.3879	101
18.3885	101
18.3891	101
18.3896	101
18.3902	101
18.3907	101
18.3913	101
18.3919	101
18.3924	101
18.393	101
18.3936	101
18.3941	101
18.3947	101
18.3952	101
18.3958	101
18.3964	101
18.3969	101
18.3975	101
18.398	101
18.3986	101
18.3992	101
18.3997	101
18.4003	101
18.4009	101
18.4014	101
18.402	101
18.4025	101
18.4031	101
18.4037	101
18.4042	101
18.4048	101
18.4054	101
18.4059	101
18.4065	101
18.407	101
18.4076	101
18.4082	101
18.4087	101
18.4093	101
18.4099	101
18.4104	101
18.411	101
18.4115	101
18.4121	101
18.4127	101
18.4132	101
18.4138	101
18.4144	101
18.4149	101
18.4155	101
18.416	101
18.4166	101
18.4172	101
18.4177	101
18.4183	101
18.4188	101
18.4194	101
18.42	101
18.4205	101
18.4211	101
18.4217	101
18.4222	101
18.4228	101
18.4233	101
18.4239	101
18.4245	101
18.425	101
18.4256	101
18.4262	101
18.4267	101
18.4273	101
18.4278	101
18.4284	101
18.429	101
18.4295	101
18.4301	101
18.4307	101
18.4312	101
18.4318	101
18.4323	101
18.4329	101
18.4335	101
18.434	101
18.4346	101
18.4352	101
18.4357	101
18.4363	101
18.4368	101
18.4374	101
18.438	101
18.4385	101
18.4391	101
18.4396	101
18.4402	101
18.4408	101
18.4413	101
18.4419	101
18.4425	101
18.443	101
18.4436	101
18.4441	101
18.4447	101
18.4453	101
18.4458	101
18.4464	101
18.447	101
18.4475	101
18.4481	101
18.4486	101
18.4492	101
18.4498	101
18.4503	101
18.4509	101
18.4515	101
18.452	101
18.4526	101
18.4531	101
18.4537	101
18.4543	101
18.4548	101
18.4554	101
18.4559	101
18.4565	101
18.4571	101
18.4576	101
18.4582	101
18.4588	101
18.4593	101
18.4599	101
18.4604	101
18.461	101
18.4616	101
18.4621	101
18.4627	101
18.4633	101
18.4638	101
18.4644	101
18.4649	101
18.4655	101
18.4661	101
18.4666	101
18.4672	101
18.4678	101
18.4683	101
18.4689	101
18.4694	101
18.47	101
18.4706	101
18.4711	101
18.4717	101
18.4723	101
18.4728	101
18.4734	101
18.4739	101
18.4745	101
18.4751	101
18.4756	101
18.4762	101
18.4767	101
18.4773	101
18.4779	101
18.4784	101
18.479	101
18.4796	101
18.4801	101
18.4807	101
18.4812	101
18.4818	101
18.4824	101
18.4829	101
18.4835	101
18.4841	101
18.4846	101
18.4852	101
18.4857	101
18.4863	101
18.4869	101
18.4874	101
18.488	101
18.4886	101
18.4891	101
18.4897	101
18.4902	101
18.4908	101
18.4914	101
18.4919	101
18.4925	101
18.4931	101
18.4936	101
18.4942	101
18.4947	101
18.4953	101
18.4959	101
18.4964	101
18.497	101
18.4975	101
18.4981	101
18.4987	101
18.4992	101
18.4998	101
18.5004	101
18.5009	101
18.5015	101
18.502	101
18.5026	101
18.5032	101
18.5037	101
18.5043	101
18.5049	101
18.5054	101
18.506	101
18.5065	101
18.5071	101
18.5077	101
18.5082	101
18.5088	101
18.5094	101
18.5099	101
18.5105	101
18.511	101
18.5116	101
18.5122	101
18.5127	101
18.5133	101
18.5138	101
18.5144	101
18.515	101
18.5155	101
18.5161	101
18.5167	101
18.5172	101
18.5178	101
18.5183	101
18.5189	101
18.5195	101
18.52	101
18.5206	101
18.5212	101
18.5217	101
18.5223	101
18.5228	101
18.5234	101
18.524	101
18.5245	101
18.5251	101
18.5257	101
18.5262	101
18.5268	101
18.5273	101
18.5279	101
18.5285	101
18.529	101
18.5296	101
18.5302	101
18.5307	101
18.5313	101
18.5318	101
18.5324	101
18.533	101
18.5335	101
18.5341	101
18.5346	101
18.5352	101
18.5358	101
18.5363	101
18.5369	101
18.5375	101
18.538	101
18.5386	101
18.5391	101
18.5397	101
18.5403	101
18.5408	101
18.5414	101
18.542	101
18.5425	101
18.5431	101
18.5436	101
18.5442	101
18.5448	101
18.5453	101
18.5459	101
18.5465	101
18.547	101
18.5476	101
18.5481	101
18.5487	101
18.5493	101
18.5498	101
18.5504	101
18.551	101
18.5515	101
18.5521	101
18.5526	101
18.5532	101
18.5538	101
18.5543	101
18.5549	101
18.5554	101
18.556	101
18.5566	101
18.5571	101
18.5577	101
18.5583	101
18.5588	101
18.5594	101
18.5599	101
18.5605	101
18.5611	101
18.5616	101
18.5622	101
18.5628	101
18.5633	101
18.5639	101
18.5644	101
18.565	101
18.5656	101
18.5661	101
18.5667	101
18.5673	101
18.5678	101
18.5684	101
18.5689	101
18.5695	101
18.5701	101
18.5706	101
18.5712	101
18.5717	101
18.5723	101
18.5729	101
18.5734	101
18.574	101
18.5746	101
18.5751	101
18.5757	101
18.5762	101
18.5768	101
18.5774	101
18.5779	101
18.5785	101
18.5791	101
18.5796	101
18.5802	101
18.5807	101
18.5813	101
18.5819	101
18.5824	101
18.583	101
18.5836	101
18.5841	101
18.5847	101
18.5852	101
18.5858	101
18.5864	101
18.5869	101
18.5875	101
18.5881	101
18.5886	101
18.5892	101
18.5897	101
18.5903	101
18.5909	101
18.5914	101
18.592	101
18.5925	101
18.5931	101
18.5937	101
18.5942	101
18.5948	101
18.5954	101
18.5959	101
18.5965	101
18.597	101
18.5976	101
18.5982	101
18.5987	101
18.5993	101
18.5999	101
18.6004	101
18.601	101
18.6015	101
18.6021	101
18.6027	101
18.6032	101
18.6038	101
18.6044	101
18.6049	101
18.6055	101
18.606	101
18.6066	101
18.6072	101
18.6077	101
18.6083	101
18.6088	101
18.6094	101
18.61	101
18.6105	101
18.6111	101
18.6117	101
18.6122	101
18.6128	101
18.6133	101
18.6139	101
18.6145	101
18.615	101
18.6156	101
18.6162	101
18.6167	101
18.6173	101
18.6178	101
18.6184	101
18.619	101
18.6195	101
18.6201	101
18.6207	101
18.6212	101
18.6218	101
18.6223	101
18.6229	101
18.6235	101
18.624	101
18.6246	101
18.6252	101
18.6257	101
18.6263	101
18.6268	101
18.6274	101
18.628	101
18.6285	101
18.6291	101
18.6296	101
18.6302	101
18.6308	101
18.6313	101
18.6319	101
18.6325	101
18.633	101
18.6336	101
18.6341	101
18.6347	101
18.6353	101
18.6358	101
18.6364	101
18.637	101
18.6375	101
18.6381	101
18.6386	101
18.6392	101
18.6398	101
18.6403	101
18.6409	101
18.6415	101
18.642	101
18.6426	101
18.6431	101
18.6437	101
18.6443	101
18.6448	101
18.6454	101
18.646	101
18.6465	101
18.6471	101
18.6476	101
18.6482	101
18.6488	101
18.6493	101
18.6499	101
18.6504	101
18.651	101
18.6516	101
18.6521	101
18.6527	101
18.6533	101
18.6538	101
18.6544	101
18.6549	101
18.6555	101
18.6561	101
18.6566	101
18.6572	101
18.6578	101
18.6583	101
18.6589	101
18.6594	101
18.66	101
18.6606	101
18.6611	101
18.6617	101
18.6623	101
18.6628	101
18.6634	101
18.6639	101
18.6645	101
18.6651	101
18.6656	101
18.6662	101
18.6667	101
18.6673	101
18.6679	101
18.6684	101
18.669	101
18.6696	101
18.6701	101
18.6707	101
18.6712	101
18.6718	101
18.6724	101
18.6729	101
18.6735	101
18.6741	101
18.6746	101
18.6752	101
18.6757	101
18.6763	101
18.6769	101
18.6774	101
18.678	101
18.6786	101
18.6791	101
18.6797	101
18.6802	101
18.6808	101
18.6814	101
18.6819	101
18.6825	101
18.6831	101
18.6836	101
18.6842	101
18.6847	101
18.6853	101
18.6859	101
18.6864	101
18.687	101
18.6875	101
18.6881	101
18.6887	101
18.6892	101
18.6898	101
18.6904	101
18.6909	101
18.6915	101
18.692	101
18.6926	101
18.6932	101
18.6937	101
18.6943	101
18.6949	101
18.6954	101
18.696	101
18.6965	101
18.6971	101
18.6977	101
18.6982	101
18.6988	101
18.6994	101
18.6999	101
18.7005	101
18.701	101
18.7016	101
18.7022	101
18.7027	101
18.7033	101
18.7039	101
18.7044	101
18.705	101
18.7055	101
18.7061	101
18.7067	101
18.7072	101
18.7078	101
18.7083	101
18.7089	101
18.7095	101
18.71	101
18.7106	101
18.7112	101
18.7117	101
18.7123	101
18.7128	101
18.7134	101
18.714	101
18.7145	101
18.7151	101
18.7157	101
18.7162	101
18.7168	101
18.7173	101
18.7179	101
18.7185	101
18.719	101
18.7196	101
18.7202	101
18.7207	101
18.7213	101
18.7218	101
18.7224	101
18.723	101
18.7235	101
18.7241	101
18.7246	101
18.7252	101
18.7258	101
18.7263	101
18.7269	101
18.7275	101
18.728	101
18.7286	101
18.7291	101
18.7297	101
18.7303	101
18.7308	101
18.7314	101
18.732	101
18.7325	101
18.7331	101
18.7336	101
18.7342	101
18.7348	101
18.7353	101
18.7359	101
18.7365	101
18.737	101
18.7376	101
18.7381	101
18.7387	101
18.7393	101
18.7398	101
18.7404	101
18.741	101
18.7415	101
18.7421	101
18.7426	101
18.7432	101
18.7438	101
18.7443	101
18.7449	101
18.7454	101
18.746	101
18.7466	101
18.7471	101
18.7477	101
18.7483	101
18.7488	101
18.7494	101
18.7499	101
18.7505	101
18.7511	101
18.7516	101
18.7522	101
18.7528	101
18.7533	101
18.7539	101
18.7544	101
18.755	101
18.7556	101
18.7561	101
18.7567	101
18.7573	101
18.7578	101
18.7584	101
18.7589	101
18.7595	101
18.7601	101
18.7606	101
18.7612	101
18.7618	101
18.7623	101
18.7629	101
18.7634	101
18.764	101
18.7646	101
18.7651	101
18.7657	101
18.7662	101
18.7668	101
18.7674	101
18.7679	101
18.7685	101
18.7691	101
18.7696	101
18.7702	101
18.7707	101
18.7713	101
18.7719	101
18.7724	101
18.773	101
18.7736	101
18.7741	101
18.7747	101
18.7752	101
18.7758	101
18.7764	101
18.7769	101
18.7775	101
18.7781	101
18.7786	101
18.7792	101
18.7797	101
18.7803	101
18.7809	101
18.7814	101
18.782	101
18.7825	101
18.7831	101
18.7837	101
18.7842	101
18.7848	101
18.7854	101
18.7859	101
18.7865	101
18.787	101
18.7876	101
18.7882	101
18.7887	101
18.7893	101
18.7899	101
18.7904	101
18.791	101
18.7915	101
18.7921	101
18.7927	101
18.7932	101
18.7938	101
18.7944	101
18.7949	101
18.7955	101
18.796	101
18.7966	101
18.7972	101
18.7977	101
18.7983	101
18.7989	101
18.7994	101
18.8	101
18.8005	101
18.8011	101
18.8017	101
18.8022	101
18.8028	101
18.8033	101
18.8039	101
18.8045	101
18.805	101
18.8056	101
18.8062	101
18.8067	101
18.8073	101
18.8078	101
18.8084	101
18.809	101
18.8095	101
18.8101	101
18.8107	101
18.8112	101
18.8118	101
18.8123	101
18.8129	101
18.8135	101
18.814	101
18.8146	101
18.8152	101
18.8157	101
18.8163	101
18.8168	101
18.8174	101
18.818	101
18.8185	101
18.8191	101
18.8197	101
18.8202	101
18.8208	101
18.8213	101
18.8219	101
18.8225	101
18.823	101
18.8236	101
18.8241	101
18.8247	101
18.8253	101
18.8258	101
18.8264	101
18.827	101
18.8275	101
18.8281	101
18.8286	101
18.8292	101
18.8298	101
18.8303	101
18.8309	101
18.8315	101
18.832	101
18.8326	101
18.8331	101
18.8337	101
18.8343	101
18.8348	101
18.8354	101
18.836	101
18.8365	101
18.8371	101
18.8376	101
18.8382	101
18.8388	101
18.8393	101
18.8399	101
18.8404	101
18.841	101
18.8416	101
18.8421	101
18.8427	101
18.8433	101
18.8438	101
18.8444	101
18.8449	101
18.8455	101
18.8461	101
18.8466	101
18.8472	101
18.8478	101
18.8483	101
18.8489	101
18.8494	101
18.85	101
18.8506	101
18.8511	101
18.8517	101
18.8523	101
18.8528	101
18.8534	101
18.8539	101
18.8545	101
18.8551	101
18.8556	101
18.8562	101
18.8568	101
18.8573	101
18.8579	101
18.8584	101
18.859	101
18.8596	101
18.8601	101
18.8607	101
18.8612	101
18.8618	101
18.8624	101
18.8629	101
18.8635	101
18.8641	101
18.8646	101
18.8652	101
18.8657	101
18.8663	101
18.8669	101
18.8674	101
18.868	101
18.8686	101
18.8691	101
18.8697	101
18.8702	101
18.8708	101
18.8714	101
18.8719	101
18.8725	101
18.8731	101
18.8736	101
18.8742	101
18.8747	101
18.8753	101
18.8759	101
18.8764	101
18.877	101
18.8775	101
18.8781	101
18.8787	101
18.8792	101
18.8798	101
18.8804	101
18.8809	101
18.8815	101
18.882	101
18.8826	101
18.8832	101
18.8837	101
18.8843	101
18.8849	101
18.8854	101
18.886	101
18.8865	101
18.8871	101
18.8877	101
18.8882	101
18.8888	101
18.8894	101
18.8899	101
18.8905	101
18.891	101
18.8916	101
18.8922	101
18.8927	101
18.8933	101
18.8939	101
18.8944	101
18.895	101
18.8955	101
18.8961	101
18.8967	101
18.8972	101
18.8978	101
18.8983	101
18.8989	101
18.8995	101
18.9	101
18.9006	101
18.9012	101
18.9017	101
18.9023	101
18.9028	101
18.9034	101
18.904	101
18.9045	101
18.9051	101
18.9057	101
18.9062	101
18.9068	101
18.9073	101
18.9079	101
18.9085	101
18.909	101
18.9096	101
18.9102	101
18.9107	101
18.9113	101
18.9118	101
18.9124	101
18.913	101
18.9135	101
18.9141	101
18.9147	101
18.9152	101
18.9158	101
18.9163	101
18.9169	101
18.9175	101
18.918	101
18.9186	101
18.9191	101
18.9197	101
18.9203	101
18.9208	101
18.9214	101
18.922	101
18.9225	101
18.9231	101
18.9236	101
18.9242	101
18.9248	101
18.9253	101
18.9259	101
18.9265	101
18.927	101
18.9276	101
18.9281	101
18.9287	101
18.9293	101
18.9298	101
18.9304	101
18.931	101
18.9315	101
18.9321	101
18.9326	101
18.9332	101
18.9338	101
18.9343	101
18.9349	101
18.9354	101
18.936	101
18.9366	101
18.9371	101
18.9377	101
18.9383	101
18.9388	101
18.9394	101
18.9399	101
18.9405	101
18.9411	101
18.9416	101
18.9422	101
18.9428	101
18.9433	101
18.9439	101
18.9444	101
18.945	101
18.9456	101
18.9461	101
18.9467	101
18.9473	101
18.9478	101
18.9484	101
18.9489	101
18.9495	101
18.9501	101
18.9506	101
18.9512	101
18.9518	101
18.9523	101
18.9529	101
18.9534	101
18.954	101
18.9546	101
18.9551	101
18.9557	101
18.9562	101
18.9568	101
18.9574	101
18.9579	101
18.9585	101
18.9591	101
18.9596	101
18.9602	101
18.9607	101
18.9613	101
18.9619	101
18.9624	101
18.963	101
18.9636	101
18.9641	101
18.9647	101
18.9652	101
18.9658	101
18.9664	101
18.9669	101
18.9675	101
18.9681	101
18.9686	101
18.9692	101
18.9697	101
18.9703	101
18.9709	101
18.9714	101
18.972	101
18.9726	101
18.9731	101
18.9737	101
18.9742	101
18.9748	101
18.9754	101
18.9759	101
18.9765	101
18.977	101
18.9776	101
18.9782	101
18.9787	101
18.9793	101
18.9799	101
18.9804	101
18.981	101
18.9815	101
18.9821	101
18.9827	101
18.9832	101
18.9838	101
18.9844	101
18.9849	101
18.9855	101
18.986	101
18.9866	101
18.9872	101
18.9877	101
18.9883	101
18.9889	101
18.9894	101
18.99	101
18.9905	101
18.9911	101
18.9917	101
18.9922	101
18.9928	101
18.9933	101
18.9939	101
18.9945	101
18.995	101
18.9956	101
18.9962	101
18.9967	101
18.9973	101
18.9978	101
18.9984	101
18.999	101
18.9995	101
19.0001	101
19.0007	101
19.0012	101
19.0018	101
19.0023	101
19.0029	101
19.0035	101
19.004	101
19.0046	101
19.0052	101
19.0057	101
19.0063	101
19.0068	101
19.0074	101
19.008	101
19.0085	101
19.0091	101
19.0097	101
19.0102	101
19.0108	101
19.0113	101
19.0119	101
19.0125	101
19.013	101
19.0136	101
19.0141	101
19.0147	101
19.0153	101
19.0158	101
19.0164	101
19.017	101
19.0175	101
19.0181	101
19.0186	101
19.0192	101
19.0198	101
19.0203	101
19.0209	101
19.0215	101
19.022	101
19.0226	101
19.0231	101
19.0237	101
19.0243	101
19.0248	101
19.0254	101
19.026	101
19.0265	101
19.0271	101
19.0276	101
19.0282	101
19.0288	101
19.0293	101
19.0299	101
19.0305	101
19.031	101
19.0316	101
19.0321	101
19.0327	101
19.0333	101
19.0338	101
19.0344	101
19.0349	101
19.0355	101
19.0361	101
19.0366	101
19.0372	101
19.0378	101
19.0383	101
19.0389	101
19.0394	101
19.04	101
19.0406	101
19.0411	101
19.0417	101
19.0423	101
19.0428	101
19.0434	101
19.0439	101
19.0445	101
19.0451	101
19.0456	101
19.0462	101
19.0468	101
19.0473	101
19.0479	101
19.0484	101
19.049	101
19.0496	101
19.0501	101
19.0507	101
19.0512	101
19.0518	101
19.0524	101
19.0529	101
19.0535	101
19.0541	101
19.0546	101
19.0552	101
19.0557	101
19.0563	101
19.0569	101
19.0574	101
19.058	101
19.0586	101
19.0591	101
19.0597	101
19.0602	101
19.0608	101
19.0614	101
19.0619	101
19.0625	101
19.0631	101
19.0636	101
19.0642	101
19.0647	101
19.0653	101
19.0659	101
19.0664	101
19.067	101
19.0676	101
19.0681	101
19.0687	101
19.0692	101
19.0698	101
19.0704	101
19.0709	101
19.0715	101
19.072	101
19.0726	101
19.0732	101
19.0737	101
19.0743	101
19.0749	101
19.0754	101
19.076	101
19.0765	101
19.0771	101
19.0777	101
19.0782	101
19.0788	101
19.0794	101
19.0799	101
19.0805	101
19.081	101
19.0816	101
19.0822	101
19.0827	101
19.0833	101
19.0839	101
19.0844	101
19.085	101
19.0855	101
19.0861	101
19.0867	101
19.0872	101
19.0878	101
19.0884	101
19.0889	101
19.0895	101
19.09	101
19.0906	101
19.0912	101
19.0917	101
19.0923	101
19.0928	101
19.0934	101
19.094	101
19.0945	101
19.0951	101
19.0957	101
19.0962	101
19.0968	101
19.0973	101
19.0979	101
19.0985	101
19.099	101
19.0996	101
19.1002	101
19.1007	101
19.1013	101
19.1018	101
19.1024	101
19.103	101
19.1035	101
19.1041	101
19.1047	101
19.1052	101
19.1058	101
19.1063	101
19.1069	101
19.1075	101
19.108	101
19.1086	101
19.1091	101
19.1097	101
19.1103	101
19.1108	101
19.1114	101
19.112	101
19.1125	101
19.1131	101
19.1136	101
19.1142	101
19.1148	101
19.1153	101
19.1159	101
19.1165	101
19.117	101
19.1176	101
19.1181	101
19.1187	101
19.1193	101
19.1198	101
19.1204	101
19.121	101
19.1215	101
19.1221	101
19.1226	101
19.1232	101
19.1238	101
19.1243	101
19.1249	101
19.1255	101
19.126	101
19.1266	101
19.1271	101
19.1277	101
19.1283	101
19.1288	101
19.1294	101
19.1299	101
19.1305	101
19.1311	101
19.1316	101
19.1322	101
19.1328	101
19.1333	101
19.1339	101
19.1344	101
19.135	101
19.1356	101
19.1361	101
19.1367	101
19.1373	101
19.1378	101
19.1384	101
19.1389	101
19.1395	101
19.1401	101
19.1406	101
19.1412	101
19.1418	101
19.1423	101
19.1429	101
19.1434	101
19.144	101
19.1446	101
19.1451	101
19.1457	101
19.1463	101
19.1468	101
19.1474	101
19.1479	101
19.1485	101
19.1491	101
19.1496	101
19.1502	101
19.1507	101
19.1513	101
19.1519	101
19.1524	101
19.153	101
19.1536	101
19.1541	101
19.1547	101
19.1552	101
19.1558	101
19.1564	101
19.1569	101
19.1575	101
19.1581	101
19.1586	101
19.1592	101
19.1597	101
19.1603	101
19.1609	101
19.1614	101
19.162	101
19.1626	101
19.1631	101
19.1637	101
19.1642	101
19.1648	101
19.1654	101
19.1659	101
19.1665	101
19.167	101
19.1676	101
19.1682	101
19.1687	101
19.1693	101
19.1699	101
19.1704	101
19.171	101
19.1715	101
19.1721	101
19.1727	101
19.1732	101
19.1738	101
19.1744	101
19.1749	101
19.1755	101
19.176	101
19.1766	101
19.1772	101
19.1777	101
19.1783	101
19.1789	101
19.1794	101
19.18	101
19.1805	101
19.1811	101
19.1817	101
19.1822	101
19.1828	101
19.1834	101
19.1839	101
19.1845	101
19.185	101
19.1856	101
19.1862	101
19.1867	101
19.1873	101
19.1878	101
19.1884	101
19.189	101
19.1895	101
19.1901	101
19.1907	101
19.1912	101
19.1918	101
19.1923	101
19.1929	101
19.1935	101
19.194	101
19.1946	101
19.1952	101
19.1957	101
19.1963	101
19.1968	101
19.1974	101
19.198	101
19.1985	101
19.1991	101
19.1997	101
19.2002	101
19.2008	101
19.2013	101
19.2019	101
19.2025	101
19.203	101
19.2036	101
19.2041	101
19.2047	101
19.2053	101
19.2058	101
19.2064	101
19.207	101
19.2075	101
19.2081	101
19.2086	101
19.2092	101
19.2098	101
19.2103	101
19.2109	101
19.2115	101
19.212	101
19.2126	101
19.2131	101
19.2137	101
19.2143	101
19.2148	101
19.2154	101
19.216	101
19.2165	101
19.2171	101
19.2176	101
19.2182	101
19.2188	101
19.2193	101
19.2199	101
19.2205	101
19.221	101
19.2216	101
19.2221	101
19.2227	101
19.2233	101
19.2238	101
19.2244	101
19.2249	101
19.2255	101
19.2261	101
19.2266	101
19.2272	101
19.2278	101
19.2283	101
19.2289	101
19.2294	101
19.23	101
19.2306	101
19.2311	101
19.2317	101
19.2323	101
19.2328	101
19.2334	101
19.2339	101
19.2345	101
19.2351	101
19.2356	101
19.2362	101
19.2368	101
19.2373	101
19.2379	101
19.2384	101
19.239	101
19.2396	101
19.2401	101
19.2407	101
19.2413	101
19.2418	101
19.2424	101
19.2429	101
19.2435	101
19.2441	101
19.2446	101
19.2452	101
19.2457	101
19.2463	101
19.2469	101
19.2474	101
19.248	101
19.2486	101
19.2491	101
19.2497	101
19.2502	101
19.2508	101
19.2514	101
19.2519	101
19.2525	101
19.2531	101
19.2536	101
19.2542	101
19.2547	101
19.2553	101
19.2559	101
19.2564	101
19.257	101
19.2576	101
19.2581	101
19.2587	101
19.2592	101
19.2598	101
19.2604	101
19.2609	101
19.2615	101
19.262	101
19.2626	101
19.2632	101
19.2637	101
19.2643	101
19.2649	101
19.2654	101
19.266	101
19.2665	101
19.2671	101
19.2677	101
19.2682	101
19.2688	101
19.2694	101
19.2699	101
19.2705	101
19.271	101
19.2716	101
19.2722	101
19.2727	101
19.2733	101
19.2739	101
19.2744	101
19.275	101
19.2755	101
19.2761	101
19.2767	101
19.2772	101
19.2778	101
19.2784	101
19.2789	101
19.2795	101
19.28	101
19.2806	101
19.2812	101
19.2817	101
19.2823	101
19.2828	101
19.2834	101
19.284	101
19.2845	101
19.2851	101
19.2857	101
19.2862	101
19.2868	101
19.2873	101
19.2879	101
19.2885	101
19.289	101
19.2896	101
19.2902	101
19.2907	101
19.2913	101
19.2918	101
19.2924	101
19.293	101
19.2935	101
19.2941	101
19.2947	101
19.2952	101
19.2958	101
19.2963	101
19.2969	101
19.2975	101
19.298	101
19.2986	101
19.2992	101
19.2997	101
19.3003	101
19.3008	101
19.3014	101
19.302	101
19.3025	101
19.3031	101
19.3036	101
19.3042	101
19.3048	101
19.3053	101
19.3059	101
19.3065	101
19.307	101
19.3076	101
19.3081	101
19.3087	101
19.3093	101
19.3098	101
19.3104	101
19.311	101
19.3115	101
19.3121	101
19.3126	101
19.3132	101
19.3138	101
19.3143	101
19.3149	101
19.3155	101
19.316	101
19.3166	101
19.3171	101
19.3177	101
19.3183	101
19.3188	101
19.3194	101
19.3199	101
19.3205	101
19.3211	101
19.3216	101
19.3222	101
19.3228	101
19.3233	101
19.3239	101
19.3244	101
19.325	101
19.3256	101
19.3261	101
19.3267	101
19.3273	101
19.3278	101
19.3284	101
19.3289	101
19.3295	101
19.3301	101
19.3306	101
19.3312	101
19.3318	101
19.3323	101
19.3329	101
19.3334	101
19.334	101
19.3346	101
19.3351	101
19.3357	101
19.3363	101
19.3368	101
19.3374	101
19.3379	101
19.3385	101
19.3391	101
19.3396	101
19.3402	101
19.3407	101
19.3413	101
19.3419	101
19.3424	101
19.343	101
19.3436	101
19.3441	101
19.3447	101
19.3452	101
19.3458	101
19.3464	101
19.3469	101
19.3475	101
19.3481	101
19.3486	101
19.3492	101
19.3497	101
19.3503	101
19.3509	101
19.3514	101
19.352	101
19.3526	101
19.3531	101
19.3537	101
19.3542	101
19.3548	101
19.3554	101
19.3559	101
19.3565	101
19.3571	101
19.3576	101
19.3582	101
19.3587	101
19.3593	101
19.3599	101
19.3604	101
19.361	101
19.3615	101
19.3621	101
19.3627	101
19.3632	101
19.3638	101
19.3644	101
19.3649	101
19.3655	101
19.366	101
19.3666	101
19.3672	101
19.3677	101
19.3683	101
19.3689	101
19.3694	101
19.37	101
19.3705	101
19.3711	101
19.3717	101
19.3722	101
19.3728	101
19.3734	101
19.3739	101
19.3745	101
19.375	101
19.3756	101
19.3762	101
19.3767	101
19.3773	101
19.3778	101
19.3784	101
19.379	101
19.3795	101
19.3801	101
19.3807	101
19.3812	101
19.3818	101
19.3823	101
19.3829	101
19.3835	101
19.384	101
19.3846	101
19.3852	101
19.3857	101
19.3863	101
19.3868	101
19.3874	101
19.388	101
19.3885	101
19.3891	101
19.3897	101
19.3902	101
19.3908	101
19.3913	101
19.3919	101
19.3925	101
19.393	101
19.3936	101
19.3942	101
19.3947	101
19.3953	101
19.3958	101
19.3964	101
19.397	101
19.3975	101
19.3981	101
19.3986	101
19.3992	101
19.3998	101
19.4003	101
19.4009	101
19.4015	101
19.402	101
19.4026	101
19.4031	101
19.4037	101
19.4043	101
19.4048	101
19.4054	101
19.406	101
19.4065	101
19.4071	101
19.4076	101
19.4082	101
19.4088	101
19.4093	101
19.4099	101
19.4105	101
19.411	101
19.4116	101
19.4121	101
19.4127	101
19.4133	101
19.4138	101
19.4144	101
19.415	101
19.4155	101
19.4161	101
19.4166	101
19.4172	101
19.4178	101
19.4183	101
19.4189	101
19.4194	101
19.42	101
19.4206	101
19.4211	101
19.4217	101
19.4223	101
