# Time(s)	RTT(ms)
0.303847	116
0.30722	115
0.310593	114
0.313965	112
0.317338	112
0.320711	111
0.324084	111
0.405637	121
0.40901	119
0.412383	117
0.415756	116
0.419129	115
0.422501	114
0.425874	114
0.429247	114
0.43262	113
0.435993	113
0.439365	114
0.509114	112
0.512487	112
0.51586	111
0.519233	110
0.522606	110
0.525978	110
0.529351	110
0.532724	110
0.536097	111
0.53947	111
0.542842	112
0.546215	112
0.549588	113
0.552961	114
0.556334	115
0.559706	115
0.610905	122
0.614278	120
0.61765	118
0.621023	117
0.624396	116
0.627769	115
0.631142	114
0.634514	114
0.637887	114
0.64126	114
0.644633	114
0.648006	114
0.651378	115
0.654751	115
0.658124	115
0.661497	116
0.66487	117
0.668242	117
0.671615	118
0.674988	119
0.678361	120
0.681734	121
0.685106	122
0.688479	123
0.712695	126
0.716068	124
0.719441	121
0.722814	120
0.726187	118
0.729559	117
0.732932	116
0.736305	116
0.739678	115
0.743051	115
0.746423	115
0.749796	115
0.753169	115
0.756542	116
0.759915	116
0.763287	117
0.76666	117
0.770033	118
0.773406	119
0.776779	119
0.780151	120
0.783524	121
0.786897	122
0.79027	123
0.793643	124
0.797015	125
0.800388	126
0.803761	127
0.807134	128
0.810507	129
0.813879	130
0.817252	131
0.820625	132
0.823998	133
0.827371	134
0.830743	135
0.834116	136
0.837489	135
0.840862	134
0.844235	133
0.847607	132
0.85098	132
0.854353	132
0.857726	131
0.861099	131
0.864471	132
0.867844	132
0.871217	132
0.87459	133
0.877963	134
0.881335	134
0.884708	135
0.888081	136
0.891454	136
0.894827	137
0.898199	138
0.901572	139
0.904945	140
0.908318	141
0.911691	142
0.915063	143
0.918436	144
0.921809	145
0.925182	146
0.928555	147
0.931927	148
0.9353	149
0.938673	150
0.942046	151
0.945419	153
0.948791	154
0.952164	155
0.955537	156
0.95891	157
0.962283	158
0.965655	159
0.969028	160
0.972401	161
0.975774	163
0.979147	164
0.982519	165
0.985892	166
0.989265	167
0.992638	166
0.996011	164
0.999383	163
1.00276	162
1.00613	161
1.0095	160
1.01287	160
1.01625	159
1.01962	158
1.02299	158
1.02637	157
1.02974	157
1.03311	157
1.03648	157
1.03986	156
1.04323	156
1.0466	156
1.04998	156
1.05335	156
1.05672	155
1.06009	155
1.06347	155
1.06684	155
1.07021	155
1.07359	155
1.07696	155
1.08033	155
1.0837	155
1.08708	155
1.09045	155
1.09382	155
1.09719	155
1.10057	155
1.10394	155
1.10731	155
1.11069	155
1.11406	155
1.11743	155
1.1208	155
1.12418	155
1.12755	155
1.13092	155
1.1343	155
1.13767	155
1.14104	155
1.14441	155
1.14779	155
1.15116	155
1.15453	155
1.15791	155
1.16128	155
1.16465	155
1.16802	155
1.1714	155
1.17477	155
1.17814	155
1.18151	155
1.18489	155
1.18826	155
1.19163	155
1.19501	155
1.19838	155
1.20175	155
1.20512	155
1.2085	155
1.21187	155
1.21524	155
1.21862	155
1.22199	155
1.22536	155
1.22873	155
1.23211	155
1.23548	155
1.23885	155
1.24223	155
1.2456	155
1.24897	155
1.25234	155
1.25572	155
1.25909	155
1.26246	155
1.26583	155
1.26921	155
1.27258	155
1.27595	155
1.27933	155
1.2827	155
1.28607	155
1.28944	155
1.29282	155
1.29619	155
1.29956	155
1.30294	155
1.30631	155
1.30968	155
1.31305	155
1.31643	155
1.3198	155
1.32317	155
1.32655	155
1.32992	155
1.33329	155
1.33666	155
1.34004	155
1.34341	155
1.34678	155
1.35015	155
1.35353	155
1.3569	155
1.36027	155
1.36365	155
1.36702	155
1.37039	155
1.37376	155
1.37714	155
1.38051	155
1.38388	155
1.38726	155
1.39063	155
1.394	155
1.39737	155
1.40075	155
1.40412	155
1.40749	155
1.41087	155
1.41424	155
1.41761	155
1.42098	155
1.42436	155
1.42773	155
1.4311	155
1.43447	155
1.43785	155
1.44122	155
1.44459	155
1.44797	155
1.45134	155
1.45471	155
1.45808	155
1.46146	155
1.46483	155
1.4682	155
1.47158	155
1.47495	155
1.47832	155
1.48169	155
1.48507	155
1.48844	155
1.49181	155
1.49519	155
1.49856	155
1.50193	155
1.5053	155
1.50868	155
1.51205	155
1.51542	155
1.51879	155
1.52217	155
1.52554	155
1.52891	155
1.53229	155
1.53566	155
1.53903	155
1.5424	155
1.54578	155
1.54915	155
1.55252	155
1.5559	155
1.55927	155
1.56264	155
1.56601	155
1.56939	155
1.57276	155
1.57613	155
1.57951	155
1.58288	155
1.58625	155
1.58962	155
1.593	155
1.59637	155
1.59974	155
1.60311	155
1.60649	155
1.60986	155
1.61323	155
1.61661	155
1.61998	155
1.62335	155
1.62672	155
1.6301	155
1.63347	155
1.63684	155
1.64022	155
1.64359	155
1.64696	155
1.65033	155
1.65371	155
1.65708	155
1.66045	155
1.66383	155
1.6672	155
1.67057	155
1.67394	155
1.67732	155
1.68069	155
1.68406	155
1.68743	155
1.69081	155
1.69418	155
1.69755	155
1.70093	155
1.7043	155
1.70767	155
1.71104	155
1.71442	155
1.71779	155
1.72116	155
1.72454	155
1.72791	155
1.73128	155
1.73465	155
1.73803	155
1.7414	155
1.74477	155
1.74815	155
1.75152	155
1.75489	155
1.75826	155
1.76164	155
1.76501	155
1.76838	155
1.77175	155
1.77513	155
1.7785	155
1.78187	155
1.78525	155
1.78862	155
1.79199	155
1.79536	155
1.79874	155
1.80211	155
1.80548	155
1.80886	155
1.81223	155
1.8156	155
1.81897	155
1.82235	155
1.82572	155
1.82909	155
1.83247	155
1.83584	155
1.83921	155
1.84258	155
1.84596	155
1.84933	155
1.8527	155
1.85607	155
1.85945	155
1.86282	155
1.86619	155
1.86957	155
1.87294	155
1.87631	155
1.87968	155
1.88306	155
1.88643	155
1.8898	155
1.89318	155
1.89655	155
1.89992	155
1.90329	155
1.90667	155
1.91004	155
1.91341	155
1.91679	155
1.92016	155
1.92353	155
1.9269	155
1.93028	155
1.93365	155
1.93702	155
1.94039	155
1.94377	155
1.94714	155
1.95051	155
1.95389	155
1.95726	155
1.96063	155
1.964	155
1.96738	155
1.97075	155
1.97412	155
1.9775	155
1.98087	155
1.98424	155
1.98761	155
1.99099	155
1.99436	155
1.99773	155
2.00111	155
2.00448	155
2.00785	155
2.01122	155
2.0146	155
2.01797	155
2.02134	155
2.02471	155
2.02809	155
2.03146	155
2.03483	155
2.03821	155
2.04158	155
2.04495	155
2.04832	155
2.0517	155
2.05507	155
2.05844	155
2.06182	155
2.06519	155
2.06856	155
2.07193	155
2.07531	155
2.07868	155
2.08205	155
2.08543	155
2.0888	155
2.09217	155
2.09554	155
2.09892	155
2.10229	155
2.10566	155
2.10903	155
2.11241	155
2.11578	155
2.11915	155
2.12253	155
2.1259	155
2.12927	155
2.13264	155
2.13602	155
2.13939	155
2.14276	155
2.14614	155
2.14951	155
2.15288	155
2.15625	155
2.15963	155
2.163	155
2.16637	155
2.16975	155
2.17312	155
2.17649	155
2.17986	155
2.18324	155
2.18661	155
2.18998	155
2.19335	155
2.19673	155
2.2001	155
2.20347	155
2.20685	155
2.21022	155
2.21359	155
2.21696	155
2.22034	155
2.22371	155
2.22708	155
2.23046	155
2.23383	155
2.2372	155
2.24057	155
2.24395	155
2.24732	155
2.25069	155
2.25407	155
2.25744	155
2.26081	155
2.26418	155
2.26756	155
2.27093	155
2.2743	155
2.27767	155
2.28105	155
2.28442	155
2.28779	155
2.29117	155
2.29454	155
2.29791	155
2.30128	155
2.30466	155
2.30803	155
2.3114	155
2.31478	155
2.31815	155
2.32152	155
2.32489	155
2.32827	155
2.33164	155
2.33501	155
2.33839	155
2.34176	155
2.34513	155
2.3485	155
2.35188	155
2.35525	155
2.35862	155
2.36199	155
2.36537	155
2.36874	155
2.37211	155
2.37549	155
2.37886	155
2.38223	155
2.3856	155
2.38898	155
2.39235	155
2.39572	155
2.3991	155
2.40247	155
2.40584	155
2.40921	155
2.41259	155
2.41596	155
2.41933	155
2.42271	155
2.42608	155
2.42945	155
2.43282	155
2.4362	155
2.43957	155
2.44294	155
2.44631	155
2.44969	155
2.45306	155
2.45643	155
2.45981	155
2.46318	155
2.46655	155
2.46992	155
2.4733	155
2.47667	155
2.48004	155
2.48342	155
2.48679	155
2.49016	155
2.49353	155
2.49691	155
2.50028	155
2.50365	155
2.50703	155
2.5104	155
2.51377	155
2.51714	155
2.52052	155
2.52389	155
2.52726	155
2.53063	155
2.53401	155
2.53738	155
2.54075	155
2.54413	155
2.5475	155
2.55087	155
2.55424	155
2.55762	155
2.56099	155
2.56436	155
2.56774	155
2.57111	155
2.57448	155
2.57785	155
2.58123	155
2.5846	155
2.58797	155
2.59135	155
2.59472	155
2.59809	155
2.60146	155
2.60484	155
2.60821	155
2.61158	155
2.61495	155
2.61833	155
2.6217	155
2.62507	155
2.62845	155
2.63182	155
2.63519	155
2.63856	155
2.64194	155
2.64531	155
2.64868	155
2.65206	155
2.65543	155
2.6588	155
2.66217	155
2.66555	155
2.66892	155
2.67229	155
2.67567	155
2.67904	155
2.68241	155
2.68578	155
2.68916	155
2.69253	155
2.6959	155
2.69927	155
2.70265	155
2.70602	155
2.70939	155
2.71277	155
2.71614	155
2.71951	155
2.72288	155
2.72626	155
2.72963	155
2.733	155
2.73638	155
2.73975	155
2.74312	155
2.74649	155
2.74987	155
2.75324	155
2.75661	155
2.75999	155
2.76336	155
2.76673	155
2.7701	155
2.77348	155
2.77685	155
2.78022	155
2.78359	155
2.78697	155
2.79034	155
2.79371	155
2.79709	155
2.80046	155
2.80383	155
2.8072	155
2.81058	155
2.81395	155
2.81732	155
2.8207	155
2.82407	155
2.82744	155
2.83081	155
2.83419	155
2.83756	155
2.84093	155
2.84431	155
2.84768	155
2.85105	155
2.85442	155
2.8578	155
2.86117	155
2.86454	155
2.86791	155
2.87129	155
2.87466	155
2.87803	155
2.88141	155
2.88478	155
2.88815	155
2.89152	155
2.8949	155
2.89827	155
2.90164	155
2.90502	155
2.90839	155
2.91176	155
2.91513	155
2.91851	155
2.92188	155
2.92525	155
2.92863	155
2.932	155
2.93537	155
2.93874	155
2.94212	155
2.94549	155
2.94886	155
2.95223	155
2.95561	155
2.95898	155
2.96235	155
2.96573	155
2.9691	155
2.97247	155
2.97584	155
2.97922	155
2.98259	155
2.98596	155
2.98934	155
2.99271	155
2.99608	155
2.99945	155
3.00283	155
3.0062	155
3.00957	155
3.01295	155
3.01632	155
3.01969	155
3.02306	155
3.02644	155
3.02981	155
3.03318	155
3.03655	155
3.03993	155
3.0433	155
3.04667	155
3.05005	155
3.05342	155
3.05679	155
3.06016	155
3.06354	155
3.06691	155
3.07028	155
3.07366	155
3.07703	155
3.0804	155
3.08377	155
3.08715	155
3.09052	155
3.09389	155
3.09727	155
3.10064	155
3.10401	155
3.10738	155
3.11076	155
3.11413	155
3.1175	155
3.12087	155
3.12425	155
3.12762	155
3.13099	155
3.13437	155
3.13774	155
3.14111	155
3.14448	155
3.14786	155
3.15123	155
3.1546	155
3.15798	155
3.16135	155
3.16472	155
3.16809	155
3.17147	155
3.17484	155
3.17821	155
3.18159	155
3.18496	155
3.18833	155
3.1917	155
3.19508	155
3.19845	155
3.20182	155
3.20519	155
3.20857	155
3.21194	155
3.21531	155
3.21869	155
3.22206	155
3.22543	155
3.2288	155
3.23218	155
3.23555	155
3.23892	155
3.2423	155
3.24567	155
3.24904	155
3.25241	155
3.25579	155
3.25916	155
3.26253	155
3.26591	155
3.26928	155
3.27265	155
3.27602	155
3.2794	155
3.28277	155
3.28614	155
3.28951	155
3.29289	155
3.29626	155
3.29963	155
3.30301	155
3.30638	155
3.30975	155
3.31312	155
3.3165	155
3.31987	155
3.32324	155
3.32662	155
3.32999	155
3.33336	155
3.33673	155
3.34011	155
3.34348	155
3.34685	155
3.35023	155
3.3536	155
3.35697	155
3.36034	155
3.36372	155
3.36709	155
3.37046	155
3.37383	155
3.37721	155
3.38058	155
3.38395	155
3.38733	155
3.3907	155
3.39407	155
3.39744	155
3.40082	155
3.40419	155
3.40756	155
3.41094	155
3.41431	155
3.41768	155
3.42105	155
3.42443	155
3.4278	155
3.43117	155
3.43455	155
3.43792	155
3.44129	155
3.44466	155
3.44804	155
3.45141	155
3.45478	155
3.45815	155
3.46153	155
3.4649	155
3.46827	155
3.47165	155
3.47502	155
3.47839	155
3.48176	155
3.48514	155
3.48851	155
3.49188	155
3.49526	155
3.49863	155
3.502	155
3.50537	155
3.50875	155
3.51212	155
3.51549	155
3.51887	155
3.52224	155
3.52561	155
3.52898	155
3.53236	155
3.53573	155
3.5391	155
3.54247	155
3.54585	155
3.54922	155
3.55259	155
3.55597	155
3.55934	155
3.56271	155
3.56608	155
3.56946	155
3.57283	155
3.5762	155
3.57958	155
3.58295	155
3.58632	155
3.58969	155
3.59307	155
3.59644	155
3.59981	155
3.60319	155
3.60656	155
3.60993	155
3.6133	155
3.61668	155
3.62005	155
3.62342	155
3.62679	155
3.63017	155
3.63354	155
3.63691	155
3.64029	155
3.64366	155
3.64703	155
3.6504	155
3.65378	155
3.65715	155
3.66052	155
3.6639	155
3.66727	155
3.67064	155
3.67401	155
3.67739	155
3.68076	155
3.68413	155
3.68751	155
3.69088	155
3.69425	155
3.69762	155
3.701	155
3.70437	155
3.70774	155
3.71111	155
3.71449	155
3.71786	155
3.72123	155
3.72461	155
3.72798	155
3.73135	155
3.73472	155
3.7381	155
3.74147	155
3.74484	155
3.74822	155
3.75159	155
3.75496	155
3.75833	155
3.76171	155
3.76508	155
3.76845	155
3.77183	155
3.7752	155
3.77857	155
3.78194	155
3.78532	155
3.78869	155
3.79206	155
3.79543	155
3.79881	155
3.80218	155
3.80555	155
3.80893	155
3.8123	155
3.81567	155
3.81904	155
3.82242	155
3.82579	155
3.82916	155
3.83254	155
3.83591	155
3.83928	155
3.84265	155
3.84603	155
3.8494	155
3.85277	155
3.85615	155
3.85952	155
3.86289	155
3.86626	155
3.86964	155
3.87301	155
3.87638	155
3.87975	155
3.88313	155
3.8865	155
3.88987	155
3.89325	155
3.89662	155
3.89999	155
3.90336	155
3.90674	155
3.91011	155
3.91348	155
3.91686	155
3.92023	155
3.9236	155
3.92697	155
3.93035	155
3.93372	155
3.93709	155
3.94047	155
3.94384	155
3.94721	155
3.95058	155
3.95396	155
3.95733	155
3.9607	155
3.96407	155
3.96745	155
3.97082	155
3.97419	155
3.97757	155
3.98094	155
3.98431	155
3.98768	155
3.99106	155
3.99443	155
3.9978	155
4.00118	155
4.00455	155
4.00792	155
4.01129	155
4.01467	155
4.01804	155
4.02141	155
4.02479	155
4.02816	155
4.03153	155
4.0349	155
4.03828	155
4.04165	155
4.04502	155
4.04839	155
4.05177	155
4.05514	155
4.05851	155
4.06189	155
4.06526	155
4.06863	155
4.072	155
4.07538	155
4.07875	155
4.08212	155
4.0855	155
4.08887	155
4.09224	155
4.09561	155
4.09899	155
4.10236	155
4.10573	155
4.10911	155
4.11248	155
4.11585	155
4.11922	155
4.1226	155
4.12597	155
4.12934	155
4.13271	155
4.13609	155
4.13946	155
4.14283	155
4.14621	155
4.14958	155
4.15295	155
4.15632	155
4.1597	155
4.16307	155
4.16644	155
4.16982	155
4.17319	155
4.17656	155
4.17993	155
4.18331	155
4.18668	155
4.19005	155
4.19343	155
4.1968	155
4.20017	155
4.20354	155
4.20692	155
4.21029	155
4.21366	155
4.21703	155
4.22041	155
4.22378	155
4.22715	155
4.23053	155
4.2339	155
4.23727	155
4.24064	155
4.24402	155
4.24739	155
4.25076	155
4.25414	155
4.25751	155
4.26088	155
4.26425	155
4.26763	155
4.271	155
4.27437	155
4.27775	155
4.28112	155
4.28449	155
4.28786	155
4.29124	155
4.29461	155
4.29798	155
4.30135	155
4.30473	155
4.3081	155
4.31147	155
4.31485	155
4.31822	155
4.32159	155
4.32496	155
4.32834	155
4.33171	155
4.33508	155
4.33846	155
4.34183	155
4.3452	155
4.34857	155
4.35195	155
4.35532	155
4.35869	155
4.36207	155
4.36544	155
4.36881	155
4.37218	155
4.37556	155
4.37893	155
4.3823	155
4.38567	155
4.38905	155
4.39242	155
4.39579	155
4.39917	155
4.40254	155
4.40591	155
4.40928	155
4.41266	155
4.41603	155
4.4194	155
4.42278	155
4.42615	155
4.42952	155
4.43289	155
4.43627	155
4.43964	155
4.44301	155
4.44639	155
4.44976	155
4.45313	155
4.4565	155
4.45988	155
4.46325	155
4.46662	155
4.46999	155
4.47337	155
4.47674	155
4.48011	155
4.48349	155
4.48686	155
4.49023	155
4.4936	155
4.49698	155
4.50035	155
4.50372	155
4.5071	155
4.51047	155
4.51384	155
4.51721	155
4.52059	155
4.52396	155
4.52733	155
4.53071	155
4.53408	155
4.53745	155
4.54082	155
4.5442	155
4.54757	155
4.55094	155
4.55431	155
4.55769	155
4.56106	155
4.56443	155
4.56781	155
4.57118	155
4.57455	155
4.57792	155
4.5813	155
4.58467	155
4.58804	155
4.59142	155
4.59479	155
4.59816	155
4.60153	155
4.60491	155
4.60828	155
4.61165	155
4.61503	155
4.6184	155
4.62177	155
4.62514	155
4.62852	155
4.63189	155
4.63526	155
4.63863	155
4.64201	155
4.64538	155
4.64875	155
4.65213	155
4.6555	155
4.65887	155
4.66224	155
4.66562	155
4.66899	155
4.67236	155
4.67574	155
4.67911	155
4.68248	155
4.68585	155
4.68923	155
4.6926	155
4.69597	155
4.69935	155
4.70272	155
4.70609	155
4.70946	155
4.71284	155
4.71621	155
4.71958	155
4.72295	155
4.72633	155
4.7297	155
4.73307	155
4.73645	155
4.73982	155
4.74319	155
4.74656	155
4.74994	155
4.75331	155
4.75668	155
4.76006	155
4.76343	155
4.7668	155
4.77017	155
4.77355	155
4.77692	155
4.78029	155
4.78367	155
4.78704	155
4.79041	155
4.79378	155
4.79716	155
4.80053	155
4.8039	155
4.80727	155
4.81065	155
4.81402	155
4.81739	155
4.82077	155
4.82414	155
4.82751	155
4.83088	155
4.83426	155
4.83763	155
4.841	155
4.84438	155
4.84775	155
4.85112	155
4.85449	155
4.85787	155
4.86124	155
4.86461	155
4.86799	155
4.87136	155
4.87473	155
4.8781	155
4.88148	155
4.88485	155
4.88822	155
4.89159	155
4.89497	155
4.89834	155
4.90171	155
4.90509	155
4.90846	155
4.91183	155
4.9152	155
4.91858	155
4.92195	155
4.92532	155
4.9287	155
4.93207	155
4.93544	155
4.93881	155
4.94219	155
4.94556	155
4.94893	155
4.95231	155
4.95568	155
4.95905	155
4.96242	155
4.9658	155
4.96917	155
4.97254	155
4.97591	155
4.97929	155
4.98266	155
4.98603	155
4.98941	155
4.99278	155
4.99615	155
4.99952	155
5.0029	155
5.00627	155
5.00964	155
5.01302	155
5.01639	155
5.01976	155
5.02313	155
5.02651	155
5.02988	155
5.03325	155
5.03663	155
5.04	155
5.04337	155
5.04674	155
5.05012	155
5.05349	155
5.05686	155
5.06023	155
5.06361	155
5.06698	155
5.07035	155
5.07373	155
5.0771	155
5.08047	155
5.08384	155
5.08722	155
5.09059	155
5.09396	155
5.09734	155
5.10071	155
5.10408	155
5.10745	155
5.11083	155
5.1142	155
5.11757	155
5.12095	155
5.12432	155
5.12769	155
5.13106	155
5.13444	155
5.13781	155
5.14118	155
5.14455	155
5.14793	155
5.1513	155
5.15467	155
5.15805	155
5.16142	155
5.16479	155
5.16816	155
5.17154	155
5.17491	155
5.17828	155
5.18166	155
5.18503	155
5.1884	155
5.19177	155
5.19515	155
5.19852	155
5.20189	155
5.20527	155
5.20864	155
5.21201	155
5.21538	155
5.21876	155
5.22213	155
5.2255	155
5.22887	155
5.23225	155
5.23562	155
5.23899	155
5.24237	155
5.24574	155
5.24911	155
5.25248	155
5.25586	155
5.25923	155
5.2626	155
5.26598	155
5.26935	155
5.27272	155
5.27609	155
5.27947	155
5.28284	155
5.28621	155
5.28959	155
5.29296	155
5.29633	155
5.2997	155
5.30308	155
5.30645	155
5.30982	155
5.31319	155
5.31657	155
5.31994	155
5.32331	155
5.32669	155
5.33006	155
5.33343	155
5.3368	155
5.34018	155
5.34355	155
5.34692	155
5.3503	155
5.35367	155
5.35704	155
5.36041	155
5.36379	155
5.36716	155
5.37053	155
5.37391	155
5.37728	155
5.38065	155
5.38402	155
5.3874	155
5.39077	155
5.39414	155
5.39751	155
5.40089	155
5.40426	155
5.40763	155
5.41101	155
5.41438	155
5.41775	155
5.42112	155
5.4245	155
5.42787	155
5.43124	155
5.43462	155
5.43799	155
5.44136	155
5.44473	155
5.44811	155
5.45148	155
5.45485	155
5.45823	155
5.4616	155
5.46497	155
5.46834	155
5.47172	155
5.47509	155
5.47846	155
5.48183	155
5.48521	155
5.48858	155
5.49195	155
5.49533	155
5.4987	155
5.50207	155
5.50544	155
5.50882	155
5.51219	155
5.51556	155
5.51894	155
5.52231	155
5.52568	155
5.52905	155
5.53243	155
5.5358	155
5.53917	155
5.54255	155
5.54592	155
5.54929	155
5.55266	155
5.55604	155
5.55941	155
5.56278	155
5.56615	155
5.56953	155
5.5729	155
5.57627	155
5.57965	155
5.58302	155
5.58639	155
5.58976	155
5.59314	155
5.59651	155
5.59988	155
5.60326	155
5.60663	155
5.61	155
5.61337	155
5.61675	155
5.62012	155
5.62349	155
5.62687	155
5.63024	155
5.63361	155
5.63698	155
5.64036	155
5.64373	155
5.6471	155
5.65047	155
5.65385	155
5.65722	155
5.66059	155
5.66397	155
5.66734	155
5.67071	155
5.67408	155
5.67746	155
5.68083	155
5.6842	155
5.68758	155
5.69095	155
5.69432	155
5.69769	155
5.70107	155
5.70444	155
5.70781	155
5.71119	155
5.71456	155
5.71793	155
5.7213	155
5.72468	155
5.72805	155
5.73142	155
5.73479	155
5.73817	155
5.74154	155
5.74491	155
5.74829	155
5.75166	155
5.75503	155
5.7584	155
5.76178	155
5.76515	155
5.76852	155
5.7719	155
5.77527	155
5.77864	155
5.78201	155
5.78539	155
5.78876	155
5.79213	155
5.79551	155
5.79888	155
5.80225	155
5.80562	155
5.809	155
5.81237	155
5.81574	155
5.81911	155
5.82249	155
5.82586	155
5.82923	155
5.83261	155
5.83598	155
5.83935	155
5.84272	155
5.8461	155
5.84947	155
5.85284	155
5.85622	155
5.85959	155
5.86296	155
5.86633	155
5.86971	155
5.87308	155
5.87645	155
5.87983	155
5.8832	155
5.88657	155
5.88994	155
5.89332	155
5.89669	155
5.90006	155
5.90343	155
5.90681	155
5.91018	155
5.91355	155
5.91693	155
5.9203	155
5.92367	155
5.92704	155
5.93042	155
5.93379	155
5.93716	155
5.94054	155
5.94391	155
5.94728	155
5.95065	155
5.95403	155
5.9574	155
5.96077	155
5.96415	155
5.96752	155
5.97089	155
5.97426	155
5.97764	155
5.98101	155
5.98438	155
5.98775	155
5.99113	155
5.9945	155
5.99787	155
6.00125	155
6.00462	155
6.00799	155
6.01136	155
6.01474	155
6.01811	155
6.02148	155
6.02486	155
6.02823	155
6.0316	155
6.03497	155
6.03835	155
6.04172	155
6.04509	155
6.04847	155
6.05184	155
6.05521	155
6.05858	155
6.06196	155
6.06533	155
6.0687	155
6.07207	155
6.07545	155
6.07882	155
6.08219	155
6.08557	155
6.08894	155
6.09231	155
6.09568	155
6.09906	155
6.10243	155
6.1058	155
6.10918	155
6.11255	155
6.11592	155
6.11929	155
6.12267	155
6.12604	155
6.12941	155
6.13279	155
6.13616	155
6.13953	155
6.1429	155
6.14628	155
6.14965	155
6.15302	155
6.15639	155
6.15977	155
6.16314	155
6.16651	155
6.16989	155
6.17326	155
6.17663	155
6.18	155
6.18338	155
6.18675	155
6.19012	155
6.1935	155
6.19687	155
6.20024	155
6.20361	155
6.20699	155
6.21036	155
6.21373	155
6.21711	155
6.22048	155
6.22385	155
6.22722	155
6.2306	155
6.23397	155
6.23734	155
6.24071	155
6.24409	155
6.24746	155
6.25083	155
6.25421	155
6.25758	155
6.26095	155
6.26432	155
6.2677	155
6.27107	155
6.27444	155
6.27782	155
6.28119	155
6.28456	155
6.28793	155
6.29131	155
6.29468	155
6.29805	155
6.30143	155
6.3048	155
6.30817	155
6.31154	155
6.31492	155
6.31829	155
6.32166	155
6.32503	155
6.32841	155
6.33178	155
6.33515	155
6.33853	155
6.3419	155
6.34527	155
6.34864	155
6.35202	155
6.35539	155
6.35876	155
6.36214	155
6.36551	155
6.36888	155
6.37225	155
6.37563	155
6.379	155
6.38237	155
6.38575	155
6.38912	155
6.39249	155
6.39586	155
6.39924	155
6.40261	155
6.40598	155
6.40935	155
6.41273	155
6.4161	155
6.41947	155
6.42285	155
6.42622	155
6.42959	155
6.43296	155
6.43634	155
6.43971	155
6.44308	155
6.44646	155
6.44983	155
6.4532	155
6.45657	155
6.45995	155
6.46332	155
6.46669	155
6.47007	155
6.47344	155
6.47681	155
6.48018	155
6.48356	155
6.48693	155
6.4903	155
6.49367	155
6.49705	155
6.50042	155
6.50379	155
6.50717	155
6.51054	155
6.51391	155
6.51728	155
6.52066	155
6.52403	155
6.5274	155
6.53078	155
6.53415	155
6.53752	155
6.54089	155
6.54427	155
6.54764	155
6.55101	155
6.55439	155
6.55776	155
6.56113	155
6.5645	155
6.56788	155
6.57125	155
6.57462	155
6.57799	155
6.58137	155
6.58474	155
6.58811	155
6.59149	155
6.59486	155
6.59823	155
6.6016	155
6.60498	155
6.60835	155
6.61172	155
6.6151	155
6.61847	155
6.62184	155
6.62521	155
6.62859	155
6.63196	155
6.63533	155
6.63871	155
6.64208	155
6.64545	155
6.64882	155
6.6522	155
6.65557	155
6.65894	155
6.66231	155
6.66569	155
6.66906	155
6.67243	155
6.67581	155
6.67918	155
6.68255	155
6.68592	155
6.6893	155
6.69267	155
6.69604	155
6.69942	155
6.70279	155
6.70616	155
6.70953	155
6.71291	155
6.71628	155
6.71965	155
6.72303	155
6.7264	155
6.72977	155
6.73314	155
6.73652	155
6.73989	155
6.74326	155
6.74663	155
6.75001	155
6.75338	155
6.75675	155
6.76013	155
6.7635	155
6.76687	155
6.77024	155
6.77362	155
6.77699	155
6.78036	155
6.78374	155
6.78711	155
6.79048	155
6.79385	155
6.79723	155
6.8006	155
6.80397	155
6.80735	155
6.81072	155
6.81409	155
6.81746	155
6.82084	155
6.82421	155
6.82758	155
6.83095	155
6.83433	155
6.8377	155
6.84107	155
6.84445	155
6.84782	155
6.85119	155
6.85456	155
6.85794	155
6.86131	155
6.86468	155
6.86806	155
6.87143	155
6.8748	155
6.87817	155
6.88155	155
6.88492	155
6.88829	155
6.89167	155
6.89504	155
6.89841	155
6.90178	155
6.90516	155
6.90853	155
6.9119	155
6.91527	155
6.91865	155
6.92202	155
6.92539	155
6.92877	155
6.93214	155
6.93551	155
6.93888	155
6.94226	155
6.94563	155
6.949	155
6.95238	155
6.95575	155
6.95912	155
6.96249	155
6.96587	155
6.96924	155
6.97261	155
6.97599	155
6.97936	155
6.98273	155
6.9861	155
6.98948	155
6.99285	155
6.99622	155
6.99959	155
7.00297	155
7.00634	155
7.00971	155
7.01309	155
7.01646	155
7.01983	155
7.0232	155
7.02658	155
7.02995	155
7.03332	155
7.0367	155
7.04007	155
7.04344	155
7.04681	155
7.05019	155
7.05356	155
7.05693	155
7.06031	155
7.06368	155
7.06705	155
7.07042	155
7.0738	155
7.07717	155
7.08054	155
7.08391	155
7.08729	155
7.09066	155
7.09403	155
7.09741	155
7.10078	155
7.10415	155
7.10752	155
7.1109	155
7.11427	155
7.11764	155
7.12102	155
7.12439	155
7.12776	155
7.13113	155
7.13451	155
7.13788	155
7.14125	155
7.14463	155
7.148	155
7.15137	155
7.15474	155
7.15812	155
7.16149	155
7.16486	155
7.16823	155
7.17161	155
7.17498	155
7.17835	155
7.18173	155
7.1851	155
7.18847	155
7.19184	155
7.19522	155
7.19859	155
7.20196	155
7.20534	155
7.20871	155
7.21208	155
7.21545	155
7.21883	155
7.2222	155
7.22557	155
7.22895	155
7.23232	155
7.23569	155
7.23906	155
7.24244	155
7.24581	155
7.24918	155
7.25255	155
7.25593	155
7.2593	155
7.26267	155
7.26605	155
7.26942	155
7.27279	155
7.27616	155
7.27954	155
7.28291	155
7.28628	155
7.28966	155
7.29303	155
7.2964	155
7.29977	155
7.30315	155
7.30652	155
7.30989	155
7.31327	155
7.31664	155
7.32001	155
7.32338	155
7.32676	155
7.33013	155
7.3335	155
7.33687	155
7.34025	155
7.34362	155
7.34699	155
7.35037	155
7.35374	155
7.35711	155
7.36048	155
7.36386	155
7.36723	155
7.3706	155
7.37398	155
7.37735	155
7.38072	155
7.38409	155
7.38747	155
7.39084	155
7.39421	155
7.39759	155
7.40096	155
7.40433	155
7.4077	155
7.41108	155
7.41445	155
7.41782	155
7.42119	155
7.42457	155
7.42794	155
7.43131	155
7.43469	155
7.43806	155
7.44143	155
7.4448	155
7.44818	155
7.45155	155
7.45492	155
7.4583	155
7.46167	155
7.46504	155
7.46841	155
7.47179	155
7.47516	155
7.47853	155
7.48191	155
7.48528	155
7.48865	155
7.49202	155
7.4954	155
7.49877	155
7.50214	155
7.50551	155
7.50889	155
7.51226	155
7.51563	155
7.51901	155
7.52238	155
7.52575	155
7.52912	155
7.5325	155
7.53587	155
7.53924	155
7.54262	155
7.54599	155
7.54936	155
7.55273	155
7.55611	155
7.55948	155
7.56285	155
7.56623	155
7.5696	155
7.57297	155
7.57634	155
7.57972	155
7.58309	155
7.58646	155
7.58983	155
7.59321	155
7.59658	155
7.59995	155
7.60333	155
7.6067	155
7.61007	155
7.61344	155
7.61682	155
7.62019	155
7.62356	155
7.62694	155
7.63031	155
7.63368	155
7.63705	155
7.64043	155
7.6438	155
7.64717	155
7.65055	155
7.65392	155
7.65729	155
7.66066	155
7.66404	155
7.66741	155
7.67078	155
7.67415	155
7.67753	155
7.6809	155
7.68427	155
7.68765	155
7.69102	155
7.69439	155
7.69776	155
7.70114	155
7.70451	155
7.70788	155
7.71126	155
7.71463	155
7.718	155
7.72137	155
7.72475	155
7.72812	155
7.73149	155
7.73487	155
7.73824	155
7.74161	155
7.74498	155
7.74836	155
7.75173	155
7.7551	155
7.75847	155
7.76185	155
7.76522	155
7.76859	155
7.77197	155
7.77534	155
7.77871	155
7.78208	155
7.78546	155
7.78883	155
7.7922	155
7.79558	155
7.79895	155
7.80232	155
7.80569	155
7.80907	155
7.81244	155
7.81581	155
7.81919	155
7.82256	155
7.82593	155
7.8293	155
7.83268	155
7.83605	155
7.83942	155
7.84279	155
7.84617	155
7.84954	155
7.85291	155
7.85629	155
7.85966	155
7.86303	155
7.8664	155
7.86978	155
7.87315	155
7.87652	155
7.8799	155
7.88327	155
7.88664	155
7.89001	155
7.89339	155
7.89676	155
7.90013	155
7.90351	155
7.90688	155
7.91025	155
7.91362	155
7.917	155
7.92037	155
7.92374	155
7.92711	155
7.93049	155
7.93386	155
7.93723	155
7.94061	155
7.94398	155
7.94735	155
7.95072	155
7.9541	155
7.95747	155
7.96084	155
7.96422	155
7.96759	155
7.97096	155
7.97433	155
7.97771	155
7.98108	155
7.98445	155
7.98783	155
7.9912	155
7.99457	155
7.99794	155
8.00132	155
8.00469	155
8.00806	155
8.01143	155
8.01481	155
8.01818	155
8.02155	155
8.02493	155
8.0283	155
8.03167	155
8.03504	155
8.03842	155
8.04179	155
8.04516	155
8.04854	155
8.05191	155
8.05528	155
8.05865	155
8.06203	155
8.0654	155
8.06877	155
8.07215	155
8.07552	155
8.07889	155
8.08226	155
8.08564	155
8.08901	155
8.09238	155
8.09575	155
8.09913	155
8.1025	155
8.10587	155
8.10925	155
8.11262	155
8.11599	155
8.11936	155
8.12274	155
8.12611	155
8.12948	155
8.13286	155
8.13623	155
8.1396	155
8.14297	155
8.14635	155
8.14972	155
8.15309	155
8.15647	155
8.15984	155
8.16321	155
8.16658	155
8.16996	155
8.17333	155
8.1767	155
8.18007	155
8.18345	155
8.18682	155
8.19019	155
8.19357	155
8.19694	155
8.20031	155
8.20368	155
8.20706	155
8.21043	155
8.2138	155
8.21718	155
8.22055	155
8.22392	155
8.22729	155
8.23067	155
8.23404	155
8.23741	155
8.24079	155
8.24416	155
8.24753	155
8.2509	155
8.25428	155
8.25765	155
8.26102	155
8.26439	155
8.26777	155
8.27114	155
8.27451	155
8.27789	155
8.28126	155
8.28463	155
8.288	155
8.29138	155
8.29475	155
8.29812	155
8.3015	155
8.30487	155
8.30824	155
8.31161	155
8.31499	155
8.31836	155
8.32173	155
8.32511	155
8.32848	155
8.33185	155
8.33522	155
8.3386	155
8.34197	155
8.34534	155
8.34871	155
8.35209	155
8.35546	155
8.35883	155
8.36221	155
8.36558	155
8.36895	155
8.37232	155
8.3757	155
8.37907	155
8.38244	155
8.38582	155
8.38919	155
8.39256	155
8.39593	155
8.39931	155
8.40268	155
8.40605	155
8.40943	155
8.4128	155
8.41617	155
8.41954	155
8.42292	155
8.42629	155
8.42966	155
8.43303	155
8.43641	155
8.43978	155
8.44315	155
8.44653	155
8.4499	155
8.45327	155
8.45664	155
8.46002	155
8.46339	155
8.46676	155
8.47014	155
8.47351	155
8.47688	155
8.48025	155
8.48363	155
8.487	155
8.49037	155
8.49375	155
8.49712	155
8.50049	155
8.50386	155
8.50724	155
8.51061	155
8.51398	155
8.51735	155
8.52073	155
8.5241	155
8.52747	155
8.53085	155
8.53422	155
8.53759	155
8.54096	155
8.54434	155
8.54771	155
8.55108	155
8.55446	155
8.55783	155
8.5612	155
8.56457	155
8.56795	155
8.57132	155
8.57469	155
8.57807	155
8.58144	155
8.58481	155
8.58818	155
8.59156	155
8.59493	155
8.5983	155
8.60167	155
8.60505	155
8.60842	155
8.61179	155
8.61517	155
8.61854	155
8.62191	155
8.62528	155
8.62866	155
8.63203	155
8.6354	155
8.63878	155
8.64215	155
8.64552	155
8.64889	155
8.65227	155
8.65564	155
8.65901	155
8.66239	155
8.66576	155
8.66913	155
8.6725	155
8.67588	155
8.67925	155
8.68262	155
8.68599	155
8.68937	155
8.69274	155
8.69611	155
8.69949	155
8.70286	155
8.70623	155
8.7096	155
8.71298	155
8.71635	155
8.71972	155
8.7231	155
8.72647	155
8.72984	155
8.73321	155
8.73659	155
8.73996	155
8.74333	155
8.74671	155
8.75008	155
8.75345	155
8.75682	155
8.7602	155
8.76357	155
8.76694	155
8.77031	155
8.77369	155
8.77706	155
8.78043	155
8.78381	155
8.78718	155
8.79055	155
8.79392	155
8.7973	155
8.80067	155
8.80404	155
8.80742	155
8.81079	155
8.81416	155
8.81753	155
8.82091	155
8.82428	155
8.82765	155
8.83103	155
8.8344	155
8.83777	155
8.84114	155
8.84452	155
8.84789	155
8.85126	155
8.85463	155
8.85801	155
8.86138	155
8.86475	155
8.86813	155
8.8715	155
8.87487	155
8.87824	155
8.88162	155
8.88499	155
8.88836	155
8.89174	155
8.89511	155
8.89848	155
8.90185	155
8.90523	155
8.9086	155
8.91197	155
8.91535	155
8.91872	155
8.92209	155
8.92546	155
8.92884	155
8.93221	155
8.93558	155
8.93895	155
8.94233	155
8.9457	155
8.94907	155
8.95245	155
8.95582	155
8.95919	155
8.96256	155
8.96594	155
8.96931	155
8.97268	155
8.97606	155
8.97943	155
8.9828	155
8.98617	155
8.98955	155
8.99292	155
8.99629	155
8.99967	155
9.00304	155
9.00641	155
9.00978	155
9.01316	155
9.01653	155
9.0199	155
9.02327	155
9.02665	155
9.03002	155
9.03339	155
9.03677	155
9.04014	155
9.04351	155
9.04688	155
9.05026	155
9.05363	155
9.057	155
9.06038	155
9.06375	155
9.06712	155
9.07049	155
9.07387	155
9.07724	155
9.08061	155
9.08399	155
9.08736	155
9.09073	155
9.0941	155
9.09748	155
9.10085	155
9.10422	155
9.10759	155
9.11097	155
9.11434	155
9.11771	155
9.12109	155
9.12446	155
9.12783	155
9.1312	155
9.13458	155
9.13795	155
9.14132	155
9.1447	155
9.14807	155
9.15144	155
9.15481	155
9.15819	155
9.16156	155
9.16493	155
9.16831	155
9.17168	155
9.17505	155
9.17842	155
9.1818	155
9.18517	155
9.18854	155
9.19191	155
9.19529	155
9.19866	155
9.20203	155
9.20541	155
9.20878	155
9.21215	155
9.21552	155
9.2189	155
9.22227	155
9.22564	155
9.22902	155
9.23239	155
9.23576	155
9.23913	155
9.24251	155
9.24588	155
9.24925	155
9.25263	155
9.256	155
9.25937	155
9.26274	155
9.26612	155
9.26949	155
9.27286	155
9.27623	155
9.27961	155
9.28298	155
9.28635	155
9.28973	155
9.2931	155
9.29647	155
9.29984	155
9.30322	155
9.30659	155
9.30996	155
9.31334	155
9.31671	155
9.32008	155
9.32345	155
9.32683	155
9.3302	155
9.33357	155
9.33695	155
9.34032	155
9.34369	155
9.34706	155
9.35044	155
9.35381	155
9.35718	155
9.36055	155
9.36393	155
9.3673	155
9.37067	155
9.37405	155
9.37742	155
9.38079	155
9.38416	155
9.38754	155
9.39091	155
9.39428	155
9.39766	155
9.40103	155
9.4044	155
9.40777	155
9.41115	155
9.41452	155
9.41789	155
9.42127	155
9.42464	155
9.42801	155
9.43138	155
9.43476	155
9.43813	155
9.4415	155
9.44487	155
9.44825	155
9.45162	155
9.45499	155
9.45837	155
9.46174	155
9.46511	155
9.46848	155
9.47186	155
9.47523	155
9.4786	155
9.48198	155
9.48535	155
9.48872	155
9.49209	155
9.49547	155
9.49884	155
9.50221	155
9.50559	155
9.50896	155
9.51233	155
9.5157	155
9.51908	155
9.52245	155
9.52582	155
9.52919	155
9.53257	155
9.53594	155
9.53931	155
9.54269	155
9.54606	155
9.54943	155
9.5528	155
9.55618	155
9.55955	155
9.56292	155
9.5663	155
9.56967	155
9.57304	155
9.57641	155
9.57979	155
9.58316	155
9.58653	155
9.58991	155
9.59328	155
9.59665	155
9.60002	155
9.6034	155
9.60677	155
9.61014	155
9.61351	155
9.61689	155
9.62026	155
9.62363	155
9.62701	155
9.63038	155
9.63375	155
9.63712	155
9.6405	155
9.64387	155
9.64724	155
9.65062	155
9.65399	155
9.65736	155
9.66073	155
9.66411	155
9.66748	155
9.67085	155
9.67423	155
9.6776	155
9.68097	155
9.68434	155
9.68772	155
9.69109	155
9.69446	155
9.69783	155
9.70121	155
9.70458	155
9.70795	155
9.71133	155
9.7147	155
9.71807	155
9.72144	155
9.72482	155
9.72819	155
9.73156	155
9.73494	155
9.73831	155
9.74168	155
9.74505	155
9.74843	155
9.7518	155
9.75517	155
9.75855	155
9.76192	155
9.76529	155
9.76866	155
9.77204	155
9.77541	155
9.77878	155
9.78215	155
9.78553	155
9.7889	155
9.79227	155
9.79565	155
9.79902	155
9.80239	155
9.80576	155
9.80914	155
9.81251	155
9.81588	155
9.81926	155
9.82263	155
9.826	155
9.82937	155
9.83275	155
9.83612	155
9.83949	155
9.84287	155
9.84624	155
9.84961	155
9.85298	155
9.85636	155
9.85973	155
9.8631	155
9.86647	155
9.86985	155
9.87322	155
9.87659	155
9.87997	155
9.88334	155
9.88671	155
9.89008	155
9.89346	155
9.89683	155
9.9002	155
9.90358	155
9.90695	155
9.91032	155
9.91369	155
9.91707	155
9.92044	155
9.92381	155
9.92719	155
9.93056	155
9.93393	155
9.9373	155
9.94068	155
9.94405	155
9.94742	155
9.95079	155
9.95417	155
9.95754	155
9.96091	155
9.96429	155
9.96766	155
9.97103	155
9.9744	155
9.97778	155
9.98115	155
9.98452	155
9.9879	155
9.99127	155
9.99464	155
9.99801	155
10.0014	155
10.0048	155
10.0081	155
10.0115	155
10.0149	155
10.0183	155
10.0216	155
10.025	155
10.0284	155
10.0317	155
10.0351	155
10.0385	155
10.0419	155
10.0452	155
10.0486	155
10.052	155
10.0554	155
10.0587	155
10.0621	155
10.0655	155
10.0688	155
10.0722	155
10.0756	155
10.079	155
10.0823	155
10.0857	155
10.0891	155
10.0925	155
10.0958	155
10.0992	155
10.1026	155
10.1059	155
10.1093	155
10.1127	155
10.1161	155
10.1194	155
10.1228	155
10.1262	155
10.1296	155
10.1329	155
10.1363	155
10.1397	155
10.143	155
10.1464	155
10.1498	155
10.1532	155
10.1565	155
10.1599	155
10.1633	155
10.1667	155
10.17	155
10.1734	155
10.1768	155
10.1801	155
10.1835	155
10.1869	155
10.1903	155
10.1936	155
10.197	155
10.2004	155
10.2038	155
10.2071	155
10.2105	155
10.2139	155
10.2172	155
10.2206	155
10.224	155
10.2274	155
10.2307	155
10.2341	155
10.2375	155
10.2409	155
10.2442	155
10.2476	155
10.251	155
10.2543	155
10.2577	155
10.2611	155
10.2645	155
10.2678	155
10.2712	155
10.2746	155
10.278	155
10.2813	155
10.2847	155
10.2881	155
10.2914	155
10.2948	155
10.2982	155
10.3016	155
10.3049	155
10.3083	155
10.3117	155
10.3151	155
10.3184	155
10.3218	155
10.3252	155
10.3285	155
10.3319	155
10.3353	155
10.3387	155
10.342	155
10.3454	155
10.3488	155
10.3522	155
10.3555	155
10.3589	155
10.3623	155
10.3656	155
10.369	155
10.3724	155
10.3758	155
10.3791	155
10.3825	155
10.3859	155
10.3893	155
10.3926	155
10.396	155
10.3994	155
10.4027	155
10.4061	155
10.4095	155
10.4129	155
10.4162	155
10.4196	155
10.423	155
10.4264	155
10.4297	155
10.4331	155
10.4365	155
10.4399	155
10.4432	155
10.4466	155
10.45	155
10.4533	155
10.4567	155
10.4601	155
10.4635	155
10.4668	155
10.4702	155
10.4736	155
10.477	155
10.4803	155
10.4837	155
10.4871	155
10.4904	155
10.4938	155
10.4972	155
10.5006	155
10.5039	155
10.5073	155
10.5107	155
10.5141	155
10.5174	155
10.5208	155
10.5242	155
10.5275	155
10.5309	155
10.5343	155
10.5377	155
10.541	155
10.5444	155
10.5478	155
10.5512	155
10.5545	155
10.5579	155
10.5613	155
10.5646	155
10.568	155
10.5714	155
10.5748	155
10.5781	155
10.5815	155
10.5849	155
10.5883	155
10.5916	155
10.595	155
10.5984	155
10.6017	155
10.6051	155
10.6085	155
10.6119	155
10.6152	155
10.6186	155
10.622	155
10.6254	155
10.6287	155
10.6321	155
10.6355	155
10.6388	155
10.6422	155
10.6456	155
10.649	155
10.6523	155
10.6557	155
10.6591	155
10.6625	155
10.6658	155
10.6692	155
10.6726	155
10.6759	155
10.6793	155
10.6827	155
10.6861	155
10.6894	155
10.6928	155
10.6962	155
10.6996	155
10.7029	155
10.7063	155
10.7097	155
10.713	155
10.7164	155
10.7198	155
10.7232	155
10.7265	155
10.7299	155
10.7333	155
10.7367	155
10.74	155
10.7434	155
10.7468	155
10.7501	155
10.7535	155
10.7569	155
10.7603	155
10.7636	155
10.767	155
10.7704	155
10.7738	155
10.7771	155
10.7805	155
10.7839	155
10.7872	155
10.7906	155
10.794	155
10.7974	155
10.8007	155
10.8041	155
10.8075	155
10.8109	155
10.8142	155
10.8176	155
10.821	155
10.8243	155
10.8277	155
10.8311	155
10.8345	155
10.8378	155
10.8412	155
10.8446	155
10.848	155
10.8513	155
10.8547	155
10.8581	155
10.8615	155
10.8648	155
10.8682	155
10.8716	155
10.8749	155
10.8783	155
10.8817	155
10.8851	155
10.8884	155
10.8918	155
10.8952	155
10.8986	155
10.9019	155
10.9053	155
10.9087	155
10.912	155
10.9154	155
10.9188	155
10.9222	155
10.9255	155
10.9289	155
10.9323	155
10.9357	155
10.939	155
10.9424	155
10.9458	155
10.9491	155
10.9525	155
10.9559	155
10.9593	155
10.9626	155
10.966	155
10.9694	155
10.9728	155
10.9761	155
10.9795	155
10.9829	155
10.9862	155
10.9896	155
10.993	155
10.9964	155
10.9997	155
11.0031	155
11.0065	155
11.0099	155
11.0132	155
11.0166	155
11.02	155
11.0233	155
11.0267	155
11.0301	155
11.0335	155
11.0368	155
11.0402	155
11.0436	155
11.047	155
11.0503	155
11.0537	155
11.0571	155
11.0604	155
11.0638	155
11.0672	155
11.0706	155
11.0739	155
11.0773	155
11.0807	155
11.0841	155
11.0874	155
11.0908	155
11.0942	155
11.0975	155
11.1009	155
11.1043	155
11.1077	155
11.111	155
11.1144	155
11.1178	155
11.1212	155
11.1245	155
11.1279	155
11.1313	155
11.1346	155
11.138	155
11.1414	155
11.1448	155
11.1481	155
11.1515	155
11.1549	155
11.1583	155
11.1616	155
11.165	155
11.1684	155
11.1717	155
11.1751	155
11.1785	155
11.1819	155
11.1852	155
11.1886	155
11.192	155
11.1954	155
11.1987	155
11.2021	155
11.2055	155
11.2088	155
11.2122	155
11.2156	155
11.219	155
11.2223	155
11.2257	155
11.2291	155
11.2325	155
11.2358	155
11.2392	155
11.2426	155
11.2459	155
11.2493	155
11.2527	155
11.2561	155
11.2594	155
11.2628	155
11.2662	155
11.2696	155
11.2729	155
11.2763	155
11.2797	155
11.2831	155
11.2864	155
11.2898	155
11.2932	155
11.2965	155
11.2999	155
11.3033	155
11.3067	155
11.31	155
11.3134	155
11.3168	155
11.3202	155
11.3235	155
11.3269	155
11.3303	155
11.3336	155
11.337	155
11.3404	155
11.3438	155
11.3471	155
11.3505	155
11.3539	155
11.3573	155
11.3606	155
11.364	155
11.3674	155
11.3707	155
11.3741	155
11.3775	155
11.3809	155
11.3842	155
11.3876	155
11.391	155
11.3944	155
11.3977	155
11.4011	155
11.4045	155
11.4078	155
11.4112	155
11.4146	155
11.418	155
11.4213	155
11.4247	155
11.4281	155
11.4315	155
11.4348	155
11.4382	155
11.4416	155
11.4449	155
11.4483	155
11.4517	155
11.4551	155
11.4584	155
11.4618	155
11.4652	155
11.4686	155
11.4719	155
11.4753	155
11.4787	155
11.482	155
11.4854	155
11.4888	155
11.4922	155
11.4955	155
11.4989	155
11.5023	155
11.5057	155
11.509	155
11.5124	155
11.5158	155
11.5191	155
11.5225	155
11.5259	155
11.5293	155
11.5326	155
11.536	155
11.5394	155
11.5428	155
11.5461	155
11.5495	155
11.5529	155
11.5562	155
11.5596	155
11.563	155
11.5664	155
11.5697	155
11.5731	155
11.5765	155
11.5799	155
11.5832	155
11.5866	155
11.59	155
11.5933	155
11.5967	155
11.6001	155
11.6035	155
11.6068	155
11.6102	155
11.6136	155
11.617	155
11.6203	155
11.6237	155
11.6271	155
11.6304	155
11.6338	155
11.6372	155
11.6406	155
11.6439	155
11.6473	155
11.6507	155
11.6541	155
11.6574	155
11.6608	155
11.6642	155
11.6675	155
11.6709	155
11.6743	155
11.6777	155
11.681	155
11.6844	155
11.6878	155
11.6912	155
11.6945	155
11.6979	155
11.7013	155
11.7047	155
11.708	155
11.7114	155
11.7148	155
11.7181	155
11.7215	155
11.7249	155
11.7283	155
11.7316	155
11.735	155
11.7384	155
11.7418	155
11.7451	155
11.7485	155
11.7519	155
11.7552	155
11.7586	155
11.762	155
11.7654	155
11.7687	155
11.7721	155
11.7755	155
11.7789	155
11.7822	155
11.7856	155
11.789	155
11.7923	155
11.7957	155
11.7991	155
11.8025	155
11.8058	155
11.8092	155
11.8126	155
11.816	155
11.8193	155
11.8227	155
11.8261	155
11.8294	155
11.8328	155
11.8362	155
11.8396	155
11.8429	155
11.8463	155
11.8497	155
11.8531	155
11.8564	155
11.8598	155
11.8632	155
11.8665	155
11.8699	155
11.8733	155
11.8767	155
11.88	155
11.8834	155
11.8868	155
11.8902	155
11.8935	155
11.8969	155
11.9003	155
11.9036	155
11.907	155
11.9104	155
11.9138	155
11.9171	155
11.9205	155
11.9239	155
11.9273	155
11.9306	155
11.934	155
11.9374	155
11.9407	155
11.9441	155
11.9475	155
11.9509	155
11.9542	155
11.9576	155
11.961	155
11.9644	155
11.9677	155
11.9711	155
11.9745	155
11.9778	155
11.9812	155
11.9846	155
11.988	155
11.9913	155
11.9947	155
11.9981	155
12.0015	155
12.0048	155
12.0082	155
12.0116	155
12.0149	155
12.0183	155
12.0217	155
12.0251	155
12.0284	155
12.0318	155
12.0352	155
12.0386	155
12.0419	155
12.0453	155
12.0487	155
12.052	155
12.0554	155
12.0588	155
12.0622	155
12.0655	155
12.0689	155
12.0723	155
12.0757	155
12.079	155
12.0824	155
12.0858	155
12.0891	155
12.0925	155
12.0959	155
12.0993	155
12.1026	155
12.106	155
12.1094	155
12.1128	155
12.1161	155
12.1195	155
12.1229	155
12.1263	155
12.1296	155
12.133	155
12.1364	155
12.1397	155
12.1431	155
12.1465	155
12.1499	155
12.1532	155
12.1566	155
12.16	155
12.1634	155
12.1667	155
12.1701	155
12.1735	155
12.1768	155
12.1802	155
12.1836	155
12.187	155
12.1903	155
12.1937	155
12.1971	155
12.2005	155
12.2038	155
12.2072	155
12.2106	155
12.2139	155
12.2173	155
12.2207	155
12.2241	155
12.2274	155
12.2308	155
12.2342	155
12.2376	155
12.2409	155
12.2443	155
12.2477	155
12.251	155
12.2544	155
12.2578	155
12.2612	155
12.2645	155
12.2679	155
12.2713	155
12.2747	155
12.278	155
12.2814	155
12.2848	155
12.2881	155
12.2915	155
12.2949	155
12.2983	155
12.3016	155
12.305	155
12.3084	155
12.3118	155
12.3151	155
12.3185	155
12.3219	155
12.3252	155
12.3286	155
12.332	155
12.3354	155
12.3387	155
12.3421	155
12.3455	155
12.3489	155
12.3522	155
12.3556	155
12.359	155
12.3623	155
12.3657	155
12.3691	155
12.3725	155
12.3758	155
12.3792	155
12.3826	155
12.386	155
12.3893	155
12.3927	155
12.3961	155
12.3994	155
12.4028	155
12.4062	155
12.4096	155
12.4129	155
12.4163	155
12.4197	155
12.4231	155
12.4264	155
12.4298	155
12.4332	155
12.4365	155
12.4399	155
12.4433	155
12.4467	155
12.45	155
12.4534	155
12.4568	155
12.4602	155
12.4635	155
12.4669	155
12.4703	155
12.4736	155
12.477	155
12.4804	155
12.4838	155
12.4871	155
12.4905	155
12.4939	155
12.4973	155
12.5006	155
12.504	155
12.5074	155
12.5107	155
12.5141	155
12.5175	155
12.5209	155
12.5242	155
12.5276	155
12.531	155
12.5344	155
12.5377	155
12.5411	155
12.5445	155
12.5479	155
12.5512	155
12.5546	155
12.558	155
12.5613	155
12.5647	155
12.5681	155
12.5715	155
12.5748	155
12.5782	155
12.5816	155
12.585	155
12.5883	155
12.5917	155
12.5951	155
12.5984	155
12.6018	155
12.6052	155
12.6086	155
12.6119	155
12.6153	155
12.6187	155
12.6221	155
12.6254	155
12.6288	155
12.6322	155
12.6355	155
12.6389	155
12.6423	155
12.6457	155
12.649	155
12.6524	155
12.6558	155
12.6592	155
12.6625	155
12.6659	155
12.6693	155
12.6726	155
12.676	155
12.6794	155
12.6828	155
12.6861	155
12.6895	155
12.6929	155
12.6963	155
12.6996	155
12.703	155
12.7064	155
12.7097	155
12.7131	155
12.7165	155
12.7199	155
12.7232	155
12.7266	155
12.73	155
12.7334	155
12.7367	155
12.7401	155
12.7435	155
12.7468	155
12.7502	155
12.7536	155
12.757	155
12.7603	155
12.7637	155
12.7671	155
12.7705	155
12.7738	155
12.7772	155
12.7806	155
12.7839	155
12.7873	155
12.7907	155
12.7941	155
12.7974	155
12.8008	155
12.8042	155
12.8076	155
12.8109	155
12.8143	155
12.8177	155
12.821	155
12.8244	155
12.8278	155
12.8312	155
12.8345	155
12.8379	155
12.8413	155
12.8447	155
12.848	155
12.8514	155
12.8548	155
12.8581	155
12.8615	155
12.8649	155
12.8683	155
12.8716	155
12.875	155
12.8784	155
12.8818	155
12.8851	155
12.8885	155
12.8919	155
12.8952	155
12.8986	155
12.902	155
12.9054	155
12.9087	155
12.9121	155
12.9155	155
12.9189	155
12.9222	155
12.9256	155
12.929	155
12.9323	155
12.9357	155
12.9391	155
12.9425	155
12.9458	155
12.9492	155
12.9526	155
12.956	155
12.9593	155
12.9627	155
12.9661	155
12.9695	155
12.9728	155
12.9762	155
12.9796	155
12.9829	155
12.9863	155
12.9897	155
12.9931	155
12.9964	155
12.9998	155
13.0032	155
13.0066	155
13.0099	155
13.0133	155
13.0167	155
13.02	155
13.0234	155
13.0268	155
13.0302	155
13.0335	155
13.0369	155
13.0403	155
13.0437	155
13.047	155
13.0504	155
13.0538	155
13.0571	155
13.0605	155
13.0639	155
13.0673	155
13.0706	155
13.074	155
13.0774	155
13.0808	155
13.0841	155
13.0875	155
13.0909	155
13.0942	155
13.0976	155
13.101	155
13.1044	155
13.1077	155
13.1111	155
13.1145	155
13.1179	155
13.1212	155
13.1246	155
13.128	155
13.1313	155
13.1347	155
13.1381	155
13.1415	155
13.1448	155
13.1482	155
13.1516	155
13.155	155
13.1583	155
13.1617	155
13.1651	155
13.1684	155
13.1718	155
13.1752	155
13.1786	155
13.1819	155
13.1853	155
13.1887	155
13.1921	155
13.1954	155
13.1988	155
13.2022	155
13.2055	155
13.2089	155
13.2123	155
13.2157	155
13.219	155
13.2224	155
13.2258	155
13.2292	155
13.2325	155
13.2359	155
13.2393	155
13.2426	155
13.246	155
13.2494	155
13.2528	155
13.2561	155
13.2595	155
13.2629	155
13.2663	155
13.2696	155
13.273	155
13.2764	155
13.2797	155
13.2831	155
13.2865	155
13.2899	155
13.2932	155
13.2966	155
13.3	155
13.3034	155
13.3067	155
13.3101	155
13.3135	155
13.3168	155
13.3202	155
13.3236	155
13.327	155
13.3303	155
13.3337	155
13.3371	155
13.3405	155
13.3438	155
13.3472	155
13.3506	155
13.3539	155
13.3573	155
13.3607	155
13.3641	155
13.3674	155
13.3708	155
13.3742	155
13.3776	155
13.3809	155
13.3843	155
13.3877	155
13.3911	155
13.3944	155
13.3978	155
13.4012	155
13.4045	155
13.4079	155
13.4113	155
13.4147	155
13.418	155
13.4214	155
13.4248	155
13.4282	155
13.4315	155
13.4349	155
13.4383	155
13.4416	155
13.445	155
13.4484	155
13.4518	155
13.4551	155
13.4585	155
13.4619	155
13.4653	155
13.4686	155
13.472	155
13.4754	155
13.4787	155
13.4821	155
13.4855	155
13.4889	155
13.4922	155
13.4956	155
13.499	155
13.5024	155
13.5057	155
13.5091	155
13.5125	155
13.5158	155
13.5192	155
13.5226	155
13.526	155
13.5293	155
13.5327	155
13.5361	155
13.5395	155
13.5428	155
13.5462	155
13.5496	155
13.5529	155
13.5563	155
13.5597	155
13.5631	155
13.5664	155
13.5698	155
13.5732	155
13.5766	155
13.5799	155
13.5833	155
13.5867	155
13.59	155
13.5934	155
13.5968	155
13.6002	155
13.6035	155
13.6069	155
13.6103	155
13.6137	155
13.617	155
13.6204	155
13.6238	155
13.6271	155
13.6305	155
13.6339	155
13.6373	155
13.6406	155
13.644	155
13.6474	155
13.6508	155
13.6541	155
13.6575	155
13.6609	155
13.6642	155
13.6676	155
13.671	155
13.6744	155
13.6777	155
13.6811	155
13.6845	155
13.6879	155
13.6912	155
13.6946	155
13.698	155
13.7013	155
13.7047	155
13.7081	155
13.7115	155
13.7148	155
13.7182	155
13.7216	155
13.725	155
13.7283	155
13.7317	155
13.7351	155
13.7384	155
13.7418	155
13.7452	155
13.7486	155
13.7519	155
13.7553	155
13.7587	155
13.7621	155
13.7654	155
13.7688	155
13.7722	155
13.7755	155
13.7789	155
13.7823	155
13.7857	155
13.789	155
13.7924	155
13.7958	155
13.7992	155
13.8025	155
13.8059	155
13.8093	155
13.8127	155
13.816	155
13.8194	155
13.8228	155
13.8261	155
13.8295	155
13.8329	155
13.8363	155
13.8396	155
13.843	155
13.8464	155
13.8498	155
13.8531	155
13.8565	155
13.8599	155
13.8632	155
13.8666	155
13.87	155
13.8734	155
13.8767	155
13.8801	155
13.8835	155
13.8869	155
13.8902	155
13.8936	155
13.897	155
13.9003	155
13.9037	155
13.9071	155
13.9105	155
13.9138	155
13.9172	155
13.9206	155
13.924	155
13.9273	155
13.9307	155
13.9341	155
13.9374	155
13.9408	155
13.9442	155
13.9476	155
13.9509	155
13.9543	155
13.9577	155
13.9611	155
13.9644	155
13.9678	155
13.9712	155
13.9745	155
13.9779	155
13.9813	155
13.9847	155
13.988	155
13.9914	155
13.9948	155
13.9982	155
14.0015	155
14.0049	155
14.0083	155
14.0116	155
14.015	155
14.0184	155
14.0218	155
14.0251	155
14.0285	155
14.0319	155
14.0353	155
14.0386	155
14.042	155
14.0454	155
14.0487	155
14.0521	155
14.0555	155
14.0589	155
14.0622	155
14.0656	155
14.069	155
14.0724	155
14.0757	155
14.0791	155
14.0825	155
14.0858	155
14.0892	155
14.0926	155
14.096	155
14.0993	155
14.1027	155
14.1061	155
14.1095	155
14.1128	155
14.1162	155
14.1196	155
14.1229	155
14.1263	155
14.1297	155
14.1331	155
14.1364	155
14.1398	155
14.1432	155
14.1466	155
14.1499	155
14.1533	155
14.1567	155
14.16	155
14.1634	155
14.1668	155
14.1702	155
14.1735	155
14.1769	155
14.1803	155
14.1837	155
14.187	155
14.1904	155
14.1938	155
14.1971	155
14.2005	155
14.2039	155
14.2073	155
14.2106	155
14.214	155
14.2174	155
14.2208	155
14.2241	155
14.2275	155
14.2309	155
14.2343	155
14.2376	155
14.241	155
14.2444	155
14.2477	155
14.2511	155
14.2545	155
14.2579	155
14.2612	155
14.2646	155
14.268	155
14.2714	155
14.2747	155
14.2781	155
14.2815	155
14.2848	155
14.2882	155
14.2916	155
14.295	155
14.2983	155
14.3017	155
14.3051	155
14.3085	155
14.3118	155
14.3152	155
14.3186	155
14.3219	155
14.3253	155
14.3287	155
14.3321	155
14.3354	155
14.3388	155
14.3422	155
14.3456	155
14.3489	155
14.3523	155
14.3557	155
14.359	155
14.3624	155
14.3658	155
14.3692	155
14.3725	155
14.3759	155
14.3793	155
14.3827	155
14.386	155
14.3894	155
14.3928	155
14.3961	155
14.3995	155
14.4029	155
14.4063	155
14.4096	155
14.413	155
14.4164	155
14.4198	155
14.4231	155
14.4265	155
14.4299	155
14.4332	155
14.4366	155
14.44	155
14.4434	155
14.4467	155
14.4501	155
14.4535	155
14.4569	155
14.4602	155
14.4636	155
14.467	155
14.4703	155
14.4737	155
14.4771	155
14.4805	155
14.4838	155
14.4872	155
14.4906	155
14.494	155
14.4973	155
14.5007	155
14.5041	155
14.5074	155
14.5108	155
14.5142	155
14.5176	155
14.5209	155
14.5243	155
14.5277	155
14.5311	155
14.5344	155
14.5378	155
14.5412	155
14.5445	155
14.5479	155
14.5513	155
14.5547	155
14.558	155
14.5614	155
14.5648	155
14.5682	155
14.5715	155
14.5749	155
14.5783	155
14.5816	155
14.585	155
14.5884	155
14.5918	155
14.5951	155
14.5985	155
14.6019	155
14.6053	155
14.6086	155
14.612	155
14.6154	155
14.6187	155
14.6221	155
14.6255	155
14.6289	155
14.6322	155
14.6356	155
14.639	155
14.6424	155
14.6457	155
14.6491	155
14.6525	155
14.6559	155
14.6592	155
14.6626	155
14.666	155
14.6693	155
14.6727	155
14.6761	155
14.6795	155
14.6828	155
14.6862	155
14.6896	155
14.693	155
14.6963	155
14.6997	155
14.7031	155
14.7064	155
14.7098	155
14.7132	155
14.7166	155
14.7199	155
14.7233	155
14.7267	155
14.7301	155
14.7334	155
14.7368	155
14.7402	155
14.7435	155
14.7469	155
14.7503	155
14.7537	155
14.757	155
14.7604	155
14.7638	155
14.7672	155
14.7705	155
14.7739	155
14.7773	155
14.7806	155
14.784	155
14.7874	155
14.7908	155
14.7941	155
14.7975	155
14.8009	155
14.8043	155
14.8076	155
14.811	155
14.8144	155
14.8177	155
14.8211	155
14.8245	155
14.8279	155
14.8312	155
14.8346	155
14.838	155
14.8414	155
14.8447	155
14.8481	155
14.8515	155
14.8548	155
14.8582	155
14.8616	155
14.865	155
14.8683	155
14.8717	155
14.8751	155
14.8785	155
14.8818	155
14.8852	155
14.8886	155
14.8919	155
14.8953	155
14.8987	155
14.9021	155
14.9054	155
14.9088	155
14.9122	155
14.9156	155
14.9189	155
14.9223	155
14.9257	155
14.929	155
14.9324	155
14.9358	155
14.9392	155
14.9425	155
14.9459	155
14.9493	155
14.9527	155
14.956	155
14.9594	155
14.9628	155
14.9661	155
14.9695	155
14.9729	155
14.9763	155
14.9796	155
14.983	155
14.9864	155
14.9898	155
14.9931	155
14.9965	155
14.9999	155
15.0032	155
15.0066	155
15.01	155
15.0134	155
15.0167	155
15.0201	155
15.0235	155
15.0269	155
15.0302	155
15.0336	155
15.037	155
15.0403	155
15.0437	155
15.0471	155
15.0505	155
15.0538	155
15.0572	155
15.0606	155
15.064	155
15.0673	155
15.0707	155
15.0741	155
15.0775	155
15.0808	155
15.0842	155
15.0876	155
15.0909	155
15.0943	155
15.0977	155
15.1011	155
15.1044	155
15.1078	155
15.1112	155
15.1146	155
15.1179	155
15.1213	155
15.1247	155
15.128	155
15.1314	155
15.1348	155
15.1382	155
15.1415	155
15.1449	155
15.1483	155
15.1517	155
15.155	155
15.1584	155
15.1618	155
15.1651	155
15.1685	155
15.1719	155
15.1753	155
15.1786	155
15.182	155
15.1854	155
15.1888	155
15.1921	155
15.1955	155
15.1989	155
15.2022	155
15.2056	155
15.209	155
15.2124	155
15.2157	155
15.2191	155
15.2225	155
15.2259	155
15.2292	155
15.2326	155
15.236	155
15.2393	155
15.2427	155
15.2461	155
15.2495	155
15.2528	155
15.2562	155
15.2596	155
15.263	155
15.2663	155
15.2697	155
15.2731	155
15.2764	155
15.2798	155
15.2832	155
15.2866	155
15.2899	155
15.2933	155
15.2967	155
15.3001	155
15.3034	155
15.3068	155
15.3102	155
15.3135	155
15.3169	155
15.3203	155
15.3237	155
15.327	155
15.3304	155
15.3338	155
15.3372	155
15.3405	155
15.3439	155
15.3473	155
15.3506	155
15.354	155
15.3574	155
15.3608	155
15.3641	155
15.3675	155
15.3709	155
15.3743	155
15.3776	155
15.381	155
15.3844	155
15.3877	155
15.3911	155
15.3945	155
15.3979	155
15.4012	155
15.4046	155
15.408	155
15.4114	155
15.4147	155
15.4181	155
15.4215	155
15.4248	155
15.4282	155
15.4316	155
15.435	155
15.4383	155
15.4417	155
15.4451	155
15.4485	155
15.4518	155
15.4552	155
15.4586	155
15.4619	155
15.4653	155
15.4687	155
15.4721	155
15.4754	155
15.4788	155
15.4822	155
15.4856	155
15.4889	155
15.4923	155
15.4957	155
15.4991	155
15.5024	155
15.5058	155
15.5092	155
15.5125	155
15.5159	155
15.5193	155
15.5227	155
15.526	155
15.5294	155
15.5328	155
15.5362	155
15.5395	155
15.5429	155
15.5463	155
15.5496	155
15.553	155
15.5564	155
15.5598	155
15.5631	155
15.5665	155
15.5699	155
15.5733	155
15.5766	155
15.58	155
15.5834	155
15.5867	155
15.5901	155
15.5935	155
15.5969	155
15.6002	155
15.6036	155
15.607	155
15.6104	155
15.6137	155
15.6171	155
15.6205	155
15.6238	155
15.6272	155
15.6306	155
15.634	155
15.6373	155
15.6407	155
15.6441	155
15.6475	155
15.6508	155
15.6542	155
15.6576	155
15.6609	155
15.6643	155
15.6677	155
15.6711	155
15.6744	155
15.6778	155
15.6812	155
15.6846	155
15.6879	155
15.6913	155
15.6947	155
15.698	155
15.7014	155
15.7048	155
15.7082	155
15.7115	155
15.7149	155
15.7183	155
15.7217	155
15.725	155
15.7284	155
15.7318	155
15.7351	155
15.7385	155
15.7419	155
15.7453	155
15.7486	155
15.752	155
15.7554	155
15.7588	155
15.7621	155
15.7655	155
15.7689	155
15.7722	155
15.7756	155
15.779	155
15.7824	155
15.7857	155
15.7891	155
15.7925	155
15.7959	155
15.7992	155
15.8026	155
15.806	155
15.8093	155
15.8127	155
15.8161	155
15.8195	155
15.8228	155
15.8262	155
15.8296	155
15.833	155
15.8363	155
15.8397	155
15.8431	155
15.8464	155
15.8498	155
15.8532	155
15.8566	155
15.8599	155
15.8633	155
15.8667	155
15.8701	155
15.8734	155
15.8768	155
15.8802	155
15.8835	155
15.8869	155
15.8903	155
15.8937	155
15.897	155
15.9004	155
15.9038	155
15.9072	155
15.9105	155
15.9139	155
15.9173	155
15.9207	155
15.924	155
15.9274	155
15.9308	155
15.9341	155
15.9375	155
15.9409	155
15.9443	155
15.9476	155
15.951	155
15.9544	155
15.9578	155
15.9611	155
15.9645	155
15.9679	155
15.9712	155
15.9746	155
15.978	155
15.9814	155
15.9847	155
15.9881	155
15.9915	155
15.9949	155
15.9982	155
16.0016	155
16.005	155
16.0083	155
16.0117	155
16.0151	155
16.0185	155
16.0218	155
16.0252	155
16.0286	155
16.032	155
16.0353	155
16.0387	155
16.0421	155
16.0454	155
16.0488	155
16.0522	155
16.0556	155
16.0589	155
16.0623	155
16.0657	155
16.0691	155
16.0724	155
16.0758	155
16.0792	155
16.0825	155
16.0859	155
16.0893	155
16.0927	155
16.096	155
16.0994	155
16.1028	155
16.1062	155
16.1095	155
16.1129	155
16.1163	155
16.1196	155
16.123	155
16.1264	155
16.1298	155
16.1331	155
16.1365	155
16.1399	155
16.1433	155
16.1466	155
16.15	155
16.1534	155
16.1567	155
16.1601	155
16.1635	155
16.1669	155
16.1702	155
16.1736	155
16.177	155
16.1804	155
16.1837	155
16.1871	155
16.1905	155
16.1938	155
16.1972	155
16.2006	155
16.204	155
16.2073	155
16.2107	155
16.2141	155
16.2175	155
16.2208	155
16.2242	155
16.2276	155
16.2309	155
16.2343	155
16.2377	155
16.2411	155
16.2444	155
16.2478	155
16.2512	155
16.2546	155
16.2579	155
16.2613	155
16.2647	155
16.268	155
16.2714	155
16.2748	155
16.2782	155
16.2815	155
16.2849	155
16.2883	155
16.2917	155
16.295	155
16.2984	155
16.3018	155
16.3051	155
16.3085	155
16.3119	155
16.3153	155
16.3186	155
16.322	155
16.3254	155
16.3288	155
16.3321	155
16.3355	155
16.3389	155
16.3423	155
16.3456	155
16.349	155
16.3524	155
16.3557	155
16.3591	155
16.3625	155
16.3659	155
16.3692	155
16.3726	155
16.376	155
16.3794	155
16.3827	155
16.3861	155
16.3895	155
16.3928	155
16.3962	155
16.3996	155
16.403	155
16.4063	155
16.4097	155
16.4131	155
16.4165	155
16.4198	155
16.4232	155
16.4266	155
16.4299	155
16.4333	155
16.4367	155
16.4401	155
16.4434	155
16.4468	155
16.4502	155
16.4536	155
16.4569	155
16.4603	155
16.4637	155
16.467	155
16.4704	155
16.4738	155
16.4772	155
16.4805	155
16.4839	155
16.4873	155
16.4907	155
16.494	155
16.4974	155
16.5008	155
16.5041	155
16.5075	155
16.5109	155
16.5143	155
16.5176	155
16.521	155
16.5244	155
16.5278	155
16.5311	155
16.5345	155
16.5379	155
16.5412	155
16.5446	155
16.548	155
16.5514	155
16.5547	155
16.5581	155
16.5615	155
16.5649	155
16.5682	155
16.5716	155
16.575	155
16.5783	155
16.5817	155
16.5851	155
16.5885	155
16.5918	155
16.5952	155
16.5986	155
16.602	155
16.6053	155
16.6087	155
16.6121	155
16.6154	155
16.6188	155
16.6222	155
16.6256	155
16.6289	155
16.6323	155
16.6357	155
16.6391	155
16.6424	155
16.6458	155
16.6492	155
16.6525	155
16.6559	155
16.6593	155
16.6627	155
16.666	155
16.6694	155
16.6728	155
16.6762	155
16.6795	155
16.6829	155
16.6863	155
16.6896	155
16.693	155
16.6964	155
16.6998	155
16.7031	155
16.7065	155
16.7099	155
16.7133	155
16.7166	155
16.72	155
16.7234	155
16.7267	155
16.7301	155
16.7335	155
16.7369	155
16.7402	155
16.7436	155
16.747	155
16.7504	155
16.7537	155
16.7571	155
16.7605	155
16.7639	155
16.7672	155
16.7706	155
16.774	155
16.7773	155
16.7807	155
16.7841	155
16.7875	155
16.7908	155
16.7942	155
16.7976	155
16.801	155
16.8043	155
16.8077	155
16.8111	155
16.8144	155
16.8178	155
16.8212	155
16.8246	155
16.8279	155
16.8313	155
16.8347	155
16.8381	155
16.8414	155
16.8448	155
16.8482	155
16.8515	155
16.8549	155
16.8583	155
16.8617	155
16.865	155
16.8684	155
16.8718	155
16.8752	155
16.8785	155
16.8819	155
16.8853	155
16.8886	155
16.892	155
16.8954	155
16.8988	155
16.9021	155
16.9055	155
16.9089	155
16.9123	155
16.9156	155
16.919	155
16.9224	155
16.9257	155
16.9291	155
16.9325	155
16.9359	155
16.9392	155
16.9426	155
16.946	155
16.9494	155
16.9527	155
16.9561	155
16.9595	155
16.9628	155
16.9662	155
16.9696	155
16.973	155
16.9763	155
16.9797	155
16.9831	155
16.9865	155
16.9898	155
16.9932	155
16.9966	155
16.9999	155
17.0033	155
17.0067	155
17.0101	155
17.0134	155
17.0168	155
17.0202	155
17.0236	155
17.0269	155
17.0303	155
17.0337	155
17.037	155
17.0404	155
17.0438	155
17.0472	155
17.0505	155
17.0539	155
17.0573	155
17.0607	155
17.064	155
17.0674	155
17.0708	155
17.0741	155
17.0775	155
17.0809	155
17.0843	155
17.0876	155
17.091	155
17.0944	155
17.0978	155
17.1011	155
17.1045	155
17.1079	155
17.1112	155
17.1146	155
17.118	155
17.1214	155
17.1247	155
17.1281	155
17.1315	155
17.1349	155
17.1382	155
17.1416	155
17.145	155
17.1483	155
17.1517	155
17.1551	155
17.1585	155
17.1618	155
17.1652	155
17.1686	155
17.172	155
17.1753	155
17.1787	155
17.1821	155
17.1855	155
17.1888	155
17.1922	155
17.1956	155
17.1989	155
17.2023	155
17.2057	155
17.2091	155
17.2124	155
17.2158	155
17.2192	155
17.2226	155
17.2259	155
17.2293	155
17.2327	155
17.236	155
17.2394	155
17.2428	155
17.2462	155
17.2495	155
17.2529	155
17.2563	155
17.2597	155
17.263	155
17.2664	155
17.2698	155
17.2731	155
17.2765	155
17.2799	155
17.2833	155
17.2866	155
17.29	155
17.2934	155
17.2968	155
17.3001	155
17.3035	155
17.3069	155
17.3102	155
17.3136	155
17.317	155
17.3204	155
17.3237	155
17.3271	155
17.3305	155
17.3339	155
17.3372	155
17.3406	155
17.344	155
17.3473	155
17.3507	155
17.3541	155
17.3575	155
17.3608	155
17.3642	155
17.3676	155
17.371	155
17.3743	155
17.3777	155
17.3811	155
17.3844	155
17.3878	155
17.3912	155
17.3946	155
17.3979	155
17.4013	155
17.4047	155
17.4081	155
17.4114	155
17.4148	155
17.4182	155
17.4215	155
17.4249	155
17.4283	155
17.4317	155
17.435	155
17.4384	155
17.4418	155
17.4452	155
17.4485	155
17.4519	155
17.4553	155
17.4586	155
17.462	155
17.4654	155
17.4688	155
17.4721	155
17.4755	155
17.4789	155
17.4823	155
17.4856	155
17.489	155
17.4924	155
17.4957	155
17.4991	155
17.5025	155
17.5059	155
17.5092	155
17.5126	155
17.516	155
17.5194	155
17.5227	155
17.5261	155
17.5295	155
17.5328	155
17.5362	155
17.5396	155
17.543	155
17.5463	155
17.5497	155
17.5531	155
17.5565	155
17.5598	155
17.5632	155
17.5666	155
17.5699	155
17.5733	155
17.5767	155
17.5801	155
17.5834	155
17.5868	155
17.5902	155
17.5936	155
17.5969	155
17.6003	155
17.6037	155
17.6071	155
17.6104	155
17.6138	155
17.6172	155
17.6205	155
17.6239	155
17.6273	155
17.6307	155
17.634	155
17.6374	155
17.6408	155
17.6442	155
17.6475	155
17.6509	155
17.6543	155
17.6576	155
17.661	155
17.6644	155
17.6678	155
17.6711	155
17.6745	155
17.6779	155
17.6813	155
17.6846	155
17.688	155
17.6914	155
17.6947	155
17.6981	155
17.7015	155
17.7049	155
17.7082	155
17.7116	155
17.715	155
17.7184	155
17.7217	155
17.7251	155
17.7285	155
17.7318	155
17.7352	155
17.7386	155
17.742	155
17.7453	155
17.7487	155
17.7521	155
17.7555	155
17.7588	155
17.7622	155
17.7656	155
17.7689	155
17.7723	155
17.7757	155
17.7791	155
17.7824	155
17.7858	155
17.7892	155
17.7926	155
17.7959	155
17.7993	155
17.8027	155
17.806	155
17.8094	155
17.8128	155
17.8162	155
17.8195	155
17.8229	155
17.8263	155
17.8297	155
17.833	155
17.8364	155
17.8398	155
17.8431	155
17.8465	155
17.8499	155
17.8533	155
17.8566	155
17.86	155
17.8634	155
17.8668	155
17.8701	155
17.8735	155
17.8769	155
17.8802	155
17.8836	155
17.887	155
17.8904	155
17.8937	155
17.8971	155
17.9005	155
17.9039	155
17.9072	155
17.9106	155
17.914	155
17.9173	155
17.9207	155
17.9241	155
17.9275	155
17.9308	155
17.9342	155
17.9376	155
17.941	155
17.9443	155
17.9477	155
17.9511	155
17.9544	155
17.9578	155
17.9612	155
17.9646	155
17.9679	155
17.9713	155
17.9747	155
17.9781	155
17.9814	155
17.9848	155
17.9882	155
17.9915	155
17.9949	155
17.9983	155
18.0017	155
18.005	155
18.0084	155
18.0118	155
18.0152	155
18.0185	155
18.0219	155
18.0253	155
18.0287	155
18.032	155
18.0354	155
18.0388	155
18.0421	155
18.0455	155
18.0489	155
18.0523	155
18.0556	155
18.059	155
18.0624	155
18.0658	155
18.0691	155
18.0725	155
18.0759	155
18.0792	155
18.0826	155
18.086	155
18.0894	155
18.0927	155
18.0961	155
18.0995	155
18.1029	155
18.1062	155
18.1096	155
18.113	155
18.1163	155
18.1197	155
18.1231	155
18.1265	155
18.1298	155
18.1332	155
18.1366	155
18.14	155
18.1433	155
18.1467	155
18.1501	155
18.1534	155
18.1568	155
18.1602	155
18.1636	155
18.1669	155
18.1703	155
18.1737	155
18.1771	155
18.1804	155
18.1838	155
18.1872	155
18.1905	155
18.1939	155
18.1973	155
18.2007	155
18.204	155
18.2074	155
18.2108	155
18.2142	155
18.2175	155
18.2209	155
18.2243	155
18.2276	155
18.231	155
18.2344	155
18.2378	155
18.2411	155
18.2445	155
18.2479	155
18.2513	155
18.2546	155
18.258	155
18.2614	155
18.2647	155
18.2681	155
18.2715	155
18.2749	155
18.2782	155
18.2816	155
18.285	155
18.2884	155
18.2917	155
18.2951	155
18.2985	155
18.3018	155
18.3052	155
18.3086	155
18.312	155
18.3153	155
18.3187	155
18.3221	155
18.3255	155
18.3288	155
18.3322	155
18.3356	155
18.3389	155
18.3423	155
18.3457	155
18.3491	155
18.3524	155
18.3558	155
18.3592	155
18.3626	155
18.3659	155
18.3693	155
18.3727	155
18.376	155
18.3794	155
18.3828	155
18.3862	155
18.3895	155
18.3929	155
18.3963	155
18.3997	155
18.403	155
18.4064	155
18.4098	155
18.4131	155
18.4165	155
18.4199	155
18.4233	155
18.4266	155
18.43	155
18.4334	155
18.4368	155
18.4401	155
18.4435	155
18.4469	155
18.4503	155
18.4536	155
18.457	155
18.4604	155
18.4637	155
18.4671	155
18.4705	155
18.4739	155
18.4772	155
18.4806	155
18.484	155
18.4874	155
18.4907	155
18.4941	155
18.4975	155
18.5008	155
18.5042	155
18.5076	155
18.511	155
18.5143	155
18.5177	155
18.5211	155
18.5245	155
18.5278	155
18.5312	155
18.5346	155
18.5379	155
18.5413	155
18.5447	155
18.5481	155
18.5514	155
18.5548	155
18.5582	155
18.5616	155
18.5649	155
18.5683	155
18.5717	155
18.575	155
18.5784	155
18.5818	155
18.5852	155
18.5885	155
18.5919	155
18.5953	155
18.5987	155
18.602	155
18.6054	155
18.6088	155
18.6121	155
18.6155	155
18.6189	155
18.6223	155
18.6256	155
18.629	155
18.6324	155
18.6358	155
18.6391	155
18.6425	155
18.6459	155
18.6492	155
18.6526	155
18.656	155
18.6594	155
18.6627	155
18.6661	155
18.6695	155
18.6729	155
18.6762	155
18.6796	155
18.683	155
18.6863	155
18.6897	155
18.6931	155
18.6965	155
18.6998	155
18.7032	155
18.7066	155
18.71	155
18.7133	155
18.7167	155
18.7201	155
18.7234	155
18.7268	155
18.7302	155
18.7336	155
18.7369	155
18.7403	155
18.7437	155
18.7471	155
18.7504	155
18.7538	155
18.7572	155
18.7605	155
18.7639	155
18.7673	155
18.7707	155
18.774	155
18.7774	155
18.7808	155
18.7842	155
18.7875	155
18.7909	155
18.7943	155
18.7976	155
18.801	155
18.8044	155
18.8078	155
18.8111	155
18.8145	155
18.8179	155
18.8213	155
18.8246	155
18.828	155
18.8314	155
18.8347	155
18.8381	155
18.8415	155
18.8449	155
18.8482	155
18.8516	155
18.855	155
18.8584	155
18.8617	155
18.8651	155
18.8685	155
18.8719	155
18.8752	155
18.8786	155
18.882	155
18.8853	155
18.8887	155
18.8921	155
18.8955	155
18.8988	155
18.9022	155
18.9056	155
18.909	155
18.9123	155
18.9157	155
18.9191	155
18.9224	155
18.9258	155
18.9292	155
18.9326	155
18.9359	155
18.9393	155
18.9427	155
18.9461	155
18.9494	155
18.9528	155
18.9562	155
18.9595	155
18.9629	155
18.9663	155
18.9697	155
18.973	155
18.9764	155
18.9798	155
18.9832	155
18.9865	155
18.9899	155
18.9933	155
18.9966	155
19	155
19.0034	155
19.0068	155
19.0101	155
19.0135	155
19.0169	155
19.0203	155
19.0236	155
19.027	155
19.0304	155
19.0337	155
19.0371	155
19.0405	155
19.0439	155
19.0472	155
19.0506	155
19.054	155
19.0574	155
19.0607	155
19.0641	155
19.0675	155
19.0708	155
19.0742	155
19.0776	155
19.081	155
19.0843	155
19.0877	155
19.0911	155
19.0945	155
19.0978	155
19.1012	155
19.1046	155
19.1079	155
19.1113	155
19.1147	155
19.1181	155
19.1214	155
19.1248	155
19.1282	155
19.1316	155
19.1349	155
19.1383	155
19.1417	155
19.145	155
19.1484	155
19.1518	155
19.1552	155
19.1585	155
19.1619	155
19.1653	155
19.1687	155
19.172	155
19.1754	155
19.1788	155
19.1821	155
19.1855	155
19.1889	155
19.1923	155
19.1956	155
19.199	155
19.2024	155
19.2058	155
19.2091	155
19.2125	155
19.2159	155
19.2192	155
19.2226	155
19.226	155
19.2294	155
19.2327	155
19.2361	155
19.2395	155
19.2429	155
19.2462	155
19.2496	155
19.253	155
19.2563	155
19.2597	155
19.2631	155
19.2665	155
19.2698	155
19.2732	155
19.2766	155
19.28	155
19.2833	155
19.2867	155
19.2901	155
19.2935	155
19.2968	155
19.3002	155
19.3036	155
19.3069	155
19.3103	155
19.3137	155
19.3171	155
19.3204	155
19.3238	155
19.3272	155
19.3306	155
19.3339	155
19.3373	155
19.3407	155
19.344	155
19.3474	155
19.3508	155
19.3542	155
19.3575	155
19.3609	155
19.3643	155
19.3677	155
19.371	155
19.3744	155
19.3778	155
19.3811	155
19.3845	155
19.3879	155
19.3913	155
19.3946	155
19.398	155
19.4014	155
19.4048	155
19.4081	155
19.4115	155
19.4149	155
19.4182	155
19.4216	155
19.425	155
19.4284	155
19.4317	155
19.4351	155
19.4385	155
19.4419	155
19.4452	155
19.4486	155
19.452	155
19.4553	155
19.4587	155
19.4621	155
19.4655	155
19.4688	155
19.4722	155
19.4756	155
19.479	155
19.4823	155
19.4857	155
19.4891	155
19.4924	155
19.4958	155
19.4992	155
19.5026	155
19.5059	155
19.5093	155
19.5127	155
19.5161	155
19.5194	155
19.5228	155
19.5262	155
19.5295	155
19.5329	155
19.5363	155
19.5397	155
19.543	155
19.5464	155
19.5498	155
19.5532	155
19.5565	155
19.5599	155
19.5633	155
19.5666	155
19.57	155
19.5734	155
19.5768	155
19.5801	155
19.5835	155
19.5869	155
19.5903	155
19.5936	155
19.597	155
19.6004	155
19.6037	155
19.6071	155
19.6105	155
19.6139	155
19.6172	155
19.6206	155
19.624	155
19.6274	155
19.6307	155
19.6341	155
19.6375	155
19.6408	155
19.6442	155
19.6476	155
19.651	155
19.6543	155
19.6577	155
19.6611	155
19.6645	155
19.6678	155
19.6712	155
19.6746	155
19.6779	155
19.6813	155
19.6847	155
19.6881	155
19.6914	155
19.6948	155
19.6982	155
19.7016	155
19.7049	155
19.7083	155
19.7117	155
19.7151	155
19.7184	155
19.7218	155
19.7252	155
19.7285	155
19.7319	155
19.7353	155
19.7387	155
19.742	155
19.7454	155
19.7488	155
19.7522	155
19.7555	155
19.7589	155
19.7623	155
19.7656	155
19.769	155
19.7724	155
19.7758	155
19.7791	155
19.7825	155
19.7859	155
19.7893	155
19.7926	155
19.796	155
19.7994	155
19.8027	155
19.8061	155
19.8095	155
19.8129	155
19.8162	155
19.8196	155
19.823	155
19.8264	155
19.8297	155
19.8331	155
19.8365	155
19.8398	155
19.8432	155
19.8466	155
19.85	155
19.8533	155
19.8567	155
19.8601	155
19.8635	155
19.8668	155
19.8702	155
19.8736	155
19.8769	155
19.8803	155
19.8837	155
19.8871	155
19.8904	155
19.8938	155
19.8972	155
19.9006	155
19.9039	155
19.9073	155
19.9107	155
19.914	155
19.9174	155
19.9208	155
19.9242	155
19.9275	155
19.9309	155
19.9343	155
19.9377	155
19.941	155
19.9444	155
19.9478	155
19.9511	155
19.9545	155
19.9579	155
19.9613	155
19.9646	155
19.968	155
19.9714	155
19.9748	155
19.9781	155
19.9815	155
19.9849	155
19.9882	155
19.9916	155
19.995	155
19.9984	155
20.0017	155
20.0051	155
20.0085	155
20.0119	155
20.0152	155
20.0186	155
20.022	155
20.0253	155
20.0287	155
20.0321	155
20.0355	155
20.0388	155
20.0422	155
20.0456	155
20.049	155
20.0523	155
20.0557	155
20.0591	155
20.0624	155
20.0658	155
20.0692	155
20.0726	155
20.0759	155
20.0793	155
20.0827	155
20.0861	155
20.0894	155
20.0928	155
20.0962	155
20.0995	155
20.1029	155
20.1063	155
20.1097	155
20.113	155
20.1164	155
20.1198	155
20.1232	155
20.1265	155
20.1299	155
20.1333	155
20.1367	155
20.14	155
20.1434	155
20.1468	155
20.1501	155
20.1535	155
20.1569	155
20.1603	155
20.1636	155
20.167	155
20.1704	155
20.1738	155
20.1771	155
20.1805	155
20.1839	155
20.1872	155
20.1906	155
20.194	155
20.1974	155
20.2007	155
20.2041	155
20.2075	155
20.2109	155
20.2142	155
20.2176	155
20.221	155
20.2243	155
20.2277	155
20.2311	155
20.2345	155
20.2378	155
20.2412	155
20.2446	155
20.248	155
20.2513	155
20.2547	155
20.2581	155
20.2614	155
20.2648	155
20.2682	155
20.2716	155
20.2749	155
20.2783	155
20.2817	155
20.2851	155
20.2884	155
20.2918	155
20.2952	155
20.2985	155
20.3019	155
20.3053	155
20.3087	155
20.312	155
20.3154	155
20.3188	155
20.3222	155
20.3255	155
20.3289	155
20.3323	155
20.3356	155
20.339	155
20.3424	155
20.3458	155
20.3491	155
20.3525	155
20.3559	155
20.3593	155
20.3626	155
20.366	155
20.3694	155
20.3727	155
20.3761	155
20.3795	155
20.3829	155
20.3862	155
20.3896	155
20.393	155
20.3964	155
20.3997	155
20.4031	155
20.4065	155
20.4098	155
20.4132	155
20.4166	155
20.42	155
20.4233	155
20.4267	155
20.4301	155
20.4335	155
20.4368	155
20.4402	155
20.4436	155
20.4469	155
20.4503	155
20.4537	155
20.4571	155
20.4604	155
20.4638	155
20.4672	155
20.4706	155
20.4739	155
20.4773	155
20.4807	155
20.484	155
20.4874	155
20.4908	155
20.4942	155
20.4975	155
20.5009	155
20.5043	155
20.5077	155
20.511	155
20.5144	155
20.5178	155
20.5211	155
20.5245	155
20.5279	155
20.5313	155
20.5346	155
20.538	155
20.5414	155
20.5448	155
20.5481	155
20.5515	155
20.5549	155
20.5583	155
20.5616	155
20.565	155
20.5684	155
20.5717	155
20.5751	155
20.5785	155
20.5819	155
20.5852	155
20.5886	155
20.592	155
20.5954	155
20.5987	155
20.6021	155
20.6055	155
20.6088	155
20.6122	155
20.6156	155
20.619	155
20.6223	155
20.6257	155
20.6291	155
20.6325	155
20.6358	155
20.6392	155
20.6426	155
20.6459	155
20.6493	155
20.6527	155
20.6561	155
20.6594	155
20.6628	155
20.6662	155
20.6696	155
20.6729	155
20.6763	155
20.6797	155
20.683	155
20.6864	155
20.6898	155
20.6932	155
20.6965	155
20.6999	155
20.7033	155
20.7067	155
20.71	155
20.7134	155
20.7168	155
20.7201	155
20.7235	155
20.7269	155
20.7303	155
20.7336	155
20.737	155
20.7404	155
20.7438	155
20.7471	155
20.7505	155
20.7539	155
20.7572	155
20.7606	155
20.764	155
20.7674	155
20.7707	155
20.7741	155
20.7775	155
20.7809	155
20.7842	155
20.7876	155
20.791	155
20.7943	155
20.7977	155
20.8011	155
20.8045	155
20.8078	155
20.8112	155
20.8146	155
20.818	155
20.8213	155
20.8247	155
20.8281	155
20.8314	155
20.8348	155
20.8382	155
20.8416	155
20.8449	155
20.8483	155
20.8517	155
20.8551	155
20.8584	155
20.8618	155
20.8652	155
20.8685	155
20.8719	155
20.8753	155
20.8787	155
20.882	155
20.8854	155
20.8888	155
20.8922	155
20.8955	155
20.8989	155
20.9023	155
20.9056	155
20.909	155
20.9124	155
20.9158	155
20.9191	155
20.9225	155
20.9259	155
20.9293	155
20.9326	155
20.936	155
20.9394	155
20.9427	155
20.9461	155
20.9495	155
20.9529	155
20.9562	155
20.9596	155
20.963	155
20.9664	155
20.9697	155
20.9731	155
20.9765	155
20.9799	155
20.9832	155
20.9866	155
20.99	155
20.9933	155
20.9967	155
21.0001	155
21.0035	155
21.0068	155
21.0102	155
21.0136	155
21.017	155
21.0203	155
21.0237	155
21.0271	155
21.0304	155
21.0338	155
21.0372	155
21.0406	155
21.0439	155
21.0473	155
21.0507	155
21.0541	155
21.0574	155
21.0608	155
21.0642	155
21.0675	155
21.0709	155
21.0743	155
21.0777	155
21.081	155
21.0844	155
21.0878	155
21.0912	155
21.0945	155
21.0979	155
21.1013	155
21.1046	155
21.108	155
21.1114	155
21.1148	155
21.1181	155
21.1215	155
21.1249	155
21.1283	155
21.1316	155
21.135	155
21.1384	155
21.1417	155
21.1451	155
21.1485	155
21.1519	155
21.1552	155
21.1586	155
21.162	155
21.1654	155
21.1687	155
21.1721	155
21.1755	155
21.1788	155
21.1822	155
21.1856	155
21.189	155
21.1923	155
21.1957	155
21.1991	155
21.2025	155
21.2058	155
21.2092	155
21.2126	155
21.2159	155
21.2193	155
21.2227	155
21.2261	155
21.2294	155
21.2328	155
21.2362	155
21.2396	155
21.2429	155
21.2463	155
21.2497	155
21.253	155
21.2564	155
21.2598	155
21.2632	155
21.2665	155
21.2699	155
21.2733	155
21.2767	155
21.28	155
21.2834	155
21.2868	155
21.2901	155
21.2935	155
21.2969	155
21.3003	155
21.3036	155
21.307	155
21.3104	155
21.3138	155
21.3171	155
21.3205	155
21.3239	155
21.3272	155
21.3306	155
21.334	155
21.3374	155
21.3407	155
21.3441	155
21.3475	155
21.3509	155
21.3542	155
21.3576	155
21.361	155
21.3643	155
21.3677	155
21.3711	155
21.3745	155
21.3778	155
21.3812	155
21.3846	155
21.388	155
21.3913	155
21.3947	155
21.3981	155
21.4015	155
21.4048	155
21.4082	155
21.4116	155
21.4149	155
21.4183	155
21.4217	155
21.4251	155
21.4284	155
21.4318	155
21.4352	155
21.4386	155
21.4419	155
21.4453	155
21.4487	155
21.452	155
21.4554	155
21.4588	155
21.4622	155
21.4655	155
21.4689	155
21.4723	155
21.4757	155
21.479	155
21.4824	155
21.4858	155
21.4891	155
21.4925	155
21.4959	155
21.4993	155
21.5026	155
21.506	155
21.5094	155
21.5128	155
21.5161	155
21.5195	155
21.5229	155
21.5262	155
21.5296	155
21.533	155
21.5364	155
21.5397	155
21.5431	155
21.5465	155
21.5499	155
21.5532	155
21.5566	155
21.56	155
21.5633	155
21.5667	155
21.5701	155
21.5735	155
21.5768	155
21.5802	155
21.5836	155
21.587	155
21.5903	155
21.5937	155
21.5971	155
21.6004	155
21.6038	155
21.6072	155
21.6106	155
21.6139	155
21.6173	155
21.6207	155
21.6241	155
21.6274	155
21.6308	155
21.6342	155
21.6375	155
21.6409	155
21.6443	155
21.6477	155
21.651	155
21.6544	155
21.6578	155
21.6612	155
21.6645	155
21.6679	155
21.6713	155
21.6746	155
21.678	155
21.6814	155
21.6848	155
21.6881	155
21.6915	155
21.6949	155
21.6983	155
21.7016	155
21.705	155
21.7084	155
21.7117	155
21.7151	155
21.7185	155
21.7219	155
21.7252	155
21.7286	155
21.732	155
21.7354	155
21.7387	155
21.7421	155
21.7455	155
21.7488	155
21.7522	155
21.7556	155
21.759	155
21.7623	155
21.7657	155
21.7691	155
21.7725	155
21.7758	155
21.7792	155
21.7826	155
21.7859	155
21.7893	155
21.7927	155
21.7961	155
21.7994	155
21.8028	155
21.8062	155
21.8096	155
21.8129	155
21.8163	155
21.8197	155
21.8231	155
21.8264	155
21.8298	155
21.8332	155
21.8365	155
21.8399	155
21.8433	155
21.8467	155
21.85	155
21.8534	155
21.8568	155
21.8602	155
21.8635	155
21.8669	155
21.8703	155
21.8736	155
21.877	155
21.8804	155
21.8838	155
21.8871	155
21.8905	155
21.8939	155
21.8973	155
21.9006	155
21.904	155
21.9074	155
21.9107	155
21.9141	155
21.9175	155
21.9209	155
21.9242	155
21.9276	155
21.931	155
21.9344	155
21.9377	155
21.9411	155
21.9445	155
21.9478	155
21.9512	155
21.9546	155
21.958	155
21.9613	155
21.9647	155
21.9681	155
21.9715	155
21.9748	155
21.9782	155
21.9816	155
21.9849	155
21.9883	155
21.9917	155
21.9951	155
21.9984	155
22.0018	155
22.0052	155
22.0086	155
22.0119	155
22.0153	155
22.0187	155
22.022	155
22.0254	155
22.0288	155
22.0322	155
22.0355	155
22.0389	155
22.0423	155
22.0457	155
22.049	155
22.0524	155
22.0558	155
22.0591	155
22.0625	155
22.0659	155
22.0693	155
22.0726	155
22.076	155
22.0794	155
22.0828	155
22.0861	155
22.0895	155
22.0929	155
22.0962	155
22.0996	155
22.103	155
22.1064	155
22.1097	155
22.1131	155
22.1165	155
22.1199	155
22.1232	155
22.1266	155
22.13	155
22.1333	155
22.1367	155
22.1401	155
22.1435	155
22.1468	155
22.1502	155
22.1536	155
22.157	155
22.1603	155
22.1637	155
22.1671	155
22.1704	155
22.1738	155
22.1772	155
22.1806	155
22.1839	155
22.1873	155
22.1907	155
22.1941	155
22.1974	155
22.2008	155
22.2042	155
22.2075	155
22.2109	155
22.2143	155
22.2177	155
22.221	155
22.2244	155
22.2278	155
22.2312	155
22.2345	155
22.2379	155
22.2413	155
22.2447	155
22.248	155
22.2514	155
22.2548	155
22.2581	155
22.2615	155
22.2649	155
22.2683	155
22.2716	155
22.275	155
22.2784	155
22.2818	155
22.2851	155
22.2885	155
22.2919	155
22.2952	155
22.2986	155
22.302	155
22.3054	155
22.3087	155
22.3121	155
22.3155	155
22.3189	155
22.3222	155
22.3256	155
22.329	155
22.3323	155
22.3357	155
22.3391	155
22.3425	155
22.3458	155
22.3492	155
22.3526	155
22.356	155
22.3593	155
22.3627	155
22.3661	155
22.3694	155
22.3728	155
22.3762	155
22.3796	155
22.3829	155
22.3863	155
22.3897	155
22.3931	155
22.3964	155
22.3998	155
22.4032	155
22.4065	155
22.4099	155
22.4133	155
22.4167	155
22.42	155
22.4234	155
22.4268	155
22.4302	155
22.4335	155
22.4369	155
22.4403	155
22.4436	155
22.447	155
22.4504	155
22.4538	155
22.4571	155
22.4605	155
22.4639	155
22.4673	155
22.4706	155
22.474	155
22.4774	155
22.4807	155
22.4841	155
22.4875	155
22.4909	155
22.4942	155
22.4976	155
22.501	155
22.5044	155
22.5077	155
22.5111	155
22.5145	155
22.5178	155
22.5212	155
22.5246	155
22.528	155
22.5313	155
22.5347	155
22.5381	155
22.5415	155
22.5448	155
22.5482	155
22.5516	155
22.5549	155
22.5583	155
22.5617	155
22.5651	155
22.5684	155
22.5718	155
22.5752	155
22.5786	155
22.5819	155
22.5853	155
22.5887	155
22.592	155
22.5954	155
22.5988	155
22.6022	155
22.6055	155
22.6089	155
22.6123	155
22.6157	155
22.619	155
22.6224	155
22.6258	155
22.6291	155
22.6325	155
22.6359	155
22.6393	155
22.6426	155
22.646	155
22.6494	155
22.6528	155
22.6561	155
22.6595	155
22.6629	155
22.6663	155
22.6696	155
22.673	155
22.6764	155
22.6797	155
22.6831	155
22.6865	155
22.6899	155
22.6932	155
22.6966	155
22.7	155
22.7034	155
22.7067	155
22.7101	155
22.7135	155
22.7168	155
22.7202	155
22.7236	155
22.727	155
22.7303	155
22.7337	155
22.7371	155
22.7405	155
22.7438	155
22.7472	155
22.7506	155
22.7539	155
22.7573	155
22.7607	155
22.7641	155
22.7674	155
22.7708	155
22.7742	155
22.7776	155
22.7809	155
22.7843	155
22.7877	155
22.791	155
22.7944	155
22.7978	155
22.8012	155
22.8045	155
22.8079	155
22.8113	155
22.8147	155
22.818	155
22.8214	155
22.8248	155
22.8281	155
22.8315	155
22.8349	155
22.8383	155
22.8416	155
22.845	155
22.8484	155
22.8518	155
22.8551	155
22.8585	155
22.8619	155
22.8652	155
22.8686	155
22.872	155
22.8754	155
22.8787	155
22.8821	155
22.8855	155
22.8889	155
22.8922	155
22.8956	155
22.899	155
22.9023	155
22.9057	155
22.9091	155
22.9125	155
22.9158	155
22.9192	155
22.9226	155
22.926	155
22.9293	155
22.9327	155
22.9361	155
22.9394	155
22.9428	155
22.9462	155
22.9496	155
22.9529	155
22.9563	155
22.9597	155
22.9631	155
22.9664	155
22.9698	155
22.9732	155
22.9765	155
22.9799	155
22.9833	155
22.9867	155
22.99	155
22.9934	155
22.9968	155
23.0002	155
23.0035	155
23.0069	155
23.0103	155
23.0136	155
23.017	155
23.0204	155
23.0238	155
23.0271	155
23.0305	155
23.0339	155
23.0373	155
23.0406	155
23.044	155
23.0474	155
23.0507	155
23.0541	155
23.0575	155
23.0609	155
23.0642	155
23.0676	155
23.071	155
23.0744	155
23.0777	155
23.0811	155
23.0845	155
23.0879	155
23.0912	155
23.0946	155
23.098	155
23.1013	155
23.1047	155
23.1081	155
23.1115	155
23.1148	155
23.1182	155
23.1216	155
23.125	155
23.1283	155
23.1317	155
23.1351	155
23.1384	155
23.1418	155
23.1452	155
23.1486	155
23.1519	155
23.1553	155
23.1587	155
23.1621	155
23.1654	155
23.1688	155
23.1722	155
23.1755	155
23.1789	155
23.1823	155
23.1857	155
23.189	155
23.1924	155
23.1958	155
23.1992	155
23.2025	155
23.2059	155
23.2093	155
23.2126	155
23.216	155
23.2194	155
23.2228	155
23.2261	155
23.2295	155
23.2329	155
23.2363	155
23.2396	155
23.243	155
23.2464	155
23.2497	155
23.2531	155
23.2565	155
23.2599	155
23.2632	155
23.2666	155
23.27	155
23.2734	155
23.2767	155
23.2801	155
23.2835	155
23.2868	155
23.2902	155
23.2936	155
23.297	155
23.3003	155
23.3037	155
23.3071	155
23.3105	155
23.3138	155
23.3172	155
23.3206	155
23.3239	155
23.3273	155
23.3307	155
23.3341	155
23.3374	155
23.3408	155
23.3442	155
23.3476	155
23.3509	155
23.3543	155
23.3577	155
23.361	155
23.3644	155
23.3678	155
23.3712	155
23.3745	155
23.3779	155
23.3813	155
23.3847	155
23.388	155
23.3914	155
23.3948	155
23.3981	155
23.4015	155
23.4049	155
23.4083	155
23.4116	155
23.415	155
23.4184	155
23.4218	155
23.4251	155
23.4285	155
23.4319	155
23.4352	155
23.4386	155
23.442	155
23.4454	155
23.4487	155
23.4521	155
23.4555	155
23.4589	155
23.4622	155
23.4656	155
23.469	155
23.4723	155
23.4757	155
23.4791	155
23.4825	155
23.4858	155
23.4892	155
23.4926	155
23.496	155
23.4993	155
23.5027	155
23.5061	155
23.5095	155
23.5128	155
23.5162	155
23.5196	155
23.5229	155
23.5263	155
23.5297	155
23.5331	155
23.5364	155
23.5398	155
23.5432	155
23.5466	155
23.5499	155
23.5533	155
23.5567	155
23.56	155
23.5634	155
23.5668	155
23.5702	155
23.5735	155
23.5769	155
23.5803	155
23.5837	155
23.587	155
23.5904	155
23.5938	155
23.5971	155
23.6005	155
23.6039	155
23.6073	155
23.6106	155
23.614	155
23.6174	155
23.6208	155
23.6241	155
23.6275	155
23.6309	155
23.6342	155
23.6376	155
23.641	155
23.6444	155
23.6477	155
23.6511	155
23.6545	155
23.6579	155
23.6612	155
23.6646	155
23.668	155
23.6713	155
23.6747	155
23.6781	155
23.6815	155
23.6848	155
23.6882	155
23.6916	155
23.695	155
23.6983	155
23.7017	155
23.7051	155
23.7084	155
23.7118	155
23.7152	155
23.7186	155
23.7219	155
23.7253	155
23.7287	155
23.7321	155
23.7354	155
23.7388	155
23.7422	155
23.7455	155
23.7489	155
23.7523	155
23.7557	155
23.759	155
23.7624	155
23.7658	155
23.7692	155
23.7725	155
23.7759	155
23.7793	155
23.7826	155
23.786	155
23.7894	155
23.7928	155
23.7961	155
23.7995	155
23.8029	155
23.8063	155
23.8096	155
23.813	155
23.8164	155
23.8197	155
23.8231	155
23.8265	155
23.8299	155
23.8332	155
23.8366	155
23.84	155
23.8434	155
23.8467	155
23.8501	155
23.8535	155
23.8568	155
23.8602	155
23.8636	155
23.867	155
23.8703	155
23.8737	155
23.8771	155
23.8805	155
23.8838	155
23.8872	155
23.8906	155
23.8939	155
23.8973	155
23.9007	155
23.9041	155
23.9074	155
23.9108	155
23.9142	155
23.9176	155
23.9209	155
23.9243	155
23.9277	155
23.9311	155
23.9344	155
23.9378	155
23.9412	155
23.9445	155
23.9479	155
23.9513	155
23.9547	155
23.958	155
23.9614	155
23.9648	155
23.9682	155
23.9715	155
23.9749	155
23.9783	155
23.9816	155
23.985	155
23.9884	155
23.9918	155
23.9951	155
23.9985	155
24.0019	155
24.0053	155
24.0086	155
24.012	155
24.0154	155
24.0187	155
24.0221	155
24.0255	155
24.0289	155
24.0322	155
24.0356	155
24.039	155
24.0424	155
24.0457	155
24.0491	155
24.0525	155
24.0558	155
24.0592	155
24.0626	155
24.066	155
24.0693	155
24.0727	155
24.0761	155
24.0795	155
24.0828	155
24.0862	155
24.0896	155
24.0929	155
24.0963	155
24.0997	155
24.1031	155
24.1064	155
24.1098	155
24.1132	155
24.1166	155
24.1199	155
24.1233	155
24.1267	155
24.13	155
24.1334	155
24.1368	155
24.1402	155
24.1435	155
24.1469	155
24.1503	155
24.1537	155
24.157	155
24.1604	155
24.1638	155
24.1671	155
24.1705	155
24.1739	155
24.1773	155
24.1806	155
24.184	155
24.1874	155
24.1908	155
24.1941	155
24.1975	155
24.2009	155
24.2042	155
24.2076	155
24.211	155
24.2144	155
24.2177	155
24.2211	155
24.2245	155
24.2279	155
24.2312	155
24.2346	155
24.238	155
24.2413	155
24.2447	155
24.2481	155
24.2515	155
24.2548	155
24.2582	155
24.2616	155
24.265	155
24.2683	155
24.2717	155
24.2751	155
24.2784	155
24.2818	155
24.2852	155
24.2886	155
24.2919	155
24.2953	155
24.2987	155
24.3021	155
24.3054	155
24.3088	155
24.3122	155
24.3155	155
24.3189	155
24.3223	155
24.3257	155
24.329	155
24.3324	155
24.3358	155
24.3392	155
24.3425	155
24.3459	155
24.3493	155
24.3527	155
24.356	155
24.3594	155
24.3628	155
24.3661	155
24.3695	155
24.3729	155
24.3763	155
24.3796	155
24.383	155
24.3864	155
24.3898	155
24.3931	155
24.3965	155
24.3999	155
24.4032	155
24.4066	155
24.41	155
24.4134	155
24.4167	155
24.4201	155
24.4235	155
24.4269	155
24.4302	155
24.4336	155
24.437	155
24.4403	155
24.4437	155
24.4471	155
24.4505	155
24.4538	155
24.4572	155
24.4606	155
24.464	155
24.4673	155
24.4707	155
24.4741	155
24.4774	155
24.4808	155
24.4842	155
24.4876	155
24.4909	155
24.4943	155
24.4977	155
24.5011	155
24.5044	155
24.5078	155
24.5112	155
24.5145	155
24.5179	155
24.5213	155
24.5247	155
24.528	155
24.5314	155
24.5348	155
24.5382	155
24.5415	155
24.5449	155
24.5483	155
24.5516	155
24.555	155
24.5584	155
24.5618	155
24.5651	155
24.5685	155
24.5719	155
24.5753	155
24.5786	155
24.582	155
24.5854	155
24.5887	155
24.5921	155
24.5955	155
24.5989	155
24.6022	155
24.6056	155
24.609	155
24.6124	155
24.6157	155
24.6191	155
24.6225	155
24.6258	155
24.6292	155
24.6326	155
24.636	155
24.6393	155
24.6427	155
24.6461	155
24.6495	155
24.6528	155
24.6562	155
24.6596	155
24.6629	155
24.6663	155
24.6697	155
24.6731	155
24.6764	155
24.6798	155
24.6832	155
24.6866	155
24.6899	155
24.6933	155
24.6967	155
24.7	155
24.7034	155
24.7068	155
24.7102	155
24.7135	155
24.7169	155
24.7203	155
24.7237	155
24.727	155
24.7304	155
24.7338	155
24.7371	155
24.7405	155
24.7439	155
24.7473	155
24.7506	155
24.754	155
24.7574	155
24.7608	155
24.7641	155
24.7675	155
24.7709	155
24.7743	155
24.7776	155
24.781	155
24.7844	155
24.7877	155
24.7911	155
24.7945	155
24.7979	155
24.8012	155
24.8046	155
24.808	155
24.8114	155
24.8147	155
24.8181	155
24.8215	155
24.8248	155
24.8282	155
24.8316	155
24.835	155
24.8383	155
24.8417	155
24.8451	155
24.8485	155
24.8518	155
24.8552	155
24.8586	155
24.8619	155
24.8653	155
24.8687	155
24.8721	155
24.8754	155
24.8788	155
24.8822	155
24.8856	155
24.8889	155
24.8923	155
24.8957	155
24.899	155
24.9024	155
24.9058	155
24.9092	155
24.9125	155
24.9159	155
24.9193	155
24.9227	155
24.926	155
24.9294	155
24.9328	155
24.9361	155
24.9395	155
24.9429	155
24.9463	155
24.9496	155
24.953	155
24.9564	155
24.9598	155
24.9631	155
24.9665	155
24.9699	155
24.9732	155
24.9766	155
24.98	155
24.9834	155
24.9867	155
24.9901	155
24.9935	155
24.9969	155
25.0002	155
25.0036	155
25.007	155
25.0103	155
25.0137	155
25.0171	155
25.0205	155
25.0238	155
25.0272	155
25.0306	155
25.034	155
25.0373	155
25.0407	155
25.0441	155
25.0474	155
25.0508	155
25.0542	155
25.0576	155
25.0609	155
25.0643	155
25.0677	155
25.0711	155
25.0744	155
25.0778	155
25.0812	155
25.0845	155
25.0879	155
25.0913	155
25.0947	155
25.098	155
25.1014	155
25.1048	155
25.1082	155
25.1115	155
25.1149	155
25.1183	155
25.1216	155
25.125	155
25.1284	155
25.1318	155
25.1351	155
25.1385	155
25.1419	155
25.1453	155
25.1486	155
25.152	155
25.1554	155
25.1587	155
25.1621	155
25.1655	155
25.1689	155
25.1722	155
25.1756	155
25.179	155
25.1824	155
25.1857	155
25.1891	155
25.1925	155
25.1959	155
25.1992	155
25.2026	155
25.206	155
25.2093	155
25.2127	155
25.2161	155
25.2195	155
25.2228	155
25.2262	155
25.2296	155
25.233	155
25.2363	155
25.2397	155
25.2431	155
25.2464	155
25.2498	155
25.2532	155
25.2566	155
25.2599	155
25.2633	155
25.2667	155
25.2701	155
25.2734	155
25.2768	155
25.2802	155
25.2835	155
25.2869	155
25.2903	155
25.2937	155
25.297	155
25.3004	155
25.3038	155
25.3072	155
25.3105	155
25.3139	155
25.3173	155
25.3206	155
25.324	155
25.3274	155
25.3308	155
25.3341	155
25.3375	155
25.3409	155
25.3443	155
25.3476	155
25.351	155
25.3544	155
25.3577	155
25.3611	155
25.3645	155
25.3679	155
25.3712	155
25.3746	155
25.378	155
25.3814	155
25.3847	155
25.3881	155
25.3915	155
25.3948	155
25.3982	155
25.4016	155
25.405	155
25.4083	155
25.4117	155
25.4151	155
25.4185	155
25.4218	155
25.4252	155
25.4286	155
25.4319	155
25.4353	155
25.4387	155
25.4421	155
25.4454	155
25.4488	155
25.4522	155
25.4556	155
25.4589	155
25.4623	155
25.4657	155
25.469	155
25.4724	155
25.4758	155
25.4792	155
25.4825	155
25.4859	155
25.4893	155
25.4927	155
25.496	155
25.4994	155
25.5028	155
25.5061	155
25.5095	155
25.5129	155
25.5163	155
25.5196	155
25.523	155
25.5264	155
25.5298	155
25.5331	155
25.5365	155
25.5399	155
25.5432	155
25.5466	155
25.55	155
25.5534	155
25.5567	155
25.5601	155
25.5635	155
25.5669	155
25.5702	155
25.5736	155
25.577	155
25.5803	155
25.5837	155
25.5871	155
25.5905	155
25.5938	155
25.5972	155
25.6006	155
25.604	155
25.6073	155
25.6107	155
25.6141	155
25.6175	155
25.6208	155
25.6242	155
25.6276	155
25.6309	155
25.6343	155
25.6377	155
25.6411	155
25.6444	155
25.6478	155
25.6512	155
25.6546	155
25.6579	155
25.6613	155
25.6647	155
25.668	155
25.6714	155
25.6748	155
25.6782	155
25.6815	155
25.6849	155
25.6883	155
25.6917	155
25.695	155
25.6984	155
25.7018	155
25.7051	155
25.7085	155
25.7119	155
25.7153	155
25.7186	155
25.722	155
25.7254	155
25.7288	155
25.7321	155
25.7355	155
25.7389	155
25.7422	155
25.7456	155
25.749	155
25.7524	155
25.7557	155
25.7591	155
25.7625	155
25.7659	155
25.7692	155
25.7726	155
25.776	155
25.7793	155
25.7827	155
25.7861	155
25.7895	155
25.7928	155
25.7962	155
25.7996	155
25.803	155
25.8063	155
25.8097	155
25.8131	155
25.8164	155
25.8198	155
25.8232	155
25.8266	155
25.8299	155
25.8333	155
25.8367	155
25.8401	155
25.8434	155
25.8468	155
25.8502	155
25.8535	155
25.8569	155
25.8603	155
25.8637	155
25.867	155
25.8704	155
25.8738	155
25.8772	155
25.8805	155
25.8839	155
25.8873	155
25.8906	155
25.894	155
25.8974	155
25.9008	155
25.9041	155
25.9075	155
25.9109	155
25.9143	155
25.9176	155
25.921	155
25.9244	155
25.9277	155
25.9311	155
25.9345	155
25.9379	155
25.9412	155
25.9446	155
25.948	155
25.9514	155
25.9547	155
25.9581	155
25.9615	155
25.9648	155
25.9682	155
25.9716	155
25.975	155
25.9783	155
25.9817	155
25.9851	155
25.9885	155
25.9918	155
25.9952	155
25.9986	155
26.0019	155
26.0053	155
26.0087	155
26.0121	155
26.0154	155
26.0188	155
26.0222	155
26.0256	155
26.0289	155
26.0323	155
26.0357	155
26.0391	155
26.0424	155
26.0458	155
26.0492	155
26.0525	155
26.0559	155
26.0593	155
26.0627	155
26.066	155
26.0694	155
26.0728	155
26.0762	155
26.0795	155
26.0829	155
26.0863	155
26.0896	155
26.093	155
26.0964	155
26.0998	155
26.1031	155
26.1065	155
26.1099	155
26.1133	155
26.1166	155
26.12	155
26.1234	155
26.1267	155
26.1301	155
26.1335	155
26.1369	155
26.1402	155
26.1436	155
26.147	155
26.1504	155
26.1537	155
26.1571	155
26.1605	155
26.1638	155
26.1672	155
26.1706	155
26.174	155
26.1773	155
26.1807	155
26.1841	155
26.1875	155
26.1908	155
26.1942	155
26.1976	155
26.2009	155
26.2043	155
26.2077	155
26.2111	155
26.2144	155
26.2178	155
26.2212	155
26.2246	155
26.2279	155
26.2313	155
26.2347	155
26.238	155
26.2414	155
26.2448	155
26.2482	155
26.2515	155
26.2549	155
26.2583	155
26.2617	155
26.265	155
26.2684	155
26.2718	155
26.2751	155
26.2785	155
26.2819	155
26.2853	155
26.2886	155
26.292	155
26.2954	155
26.2988	155
26.3021	155
26.3055	155
26.3089	155
26.3122	155
26.3156	155
26.319	155
26.3224	155
26.3257	155
26.3291	155
26.3325	155
26.3359	155
26.3392	155
26.3426	155
26.346	155
26.3493	155
26.3527	155
26.3561	155
26.3595	155
26.3628	155
26.3662	155
26.3696	155
26.373	155
26.3763	155
26.3797	155
26.3831	155
26.3864	155
26.3898	155
26.3932	155
26.3966	155
26.3999	155
26.4033	155
26.4067	155
26.4101	155
26.4134	155
26.4168	155
26.4202	155
26.4235	155
26.4269	155
26.4303	155
26.4337	155
26.437	155
26.4404	155
26.4438	155
26.4472	155
26.4505	155
26.4539	155
26.4573	155
26.4607	155
26.464	155
26.4674	155
26.4708	155
26.4741	155
26.4775	155
26.4809	155
26.4843	155
26.4876	155
26.491	155
26.4944	155
26.4978	155
26.5011	155
26.5045	155
26.5079	155
26.5112	155
26.5146	155
26.518	155
26.5214	155
26.5247	155
26.5281	155
26.5315	155
26.5349	155
26.5382	155
26.5416	155
26.545	155
26.5483	155
26.5517	155
26.5551	155
26.5585	155
26.5618	155
26.5652	155
26.5686	155
26.572	155
26.5753	155
26.5787	155
26.5821	155
26.5854	155
26.5888	155
26.5922	155
26.5956	155
26.5989	155
26.6023	155
26.6057	155
26.6091	155
26.6124	155
26.6158	155
26.6192	155
26.6225	155
26.6259	155
26.6293	155
26.6327	155
26.636	155
26.6394	155
26.6428	155
26.6462	155
26.6495	155
26.6529	155
26.6563	155
26.6596	155
26.663	155
26.6664	155
26.6698	155
26.6731	155
26.6765	155
26.6799	155
26.6833	155
26.6866	155
26.69	155
26.6934	155
26.6967	155
26.7001	155
26.7035	155
26.7069	155
26.7102	155
26.7136	155
26.717	155
26.7204	155
26.7237	155
26.7271	155
26.7305	155
26.7338	155
26.7372	155
26.7406	155
26.744	155
26.7473	155
26.7507	155
26.7541	155
26.7575	155
26.7608	155
26.7642	155
26.7676	155
26.7709	155
26.7743	155
26.7777	155
26.7811	155
26.7844	155
26.7878	155
26.7912	155
26.7946	155
26.7979	155
26.8013	155
26.8047	155
26.808	155
26.8114	155
26.8148	155
26.8182	155
26.8215	155
26.8249	155
26.8283	155
26.8317	155
26.835	155
26.8384	155
26.8418	155
26.8451	155
26.8485	155
26.8519	155
26.8553	155
26.8586	155
26.862	155
26.8654	155
26.8688	155
26.8721	155
26.8755	155
26.8789	155
26.8823	155
26.8856	155
26.889	155
26.8924	155
26.8957	155
26.8991	155
26.9025	155
26.9059	155
26.9092	155
26.9126	155
26.916	155
26.9194	155
26.9227	155
26.9261	155
26.9295	155
26.9328	155
26.9362	155
26.9396	155
26.943	155
26.9463	155
26.9497	155
26.9531	155
26.9565	155
26.9598	155
26.9632	155
26.9666	155
26.9699	155
26.9733	155
26.9767	155
26.9801	155
26.9834	155
26.9868	155
26.9902	155
26.9936	155
26.9969	155
27.0003	155
27.0037	155
27.007	155
27.0104	155
27.0138	155
27.0172	155
27.0205	155
27.0239	155
27.0273	155
27.0307	155
27.034	155
27.0374	155
27.0408	155
27.0441	155
27.0475	155
27.0509	155
27.0543	155
27.0576	155
27.061	155
27.0644	155
27.0678	155
27.0711	155
27.0745	155
27.0779	155
27.0812	155
27.0846	155
27.088	155
27.0914	155
27.0947	155
27.0981	155
27.1015	155
27.1049	155
27.1082	155
27.1116	155
27.115	155
27.1183	155
27.1217	155
27.1251	155
27.1285	155
27.1318	155
27.1352	155
27.1386	155
27.142	155
27.1453	155
27.1487	155
27.1521	155
27.1554	155
27.1588	155
27.1622	155
27.1656	155
27.1689	155
27.1723	155
27.1757	155
27.1791	155
27.1824	155
27.1858	155
27.1892	155
27.1925	155
27.1959	155
27.1993	155
27.2027	155
27.206	155
27.2094	155
27.2128	155
27.2162	155
27.2195	155
27.2229	155
27.2263	155
27.2296	155
27.233	155
27.2364	155
27.2398	155
27.2431	155
27.2465	155
27.2499	155
27.2533	155
27.2566	155
27.26	155
27.2634	155
27.2667	155
27.2701	155
27.2735	155
27.2769	155
27.2802	155
27.2836	155
27.287	155
27.2904	155
27.2937	155
27.2971	155
27.3005	155
27.3039	155
27.3072	155
27.3106	155
27.314	155
27.3173	155
27.3207	155
27.3241	155
27.3275	155
27.3308	155
27.3342	155
27.3376	155
27.341	155
27.3443	155
27.3477	155
27.3511	155
27.3544	155
27.3578	155
27.3612	155
27.3646	155
27.3679	155
27.3713	155
27.3747	155
27.3781	155
27.3814	155
27.3848	155
27.3882	155
27.3915	155
27.3949	155
27.3983	155
27.4017	155
27.405	155
27.4084	155
27.4118	155
27.4152	155
27.4185	155
27.4219	155
27.4253	155
27.4286	155
27.432	155
27.4354	155
27.4388	155
27.4421	155
27.4455	155
27.4489	155
27.4523	155
27.4556	155
27.459	155
27.4624	155
27.4657	155
27.4691	155
27.4725	155
27.4759	155
27.4792	155
27.4826	155
27.486	155
27.4894	155
27.4927	155
27.4961	155
27.4995	155
27.5028	155
27.5062	155
27.5096	155
27.513	155
27.5163	155
27.5197	155
27.5231	155
27.5265	155
27.5298	155
27.5332	155
27.5366	155
27.5399	155
27.5433	155
27.5467	155
27.5501	155
27.5534	155
27.5568	155
27.5602	155
27.5636	155
27.5669	155
27.5703	155
27.5737	155
27.577	155
27.5804	155
27.5838	155
27.5872	155
27.5905	155
27.5939	155
27.5973	155
27.6007	155
27.604	155
27.6074	155
27.6108	155
27.6141	155
27.6175	155
27.6209	155
27.6243	155
27.6276	155
27.631	155
27.6344	155
27.6378	155
27.6411	155
27.6445	155
27.6479	155
27.6512	155
27.6546	155
27.658	155
27.6614	155
27.6647	155
27.6681	155
27.6715	155
27.6749	155
27.6782	155
27.6816	155
27.685	155
27.6883	155
27.6917	155
27.6951	155
27.6985	155
27.7018	155
27.7052	155
27.7086	155
27.712	155
27.7153	155
27.7187	155
27.7221	155
27.7255	155
27.7288	155
27.7322	155
27.7356	155
27.7389	155
27.7423	155
27.7457	155
27.7491	155
27.7524	155
27.7558	155
27.7592	155
27.7626	155
27.7659	155
27.7693	155
27.7727	155
27.776	155
27.7794	155
27.7828	155
27.7862	155
27.7895	155
27.7929	155
27.7963	155
27.7997	155
27.803	155
27.8064	155
27.8098	155
27.8131	155
27.8165	155
27.8199	155
27.8233	155
27.8266	155
27.83	155
27.8334	155
27.8368	155
27.8401	155
27.8435	155
27.8469	155
27.8502	155
27.8536	155
27.857	155
27.8604	155
27.8637	155
27.8671	155
27.8705	155
27.8739	155
27.8772	155
27.8806	155
27.884	155
27.8873	155
27.8907	155
27.8941	155
27.8975	155
27.9008	155
27.9042	155
27.9076	155
27.911	155
27.9143	155
27.9177	155
27.9211	155
27.9244	155
27.9278	155
27.9312	155
27.9346	155
27.9379	155
27.9413	155
27.9447	155
27.9481	155
27.9514	155
27.9548	155
27.9582	155
27.9615	155
27.9649	155
27.9683	155
27.9717	155
27.975	155
27.9784	155
27.9818	155
27.9852	155
27.9885	155
27.9919	155
27.9953	155
27.9986	155
28.002	155
28.0054	155
28.0088	155
28.0121	155
28.0155	155
28.0189	155
28.0223	155
28.0256	155
28.029	155
28.0324	155
28.0357	155
28.0391	155
28.0425	155
28.0459	155
28.0492	155
28.0526	155
28.056	155
28.0594	155
28.0627	155
28.0661	155
28.0695	155
28.0728	155
28.0762	155
28.0796	155
28.083	155
28.0863	155
28.0897	155
28.0931	155
28.0965	155
28.0998	155
28.1032	155
28.1066	155
28.1099	155
28.1133	155
28.1167	155
28.1201	155
28.1234	155
28.1268	155
28.1302	155
28.1336	155
28.1369	155
28.1403	155
28.1437	155
28.1471	155
28.1504	155
28.1538	155
28.1572	155
28.1605	155
28.1639	155
28.1673	155
28.1707	155
28.174	155
28.1774	155
28.1808	155
28.1842	155
28.1875	155
28.1909	155
28.1943	155
28.1976	155
28.201	155
28.2044	155
28.2078	155
28.2111	155
28.2145	155
28.2179	155
28.2213	155
28.2246	155
28.228	155
28.2314	155
28.2347	155
28.2381	155
28.2415	155
28.2449	155
28.2482	155
28.2516	155
28.255	155
28.2584	155
28.2617	155
28.2651	155
28.2685	155
28.2718	155
28.2752	155
28.2786	155
28.282	155
28.2853	155
28.2887	155
28.2921	155
28.2955	155
28.2988	155
28.3022	155
28.3056	155
28.3089	155
28.3123	155
28.3157	155
28.3191	155
28.3224	155
28.3258	155
28.3292	155
28.3326	155
28.3359	155
28.3393	155
28.3427	155
28.346	155
28.3494	155
28.3528	155
28.3562	155
28.3595	155
28.3629	155
28.3663	155
28.3697	155
28.373	155
28.3764	155
28.3798	155
28.3831	155
28.3865	155
28.3899	155
28.3933	155
28.3966	155
28.4	155
28.4034	155
28.4068	155
28.4101	155
28.4135	155
28.4169	155
28.4202	155
28.4236	155
28.427	155
28.4304	155
28.4337	155
28.4371	155
28.4405	155
28.4439	155
28.4472	155
28.4506	155
28.454	155
28.4573	155
28.4607	155
28.4641	155
28.4675	155
28.4708	155
28.4742	155
28.4776	155
28.481	155
28.4843	155
28.4877	155
28.4911	155
28.4944	155
28.4978	155
28.5012	155
28.5046	155
28.5079	155
28.5113	155
28.5147	155
28.5181	155
28.5214	155
28.5248	155
28.5282	155
28.5315	155
28.5349	155
28.5383	155
28.5417	155
28.545	155
28.5484	155
28.5518	155
28.5552	155
28.5585	155
28.5619	155
28.5653	155
28.5687	155
28.572	155
28.5754	155
28.5788	155
28.5821	155
28.5855	155
28.5889	155
28.5923	155
28.5956	155
28.599	155
28.6024	155
28.6058	155
28.6091	155
28.6125	155
28.6159	155
28.6192	155
28.6226	155
28.626	155
28.6294	155
28.6327	155
28.6361	155
28.6395	155
28.6429	155
28.6462	155
28.6496	155
28.653	155
28.6563	155
28.6597	155
28.6631	155
28.6665	155
28.6698	155
28.6732	155
28.6766	155
28.68	155
28.6833	155
28.6867	155
28.6901	155
28.6934	155
28.6968	155
28.7002	155
28.7036	155
28.7069	155
28.7103	155
28.7137	155
28.7171	155
28.7204	155
28.7238	155
28.7272	155
28.7305	155
28.7339	155
28.7373	155
28.7407	155
28.744	155
28.7474	155
28.7508	155
28.7542	155
28.7575	155
28.7609	155
28.7643	155
28.7676	155
28.771	155
28.7744	155
28.7778	155
28.7811	155
28.7845	155
28.7879	155
28.7913	155
28.7946	155
28.798	155
28.8014	155
28.8047	155
28.8081	155
28.8115	155
28.8149	155
28.8182	155
28.8216	155
28.825	155
28.8284	155
28.8317	155
28.8351	155
28.8385	155
28.8418	155
28.8452	155
28.8486	155
28.852	155
28.8553	155
28.8587	155
28.8621	155
28.8655	155
28.8688	155
28.8722	155
28.8756	155
28.8789	155
28.8823	155
28.8857	155
28.8891	155
28.8924	155
28.8958	155
28.8992	155
28.9026	155
28.9059	155
28.9093	155
28.9127	155
28.916	155
28.9194	155
28.9228	155
28.9262	155
28.9295	155
28.9329	155
28.9363	155
28.9397	155
28.943	155
28.9464	155
28.9498	155
28.9531	155
28.9565	155
28.9599	155
28.9633	155
28.9666	155
28.97	155
28.9734	155
28.9768	155
28.9801	155
28.9835	155
28.9869	155
28.9903	155
28.9936	155
28.997	155
29.0004	155
29.0037	155
29.0071	155
29.0105	155
29.0139	155
29.0172	155
29.0206	155
29.024	155
29.0274	155
29.0307	155
29.0341	155
29.0375	155
29.0408	155
29.0442	155
29.0476	155
29.051	155
29.0543	155
29.0577	155
29.0611	155
29.0645	155
29.0678	155
29.0712	155
29.0746	155
29.0779	155
29.0813	155
29.0847	155
29.0881	155
29.0914	155
29.0948	155
29.0982	155
29.1016	155
29.1049	155
29.1083	155
29.1117	155
29.115	155
29.1184	155
29.1218	155
29.1252	155
29.1285	155
29.1319	155
29.1353	155
29.1387	155
29.142	155
29.1454	155
29.1488	155
29.1521	155
29.1555	155
29.1589	155
29.1623	155
29.1656	155
29.169	155
29.1724	155
29.1758	155
29.1791	155
29.1825	155
29.1859	155
29.1892	155
29.1926	155
29.196	155
29.1994	155
29.2027	155
29.2061	155
29.2095	155
29.2129	155
29.2162	155
29.2196	155
29.223	155
29.2263	155
29.2297	155
29.2331	155
29.2365	155
29.2398	155
29.2432	155
29.2466	155
29.25	155
29.2533	155
29.2567	155
29.2601	155
29.2634	155
29.2668	155
29.2702	155
29.2736	155
29.2769	155
29.2803	155
29.2837	155
29.2871	155
29.2904	155
29.2938	155
29.2972	155
29.3005	155
29.3039	155
29.3073	155
29.3107	155
29.314	155
29.3174	155
29.3208	155
29.3242	155
29.3275	155
29.3309	155
29.3343	155
29.3376	155
29.341	155
29.3444	155
29.3478	155
29.3511	155
29.3545	155
29.3579	155
29.3613	155
29.3646	155
29.368	155
29.3714	155
29.3747	155
29.3781	155
29.3815	155
29.3849	155
29.3882	155
29.3916	155
29.395	155
29.3984	155
29.4017	155
29.4051	155
29.4085	155
29.4119	155
29.4152	155
29.4186	155
29.422	155
29.4253	155
29.4287	155
29.4321	155
29.4355	155
29.4388	155
29.4422	155
29.4456	155
29.449	155
29.4523	155
29.4557	155
29.4591	155
29.4624	155
29.4658	155
29.4692	155
29.4726	155
29.4759	155
29.4793	155
29.4827	155
29.4861	155
29.4894	155
29.4928	155
29.4962	155
29.4995	155
29.5029	155
29.5063	155
29.5097	155
29.513	155
29.5164	155
29.5198	155
29.5232	155
29.5265	155
29.5299	155
29.5333	155
29.5366	155
29.54	155
29.5434	155
29.5468	155
29.5501	155
29.5535	155
29.5569	155
29.5603	155
29.5636	155
29.567	155
29.5704	155
29.5737	155
29.5771	155
29.5805	155
29.5839	155
29.5872	155
29.5906	155
29.594	155
29.5974	155
29.6007	155
29.6041	155
29.6075	155
29.6108	155
29.6142	155
29.6176	155
29.621	155
29.6243	155
29.6277	155
29.6311	155
29.6345	155
29.6378	155
29.6412	155
29.6446	155
29.6479	155
29.6513	155
29.6547	155
29.6581	155
29.6614	155
29.6648	155
29.6682	155
29.6716	155
29.6749	155
29.6783	155
29.6817	155
29.685	155
29.6884	155
29.6918	155
29.6952	155
29.6985	155
29.7019	155
29.7053	155
29.7087	155
29.712	155
29.7154	155
29.7188	155
29.7221	155
29.7255	155
29.7289	155
29.7323	155
29.7356	155
29.739	155
29.7424	155
29.7458	155
29.7491	155
29.7525	155
29.7559	155
29.7592	155
29.7626	155
29.766	155
29.7694	155
29.7727	155
29.7761	155
29.7795	155
29.7829	155
29.7862	155
29.7896	155
29.793	155
29.7963	155
29.7997	155
29.8031	155
29.8065	155
29.8098	155
29.8132	155
29.8166	155
29.82	155
29.8233	155
29.8267	155
29.8301	155
29.8335	155
29.8368	155
29.8402	155
29.8436	155
29.8469	155
29.8503	155
29.8537	155
29.8571	155
29.8604	155
29.8638	155
29.8672	155
29.8706	155
29.8739	155
29.8773	155
29.8807	155
29.884	155
29.8874	155
29.8908	155
29.8942	155
29.8975	155
29.9009	155
29.9043	155
29.9077	155
29.911	155
29.9144	155
29.9178	155
29.9211	155
29.9245	155
29.9279	155
29.9313	155
29.9346	155
29.938	155
29.9414	155
29.9448	155
29.9481	155
29.9515	155
29.9549	155
29.9582	155
29.9616	155
29.965	155
29.9684	155
29.9717	155
29.9751	155
29.9785	155
29.9819	155
29.9852	155
29.9886	155
29.992	155
29.9953	155
29.9987	155
30.0021	155
30.0055	155
30.0088	155
30.0122	155
30.0156	155
30.019	155
30.0223	155
30.0257	155
30.0291	155
30.0324	155
30.0358	155
30.0392	155
30.0426	155
30.0459	155
30.0493	155
30.0527	155
30.0561	155
30.0594	155
30.0628	155
30.0662	155
30.0695	155
30.0729	155
30.0763	155
30.0797	155
30.083	155
30.0864	155
30.0898	155
30.0932	155
30.0965	155
30.0999	155
30.1033	155
30.1066	155
30.11	155
30.1134	155
30.1168	155
30.1201	155
30.1235	155
30.1269	155
30.1303	155
30.1336	155
30.137	155
30.1404	155
30.1437	155
30.1471	155
30.1505	155
30.1539	155
30.1572	155
30.1606	155
30.164	155
30.1674	155
30.1707	155
30.1741	155
30.1775	155
30.1808	155
30.1842	155
30.1876	155
30.191	155
30.1943	155
30.1977	155
30.2011	155
30.2045	155
30.2078	155
30.2112	155
30.2146	155
30.2179	155
30.2213	155
30.2247	155
30.2281	155
30.2314	155
30.2348	155
30.2382	155
30.2416	155
30.2449	155
30.2483	155
30.2517	155
30.2551	155
30.2584	155
30.2618	155
30.2652	155
30.2685	155
30.2719	155
30.2753	155
30.2787	155
30.282	155
30.2854	155
30.2888	155
30.2922	155
30.2955	155
30.2989	155
30.3023	155
30.3056	155
30.309	155
30.3124	155
30.3158	155
30.3191	155
30.3225	155
30.3259	155
30.3293	155
30.3326	155
30.336	155
30.3394	155
30.3427	155
30.3461	155
30.3495	155
30.3529	155
30.3562	155
30.3596	155
30.363	155
30.3664	155
30.3697	155
30.3731	155
30.3765	155
30.3798	155
30.3832	155
30.3866	155
30.39	155
30.3933	155
30.3967	155
30.4001	155
30.4035	155
30.4068	155
30.4102	155
30.4136	155
30.4169	155
30.4203	155
30.4237	155
30.4271	155
30.4304	155
30.4338	155
30.4372	155
30.4406	155
30.4439	155
30.4473	155
30.4507	155
30.454	155
30.4574	155
30.4608	155
30.4642	155
30.4675	155
30.4709	155
30.4743	155
30.4777	155
30.481	155
30.4844	155
30.4878	155
30.4911	155
30.4945	155
30.4979	155
30.5013	155
30.5046	155
30.508	155
30.5114	155
30.5148	155
30.5181	155
30.5215	155
30.5249	155
30.5282	155
30.5316	155
30.535	155
30.5384	155
30.5417	155
30.5451	155
30.5485	155
30.5519	155
30.5552	155
30.5586	155
30.562	155
30.5653	155
30.5687	155
30.5721	155
30.5755	155
30.5788	155
30.5822	155
30.5856	155
30.589	155
30.5923	155
30.5957	155
30.5991	155
30.6024	155
30.6058	155
30.6092	155
30.6126	155
30.6159	155
30.6193	155
30.6227	155
30.6261	155
30.6294	155
30.6328	155
30.6362	155
30.6395	155
30.6429	155
30.6463	155
30.6497	155
30.653	155
30.6564	155
30.6598	155
30.6632	155
30.6665	155
30.6699	155
30.6733	155
30.6767	155
30.68	155
30.6834	155
30.6868	155
30.6901	155
30.6935	155
30.6969	155
30.7003	155
30.7036	155
30.707	155
30.7104	155
30.7138	155
30.7171	155
30.7205	155
30.7239	155
30.7272	155
30.7306	155
30.734	155
30.7374	155
30.7407	155
30.7441	155
30.7475	155
30.7509	155
30.7542	155
30.7576	155
30.761	155
30.7643	155
30.7677	155
30.7711	155
30.7745	155
30.7778	155
30.7812	155
30.7846	155
30.788	155
30.7913	155
30.7947	155
30.7981	155
30.8014	155
30.8048	155
30.8082	155
30.8116	155
30.8149	155
30.8183	155
30.8217	155
30.8251	155
30.8284	155
30.8318	155
30.8352	155
30.8385	155
30.8419	155
30.8453	155
30.8487	155
30.852	155
30.8554	155
30.8588	155
30.8622	155
30.8655	155
30.8689	155
30.8723	155
30.8756	155
30.879	155
30.8824	155
30.8858	155
30.8891	155
30.8925	155
30.8959	155
30.8993	155
30.9026	155
30.906	155
30.9094	155
30.9127	155
30.9161	155
30.9195	155
30.9229	155
30.9262	155
30.9296	155
30.933	155
30.9364	155
30.9397	155
30.9431	155
30.9465	155
30.9498	155
30.9532	155
30.9566	155
30.96	155
30.9633	155
30.9667	155
30.9701	155
30.9735	155
30.9768	155
30.9802	155
30.9836	155
30.9869	155
30.9903	155
30.9937	155
30.9971	155
31.0004	155
31.0038	155
31.0072	155
31.0106	155
31.0139	155
31.0173	155
31.0207	155
31.024	155
31.0274	155
31.0308	155
31.0342	155
31.0375	155
31.0409	155
31.0443	155
31.0477	155
31.051	155
31.0544	155
31.0578	155
31.0611	155
31.0645	155
31.0679	155
31.0713	155
31.0746	155
31.078	155
31.0814	155
31.0848	155
31.0881	155
31.0915	155
31.0949	155
31.0983	155
31.1016	155
31.105	155
31.1084	155
31.1117	155
31.1151	155
31.1185	155
31.1219	155
31.1252	155
31.1286	155
31.132	155
31.1354	155
31.1387	155
31.1421	155
31.1455	155
31.1488	155
31.1522	155
31.1556	155
31.159	155
31.1623	155
31.1657	155
31.1691	155
31.1725	155
31.1758	155
31.1792	155
31.1826	155
31.1859	155
31.1893	155
31.1927	155
31.1961	155
31.1994	155
31.2028	155
31.2062	155
31.2096	155
31.2129	155
31.2163	155
31.2197	155
31.223	155
31.2264	155
31.2298	155
31.2332	155
31.2365	155
31.2399	155
31.2433	155
31.2467	155
31.25	155
31.2534	155
31.2568	155
31.2601	155
31.2635	155
31.2669	155
31.2703	155
31.2736	155
31.277	155
31.2804	155
31.2838	155
31.2871	155
31.2905	155
31.2939	155
31.2972	155
31.3006	155
31.304	155
31.3074	155
31.3107	155
31.3141	155
31.3175	155
31.3209	155
31.3242	155
31.3276	155
31.331	155
31.3343	155
31.3377	155
31.3411	155
31.3445	155
31.3478	155
31.3512	155
31.3546	155
31.358	155
31.3613	155
31.3647	155
31.3681	155
31.3714	155
31.3748	155
31.3782	155
31.3816	155
31.3849	155
31.3883	155
31.3917	155
31.3951	155
31.3984	155
31.4018	155
31.4052	155
31.4085	155
31.4119	155
31.4153	155
31.4187	155
31.422	155
31.4254	155
31.4288	155
31.4322	155
31.4355	155
31.4389	155
31.4423	155
31.4456	155
31.449	155
31.4524	155
31.4558	155
31.4591	155
31.4625	155
31.4659	155
31.4693	155
31.4726	155
31.476	155
31.4794	155
31.4827	155
31.4861	155
31.4895	155
31.4929	155
31.4962	155
31.4996	155
31.503	155
31.5064	155
31.5097	155
31.5131	155
31.5165	155
31.5199	155
31.5232	155
31.5266	155
31.53	155
31.5333	155
31.5367	155
31.5401	155
31.5435	155
31.5468	155
31.5502	155
31.5536	155
31.557	155
31.5603	155
31.5637	155
31.5671	155
31.5704	155
31.5738	155
31.5772	155
31.5806	155
31.5839	155
31.5873	155
31.5907	155
31.5941	155
31.5974	155
31.6008	155
31.6042	155
31.6075	155
31.6109	155
31.6143	155
31.6177	155
31.621	155
31.6244	155
31.6278	155
31.6312	155
31.6345	155
31.6379	155
31.6413	155
31.6446	155
31.648	155
31.6514	155
31.6548	155
31.6581	155
31.6615	155
31.6649	155
31.6683	155
31.6716	155
31.675	155
31.6784	155
31.6817	155
31.6851	155
31.6885	155
31.6919	155
31.6952	155
31.6986	155
31.702	155
31.7054	155
31.7087	155
31.7121	155
31.7155	155
31.7188	155
31.7222	155
31.7256	155
31.729	155
31.7323	155
31.7357	155
31.7391	155
31.7425	155
31.7458	155
31.7492	155
31.7526	155
31.7559	155
31.7593	155
31.7627	155
31.7661	155
31.7694	155
31.7728	155
31.7762	155
31.7796	155
31.7829	155
31.7863	155
31.7897	155
31.793	155
31.7964	155
31.7998	155
31.8032	155
31.8065	155
31.8099	155
31.8133	155
31.8167	155
31.82	155
31.8234	155
31.8268	155
31.8301	155
31.8335	155
31.8369	155
31.8403	155
31.8436	155
31.847	155
31.8504	155
31.8538	155
31.8571	155
31.8605	155
31.8639	155
31.8672	155
31.8706	155
31.874	155
31.8774	155
31.8807	155
31.8841	155
31.8875	155
31.8909	155
31.8942	155
31.8976	155
31.901	155
31.9043	155
31.9077	155
31.9111	155
31.9145	155
31.9178	155
31.9212	155
31.9246	155
31.928	155
31.9313	155
31.9347	155
31.9381	155
31.9415	155
31.9448	155
31.9482	155
31.9516	155
31.9549	155
31.9583	155
31.9617	155
31.9651	155
31.9684	155
31.9718	155
31.9752	155
31.9786	155
31.9819	155
31.9853	155
31.9887	155
31.992	155
31.9954	155
31.9988	155
32.0022	155
32.0055	155
32.0089	155
32.0123	155
32.0157	155
32.019	155
32.0224	155
32.0258	155
32.0291	155
32.0325	155
32.0359	155
32.0393	155
32.0426	155
32.046	155
32.0494	155
32.0528	155
32.0561	155
32.0595	155
32.0629	155
32.0662	155
32.0696	155
32.073	155
32.0764	155
32.0797	155
32.0831	155
32.0865	155
32.0899	155
32.0932	155
32.0966	155
32.1	155
32.1033	155
32.1067	155
32.1101	155
32.1135	155
32.1168	155
32.1202	155
32.1236	155
32.127	155
32.1303	155
32.1337	155
32.1371	155
32.1404	155
32.1438	155
32.1472	155
32.1506	155
32.1539	155
32.1573	155
32.1607	155
32.1641	155
32.1674	155
32.1708	155
32.1742	155
32.1775	155
32.1809	155
32.1843	155
32.1877	155
32.191	155
32.1944	155
32.1978	155
32.2012	155
32.2045	155
32.2079	155
32.2113	155
32.2146	155
32.218	155
32.2214	155
32.2248	155
32.2281	155
32.2315	155
32.2349	155
32.2383	155
32.2416	155
32.245	155
32.2484	155
32.2517	155
32.2551	155
32.2585	155
32.2619	155
32.2652	155
32.2686	155
32.272	155
32.2754	155
32.2787	155
32.2821	155
32.2855	155
32.2888	155
32.2922	155
32.2956	155
32.299	155
32.3023	155
32.3057	155
32.3091	155
32.3125	155
32.3158	155
32.3192	155
32.3226	155
32.3259	155
32.3293	155
32.3327	155
32.3361	155
32.3394	155
32.3428	155
32.3462	155
32.3496	155
32.3529	155
32.3563	155
32.3597	155
32.3631	155
32.3664	155
32.3698	155
32.3732	155
32.3765	155
32.3799	155
32.3833	155
32.3867	155
32.39	155
32.3934	155
32.3968	155
32.4002	155
32.4035	155
32.4069	155
32.4103	155
32.4136	155
32.417	155
32.4204	155
32.4238	155
32.4271	155
32.4305	155
32.4339	155
32.4373	155
32.4406	155
32.444	155
32.4474	155
32.4507	155
32.4541	155
32.4575	155
32.4609	155
32.4642	155
32.4676	155
32.471	155
32.4744	155
32.4777	155
32.4811	155
32.4845	155
32.4878	155
32.4912	155
32.4946	155
32.498	155
32.5013	155
32.5047	155
32.5081	155
32.5115	155
32.5148	155
32.5182	155
32.5216	155
32.5249	155
32.5283	155
32.5317	155
32.5351	155
32.5384	155
32.5418	155
32.5452	155
32.5486	155
32.5519	155
32.5553	155
32.5587	155
32.562	155
32.5654	155
32.5688	155
32.5722	155
32.5755	155
32.5789	155
32.5823	155
32.5857	155
32.589	155
32.5924	155
32.5958	155
32.5991	155
32.6025	155
32.6059	155
32.6093	155
32.6126	155
32.616	155
32.6194	155
32.6228	155
32.6261	155
32.6295	155
32.6329	155
32.6362	155
32.6396	155
32.643	155
32.6464	155
32.6497	155
32.6531	155
32.6565	155
32.6599	155
32.6632	155
32.6666	155
32.67	155
32.6733	155
32.6767	155
32.6801	155
32.6835	155
32.6868	155
32.6902	155
32.6936	155
32.697	155
32.7003	155
32.7037	155
32.7071	155
32.7104	155
32.7138	155
32.7172	155
32.7206	155
32.7239	155
32.7273	155
32.7307	155
32.7341	155
32.7374	155
32.7408	155
32.7442	155
32.7475	155
32.7509	155
32.7543	155
32.7577	155
32.761	155
32.7644	155
32.7678	155
32.7712	155
32.7745	155
32.7779	155
32.7813	155
32.7847	155
32.788	155
32.7914	155
32.7948	155
32.7981	155
32.8015	155
32.8049	155
32.8083	155
32.8116	155
32.815	155
32.8184	155
32.8218	155
32.8251	155
32.8285	155
32.8319	155
32.8352	155
32.8386	155
32.842	155
32.8454	155
32.8487	155
32.8521	155
32.8555	155
32.8589	155
32.8622	155
32.8656	155
32.869	155
32.8723	155
32.8757	155
32.8791	155
32.8825	155
32.8858	155
32.8892	155
32.8926	155
32.896	155
32.8993	155
32.9027	155
32.9061	155
32.9094	155
32.9128	155
32.9162	155
32.9196	155
32.9229	155
32.9263	155
32.9297	155
32.9331	155
32.9364	155
32.9398	155
32.9432	155
32.9465	155
32.9499	155
32.9533	155
32.9567	155
32.96	155
32.9634	155
32.9668	155
32.9702	155
32.9735	155
32.9769	155
32.9803	155
32.9836	155
32.987	155
32.9904	155
32.9938	155
32.9971	155
33.0005	155
33.0039	155
33.0073	155
33.0106	155
33.014	155
33.0174	155
33.0207	155
33.0241	155
33.0275	155
33.0309	155
33.0342	155
33.0376	155
33.041	155
33.0444	155
33.0477	155
33.0511	155
33.0545	155
33.0578	155
33.0612	155
33.0646	155
33.068	155
33.0713	155
33.0747	155
33.0781	155
33.0815	155
33.0848	155
33.0882	155
33.0916	155
33.0949	155
33.0983	155
33.1017	155
33.1051	155
33.1084	155
33.1118	155
33.1152	155
33.1186	155
33.1219	155
33.1253	155
33.1287	155
33.132	155
33.1354	155
33.1388	155
33.1422	155
33.1455	155
33.1489	155
33.1523	155
33.1557	155
33.159	155
33.1624	155
33.1658	155
33.1691	155
33.1725	155
33.1759	155
33.1793	155
33.1826	155
33.186	155
33.1894	155
33.1928	155
33.1961	155
33.1995	155
33.2029	155
33.2063	155
33.2096	155
33.213	155
33.2164	155
33.2197	155
33.2231	155
33.2265	155
33.2299	155
33.2332	155
33.2366	155
33.24	155
33.2434	155
33.2467	155
33.2501	155
33.2535	155
33.2568	155
33.2602	155
33.2636	155
33.267	155
33.2703	155
33.2737	155
33.2771	155
33.2805	155
33.2838	155
33.2872	155
33.2906	155
33.2939	155
33.2973	155
33.3007	155
33.3041	155
33.3074	155
33.3108	155
33.3142	155
33.3176	155
33.3209	155
33.3243	155
33.3277	155
33.331	155
33.3344	155
33.3378	155
33.3412	155
33.3445	155
33.3479	155
33.3513	155
33.3547	155
33.358	155
33.3614	155
33.3648	155
33.3681	155
33.3715	155
33.3749	155
33.3783	155
33.3816	155
33.385	155
33.3884	155
33.3918	155
33.3951	155
33.3985	155
33.4019	155
33.4052	155
33.4086	155
33.412	155
33.4154	155
33.4187	155
33.4221	155
33.4255	155
33.4289	155
33.4322	155
33.4356	155
33.439	155
33.4423	155
33.4457	155
33.4491	155
33.4525	155
33.4558	155
33.4592	155
33.4626	155
33.466	155
33.4693	155
33.4727	155
33.4761	155
33.4794	155
33.4828	155
33.4862	155
33.4896	155
33.4929	155
33.4963	155
33.4997	155
33.5031	155
33.5064	155
33.5098	155
33.5132	155
33.5165	155
33.5199	155
33.5233	155
33.5267	155
33.53	155
33.5334	155
33.5368	155
33.5402	155
33.5435	155
33.5469	155
33.5503	155
33.5536	155
33.557	155
33.5604	155
33.5638	155
33.5671	155
33.5705	155
33.5739	155
33.5773	155
33.5806	155
33.584	155
33.5874	155
33.5907	155
33.5941	155
33.5975	155
33.6009	155
33.6042	155
33.6076	155
33.611	155
33.6144	155
33.6177	155
33.6211	155
33.6245	155
33.6279	155
33.6312	155
33.6346	155
33.638	155
33.6413	155
33.6447	155
33.6481	155
33.6515	155
33.6548	155
33.6582	155
33.6616	155
33.665	155
33.6683	155
33.6717	155
33.6751	155
33.6784	155
33.6818	155
33.6852	155
33.6886	155
33.6919	155
33.6953	155
33.6987	155
33.7021	155
33.7054	155
33.7088	155
33.7122	155
33.7155	155
33.7189	155
33.7223	155
33.7257	155
33.729	155
33.7324	155
33.7358	155
33.7392	155
33.7425	155
33.7459	155
33.7493	155
33.7526	155
33.756	155
33.7594	155
33.7628	155
33.7661	155
33.7695	155
33.7729	155
33.7763	155
33.7796	155
33.783	155
33.7864	155
33.7897	155
33.7931	155
33.7965	155
33.7999	155
33.8032	155
33.8066	155
33.81	155
33.8134	155
33.8167	155
33.8201	155
33.8235	155
33.8268	155
33.8302	155
33.8336	155
33.837	155
33.8403	155
33.8437	155
33.8471	155
33.8505	155
33.8538	155
33.8572	155
33.8606	155
33.8639	155
33.8673	155
33.8707	155
33.8741	155
33.8774	155
33.8808	155
33.8842	155
33.8876	155
33.8909	155
33.8943	155
33.8977	155
33.901	155
33.9044	155
33.9078	155
33.9112	155
33.9145	155
33.9179	155
33.9213	155
33.9247	155
33.928	155
33.9314	155
33.9348	155
33.9381	155
33.9415	155
33.9449	155
33.9483	155
33.9516	155
33.955	155
33.9584	155
33.9618	155
33.9651	155
33.9685	155
33.9719	155
33.9752	155
33.9786	155
33.982	155
33.9854	155
33.9887	155
33.9921	155
33.9955	155
33.9989	155
34.0022	155
34.0056	155
34.009	155
34.0123	155
34.0157	155
34.0191	155
34.0225	155
34.0258	155
34.0292	155
34.0326	155
34.036	155
34.0393	155
34.0427	155
34.0461	155
34.0495	155
34.0528	155
34.0562	155
34.0596	155
34.0629	155
34.0663	155
34.0697	155
34.0731	155
34.0764	155
34.0798	155
34.0832	155
34.0866	155
34.0899	155
34.0933	155
34.0967	155
34.1	155
34.1034	155
34.1068	155
34.1102	155
34.1135	155
34.1169	155
34.1203	155
34.1237	155
34.127	155
34.1304	155
34.1338	155
34.1371	155
34.1405	155
34.1439	155
34.1473	155
34.1506	155
34.154	155
34.1574	155
34.1608	155
34.1641	155
34.1675	155
34.1709	155
34.1742	155
34.1776	155
34.181	155
34.1844	155
34.1877	155
34.1911	155
34.1945	155
34.1979	155
34.2012	155
34.2046	155
34.208	155
34.2113	155
34.2147	155
34.2181	155
34.2215	155
34.2248	155
34.2282	155
34.2316	155
34.235	155
34.2383	155
34.2417	155
34.2451	155
34.2484	155
34.2518	155
34.2552	155
34.2586	155
34.2619	155
34.2653	155
34.2687	155
34.2721	155
34.2754	155
34.2788	155
34.2822	155
34.2855	155
34.2889	155
34.2923	155
34.2957	155
34.299	155
34.3024	155
34.3058	155
34.3092	155
34.3125	155
34.3159	155
34.3193	155
34.3226	155
34.326	155
34.3294	155
34.3328	155
34.3361	155
34.3395	155
34.3429	155
34.3463	155
34.3496	155
34.353	155
34.3564	155
34.3597	155
34.3631	155
34.3665	155
34.3699	155
34.3732	155
34.3766	155
34.38	155
34.3834	155
34.3867	155
34.3901	155
34.3935	155
34.3968	155
34.4002	155
34.4036	155
34.407	155
34.4103	155
34.4137	155
34.4171	155
34.4205	155
34.4238	155
34.4272	155
34.4306	155
34.4339	155
34.4373	155
34.4407	155
34.4441	155
34.4474	155
34.4508	155
34.4542	155
34.4576	155
34.4609	155
34.4643	155
34.4677	155
34.4711	155
34.4744	155
34.4778	155
34.4812	155
34.4845	155
34.4879	155
34.4913	155
34.4947	155
34.498	155
34.5014	155
34.5048	155
34.5082	155
34.5115	155
34.5149	155
34.5183	155
34.5216	155
34.525	155
34.5284	155
34.5318	155
34.5351	155
34.5385	155
34.5419	155
34.5453	155
34.5486	155
34.552	155
34.5554	155
34.5587	155
34.5621	155
34.5655	155
34.5689	155
34.5722	155
34.5756	155
34.579	155
34.5824	155
34.5857	155
34.5891	155
34.5925	155
34.5958	155
34.5992	155
34.6026	155
34.606	155
34.6093	155
34.6127	155
34.6161	155
34.6195	155
34.6228	155
34.6262	155
34.6296	155
34.6329	155
34.6363	155
34.6397	155
34.6431	155
34.6464	155
34.6498	155
34.6532	155
34.6566	155
34.6599	155
34.6633	155
34.6667	155
34.67	155
34.6734	155
34.6768	155
34.6802	155
34.6835	155
34.6869	155
34.6903	155
34.6937	155
34.697	155
34.7004	155
34.7038	155
34.7071	155
34.7105	155
34.7139	155
34.7173	155
34.7206	155
34.724	155
34.7274	155
34.7308	155
34.7341	155
34.7375	155
34.7409	155
34.7442	155
34.7476	155
34.751	155
34.7544	155
34.7577	155
34.7611	155
34.7645	155
34.7679	155
34.7712	155
34.7746	155
34.778	155
34.7813	155
34.7847	155
34.7881	155
34.7915	155
34.7948	155
34.7982	155
34.8016	155
34.805	155
34.8083	155
34.8117	155
34.8151	155
34.8184	155
34.8218	155
34.8252	155
34.8286	155
34.8319	155
34.8353	155
34.8387	155
34.8421	155
34.8454	155
34.8488	155
34.8522	155
34.8555	155
34.8589	155
34.8623	155
34.8657	155
34.869	155
34.8724	155
34.8758	155
34.8792	155
34.8825	155
34.8859	155
34.8893	155
34.8927	155
34.896	155
34.8994	155
34.9028	155
34.9061	155
34.9095	155
34.9129	155
34.9163	155
34.9196	155
34.923	155
34.9264	155
34.9298	155
34.9331	155
34.9365	155
34.9399	155
34.9432	155
34.9466	155
34.95	155
34.9534	155
34.9567	155
34.9601	155
34.9635	155
34.9669	155
34.9702	155
34.9736	155
34.977	155
34.9803	155
34.9837	155
34.9871	155
34.9905	155
34.9938	155
34.9972	155
35.0006	155
35.004	155
35.0073	155
35.0107	155
35.0141	155
35.0174	155
35.0208	155
35.0242	155
35.0276	155
35.0309	155
35.0343	155
35.0377	155
35.0411	155
35.0444	155
35.0478	155
35.0512	155
35.0545	155
35.0579	155
35.0613	155
35.0647	155
35.068	155
35.0714	155
35.0748	155
35.0782	155
35.0815	155
35.0849	155
35.0883	155
35.0916	155
35.095	155
35.0984	155
35.1018	155
35.1051	155
35.1085	155
35.1119	155
35.1153	155
35.1186	155
35.122	155
35.1254	155
35.1287	155
35.1321	155
35.1355	155
35.1389	155
35.1422	155
35.1456	155
35.149	155
35.1524	155
35.1557	155
35.1591	155
35.1625	155
35.1658	155
35.1692	155
35.1726	155
35.176	155
35.1793	155
35.1827	155
35.1861	155
35.1895	155
35.1928	155
35.1962	155
35.1996	155
35.2029	155
35.2063	155
35.2097	155
35.2131	155
35.2164	155
35.2198	155
35.2232	155
35.2266	155
35.2299	155
35.2333	155
35.2367	155
35.24	155
35.2434	155
35.2468	155
35.2502	155
35.2535	155
35.2569	155
35.2603	155
35.2637	155
35.267	155
35.2704	155
35.2738	155
35.2771	155
35.2805	155
35.2839	155
35.2873	155
35.2906	155
35.294	155
35.2974	155
35.3008	155
35.3041	155
35.3075	155
35.3109	155
35.3143	155
35.3176	155
35.321	155
35.3244	155
35.3277	155
35.3311	155
35.3345	155
35.3379	155
35.3412	155
35.3446	155
35.348	155
35.3514	155
35.3547	155
35.3581	155
35.3615	155
35.3648	155
35.3682	155
35.3716	155
35.375	155
35.3783	155
35.3817	155
35.3851	155
35.3885	155
35.3918	155
35.3952	155
35.3986	155
35.4019	155
35.4053	155
35.4087	155
35.4121	155
35.4154	155
35.4188	155
35.4222	155
35.4256	155
35.4289	155
35.4323	155
35.4357	155
35.439	155
35.4424	155
35.4458	155
35.4492	155
35.4525	155
35.4559	155
35.4593	155
35.4627	155
35.466	155
35.4694	155
35.4728	155
35.4761	155
35.4795	155
35.4829	155
35.4863	155
35.4896	155
35.493	155
35.4964	155
35.4998	155
35.5031	155
35.5065	155
35.5099	155
35.5132	155
35.5166	155
35.52	155
35.5234	155
35.5267	155
35.5301	155
35.5335	155
35.5369	155
35.5402	155
35.5436	155
35.547	155
35.5503	155
35.5537	155
35.5571	155
35.5605	155
35.5638	155
35.5672	155
35.5706	155
35.574	155
35.5773	155
35.5807	155
35.5841	155
35.5874	155
35.5908	155
35.5942	155
35.5976	155
35.6009	155
35.6043	155
35.6077	155
35.6111	155
35.6144	155
35.6178	155
35.6212	155
35.6245	155
35.6279	155
35.6313	155
35.6347	155
35.638	155
35.6414	155
35.6448	155
35.6482	155
35.6515	155
35.6549	155
35.6583	155
35.6616	155
35.665	155
35.6684	155
35.6718	155
35.6751	155
35.6785	155
35.6819	155
35.6853	155
35.6886	155
35.692	155
35.6954	155
35.6987	155
35.7021	155
35.7055	155
35.7089	155
35.7122	155
35.7156	155
35.719	155
35.7224	155
35.7257	155
35.7291	155
35.7325	155
35.7359	155
35.7392	155
35.7426	155
35.746	155
35.7493	155
35.7527	155
35.7561	155
35.7595	155
35.7628	155
35.7662	155
35.7696	155
35.773	155
35.7763	155
35.7797	155
35.7831	155
35.7864	155
35.7898	155
35.7932	155
35.7966	155
35.7999	155
35.8033	155
35.8067	155
35.8101	155
35.8134	155
35.8168	155
35.8202	155
35.8235	155
35.8269	155
35.8303	155
35.8337	155
35.837	155
35.8404	155
35.8438	155
35.8472	155
35.8505	155
35.8539	155
35.8573	155
35.8606	155
35.864	155
35.8674	155
35.8708	155
35.8741	155
35.8775	155
35.8809	155
35.8843	155
35.8876	155
35.891	155
35.8944	155
35.8977	155
35.9011	155
35.9045	155
35.9079	155
35.9112	155
35.9146	155
35.918	155
35.9214	155
35.9247	155
35.9281	155
35.9315	155
35.9348	155
35.9382	155
35.9416	155
35.945	155
35.9483	155
35.9517	155
35.9551	155
35.9585	155
35.9618	155
35.9652	155
35.9686	155
35.9719	155
35.9753	155
35.9787	155
35.9821	155
35.9854	155
35.9888	155
35.9922	155
35.9956	155
35.9989	155
36.0023	155
36.0057	155
36.009	155
36.0124	155
36.0158	155
36.0192	155
36.0225	155
36.0259	155
36.0293	155
36.0327	155
36.036	155
36.0394	155
36.0428	155
36.0461	155
36.0495	155
36.0529	155
36.0563	155
36.0596	155
36.063	155
36.0664	155
36.0698	155
36.0731	155
36.0765	155
36.0799	155
36.0832	155
36.0866	155
36.09	155
36.0934	155
36.0967	155
36.1001	155
36.1035	155
36.1069	155
36.1102	155
36.1136	155
36.117	155
36.1203	155
36.1237	155
36.1271	155
36.1305	155
36.1338	155
36.1372	155
36.1406	155
36.144	155
36.1473	155
36.1507	155
36.1541	155
36.1575	155
36.1608	155
36.1642	155
36.1676	155
36.1709	155
36.1743	155
36.1777	155
36.1811	155
36.1844	155
36.1878	155
36.1912	155
36.1946	155
36.1979	155
36.2013	155
36.2047	155
36.208	155
36.2114	155
36.2148	155
36.2182	155
36.2215	155
36.2249	155
36.2283	155
36.2317	155
36.235	155
36.2384	155
36.2418	155
36.2451	155
36.2485	155
36.2519	155
36.2553	155
36.2586	155
36.262	155
36.2654	155
36.2688	155
36.2721	155
36.2755	155
36.2789	155
36.2822	155
36.2856	155
36.289	155
36.2924	155
36.2957	155
36.2991	155
36.3025	155
36.3059	155
36.3092	155
36.3126	155
36.316	155
36.3193	155
36.3227	155
36.3261	155
36.3295	155
36.3328	155
36.3362	155
36.3396	155
36.343	155
36.3463	155
36.3497	155
36.3531	155
36.3564	155
36.3598	155
36.3632	155
36.3666	155
36.3699	155
36.3733	155
36.3767	155
36.3801	155
36.3834	155
36.3868	155
36.3902	155
36.3935	155
36.3969	155
36.4003	155
36.4037	155
36.407	155
36.4104	155
36.4138	155
36.4172	155
36.4205	155
36.4239	155
36.4273	155
36.4306	155
36.434	155
36.4374	155
36.4408	155
36.4441	155
36.4475	155
36.4509	155
36.4543	155
36.4576	155
36.461	155
36.4644	155
36.4677	155
36.4711	155
36.4745	155
36.4779	155
36.4812	155
36.4846	155
36.488	155
36.4914	155
36.4947	155
36.4981	155
36.5015	155
36.5048	155
36.5082	155
36.5116	155
36.515	155
36.5183	155
36.5217	155
36.5251	155
36.5285	155
36.5318	155
36.5352	155
36.5386	155
36.5419	155
36.5453	155
36.5487	155
36.5521	155
36.5554	155
36.5588	155
36.5622	155
36.5656	155
36.5689	155
36.5723	155
36.5757	155
36.5791	155
36.5824	155
36.5858	155
36.5892	155
36.5925	155
36.5959	155
36.5993	155
36.6027	155
36.606	155
36.6094	155
36.6128	155
36.6162	155
36.6195	155
36.6229	155
36.6263	155
36.6296	155
36.633	155
36.6364	155
36.6398	155
36.6431	155
36.6465	155
36.6499	155
36.6533	155
36.6566	155
36.66	155
36.6634	155
36.6667	155
36.6701	155
36.6735	155
36.6769	155
36.6802	155
36.6836	155
36.687	155
36.6904	155
36.6937	155
36.6971	155
36.7005	155
36.7038	155
36.7072	155
36.7106	155
36.714	155
36.7173	155
36.7207	155
36.7241	155
36.7275	155
36.7308	155
36.7342	155
36.7376	155
36.7409	155
36.7443	155
36.7477	155
36.7511	155
36.7544	155
36.7578	155
36.7612	155
36.7646	155
36.7679	155
36.7713	155
36.7747	155
36.778	155
36.7814	155
36.7848	155
36.7882	155
36.7915	155
36.7949	155
36.7983	155
36.8017	155
36.805	155
36.8084	155
36.8118	155
36.8151	155
36.8185	155
36.8219	155
36.8253	155
36.8286	155
36.832	155
36.8354	155
36.8388	155
36.8421	155
36.8455	155
36.8489	155
36.8522	155
36.8556	155
36.859	155
36.8624	155
36.8657	155
36.8691	155
36.8725	155
36.8759	155
36.8792	155
36.8826	155
36.886	155
36.8893	155
36.8927	155
36.8961	155
36.8995	155
36.9028	155
36.9062	155
36.9096	155
36.913	155
36.9163	155
36.9197	155
36.9231	155
36.9264	155
36.9298	155
36.9332	155
36.9366	155
36.9399	155
36.9433	155
36.9467	155
36.9501	155
36.9534	155
36.9568	155
36.9602	155
36.9635	155
36.9669	155
36.9703	155
36.9737	155
36.977	155
36.9804	155
36.9838	155
36.9872	155
36.9905	155
36.9939	155
36.9973	155
37.0007	155
37.004	155
37.0074	155
37.0108	155
37.0141	155
37.0175	155
37.0209	155
37.0243	155
37.0276	155
37.031	155
37.0344	155
37.0378	155
37.0411	155
37.0445	155
37.0479	155
37.0512	155
37.0546	155
37.058	155
37.0614	155
37.0647	155
37.0681	155
37.0715	155
37.0749	155
37.0782	155
37.0816	155
37.085	155
37.0883	155
37.0917	155
37.0951	155
37.0985	155
37.1018	155
37.1052	155
37.1086	155
37.112	155
37.1153	155
37.1187	155
37.1221	155
37.1254	155
37.1288	155
37.1322	155
37.1356	155
37.1389	155
37.1423	155
37.1457	155
37.1491	155
37.1524	155
37.1558	155
37.1592	155
37.1625	155
37.1659	155
37.1693	155
37.1727	155
37.176	155
37.1794	155
37.1828	155
37.1862	155
37.1895	155
37.1929	155
37.1963	155
37.1996	155
37.203	155
37.2064	155
37.2098	155
37.2131	155
37.2165	155
37.2199	155
37.2233	155
37.2266	155
37.23	155
37.2334	155
37.2367	155
37.2401	155
37.2435	155
37.2469	155
37.2502	155
37.2536	155
37.257	155
37.2604	155
37.2637	155
37.2671	155
37.2705	155
37.2738	155
37.2772	155
37.2806	155
37.284	155
37.2873	155
37.2907	155
37.2941	155
37.2975	155
37.3008	155
37.3042	155
37.3076	155
37.3109	155
37.3143	155
37.3177	155
37.3211	155
37.3244	155
37.3278	155
37.3312	155
37.3346	155
37.3379	155
37.3413	155
37.3447	155
37.348	155
37.3514	155
37.3548	155
37.3582	155
37.3615	155
37.3649	155
37.3683	155
37.3717	155
37.375	155
37.3784	155
37.3818	155
37.3851	155
37.3885	155
37.3919	155
37.3953	155
37.3986	155
37.402	155
37.4054	155
37.4088	155
37.4121	155
37.4155	155
37.4189	155
37.4223	155
37.4256	155
37.429	155
37.4324	155
37.4357	155
37.4391	155
37.4425	155
37.4459	155
37.4492	155
37.4526	155
37.456	155
37.4594	155
37.4627	155
37.4661	155
37.4695	155
37.4728	155
37.4762	155
37.4796	155
37.483	155
37.4863	155
37.4897	155
37.4931	155
37.4965	155
37.4998	155
37.5032	155
37.5066	155
37.5099	155
37.5133	155
37.5167	155
37.5201	155
37.5234	155
37.5268	155
37.5302	155
37.5336	155
37.5369	155
37.5403	155
37.5437	155
37.547	155
37.5504	155
37.5538	155
37.5572	155
37.5605	155
37.5639	155
37.5673	155
37.5707	155
37.574	155
37.5774	155
37.5808	155
37.5841	155
37.5875	155
37.5909	155
37.5943	155
37.5976	155
37.601	155
37.6044	155
37.6078	155
37.6111	155
37.6145	155
37.6179	155
37.6212	155
37.6246	155
37.628	155
37.6314	155
37.6347	155
37.6381	155
37.6415	155
37.6449	155
37.6482	155
37.6516	155
37.655	155
37.6583	155
37.6617	155
37.6651	155
37.6685	155
37.6718	155
37.6752	155
37.6786	155
37.682	155
37.6853	155
37.6887	155
37.6921	155
37.6954	155
37.6988	155
37.7022	155
37.7056	155
37.7089	155
37.7123	155
37.7157	155
37.7191	155
37.7224	155
37.7258	155
37.7292	155
37.7325	155
37.7359	155
37.7393	155
37.7427	155
37.746	155
37.7494	155
37.7528	155
37.7562	155
37.7595	155
37.7629	155
37.7663	155
37.7696	155
37.773	155
37.7764	155
37.7798	155
37.7831	155
37.7865	155
37.7899	155
37.7933	155
37.7966	155
37.8	155
37.8034	155
37.8067	155
37.8101	155
37.8135	155
37.8169	155
37.8202	155
37.8236	155
37.827	155
37.8304	155
37.8337	155
37.8371	155
37.8405	155
37.8439	155
37.8472	155
37.8506	155
37.854	155
37.8573	155
37.8607	155
37.8641	155
37.8675	155
37.8708	155
37.8742	155
37.8776	155
37.881	155
37.8843	155
37.8877	155
37.8911	155
37.8944	155
37.8978	155
37.9012	155
37.9046	155
37.9079	155
37.9113	155
37.9147	155
37.9181	155
37.9214	155
37.9248	155
37.9282	155
37.9315	155
37.9349	155
37.9383	155
37.9417	155
37.945	155
37.9484	155
37.9518	155
37.9552	155
37.9585	155
37.9619	155
37.9653	155
37.9686	155
37.972	155
37.9754	155
37.9788	155
37.9821	155
37.9855	155
37.9889	155
37.9923	155
37.9956	155
37.999	155
38.0024	155
38.0057	155
38.0091	155
38.0125	155
38.0159	155
38.0192	155
38.0226	155
38.026	155
38.0294	155
38.0327	155
38.0361	155
38.0395	155
38.0428	155
38.0462	155
38.0496	155
38.053	155
38.0563	155
38.0597	155
38.0631	155
38.0665	155
38.0698	155
38.0732	155
38.0766	155
38.0799	155
38.0833	155
38.0867	155
38.0901	155
38.0934	155
38.0968	155
38.1002	155
38.1036	155
38.1069	155
38.1103	155
38.1137	155
38.117	155
38.1204	155
38.1238	155
38.1272	155
38.1305	155
38.1339	155
38.1373	155
38.1407	155
38.144	155
38.1474	155
38.1508	155
38.1541	155
38.1575	155
38.1609	155
38.1643	155
38.1676	155
38.171	155
38.1744	155
38.1778	155
38.1811	155
38.1845	155
38.1879	155
38.1912	155
38.1946	155
38.198	155
38.2014	155
38.2047	155
38.2081	155
38.2115	155
38.2149	155
38.2182	155
38.2216	155
38.225	155
38.2283	155
38.2317	155
38.2351	155
38.2385	155
38.2418	155
38.2452	155
38.2486	155
38.252	155
38.2553	155
38.2587	155
38.2621	155
38.2655	155
38.2688	155
38.2722	155
38.2756	155
38.2789	155
38.2823	155
38.2857	155
38.2891	155
38.2924	155
38.2958	155
38.2992	155
38.3026	155
38.3059	155
38.3093	155
38.3127	155
38.316	155
38.3194	155
38.3228	155
38.3262	155
38.3295	155
38.3329	155
38.3363	155
38.3397	155
38.343	155
38.3464	155
38.3498	155
38.3531	155
38.3565	155
38.3599	155
38.3633	155
38.3666	155
38.37	155
38.3734	155
38.3768	155
38.3801	155
38.3835	155
38.3869	155
38.3902	155
38.3936	155
38.397	155
38.4004	155
38.4037	155
38.4071	155
38.4105	155
38.4139	155
38.4172	155
38.4206	155
38.424	155
38.4273	155
38.4307	155
38.4341	155
38.4375	155
38.4408	155
38.4442	155
38.4476	155
38.451	155
38.4543	155
38.4577	155
38.4611	155
38.4644	155
38.4678	155
38.4712	155
38.4746	155
38.4779	155
38.4813	155
38.4847	155
38.4881	155
38.4914	155
38.4948	155
38.4982	155
38.5015	155
38.5049	155
38.5083	155
38.5117	155
38.515	155
38.5184	155
38.5218	155
38.5252	155
38.5285	155
38.5319	155
38.5353	155
38.5386	155
38.542	155
38.5454	155
38.5488	155
38.5521	155
38.5555	155
38.5589	155
38.5623	155
38.5656	155
38.569	155
38.5724	155
38.5757	155
38.5791	155
38.5825	155
38.5859	155
38.5892	155
38.5926	155
38.596	155
38.5994	155
38.6027	155
38.6061	155
38.6095	155
38.6128	155
38.6162	155
38.6196	155
38.623	155
38.6263	155
38.6297	155
38.6331	155
38.6365	155
38.6398	155
38.6432	155
38.6466	155
38.6499	155
38.6533	155
38.6567	155
38.6601	155
38.6634	155
38.6668	155
38.6702	155
38.6736	155
38.6769	155
38.6803	155
38.6837	155
38.6871	155
38.6904	155
38.6938	155
38.6972	155
38.7005	155
38.7039	155
38.7073	155
38.7107	155
38.714	155
38.7174	155
38.7208	155
38.7242	155
38.7275	155
38.7309	155
38.7343	155
38.7376	155
38.741	155
38.7444	155
38.7478	155
38.7511	155
38.7545	155
38.7579	155
38.7613	155
38.7646	155
38.768	155
38.7714	155
38.7747	155
38.7781	155
38.7815	155
38.7849	155
38.7882	155
38.7916	155
38.795	155
38.7984	155
38.8017	155
38.8051	155
38.8085	155
38.8118	155
38.8152	155
38.8186	155
38.822	155
38.8253	155
38.8287	155
38.8321	155
38.8355	155
38.8388	155
38.8422	155
38.8456	155
38.8489	155
38.8523	155
38.8557	155
38.8591	155
38.8624	155
38.8658	155
38.8692	155
38.8726	155
38.8759	155
38.8793	155
38.8827	155
38.886	155
38.8894	155
38.8928	155
38.8962	155
38.8995	155
38.9029	155
38.9063	155
38.9097	155
38.913	155
38.9164	155
38.9198	155
38.9231	155
38.9265	155
38.9299	155
38.9333	155
38.9366	155
38.94	155
38.9434	155
38.9468	155
38.9501	155
38.9535	155
38.9569	155
38.9602	155
38.9636	155
38.967	155
38.9704	155
38.9737	155
38.9771	155
38.9805	155
38.9839	155
38.9872	155
38.9906	155
38.994	155
38.9973	155
39.0007	155
39.0041	155
39.0075	155
39.0108	155
39.0142	155
39.0176	155
39.021	155
39.0243	155
39.0277	155
39.0311	155
39.0344	155
39.0378	155
39.0412	155
39.0446	155
39.0479	155
39.0513	155
39.0547	155
39.0581	155
39.0614	155
39.0648	155
39.0682	155
39.0715	155
39.0749	155
39.0783	155
39.0817	155
39.085	155
39.0884	155
39.0918	155
39.0952	155
39.0985	155
39.1019	155
39.1053	155
39.1087	155
39.112	155
39.1154	155
39.1188	155
39.1221	155
39.1255	155
39.1289	155
39.1323	155
39.1356	155
39.139	155
39.1424	155
39.1458	155
39.1491	155
39.1525	155
39.1559	155
39.1592	155
39.1626	155
39.166	155
39.1694	155
39.1727	155
39.1761	155
39.1795	155
39.1829	155
39.1862	155
39.1896	155
39.193	155
39.1963	155
39.1997	155
39.2031	155
39.2065	155
39.2098	155
39.2132	155
39.2166	155
39.22	155
39.2233	155
39.2267	155
39.2301	155
39.2334	155
39.2368	155
39.2402	155
39.2436	155
39.2469	155
39.2503	155
39.2537	155
39.2571	155
39.2604	155
39.2638	155
39.2672	155
39.2705	155
39.2739	155
39.2773	155
39.2807	155
39.284	155
39.2874	155
39.2908	155
39.2942	155
39.2975	155
39.3009	155
39.3043	155
39.3076	155
39.311	155
39.3144	155
39.3178	155
39.3211	155
39.3245	155
39.3279	155
39.3313	155
39.3346	155
39.338	155
39.3414	155
39.3447	155
39.3481	155
39.3515	155
39.3549	155
39.3582	155
39.3616	155
39.365	155
39.3684	155
39.3717	155
39.3751	155
39.3785	155
39.3818	155
39.3852	155
39.3886	155
39.392	155
39.3953	155
39.3987	155
39.4021	155
39.4055	155
39.4088	155
39.4122	155
39.4156	155
39.4189	155
39.4223	155
39.4257	155
39.4291	155
39.4324	155
39.4358	155
39.4392	155
39.4426	155
39.4459	155
39.4493	155
39.4527	155
39.456	155
39.4594	155
39.4628	155
39.4662	155
39.4695	155
39.4729	155
39.4763	155
39.4797	155
39.483	155
39.4864	155
39.4898	155
39.4931	155
39.4965	155
39.4999	155
39.5033	155
39.5066	155
39.51	155
39.5134	155
39.5168	155
39.5201	155
39.5235	155
39.5269	155
39.5303	155
39.5336	155
39.537	155
39.5404	155
39.5437	155
39.5471	155
39.5505	155
39.5539	155
39.5572	155
39.5606	155
39.564	155
39.5674	155
39.5707	155
39.5741	155
39.5775	155
39.5808	155
39.5842	155
39.5876	155
39.591	155
39.5943	155
39.5977	155
39.6011	155
39.6045	155
39.6078	155
39.6112	155
39.6146	155
39.6179	155
39.6213	155
39.6247	155
39.6281	155
39.6314	155
39.6348	155
39.6382	155
39.6416	155
39.6449	155
39.6483	155
39.6517	155
39.655	155
39.6584	155
39.6618	155
39.6652	155
39.6685	155
39.6719	155
39.6753	155
39.6787	155
39.682	155
39.6854	155
39.6888	155
39.6921	155
39.6955	155
39.6989	155
39.7023	155
39.7056	155
39.709	155
39.7124	155
39.7158	155
39.7191	155
39.7225	155
39.7259	155
39.7292	155
39.7326	155
39.736	155
39.7394	155
39.7427	155
39.7461	155
39.7495	155
39.7529	155
39.7562	155
39.7596	155
39.763	155
39.7663	155
39.7697	155
39.7731	155
39.7765	155
39.7798	155
39.7832	155
39.7866	155
39.79	155
39.7933	155
39.7967	155
39.8001	155
39.8034	155
39.8068	155
39.8102	155
39.8136	155
39.8169	155
39.8203	155
39.8237	155
39.8271	155
39.8304	155
39.8338	155
39.8372	155
39.8405	155
39.8439	155
39.8473	155
39.8507	155
39.854	155
39.8574	155
39.8608	155
39.8642	155
39.8675	155
39.8709	155
39.8743	155
39.8776	155
39.881	155
39.8844	155
39.8878	155
39.8911	155
39.8945	155
39.8979	155
39.9013	155
39.9046	155
39.908	155
39.9114	155
39.9147	155
39.9181	155
39.9215	155
39.9249	155
39.9282	155
39.9316	155
39.935	155
39.9384	155
39.9417	155
39.9451	155
39.9485	155
39.9519	155
39.9552	155
39.9586	155
39.962	155
39.9653	155
39.9687	155
39.9721	155
39.9755	155
39.9788	155
39.9822	155
39.9856	155
39.989	155
39.9923	155
39.9957	155
39.9991	155
40.0024	155
40.0058	155
40.0092	155
40.0126	155
40.0159	155
40.0193	155
40.0227	155
40.0261	155
40.0294	155
40.0328	155
40.0362	155
40.0395	155
40.0429	155
40.0463	155
40.0497	155
40.053	155
40.0564	155
40.0598	155
40.0632	155
40.0665	155
40.0699	155
40.0733	155
40.0766	155
40.08	155
40.0834	155
40.0868	155
40.0901	155
40.0935	155
40.0969	155
40.1003	155
40.1036	155
40.107	155
40.1104	155
40.1137	155
40.1171	155
40.1205	155
40.1239	155
40.1272	155
40.1306	155
40.134	155
40.1374	155
40.1407	155
40.1441	155
40.1475	155
40.1508	155
40.1542	155
40.1576	155
40.161	155
40.1643	155
40.1677	155
40.1711	155
40.1745	155
40.1778	155
40.1812	155
40.1846	155
40.1879	155
40.1913	155
40.1947	155
40.1981	155
40.2014	155
40.2048	155
40.2082	155
40.2116	155
40.2149	155
40.2183	155
40.2217	155
40.225	155
40.2284	155
40.2318	155
40.2352	155
40.2385	155
40.2419	155
40.2453	155
40.2487	155
40.252	155
40.2554	155
40.2588	155
40.2621	155
40.2655	155
40.2689	155
40.2723	155
40.2756	155
40.279	155
40.2824	155
40.2858	155
40.2891	155
40.2925	155
40.2959	155
40.2992	155
40.3026	155
40.306	155
40.3094	155
40.3127	155
40.3161	155
40.3195	155
40.3229	155
40.3262	155
40.3296	155
40.333	155
40.3363	155
40.3397	155
40.3431	155
40.3465	155
40.3498	155
40.3532	155
40.3566	155
40.36	155
40.3633	155
40.3667	155
40.3701	155
40.3735	155
40.3768	155
40.3802	155
40.3836	155
40.3869	155
40.3903	155
40.3937	155
40.3971	155
40.4004	155
40.4038	155
40.4072	155
40.4106	155
40.4139	155
40.4173	155
40.4207	155
40.424	155
40.4274	155
40.4308	155
40.4342	155
40.4375	155
40.4409	155
40.4443	155
40.4477	155
40.451	155
40.4544	155
40.4578	155
40.4611	155
40.4645	155
40.4679	155
40.4713	155
40.4746	155
40.478	155
40.4814	155
40.4848	155
40.4881	155
40.4915	155
40.4949	155
40.4982	155
40.5016	155
40.505	155
40.5084	155
40.5117	155
40.5151	155
40.5185	155
40.5219	155
40.5252	155
40.5286	155
40.532	155
40.5353	155
40.5387	155
40.5421	155
40.5455	155
40.5488	155
40.5522	155
40.5556	155
40.559	155
40.5623	155
40.5657	155
40.5691	155
40.5724	155
40.5758	155
40.5792	155
40.5826	155
40.5859	155
40.5893	155
40.5927	155
40.5961	155
40.5994	155
40.6028	155
40.6062	155
40.6095	155
40.6129	155
40.6163	155
40.6197	155
40.623	155
40.6264	155
40.6298	155
40.6332	155
40.6365	155
40.6399	155
40.6433	155
40.6466	155
40.65	155
40.6534	155
40.6568	155
40.6601	155
40.6635	155
40.6669	155
40.6703	155
40.6736	155
40.677	155
40.6804	155
40.6837	155
40.6871	155
40.6905	155
40.6939	155
40.6972	155
40.7006	155
40.704	155
40.7074	155
40.7107	155
40.7141	155
40.7175	155
40.7208	155
40.7242	155
40.7276	155
40.731	155
40.7343	155
40.7377	155
40.7411	155
40.7445	155
40.7478	155
40.7512	155
40.7546	155
40.7579	155
40.7613	155
40.7647	155
40.7681	155
40.7714	155
40.7748	155
40.7782	155
40.7816	155
40.7849	155
40.7883	155
40.7917	155
40.7951	155
40.7984	155
40.8018	155
40.8052	155
40.8085	155
40.8119	155
40.8153	155
40.8187	155
40.822	155
40.8254	155
40.8288	155
40.8322	155
40.8355	155
40.8389	155
40.8423	155
40.8456	155
40.849	155
40.8524	155
40.8558	155
40.8591	155
40.8625	155
40.8659	155
40.8693	155
40.8726	155
40.876	155
40.8794	155
40.8827	155
40.8861	155
40.8895	155
40.8929	155
40.8962	155
40.8996	155
40.903	155
40.9064	155
40.9097	155
40.9131	155
40.9165	155
40.9198	155
40.9232	155
40.9266	155
40.93	155
40.9333	155
40.9367	155
40.9401	155
40.9435	155
40.9468	155
40.9502	155
40.9536	155
40.9569	155
40.9603	155
40.9637	155
40.9671	155
40.9704	155
40.9738	155
40.9772	155
40.9806	155
40.9839	155
40.9873	155
40.9907	155
40.994	155
40.9974	155
41.0008	155
41.0042	155
41.0075	155
41.0109	155
41.0143	155
41.0177	155
41.021	155
41.0244	155
41.0278	155
41.0311	155
41.0345	155
41.0379	155
41.0413	155
41.0446	155
41.048	155
41.0514	155
41.0548	155
41.0581	155
41.0615	155
41.0649	155
41.0682	155
41.0716	155
41.075	155
41.0784	155
41.0817	155
41.0851	155
41.0885	155
41.0919	155
41.0952	155
41.0986	155
41.102	155
41.1053	155
41.1087	155
41.1121	155
41.1155	155
41.1188	155
41.1222	155
41.1256	155
41.129	155
41.1323	155
41.1357	155
41.1391	155
41.1424	155
41.1458	155
41.1492	155
41.1526	155
41.1559	155
41.1593	155
41.1627	155
41.1661	155
41.1694	155
41.1728	155
41.1762	155
41.1795	155
41.1829	155
41.1863	155
41.1897	155
41.193	155
41.1964	155
41.1998	155
41.2032	155
41.2065	155
41.2099	155
41.2133	155
41.2167	155
41.22	155
41.2234	155
41.2268	155
41.2301	155
41.2335	155
41.2369	155
41.2403	155
41.2436	155
41.247	155
41.2504	155
41.2538	155
41.2571	155
41.2605	155
41.2639	155
41.2672	155
41.2706	155
41.274	155
41.2774	155
41.2807	155
41.2841	155
41.2875	155
41.2909	155
41.2942	155
41.2976	155
41.301	155
41.3043	155
41.3077	155
41.3111	155
41.3145	155
41.3178	155
41.3212	155
41.3246	155
41.328	155
41.3313	155
41.3347	155
41.3381	155
41.3414	155
41.3448	155
41.3482	155
41.3516	155
41.3549	155
41.3583	155
41.3617	155
41.3651	155
41.3684	155
41.3718	155
41.3752	155
41.3785	155
41.3819	155
41.3853	155
41.3887	155
41.392	155
41.3954	155
41.3988	155
41.4022	155
41.4055	155
41.4089	155
41.4123	155
41.4156	155
41.419	155
41.4224	155
41.4258	155
41.4291	155
41.4325	155
41.4359	155
41.4393	155
41.4426	155
41.446	155
41.4494	155
41.4527	155
41.4561	155
41.4595	155
41.4629	155
41.4662	155
41.4696	155
41.473	155
41.4764	155
41.4797	155
41.4831	155
41.4865	155
41.4898	155
41.4932	155
41.4966	155
41.5	155
41.5033	155
41.5067	155
41.5101	155
41.5135	155
41.5168	155
41.5202	155
41.5236	155
41.5269	155
41.5303	155
41.5337	155
41.5371	155
41.5404	155
41.5438	155
41.5472	155
41.5506	155
41.5539	155
41.5573	155
41.5607	155
41.564	155
41.5674	155
41.5708	155
41.5742	155
41.5775	155
41.5809	155
41.5843	155
41.5877	155
41.591	155
41.5944	155
41.5978	155
41.6011	155
41.6045	155
41.6079	155
41.6113	155
41.6146	155
41.618	155
41.6214	155
41.6248	155
41.6281	155
41.6315	155
41.6349	155
41.6383	155
41.6416	155
41.645	155
41.6484	155
41.6517	155
41.6551	155
41.6585	155
41.6619	155
41.6652	155
41.6686	155
41.672	155
41.6754	155
41.6787	155
41.6821	155
41.6855	155
41.6888	155
41.6922	155
41.6956	155
41.699	155
41.7023	155
41.7057	155
41.7091	155
41.7125	155
41.7158	155
41.7192	155
41.7226	155
41.7259	155
41.7293	155
41.7327	155
41.7361	155
41.7394	155
41.7428	155
41.7462	155
41.7496	155
41.7529	155
41.7563	155
41.7597	155
41.763	155
41.7664	155
41.7698	155
41.7732	155
41.7765	155
41.7799	155
41.7833	155
41.7867	155
41.79	155
41.7934	155
41.7968	155
41.8001	155
41.8035	155
41.8069	155
41.8103	155
41.8136	155
41.817	155
41.8204	155
41.8238	155
41.8271	155
41.8305	155
41.8339	155
41.8372	155
41.8406	155
41.844	155
41.8474	155
41.8507	155
41.8541	155
41.8575	155
41.8609	155
41.8642	155
41.8676	155
41.871	155
41.8743	155
41.8777	155
41.8811	155
41.8845	155
41.8878	155
41.8912	155
41.8946	155
41.898	155
41.9013	155
41.9047	155
41.9081	155
41.9114	155
41.9148	155
41.9182	155
41.9216	155
41.9249	155
41.9283	155
41.9317	155
41.9351	155
41.9384	155
41.9418	155
41.9452	155
41.9485	155
41.9519	155
41.9553	155
41.9587	155
41.962	155
41.9654	155
41.9688	155
41.9722	155
41.9755	155
41.9789	155
41.9823	155
41.9856	155
41.989	155
41.9924	155
41.9958	155
41.9991	155
42.0025	155
42.0059	155
42.0093	155
42.0126	155
42.016	155
42.0194	155
42.0227	155
42.0261	155
42.0295	155
42.0329	155
42.0362	155
42.0396	155
42.043	155
42.0464	155
42.0497	155
42.0531	155
42.0565	155
42.0599	155
42.0632	155
42.0666	155
42.07	155
42.0733	155
42.0767	155
42.0801	155
42.0835	155
42.0868	155
42.0902	155
42.0936	155
42.097	155
42.1003	155
42.1037	155
42.1071	155
42.1104	155
42.1138	155
42.1172	155
42.1206	155
42.1239	155
42.1273	155
42.1307	155
42.1341	155
42.1374	155
42.1408	155
42.1442	155
42.1475	155
42.1509	155
42.1543	155
42.1577	155
42.161	155
42.1644	155
42.1678	155
42.1712	155
42.1745	155
42.1779	155
42.1813	155
42.1846	155
42.188	155
42.1914	155
42.1948	155
42.1981	155
42.2015	155
42.2049	155
42.2083	155
42.2116	155
42.215	155
42.2184	155
42.2217	155
42.2251	155
42.2285	155
42.2319	155
42.2352	155
42.2386	155
42.242	155
42.2454	155
42.2487	155
42.2521	155
42.2555	155
42.2588	155
42.2622	155
42.2656	155
42.269	155
42.2723	155
42.2757	155
42.2791	155
42.2825	155
42.2858	155
42.2892	155
42.2926	155
42.2959	155
42.2993	155
42.3027	155
42.3061	155
42.3094	155
42.3128	155
42.3162	155
42.3196	155
42.3229	155
42.3263	155
42.3297	155
42.333	155
42.3364	155
42.3398	155
42.3432	155
42.3465	155
42.3499	155
42.3533	155
42.3567	155
42.36	155
42.3634	155
42.3668	155
42.3701	155
42.3735	155
42.3769	155
42.3803	155
42.3836	155
42.387	155
42.3904	155
42.3938	155
42.3971	155
42.4005	155
42.4039	155
42.4072	155
42.4106	155
42.414	155
42.4174	155
42.4207	155
42.4241	155
42.4275	155
42.4309	155
42.4342	155
42.4376	155
42.441	155
42.4443	155
42.4477	155
42.4511	155
42.4545	155
42.4578	155
42.4612	155
42.4646	155
42.468	155
42.4713	155
42.4747	155
42.4781	155
42.4815	155
42.4848	155
42.4882	155
42.4916	155
42.4949	155
42.4983	155
42.5017	155
42.5051	155
42.5084	155
42.5118	155
42.5152	155
42.5186	155
42.5219	155
42.5253	155
42.5287	155
42.532	155
42.5354	155
42.5388	155
42.5422	155
42.5455	155
42.5489	155
42.5523	155
42.5557	155
42.559	155
42.5624	155
42.5658	155
42.5691	155
42.5725	155
42.5759	155
42.5793	155
42.5826	155
42.586	155
42.5894	155
42.5928	155
42.5961	155
42.5995	155
42.6029	155
42.6062	155
42.6096	155
42.613	155
42.6164	155
42.6197	155
42.6231	155
42.6265	155
42.6299	155
42.6332	155
42.6366	155
42.64	155
42.6433	155
42.6467	155
42.6501	155
42.6535	155
42.6568	155
42.6602	155
42.6636	155
42.667	155
42.6703	155
42.6737	155
42.6771	155
42.6804	155
42.6838	155
42.6872	155
42.6906	155
42.6939	155
42.6973	155
42.7007	155
42.7041	155
42.7074	155
42.7108	155
42.7142	155
42.7175	155
42.7209	155
42.7243	155
42.7277	155
42.731	155
42.7344	155
42.7378	155
42.7412	155
42.7445	155
42.7479	155
42.7513	155
42.7546	155
42.758	155
42.7614	155
42.7648	155
42.7681	155
42.7715	155
42.7749	155
42.7783	155
42.7816	155
42.785	155
42.7884	155
42.7917	155
42.7951	155
42.7985	155
42.8019	155
42.8052	155
42.8086	155
42.812	155
42.8154	155
42.8187	155
42.8221	155
42.8255	155
42.8288	155
42.8322	155
42.8356	155
42.839	155
42.8423	155
42.8457	155
42.8491	155
42.8525	155
42.8558	155
42.8592	155
42.8626	155
42.8659	155
42.8693	155
42.8727	155
42.8761	155
42.8794	155
42.8828	155
42.8862	155
42.8896	155
42.8929	155
42.8963	155
42.8997	155
42.9031	155
42.9064	155
42.9098	155
42.9132	155
42.9165	155
42.9199	155
42.9233	155
42.9267	155
42.93	155
42.9334	155
42.9368	155
42.9402	155
42.9435	155
42.9469	155
42.9503	155
42.9536	155
42.957	155
42.9604	155
42.9638	155
42.9671	155
42.9705	155
42.9739	155
42.9773	155
42.9806	155
42.984	155
42.9874	155
42.9907	155
42.9941	155
42.9975	155
43.0009	155
43.0042	155
43.0076	155
43.011	155
43.0144	155
43.0177	155
43.0211	155
43.0245	155
43.0278	155
43.0312	155
43.0346	155
43.038	155
43.0413	155
43.0447	155
43.0481	155
43.0515	155
43.0548	155
43.0582	155
43.0616	155
43.0649	155
43.0683	155
43.0717	155
43.0751	155
43.0784	155
43.0818	155
43.0852	155
43.0886	155
43.0919	155
43.0953	155
43.0987	155
43.102	155
43.1054	155
43.1088	155
43.1122	155
43.1155	155
43.1189	155
43.1223	155
43.1257	155
43.129	155
43.1324	155
43.1358	155
43.1391	155
43.1425	155
43.1459	155
43.1493	155
43.1526	155
43.156	155
43.1594	155
43.1628	155
43.1661	155
43.1695	155
43.1729	155
43.1762	155
43.1796	155
43.183	155
43.1864	155
43.1897	155
43.1931	155
43.1965	155
43.1999	155
43.2032	155
43.2066	155
43.21	155
43.2133	155
43.2167	155
43.2201	155
43.2235	155
43.2268	155
43.2302	155
43.2336	155
43.237	155
43.2403	155
43.2437	155
43.2471	155
43.2504	155
43.2538	155
43.2572	155
43.2606	155
43.2639	155
43.2673	155
43.2707	155
43.2741	155
43.2774	155
43.2808	155
43.2842	155
43.2875	155
43.2909	155
43.2943	155
43.2977	155
43.301	155
43.3044	155
43.3078	155
43.3112	155
43.3145	155
43.3179	155
43.3213	155
43.3247	155
43.328	155
43.3314	155
43.3348	155
43.3381	155
43.3415	155
43.3449	155
43.3483	155
43.3516	155
43.355	155
43.3584	155
43.3618	155
43.3651	155
43.3685	155
43.3719	155
43.3752	155
43.3786	155
43.382	155
43.3854	155
43.3887	155
43.3921	155
43.3955	155
43.3989	155
43.4022	155
43.4056	155
43.409	155
43.4123	155
43.4157	155
43.4191	155
43.4225	155
43.4258	155
43.4292	155
43.4326	155
43.436	155
43.4393	155
43.4427	155
43.4461	155
43.4494	155
43.4528	155
43.4562	155
43.4596	155
43.4629	155
43.4663	155
43.4697	155
43.4731	155
43.4764	155
43.4798	155
43.4832	155
43.4865	155
43.4899	155
43.4933	155
43.4967	155
43.5	155
43.5034	155
43.5068	155
43.5102	155
43.5135	155
43.5169	155
43.5203	155
43.5236	155
43.527	155
43.5304	155
43.5338	155
43.5371	155
43.5405	155
43.5439	155
43.5473	155
43.5506	155
43.554	155
43.5574	155
43.5607	155
43.5641	155
43.5675	155
43.5709	155
43.5742	155
43.5776	155
43.581	155
43.5844	155
43.5877	155
43.5911	155
43.5945	155
43.5978	155
43.6012	155
43.6046	155
43.608	155
43.6113	155
43.6147	155
43.6181	155
43.6215	155
43.6248	155
43.6282	155
43.6316	155
43.6349	155
43.6383	155
43.6417	155
43.6451	155
43.6484	155
43.6518	155
43.6552	155
43.6586	155
43.6619	155
43.6653	155
43.6687	155
43.672	155
43.6754	155
43.6788	155
43.6822	155
43.6855	155
43.6889	155
43.6923	155
43.6957	155
43.699	155
43.7024	155
43.7058	155
43.7091	155
43.7125	155
43.7159	155
43.7193	155
43.7226	155
43.726	155
43.7294	155
43.7328	155
43.7361	155
43.7395	155
43.7429	155
43.7463	155
43.7496	155
43.753	155
43.7564	155
43.7597	155
43.7631	155
43.7665	155
43.7699	155
43.7732	155
43.7766	155
43.78	155
43.7834	155
43.7867	155
43.7901	155
43.7935	155
43.7968	155
43.8002	155
43.8036	155
43.807	155
43.8103	155
43.8137	155
43.8171	155
43.8205	155
43.8238	155
43.8272	155
43.8306	155
43.8339	155
43.8373	155
43.8407	155
43.8441	155
43.8474	155
43.8508	155
43.8542	155
43.8576	155
43.8609	155
43.8643	155
43.8677	155
43.871	155
43.8744	155
43.8778	155
43.8812	155
43.8845	155
43.8879	155
43.8913	155
43.8947	155
43.898	155
43.9014	155
43.9048	155
43.9081	155
43.9115	155
43.9149	155
43.9183	155
43.9216	155
43.925	155
43.9284	155
43.9318	155
43.9351	155
43.9385	155
43.9419	155
43.9452	155
43.9486	155
43.952	155
43.9554	155
43.9587	155
43.9621	155
43.9655	155
43.9689	155
43.9722	155
43.9756	155
43.979	155
43.9823	155
43.9857	155
43.9891	155
43.9925	155
43.9958	155
43.9992	155
44.0026	155
44.006	155
44.0093	155
44.0127	155
44.0161	155
44.0194	155
44.0228	155
44.0262	155
44.0296	155
44.0329	155
44.0363	155
44.0397	155
44.0431	155
44.0464	155
44.0498	155
44.0532	155
44.0565	155
44.0599	155
44.0633	155
44.0667	155
44.07	155
44.0734	155
44.0768	155
44.0802	155
44.0835	155
44.0869	155
44.0903	155
44.0936	155
44.097	155
44.1004	155
44.1038	155
44.1071	155
44.1105	155
44.1139	155
44.1173	155
44.1206	155
44.124	155
44.1274	155
44.1307	155
44.1341	155
44.1375	155
44.1409	155
44.1442	155
44.1476	155
44.151	155
44.1544	155
44.1577	155
44.1611	155
44.1645	155
44.1679	155
44.1712	155
44.1746	155
44.178	155
44.1813	155
44.1847	155
44.1881	155
44.1915	155
44.1948	155
44.1982	155
44.2016	155
44.205	155
44.2083	155
44.2117	155
44.2151	155
44.2184	155
44.2218	155
44.2252	155
44.2286	155
44.2319	155
44.2353	155
44.2387	155
44.2421	155
44.2454	155
44.2488	155
44.2522	155
44.2555	155
44.2589	155
44.2623	155
44.2657	155
44.269	155
44.2724	155
44.2758	155
44.2792	155
44.2825	155
44.2859	155
44.2893	155
44.2926	155
44.296	155
44.2994	155
44.3028	155
44.3061	155
44.3095	155
44.3129	155
44.3163	155
44.3196	155
44.323	155
44.3264	155
44.3297	155
44.3331	155
44.3365	155
44.3399	155
44.3432	155
44.3466	155
44.35	155
44.3534	155
44.3567	155
44.3601	155
44.3635	155
44.3668	155
44.3702	155
44.3736	155
44.377	155
44.3803	155
44.3837	155
44.3871	155
44.3905	155
44.3938	155
44.3972	155
44.4006	155
44.4039	155
44.4073	155
44.4107	155
44.4141	155
44.4174	155
44.4208	155
44.4242	155
44.4276	155
44.4309	155
44.4343	155
44.4377	155
44.441	155
44.4444	155
44.4478	155
44.4512	155
44.4545	155
44.4579	155
44.4613	155
44.4647	155
44.468	155
44.4714	155
44.4748	155
44.4781	155
44.4815	155
44.4849	155
44.4883	155
44.4916	155
44.495	155
44.4984	155
44.5018	155
44.5051	155
44.5085	155
44.5119	155
44.5152	155
44.5186	155
44.522	155
44.5254	155
44.5287	155
44.5321	155
44.5355	155
44.5389	155
44.5422	155
44.5456	155
44.549	155
44.5523	155
44.5557	155
44.5591	155
44.5625	155
44.5658	155
44.5692	155
44.5726	155
44.576	155
44.5793	155
44.5827	155
44.5861	155
44.5895	155
44.5928	155
44.5962	155
44.5996	155
44.6029	155
44.6063	155
44.6097	155
44.6131	155
44.6164	155
44.6198	155
44.6232	155
44.6266	155
44.6299	155
44.6333	155
44.6367	155
44.64	155
44.6434	155
44.6468	155
44.6502	155
44.6535	155
44.6569	155
44.6603	155
44.6637	155
44.667	155
44.6704	155
44.6738	155
44.6771	155
44.6805	155
44.6839	155
44.6873	155
44.6906	155
44.694	155
44.6974	155
44.7008	155
44.7041	155
44.7075	155
44.7109	155
44.7142	155
44.7176	155
44.721	155
44.7244	155
44.7277	155
44.7311	155
44.7345	155
44.7379	155
44.7412	155
44.7446	155
44.748	155
44.7513	155
44.7547	155
44.7581	155
44.7615	155
44.7648	155
44.7682	155
44.7716	155
44.775	155
44.7783	155
44.7817	155
44.7851	155
44.7884	155
44.7918	155
44.7952	155
44.7986	155
44.8019	155
44.8053	155
44.8087	155
44.8121	155
44.8154	155
44.8188	155
44.8222	155
44.8255	155
44.8289	155
44.8323	155
44.8357	155
44.839	155
44.8424	155
44.8458	155
44.8492	155
44.8525	155
44.8559	155
44.8593	155
44.8626	155
44.866	155
44.8694	155
44.8728	155
44.8761	155
44.8795	155
44.8829	155
44.8863	155
44.8896	155
44.893	155
44.8964	155
44.8997	155
44.9031	155
44.9065	155
44.9099	155
44.9132	155
44.9166	155
44.92	155
44.9234	155
44.9267	155
44.9301	155
44.9335	155
44.9368	155
44.9402	155
44.9436	155
44.947	155
44.9503	155
44.9537	155
44.9571	155
44.9605	155
44.9638	155
44.9672	155
44.9706	155
44.9739	155
44.9773	155
44.9807	155
44.9841	155
44.9874	155
44.9908	155
44.9942	155
44.9976	155
45.0009	155
45.0043	155
45.0077	155
45.0111	155
45.0144	155
45.0178	155
45.0212	155
45.0245	155
45.0279	155
45.0313	155
45.0347	155
45.038	155
45.0414	155
45.0448	155
45.0482	155
45.0515	155
45.0549	155
45.0583	155
45.0616	155
45.065	155
45.0684	155
45.0718	155
45.0751	155
45.0785	155
45.0819	155
45.0853	155
45.0886	155
45.092	155
45.0954	155
45.0987	155
45.1021	155
45.1055	155
45.1089	155
45.1122	155
45.1156	155
45.119	155
45.1224	155
45.1257	155
45.1291	155
45.1325	155
45.1358	155
45.1392	155
45.1426	155
45.146	155
45.1493	155
45.1527	155
45.1561	155
45.1595	155
45.1628	155
45.1662	155
45.1696	155
45.1729	155
45.1763	155
45.1797	155
45.1831	155
45.1864	155
45.1898	155
45.1932	155
45.1966	155
45.1999	155
45.2033	155
45.2067	155
45.21	155
45.2134	155
45.2168	155
45.2202	155
45.2235	155
45.2269	155
45.2303	155
45.2337	155
45.237	155
45.2404	155
45.2438	155
45.2471	155
45.2505	155
45.2539	155
45.2573	155
45.2606	155
45.264	155
45.2674	155
45.2708	155
45.2741	155
45.2775	155
45.2809	155
45.2842	155
45.2876	155
45.291	155
45.2944	155
45.2977	155
45.3011	155
45.3045	155
45.3079	155
45.3112	155
45.3146	155
45.318	155
45.3213	155
45.3247	155
45.3281	155
45.3315	155
45.3348	155
45.3382	155
45.3416	155
45.345	155
45.3483	155
45.3517	155
45.3551	155
45.3584	155
45.3618	155
45.3652	155
45.3686	155
45.3719	155
45.3753	155
45.3787	155
45.3821	155
45.3854	155
45.3888	155
45.3922	155
45.3955	155
45.3989	155
45.4023	155
45.4057	155
45.409	155
45.4124	155
45.4158	155
45.4192	155
45.4225	155
45.4259	155
45.4293	155
45.4327	155
45.436	155
45.4394	155
45.4428	155
45.4461	155
45.4495	155
45.4529	155
45.4563	155
45.4596	155
45.463	155
45.4664	155
45.4698	155
45.4731	155
45.4765	155
45.4799	155
45.4832	155
45.4866	155
45.49	155
45.4934	155
45.4967	155
45.5001	155
45.5035	155
45.5069	155
45.5102	155
45.5136	155
45.517	155
45.5203	155
45.5237	155
45.5271	155
45.5305	155
45.5338	155
45.5372	155
45.5406	155
45.544	155
45.5473	155
45.5507	155
45.5541	155
45.5574	155
45.5608	155
45.5642	155
45.5676	155
45.5709	155
45.5743	155
45.5777	155
45.5811	155
45.5844	155
45.5878	155
45.5912	155
45.5945	155
45.5979	155
45.6013	155
45.6047	155
45.608	155
45.6114	155
45.6148	155
45.6182	155
45.6215	155
45.6249	155
45.6283	155
45.6316	155
45.635	155
45.6384	155
45.6418	155
45.6451	155
45.6485	155
45.6519	155
45.6553	155
45.6586	155
45.662	155
45.6654	155
45.6687	155
45.6721	155
45.6755	155
45.6789	155
45.6822	155
45.6856	155
45.689	155
45.6924	155
45.6957	155
45.6991	155
45.7025	155
45.7058	155
45.7092	155
45.7126	155
45.716	155
45.7193	155
45.7227	155
45.7261	155
45.7295	155
45.7328	155
45.7362	155
45.7396	155
45.7429	155
45.7463	155
45.7497	155
45.7531	155
45.7564	155
45.7598	155
45.7632	155
45.7666	155
45.7699	155
45.7733	155
45.7767	155
45.78	155
45.7834	155
45.7868	155
45.7902	155
45.7935	155
45.7969	155
45.8003	155
45.8037	155
45.807	155
45.8104	155
45.8138	155
45.8171	155
45.8205	155
45.8239	155
45.8273	155
45.8306	155
45.834	155
45.8374	155
45.8408	155
45.8441	155
45.8475	155
45.8509	155
45.8543	155
45.8576	155
45.861	155
45.8644	155
45.8677	155
45.8711	155
45.8745	155
45.8779	155
45.8812	155
45.8846	155
45.888	155
45.8914	155
45.8947	155
45.8981	155
45.9015	155
45.9048	155
45.9082	155
45.9116	155
45.915	155
45.9183	155
45.9217	155
45.9251	155
45.9285	155
45.9318	155
45.9352	155
45.9386	155
45.9419	155
45.9453	155
45.9487	155
45.9521	155
45.9554	155
45.9588	155
45.9622	155
45.9656	155
45.9689	155
45.9723	155
45.9757	155
45.979	155
45.9824	155
45.9858	155
45.9892	155
45.9925	155
45.9959	155
45.9993	155
46.0027	155
46.006	155
46.0094	155
46.0128	155
46.0161	155
46.0195	155
46.0229	155
46.0263	155
46.0296	155
46.033	155
46.0364	155
46.0398	155
46.0431	155
46.0465	155
46.0499	155
46.0532	155
46.0566	155
46.06	155
46.0634	155
46.0667	155
46.0701	155
46.0735	155
46.0769	155
46.0802	155
46.0836	155
46.087	155
46.0903	155
46.0937	155
46.0971	155
46.1005	155
46.1038	155
46.1072	155
46.1106	155
46.114	155
46.1173	155
46.1207	155
46.1241	155
46.1274	155
46.1308	155
46.1342	155
46.1376	155
46.1409	155
46.1443	155
46.1477	155
46.1511	155
46.1544	155
46.1578	155
46.1612	155
46.1645	155
46.1679	155
46.1713	155
46.1747	155
46.178	155
46.1814	155
46.1848	155
46.1882	155
46.1915	155
46.1949	155
46.1983	155
46.2016	155
46.205	155
46.2084	155
46.2118	155
46.2151	155
46.2185	155
46.2219	155
46.2253	155
46.2286	155
46.232	155
46.2354	155
46.2387	155
46.2421	155
46.2455	155
46.2489	155
46.2522	155
46.2556	155
46.259	155
46.2624	155
46.2657	155
46.2691	155
46.2725	155
46.2759	155
46.2792	155
46.2826	155
46.286	155
46.2893	155
46.2927	155
46.2961	155
46.2995	155
46.3028	155
46.3062	155
46.3096	155
46.313	155
46.3163	155
46.3197	155
46.3231	155
46.3264	155
46.3298	155
46.3332	155
46.3366	155
46.3399	155
46.3433	155
46.3467	155
46.3501	155
46.3534	155
46.3568	155
46.3602	155
46.3635	155
46.3669	155
46.3703	155
46.3737	155
46.377	155
46.3804	155
46.3838	155
46.3872	155
46.3905	155
46.3939	155
46.3973	155
46.4006	155
46.404	155
46.4074	155
46.4108	155
46.4141	155
46.4175	155
46.4209	155
46.4243	155
46.4276	155
46.431	155
46.4344	155
46.4377	155
46.4411	155
46.4445	155
46.4479	155
46.4512	155
46.4546	155
46.458	155
46.4614	155
46.4647	155
46.4681	155
46.4715	155
46.4748	155
46.4782	155
46.4816	155
46.485	155
46.4883	155
46.4917	155
46.4951	155
46.4985	155
46.5018	155
46.5052	155
46.5086	155
46.5119	155
46.5153	155
46.5187	155
46.5221	155
46.5254	155
46.5288	155
46.5322	155
46.5356	155
46.5389	155
46.5423	155
46.5457	155
46.549	155
46.5524	155
46.5558	155
46.5592	155
46.5625	155
46.5659	155
46.5693	155
46.5727	155
46.576	155
46.5794	155
46.5828	155
46.5861	155
46.5895	155
46.5929	155
46.5963	155
46.5996	155
46.603	155
46.6064	155
46.6098	155
46.6131	155
46.6165	155
46.6199	155
46.6232	155
46.6266	155
46.63	155
46.6334	155
46.6367	155
46.6401	155
46.6435	155
46.6469	155
46.6502	155
46.6536	155
46.657	155
46.6603	155
46.6637	155
46.6671	155
46.6705	155
46.6738	155
46.6772	155
46.6806	155
46.684	155
46.6873	155
46.6907	155
46.6941	155
46.6975	155
46.7008	155
46.7042	155
46.7076	155
46.7109	155
46.7143	155
46.7177	155
46.7211	155
46.7244	155
46.7278	155
46.7312	155
46.7346	155
46.7379	155
46.7413	155
46.7447	155
46.748	155
46.7514	155
46.7548	155
46.7582	155
46.7615	155
46.7649	155
46.7683	155
46.7717	155
46.775	155
46.7784	155
46.7818	155
46.7851	155
46.7885	155
46.7919	155
46.7953	155
46.7986	155
46.802	155
46.8054	155
46.8088	155
46.8121	155
46.8155	155
46.8189	155
46.8222	155
46.8256	155
46.829	155
46.8324	155
46.8357	155
46.8391	155
46.8425	155
46.8459	155
46.8492	155
46.8526	155
46.856	155
46.8593	155
46.8627	155
46.8661	155
46.8695	155
46.8728	155
46.8762	155
46.8796	155
46.883	155
46.8863	155
46.8897	155
46.8931	155
46.8964	155
46.8998	155
46.9032	155
46.9066	155
46.9099	155
46.9133	155
46.9167	155
46.9201	155
46.9234	155
46.9268	155
46.9302	155
46.9335	155
46.9369	155
46.9403	155
46.9437	155
46.947	155
46.9504	155
46.9538	155
46.9572	155
46.9605	155
46.9639	155
46.9673	155
46.9706	155
46.974	155
46.9774	155
46.9808	155
46.9841	155
46.9875	155
46.9909	155
46.9943	155
46.9976	155
47.001	155
47.0044	155
47.0077	155
47.0111	155
47.0145	155
47.0179	155
47.0212	155
47.0246	155
47.028	155
47.0314	155
47.0347	155
47.0381	155
47.0415	155
47.0448	155
47.0482	155
47.0516	155
47.055	155
47.0583	155
47.0617	155
47.0651	155
47.0685	155
47.0718	155
47.0752	155
47.0786	155
47.0819	155
47.0853	155
47.0887	155
47.0921	155
47.0954	155
47.0988	155
47.1022	155
47.1056	155
47.1089	155
47.1123	155
47.1157	155
47.1191	155
47.1224	155
47.1258	155
47.1292	155
47.1325	155
47.1359	155
47.1393	155
47.1427	155
47.146	155
47.1494	155
47.1528	155
47.1562	155
47.1595	155
47.1629	155
47.1663	155
47.1696	155
47.173	155
47.1764	155
47.1798	155
47.1831	155
47.1865	155
47.1899	155
47.1933	155
47.1966	155
47.2	155
47.2034	155
47.2067	155
47.2101	155
47.2135	155
47.2169	155
47.2202	155
47.2236	155
47.227	155
47.2304	155
47.2337	155
47.2371	155
47.2405	155
47.2438	155
47.2472	155
47.2506	155
47.254	155
47.2573	155
47.2607	155
47.2641	155
47.2675	155
47.2708	155
47.2742	155
47.2776	155
47.2809	155
47.2843	155
47.2877	155
47.2911	155
47.2944	155
47.2978	155
47.3012	155
47.3046	155
47.3079	155
47.3113	155
47.3147	155
47.318	155
47.3214	155
47.3248	155
47.3282	155
47.3315	155
47.3349	155
47.3383	155
47.3417	155
47.345	155
47.3484	155
47.3518	155
47.3551	155
47.3585	155
47.3619	155
47.3653	155
47.3686	155
47.372	155
47.3754	155
47.3788	155
47.3821	155
47.3855	155
47.3889	155
47.3922	155
47.3956	155
47.399	155
47.4024	155
47.4057	155
47.4091	155
47.4125	155
47.4159	155
47.4192	155
47.4226	155
47.426	155
47.4293	155
47.4327	155
47.4361	155
47.4395	155
47.4428	155
47.4462	155
47.4496	155
47.453	155
47.4563	155
47.4597	155
47.4631	155
47.4664	155
47.4698	155
47.4732	155
47.4766	155
47.4799	155
47.4833	155
47.4867	155
47.4901	155
47.4934	155
47.4968	155
47.5002	155
47.5035	155
47.5069	155
47.5103	155
47.5137	155
47.517	155
47.5204	155
47.5238	155
47.5272	155
47.5305	155
47.5339	155
47.5373	155
47.5407	155
47.544	155
47.5474	155
47.5508	155
47.5541	155
47.5575	155
47.5609	155
47.5643	155
47.5676	155
47.571	155
47.5744	155
47.5778	155
47.5811	155
47.5845	155
47.5879	155
47.5912	155
47.5946	155
47.598	155
47.6014	155
47.6047	155
47.6081	155
47.6115	155
47.6149	155
47.6182	155
47.6216	155
47.625	155
47.6283	155
47.6317	155
47.6351	155
47.6385	155
47.6418	155
47.6452	155
47.6486	155
47.652	155
47.6553	155
47.6587	155
47.6621	155
47.6654	155
47.6688	155
47.6722	155
47.6756	155
47.6789	155
47.6823	155
47.6857	155
47.6891	155
47.6924	155
47.6958	155
47.6992	155
47.7025	155
47.7059	155
47.7093	155
47.7127	155
47.716	155
47.7194	155
47.7228	155
47.7262	155
47.7295	155
47.7329	155
47.7363	155
47.7396	155
47.743	155
47.7464	155
47.7498	155
47.7531	155
47.7565	155
47.7599	155
47.7633	155
47.7666	155
47.77	155
47.7734	155
47.7767	155
47.7801	155
47.7835	155
47.7869	155
47.7902	155
47.7936	155
47.797	155
47.8004	155
47.8037	155
47.8071	155
47.8105	155
47.8138	155
47.8172	155
47.8206	155
47.824	155
47.8273	155
47.8307	155
47.8341	155
47.8375	155
47.8408	155
47.8442	155
47.8476	155
47.8509	155
47.8543	155
47.8577	155
47.8611	155
47.8644	155
47.8678	155
47.8712	155
47.8746	155
47.8779	155
47.8813	155
47.8847	155
47.888	155
47.8914	155
47.8948	155
47.8982	155
47.9015	155
47.9049	155
47.9083	155
47.9117	155
47.915	155
47.9184	155
47.9218	155
47.9251	155
47.9285	155
47.9319	155
47.9353	155
47.9386	155
47.942	155
47.9454	155
47.9488	155
47.9521	155
47.9555	155
47.9589	155
47.9623	155
47.9656	155
47.969	155
47.9724	155
47.9757	155
47.9791	155
47.9825	155
47.9859	155
47.9892	155
47.9926	155
47.996	155
47.9994	155
48.0027	155
48.0061	155
48.0095	155
48.0128	155
48.0162	155
48.0196	155
48.023	155
48.0263	155
48.0297	155
48.0331	155
48.0365	155
48.0398	155
48.0432	155
48.0466	155
48.0499	155
48.0533	155
48.0567	155
48.0601	155
48.0634	155
48.0668	155
48.0702	155
48.0736	155
48.0769	155
48.0803	155
48.0837	155
48.087	155
48.0904	155
48.0938	155
48.0972	155
48.1005	155
48.1039	155
48.1073	155
48.1107	155
48.114	155
48.1174	155
48.1208	155
48.1241	155
48.1275	155
48.1309	155
48.1343	155
48.1376	155
48.141	155
48.1444	155
48.1478	155
48.1511	155
48.1545	155
48.1579	155
48.1612	155
48.1646	155
48.168	155
48.1714	155
48.1747	155
48.1781	155
48.1815	155
48.1849	155
48.1882	155
48.1916	155
48.195	155
48.1983	155
48.2017	155
48.2051	155
48.2085	155
48.2118	155
48.2152	155
48.2186	155
48.222	155
48.2253	155
48.2287	155
48.2321	155
48.2354	155
48.2388	155
48.2422	155
48.2456	155
48.2489	155
48.2523	155
48.2557	155
48.2591	155
48.2624	155
48.2658	155
48.2692	155
48.2725	155
48.2759	155
48.2793	155
48.2827	155
48.286	155
48.2894	155
48.2928	155
48.2962	155
48.2995	155
48.3029	155
48.3063	155
48.3096	155
48.313	155
48.3164	155
48.3198	155
48.3231	155
48.3265	155
48.3299	155
48.3333	155
48.3366	155
48.34	155
48.3434	155
48.3467	155
48.3501	155
48.3535	155
48.3569	155
48.3602	155
48.3636	155
48.367	155
48.3704	155
48.3737	155
48.3771	155
48.3805	155
48.3839	155
48.3872	155
48.3906	155
48.394	155
48.3973	155
48.4007	155
48.4041	155
48.4075	155
48.4108	155
48.4142	155
48.4176	155
48.421	155
48.4243	155
48.4277	155
48.4311	155
48.4344	155
48.4378	155
48.4412	155
48.4446	155
48.4479	155
48.4513	155
48.4547	155
48.4581	155
48.4614	155
48.4648	155
48.4682	155
48.4715	155
48.4749	155
48.4783	155
48.4817	155
48.485	155
48.4884	155
48.4918	155
48.4952	155
48.4985	155
48.5019	155
48.5053	155
48.5086	155
48.512	155
48.5154	155
48.5188	155
48.5221	155
48.5255	155
48.5289	155
48.5323	155
48.5356	155
48.539	155
48.5424	155
48.5457	155
48.5491	155
48.5525	155
48.5559	155
48.5592	155
48.5626	155
48.566	155
48.5694	155
48.5727	155
48.5761	155
48.5795	155
48.5828	155
48.5862	155
48.5896	155
48.593	155
48.5963	155
48.5997	155
48.6031	155
48.6065	155
48.6098	155
48.6132	155
48.6166	155
48.6199	155
48.6233	155
48.6267	155
48.6301	155
48.6334	155
48.6368	155
48.6402	155
48.6436	155
48.6469	155
48.6503	155
48.6537	155
48.657	155
48.6604	155
48.6638	155
48.6672	155
48.6705	155
48.6739	155
48.6773	155
48.6807	155
48.684	155
48.6874	155
48.6908	155
48.6941	155
48.6975	155
48.7009	155
48.7043	155
48.7076	155
48.711	155
48.7144	155
48.7178	155
48.7211	155
48.7245	155
48.7279	155
48.7312	155
48.7346	155
48.738	155
48.7414	155
48.7447	155
48.7481	155
48.7515	155
48.7549	155
48.7582	155
48.7616	155
48.765	155
48.7683	155
48.7717	155
48.7751	155
48.7785	155
48.7818	155
48.7852	155
48.7886	155
48.792	155
48.7953	155
48.7987	155
48.8021	155
48.8055	155
48.8088	155
48.8122	155
48.8156	155
48.8189	155
48.8223	155
48.8257	155
48.8291	155
48.8324	155
48.8358	155
48.8392	155
48.8426	155
48.8459	155
48.8493	155
48.8527	155
48.856	155
48.8594	155
48.8628	155
48.8662	155
48.8695	155
48.8729	155
48.8763	155
48.8797	155
48.883	155
48.8864	155
48.8898	155
48.8931	155
48.8965	155
48.8999	155
48.9033	155
48.9066	155
48.91	155
48.9134	155
48.9168	155
48.9201	155
48.9235	155
48.9269	155
48.9302	155
48.9336	155
48.937	155
48.9404	155
48.9437	155
48.9471	155
48.9505	155
48.9539	155
48.9572	155
48.9606	155
48.964	155
48.9673	155
48.9707	155
48.9741	155
48.9775	155
48.9808	155
48.9842	155
48.9876	155
48.991	155
48.9943	155
48.9977	155
49.0011	155
49.0044	155
49.0078	155
49.0112	155
49.0146	155
49.0179	155
49.0213	155
49.0247	155
49.0281	155
49.0314	155
49.0348	155
49.0382	155
49.0415	155
49.0449	155
49.0483	155
49.0517	155
49.055	155
49.0584	155
49.0618	155
49.0652	155
49.0685	155
49.0719	155
49.0753	155
49.0786	155
49.082	155
49.0854	155
49.0888	155
49.0921	155
49.0955	155
49.0989	155
49.1023	155
49.1056	155
49.109	155
49.1124	155
49.1157	155
49.1191	155
49.1225	155
49.1259	155
49.1292	155
49.1326	155
49.136	155
49.1394	155
49.1427	155
49.1461	155
49.1495	155
49.1528	155
49.1562	155
49.1596	155
49.163	155
49.1663	155
49.1697	155
49.1731	155
49.1765	155
49.1798	155
49.1832	155
49.1866	155
49.1899	155
49.1933	155
49.1967	155
49.2001	155
49.2034	155
49.2068	155
49.2102	155
49.2136	155
49.2169	155
49.2203	155
49.2237	155
49.2271	155
49.2304	155
49.2338	155
49.2372	155
49.2405	155
49.2439	155
49.2473	155
49.2507	155
49.254	155
49.2574	155
49.2608	155
49.2642	155
49.2675	155
49.2709	155
49.2743	155
49.2776	155
49.281	155
49.2844	155
49.2878	155
49.2911	155
49.2945	155
49.2979	155
49.3013	155
49.3046	155
49.308	155
49.3114	155
49.3147	155
49.3181	155
49.3215	155
49.3249	155
49.3282	155
49.3316	155
49.335	155
49.3384	155
49.3417	155
49.3451	155
49.3485	155
49.3518	155
49.3552	155
49.3586	155
49.362	155
49.3653	155
49.3687	155
49.3721	155
49.3755	155
49.3788	155
49.3822	155
49.3856	155
49.3889	155
49.3923	155
49.3957	155
49.3991	155
49.4024	155
49.4058	155
49.4092	155
49.4126	155
49.4159	155
49.4193	155
49.4227	155
49.426	155
49.4294	155
49.4328	155
49.4362	155
49.4395	155
49.4429	155
49.4463	155
49.4497	155
49.453	155
49.4564	155
49.4598	155
49.4631	155
49.4665	155
49.4699	155
49.4733	155
49.4766	155
49.48	155
49.4834	155
49.4868	155
49.4901	155
49.4935	155
49.4969	155
49.5002	155
49.5036	155
49.507	155
49.5104	155
49.5137	155
49.5171	155
49.5205	155
49.5239	155
49.5272	155
49.5306	155
49.534	155
49.5373	155
49.5407	155
49.5441	155
49.5475	155
49.5508	155
49.5542	155
49.5576	155
49.561	155
49.5643	155
49.5677	155
49.5711	155
49.5744	155
49.5778	155
49.5812	155
49.5846	155
49.5879	155
49.5913	155
49.5947	155
49.5981	155
49.6014	155
49.6048	155
49.6082	155
49.6115	155
49.6149	155
49.6183	155
49.6217	155
49.625	155
49.6284	155
49.6318	155
49.6352	155
49.6385	155
49.6419	155
49.6453	155
49.6487	155
49.652	155
49.6554	155
49.6588	155
49.6621	155
49.6655	155
49.6689	155
49.6723	155
49.6756	155
49.679	155
49.6824	155
49.6858	155
49.6891	155
49.6925	155
49.6959	155
49.6992	155
49.7026	155
49.706	155
49.7094	155
49.7127	155
49.7161	155
49.7195	155
49.7229	155
49.7262	155
49.7296	155
49.733	155
49.7363	155
49.7397	155
49.7431	155
49.7465	155
49.7498	155
49.7532	155
49.7566	155
49.76	155
49.7633	155
49.7667	155
49.7701	155
49.7734	155
49.7768	155
49.7802	155
49.7836	155
49.7869	155
49.7903	155
49.7937	155
49.7971	155
49.8004	155
49.8038	155
49.8072	155
49.8105	155
49.8139	155
49.8173	155
49.8207	155
49.824	155
49.8274	155
49.8308	155
49.8342	155
49.8375	155
49.8409	155
49.8443	155
49.8476	155
49.851	155
49.8544	155
49.8578	155
49.8611	155
49.8645	155
49.8679	155
49.8713	155
49.8746	155
49.878	155
49.8814	155
49.8847	155
49.8881	155
49.8915	155
49.8949	155
49.8982	155
49.9016	155
49.905	155
49.9084	155
49.9117	155
49.9151	155
49.9185	155
49.9218	155
49.9252	155
49.9286	155
49.932	155
49.9353	155
49.9387	155
49.9421	155
49.9455	155
49.9488	155
49.9522	155
49.9556	155
49.9589	155
49.9623	155
49.9657	155
49.9691	155
49.9724	155
49.9758	155
49.9792	155
49.9826	155
49.9859	155
49.9893	155
49.9927	155
49.996	155
49.9994	155
50.0028	155
50.0062	155
50.0095	155
50.0129	155
50.0163	155
50.0197	155
50.023	155
50.0264	155
50.0298	155
50.0331	155
50.0365	155
50.0399	155
50.0433	155
50.0466	155
50.05	155
50.0534	155
50.0568	155
50.0601	155
50.0635	155
50.0669	155
50.0703	155
50.0736	155
50.077	155
50.0804	155
50.0837	155
50.0871	155
50.0905	155
50.0939	155
50.0972	155
50.1006	155
50.104	155
50.1074	155
50.1107	155
50.1141	155
50.1175	155
50.1208	155
50.1242	155
50.1276	155
50.131	155
50.1343	155
50.1377	155
50.1411	155
50.1445	155
50.1478	155
50.1512	155
50.1546	155
50.1579	155
50.1613	155
50.1647	155
50.1681	155
50.1714	155
50.1748	155
50.1782	155
50.1816	155
50.1849	155
50.1883	155
50.1917	155
50.195	155
50.1984	155
50.2018	155
50.2052	155
50.2085	155
50.2119	155
50.2153	155
50.2187	155
50.222	155
50.2254	155
50.2288	155
50.2321	155
50.2355	155
50.2389	155
50.2423	155
50.2456	155
50.249	155
50.2524	155
50.2558	155
50.2591	155
50.2625	155
50.2659	155
50.2692	155
50.2726	155
50.276	155
50.2794	155
50.2827	155
50.2861	155
50.2895	155
50.2929	155
50.2962	155
50.2996	155
50.303	155
50.3063	155
50.3097	155
50.3131	155
50.3165	155
50.3198	155
50.3232	155
50.3266	155
50.33	155
50.3333	155
50.3367	155
50.3401	155
50.3434	155
50.3468	155
50.3502	155
50.3536	155
50.3569	155
50.3603	155
50.3637	155
50.3671	155
50.3704	155
50.3738	155
50.3772	155
50.3805	155
50.3839	155
50.3873	155
50.3907	155
50.394	155
50.3974	155
50.4008	155
50.4042	155
50.4075	155
50.4109	155
50.4143	155
50.4176	155
50.421	155
50.4244	155
50.4278	155
50.4311	155
50.4345	155
50.4379	155
50.4413	155
50.4446	155
50.448	155
50.4514	155
50.4547	155
50.4581	155
50.4615	155
50.4649	155
50.4682	155
50.4716	155
50.475	155
50.4784	155
50.4817	155
50.4851	155
50.4885	155
50.4919	155
50.4952	155
50.4986	155
50.502	155
50.5053	155
50.5087	155
50.5121	155
50.5155	155
50.5188	155
50.5222	155
50.5256	155
50.529	155
50.5323	155
50.5357	155
50.5391	155
50.5424	155
50.5458	155
50.5492	155
50.5526	155
50.5559	155
50.5593	155
50.5627	155
50.5661	155
50.5694	155
50.5728	155
50.5762	155
50.5795	155
50.5829	155
50.5863	155
50.5897	155
50.593	155
50.5964	155
50.5998	155
50.6032	155
50.6065	155
50.6099	155
50.6133	155
50.6166	155
50.62	155
50.6234	155
50.6268	155
50.6301	155
50.6335	155
50.6369	155
50.6403	155
50.6436	155
50.647	155
50.6504	155
50.6537	155
50.6571	155
50.6605	155
50.6639	155
50.6672	155
50.6706	155
50.674	155
50.6774	155
50.6807	155
50.6841	155
50.6875	155
50.6908	155
50.6942	155
50.6976	155
50.701	155
50.7043	155
50.7077	155
50.7111	155
50.7145	155
50.7178	155
50.7212	155
50.7246	155
50.7279	155
50.7313	155
50.7347	155
50.7381	155
50.7414	155
50.7448	155
50.7482	155
50.7516	155
50.7549	155
50.7583	155
50.7617	155
50.765	155
50.7684	155
50.7718	155
50.7752	155
50.7785	155
50.7819	155
50.7853	155
50.7887	155
50.792	155
50.7954	155
50.7988	155
50.8021	155
50.8055	155
50.8089	155
50.8123	155
50.8156	155
50.819	155
50.8224	155
50.8258	155
50.8291	155
50.8325	155
50.8359	155
50.8392	155
50.8426	155
50.846	155
50.8494	155
50.8527	155
50.8561	155
50.8595	155
50.8629	155
50.8662	155
50.8696	155
50.873	155
50.8763	155
50.8797	155
50.8831	155
50.8865	155
50.8898	155
50.8932	155
50.8966	155
50.9	155
50.9033	155
50.9067	155
50.9101	155
50.9135	155
50.9168	155
50.9202	155
50.9236	155
50.9269	155
50.9303	155
50.9337	155
50.9371	155
50.9404	155
50.9438	155
50.9472	155
50.9506	155
50.9539	155
50.9573	155
50.9607	155
50.964	155
50.9674	155
50.9708	155
50.9742	155
50.9775	155
50.9809	155
50.9843	155
50.9877	155
50.991	155
50.9944	155
50.9978	155
51.0011	155
51.0045	155
51.0079	155
51.0113	155
51.0146	155
51.018	155
51.0214	155
51.0248	155
51.0281	155
51.0315	155
51.0349	155
51.0382	155
51.0416	155
51.045	155
51.0484	155
51.0517	155
51.0551	155
51.0585	155
51.0619	155
51.0652	155
51.0686	155
51.072	155
51.0753	155
51.0787	155
51.0821	155
51.0855	155
51.0888	155
51.0922	155
51.0956	155
51.099	155
51.1023	155
51.1057	155
51.1091	155
51.1124	155
51.1158	155
51.1192	155
51.1226	155
51.1259	155
51.1293	155
51.1327	155
51.1361	155
51.1394	155
51.1428	155
51.1462	155
51.1495	155
51.1529	155
51.1563	155
51.1597	155
51.163	155
51.1664	155
51.1698	155
51.1732	155
51.1765	155
51.1799	155
51.1833	155
51.1866	155
51.19	155
51.1934	155
51.1968	155
51.2001	155
51.2035	155
51.2069	155
51.2103	155
51.2136	155
51.217	155
51.2204	155
51.2237	155
51.2271	155
51.2305	155
51.2339	155
51.2372	155
51.2406	155
51.244	155
51.2474	155
51.2507	155
51.2541	155
51.2575	155
51.2608	155
51.2642	155
51.2676	155
51.271	155
51.2743	155
51.2777	155
51.2811	155
51.2845	155
51.2878	155
51.2912	155
51.2946	155
51.2979	155
51.3013	155
51.3047	155
51.3081	155
51.3114	155
51.3148	155
51.3182	155
51.3216	155
51.3249	155
51.3283	155
51.3317	155
51.3351	155
51.3384	155
51.3418	155
51.3452	155
51.3485	155
51.3519	155
51.3553	155
51.3587	155
51.362	155
51.3654	155
51.3688	155
51.3722	155
51.3755	155
51.3789	155
51.3823	155
51.3856	155
51.389	155
51.3924	155
51.3958	155
51.3991	155
51.4025	155
51.4059	155
51.4093	155
51.4126	155
51.416	155
51.4194	155
51.4227	155
51.4261	155
51.4295	155
51.4329	155
51.4362	155
51.4396	155
51.443	155
51.4464	155
51.4497	155
51.4531	155
51.4565	155
51.4598	155
51.4632	155
51.4666	155
51.47	155
51.4733	155
51.4767	155
51.4801	155
51.4835	155
51.4868	155
51.4902	155
51.4936	155
51.4969	155
51.5003	155
51.5037	155
51.5071	155
51.5104	155
51.5138	155
51.5172	155
51.5206	155
51.5239	155
51.5273	155
51.5307	155
51.534	155
51.5374	155
51.5408	155
51.5442	155
51.5475	155
51.5509	155
51.5543	155
51.5577	155
51.561	155
51.5644	155
51.5678	155
51.5711	155
51.5745	155
51.5779	155
51.5813	155
51.5846	155
51.588	155
51.5914	155
51.5948	155
51.5981	155
51.6015	155
51.6049	155
51.6082	155
51.6116	155
51.615	155
51.6184	155
51.6217	155
51.6251	155
51.6285	155
51.6319	155
51.6352	155
51.6386	155
51.642	155
51.6453	155
51.6487	155
51.6521	155
51.6555	155
51.6588	155
51.6622	155
51.6656	155
51.669	155
51.6723	155
51.6757	155
51.6791	155
51.6824	155
51.6858	155
51.6892	155
51.6926	155
51.6959	155
51.6993	155
51.7027	155
51.7061	155
51.7094	155
51.7128	155
51.7162	155
51.7195	155
51.7229	155
51.7263	155
51.7297	155
51.733	155
51.7364	155
51.7398	155
51.7432	155
51.7465	155
51.7499	155
51.7533	155
51.7567	155
51.76	155
51.7634	155
51.7668	155
51.7701	155
51.7735	155
51.7769	155
51.7803	155
51.7836	155
51.787	155
51.7904	155
51.7938	155
51.7971	155
51.8005	155
51.8039	155
51.8072	155
51.8106	155
51.814	155
51.8174	155
51.8207	155
51.8241	155
51.8275	155
51.8309	155
51.8342	155
51.8376	155
51.841	155
51.8443	155
51.8477	155
51.8511	155
51.8545	155
51.8578	155
51.8612	155
51.8646	155
51.868	155
51.8713	155
51.8747	155
51.8781	155
51.8814	155
51.8848	155
51.8882	155
51.8916	155
51.8949	155
51.8983	155
51.9017	155
51.9051	155
51.9084	155
51.9118	155
51.9152	155
51.9185	155
51.9219	155
51.9253	155
51.9287	155
51.932	155
51.9354	155
51.9388	155
51.9422	155
51.9455	155
51.9489	155
51.9523	155
51.9556	155
51.959	155
51.9624	155
51.9658	155
51.9691	155
51.9725	155
51.9759	155
51.9793	155
51.9826	155
51.986	155
51.9894	155
51.9927	155
51.9961	155
51.9995	155
52.0029	155
52.0062	155
52.0096	155
52.013	155
52.0164	155
52.0197	155
52.0231	155
52.0265	155
52.0298	155
52.0332	155
52.0366	155
52.04	155
52.0433	155
52.0467	155
52.0501	155
52.0535	155
52.0568	155
52.0602	155
52.0636	155
52.0669	155
52.0703	155
52.0737	155
52.0771	155
52.0804	155
52.0838	155
52.0872	155
52.0906	155
52.0939	155
52.0973	155
52.1007	155
52.104	155
52.1074	155
52.1108	155
52.1142	155
52.1175	155
52.1209	155
52.1243	155
52.1277	155
52.131	155
52.1344	155
52.1378	155
52.1411	155
52.1445	155
52.1479	155
52.1513	155
52.1546	155
52.158	155
52.1614	155
52.1648	155
52.1681	155
52.1715	155
52.1749	155
52.1783	155
52.1816	155
52.185	155
52.1884	155
52.1917	155
52.1951	155
52.1985	155
52.2019	155
52.2052	155
52.2086	155
52.212	155
52.2154	155
52.2187	155
52.2221	155
52.2255	155
52.2288	155
52.2322	155
52.2356	155
52.239	155
52.2423	155
52.2457	155
52.2491	155
52.2525	155
52.2558	155
52.2592	155
52.2626	155
52.2659	155
52.2693	155
52.2727	155
52.2761	155
52.2794	155
52.2828	155
52.2862	155
52.2896	155
52.2929	155
52.2963	155
52.2997	155
52.303	155
52.3064	155
52.3098	155
52.3132	155
52.3165	155
52.3199	155
52.3233	155
52.3267	155
52.33	155
52.3334	155
52.3368	155
52.3401	155
52.3435	155
52.3469	155
52.3503	155
52.3536	155
52.357	155
52.3604	155
52.3638	155
52.3671	155
52.3705	155
52.3739	155
52.3772	155
52.3806	155
52.384	155
52.3874	155
52.3907	155
52.3941	155
52.3975	155
52.4009	155
52.4042	155
52.4076	155
52.411	155
52.4143	155
52.4177	155
52.4211	155
52.4245	155
52.4278	155
52.4312	155
52.4346	155
52.438	155
52.4413	155
52.4447	155
52.4481	155
52.4514	155
52.4548	155
52.4582	155
52.4616	155
52.4649	155
52.4683	155
52.4717	155
52.4751	155
52.4784	155
52.4818	155
52.4852	155
52.4885	155
52.4919	155
52.4953	155
52.4987	155
52.502	155
52.5054	155
52.5088	155
52.5122	155
52.5155	155
52.5189	155
52.5223	155
52.5256	155
52.529	155
52.5324	155
52.5358	155
52.5391	155
52.5425	155
52.5459	155
52.5493	155
52.5526	155
52.556	155
52.5594	155
52.5627	155
52.5661	155
52.5695	155
52.5729	155
52.5762	155
52.5796	155
52.583	155
52.5864	155
52.5897	155
52.5931	155
52.5965	155
52.5999	155
52.6032	155
52.6066	155
52.61	155
52.6133	155
52.6167	155
52.6201	155
52.6235	155
52.6268	155
52.6302	155
52.6336	155
52.637	155
52.6403	155
52.6437	155
52.6471	155
52.6504	155
52.6538	155
52.6572	155
52.6606	155
52.6639	155
52.6673	155
52.6707	155
52.6741	155
52.6774	155
52.6808	155
52.6842	155
52.6875	155
52.6909	155
52.6943	155
52.6977	155
52.701	155
52.7044	155
52.7078	155
52.7112	155
52.7145	155
52.7179	155
52.7213	155
52.7246	155
52.728	155
52.7314	155
52.7348	155
52.7381	155
52.7415	155
52.7449	155
52.7483	155
52.7516	155
52.755	155
52.7584	155
52.7617	155
52.7651	155
52.7685	155
52.7719	155
52.7752	155
52.7786	155
52.782	155
52.7854	155
52.7887	155
52.7921	155
52.7955	155
52.7988	155
52.8022	155
52.8056	155
52.809	155
52.8123	155
52.8157	155
52.8191	155
52.8225	155
52.8258	155
52.8292	155
52.8326	155
52.8359	155
52.8393	155
52.8427	155
52.8461	155
52.8494	155
52.8528	155
52.8562	155
52.8596	155
52.8629	155
52.8663	155
52.8697	155
52.873	155
52.8764	155
52.8798	155
52.8832	155
52.8865	155
52.8899	155
52.8933	155
52.8967	155
52.9	155
52.9034	155
52.9068	155
52.9101	155
52.9135	155
52.9169	155
52.9203	155
52.9236	155
52.927	155
52.9304	155
52.9338	155
52.9371	155
52.9405	155
52.9439	155
52.9472	155
52.9506	155
52.954	155
52.9574	155
52.9607	155
52.9641	155
52.9675	155
52.9709	155
52.9742	155
52.9776	155
52.981	155
52.9843	155
52.9877	155
52.9911	155
52.9945	155
52.9978	155
53.0012	155
53.0046	155
53.008	155
53.0113	155
53.0147	155
53.0181	155
53.0215	155
53.0248	155
53.0282	155
53.0316	155
53.0349	155
53.0383	155
53.0417	155
53.0451	155
53.0484	155
53.0518	155
53.0552	155
53.0586	155
53.0619	155
53.0653	155
53.0687	155
53.072	155
53.0754	155
53.0788	155
53.0822	155
53.0855	155
53.0889	155
53.0923	155
53.0957	155
53.099	155
53.1024	155
53.1058	155
53.1091	155
53.1125	155
53.1159	155
53.1193	155
53.1226	155
53.126	155
53.1294	155
53.1328	155
53.1361	155
53.1395	155
53.1429	155
53.1462	155
53.1496	155
53.153	155
53.1564	155
53.1597	155
53.1631	155
53.1665	155
53.1699	155
53.1732	155
53.1766	155
53.18	155
53.1833	155
53.1867	155
53.1901	155
53.1935	155
53.1968	155
53.2002	155
53.2036	155
53.207	155
53.2103	155
53.2137	155
53.2171	155
53.2204	155
53.2238	155
53.2272	155
53.2306	155
53.2339	155
53.2373	155
53.2407	155
53.2441	155
53.2474	155
53.2508	155
53.2542	155
53.2575	155
53.2609	155
53.2643	155
53.2677	155
53.271	155
53.2744	155
53.2778	155
53.2812	155
53.2845	155
53.2879	155
53.2913	155
53.2946	155
53.298	155
53.3014	155
53.3048	155
53.3081	155
53.3115	155
53.3149	155
53.3183	155
53.3216	155
53.325	155
53.3284	155
53.3317	155
53.3351	155
53.3385	155
53.3419	155
53.3452	155
53.3486	155
53.352	155
53.3554	155
53.3587	155
53.3621	155
53.3655	155
53.3688	155
53.3722	155
53.3756	155
53.379	155
53.3823	155
53.3857	155
53.3891	155
53.3925	155
53.3958	155
53.3992	155
53.4026	155
53.4059	155
53.4093	155
53.4127	155
53.4161	155
53.4194	155
53.4228	155
53.4262	155
53.4296	155
53.4329	155
53.4363	155
53.4397	155
53.4431	155
53.4464	155
53.4498	155
53.4532	155
53.4565	155
53.4599	155
53.4633	155
53.4667	155
53.47	155
53.4734	155
53.4768	155
53.4802	155
53.4835	155
53.4869	155
53.4903	155
53.4936	155
53.497	155
53.5004	155
53.5038	155
53.5071	155
53.5105	155
53.5139	155
53.5173	155
53.5206	155
53.524	155
53.5274	155
53.5307	155
53.5341	155
53.5375	155
53.5409	155
53.5442	155
53.5476	155
53.551	155
53.5544	155
53.5577	155
53.5611	155
53.5645	155
53.5678	155
53.5712	155
53.5746	155
53.578	155
53.5813	155
53.5847	155
53.5881	155
53.5915	155
53.5948	155
53.5982	155
53.6016	155
53.6049	155
53.6083	155
53.6117	155
53.6151	155
53.6184	155
53.6218	155
53.6252	155
53.6286	155
53.6319	155
53.6353	155
53.6387	155
53.642	155
53.6454	155
53.6488	155
53.6522	155
53.6555	155
53.6589	155
53.6623	155
53.6657	155
53.669	155
53.6724	155
53.6758	155
53.6791	155
53.6825	155
53.6859	155
53.6893	155
53.6926	155
53.696	155
53.6994	155
53.7028	155
53.7061	155
53.7095	155
53.7129	155
53.7162	155
53.7196	155
53.723	155
53.7264	155
53.7297	155
53.7331	155
53.7365	155
53.7399	155
53.7432	155
53.7466	155
53.75	155
53.7533	155
53.7567	155
53.7601	155
53.7635	155
53.7668	155
53.7702	155
53.7736	155
53.777	155
53.7803	155
53.7837	155
53.7871	155
53.7904	155
53.7938	155
53.7972	155
53.8006	155
53.8039	155
53.8073	155
53.8107	155
53.8141	155
53.8174	155
53.8208	155
53.8242	155
53.8275	155
53.8309	155
53.8343	155
53.8377	155
53.841	155
53.8444	155
53.8478	155
53.8512	155
53.8545	155
53.8579	155
53.8613	155
53.8647	155
53.868	155
53.8714	155
53.8748	155
53.8781	155
53.8815	155
53.8849	155
53.8883	155
53.8916	155
53.895	155
53.8984	155
53.9018	155
53.9051	155
53.9085	155
53.9119	155
53.9152	155
53.9186	155
53.922	155
53.9254	155
53.9287	155
53.9321	155
53.9355	155
53.9389	155
53.9422	155
53.9456	155
53.949	155
53.9523	155
53.9557	155
53.9591	155
53.9625	155
53.9658	155
53.9692	155
53.9726	155
53.976	155
53.9793	155
53.9827	155
53.9861	155
53.9894	155
53.9928	155
53.9962	155
53.9996	155
54.0029	155
54.0063	155
54.0097	155
54.0131	155
54.0164	155
54.0198	155
54.0232	155
54.0265	155
54.0299	155
54.0333	155
54.0367	155
54.04	155
54.0434	155
54.0468	155
54.0502	155
54.0535	155
54.0569	155
54.0603	155
54.0636	155
54.067	155
54.0704	155
54.0738	155
54.0771	155
54.0805	155
54.0839	155
54.0873	155
54.0906	155
54.094	155
54.0974	155
54.1007	155
54.1041	155
54.1075	155
54.1109	155
54.1142	155
54.1176	155
54.121	155
54.1244	155
54.1277	155
54.1311	155
54.1345	155
54.1378	155
54.1412	155
54.1446	155
54.148	155
54.1513	155
54.1547	155
54.1581	155
54.1615	155
54.1648	155
54.1682	155
54.1716	155
54.1749	155
54.1783	155
54.1817	155
54.1851	155
54.1884	155
54.1918	155
54.1952	155
54.1986	155
54.2019	155
54.2053	155
54.2087	155
54.212	155
54.2154	155
54.2188	155
54.2222	155
54.2255	155
54.2289	155
54.2323	155
54.2357	155
54.239	155
54.2424	155
54.2458	155
54.2491	155
54.2525	155
54.2559	155
54.2593	155
54.2626	155
54.266	155
54.2694	155
54.2728	155
54.2761	155
54.2795	155
54.2829	155
54.2863	155
54.2896	155
54.293	155
54.2964	155
54.2997	155
54.3031	155
54.3065	155
54.3099	155
54.3132	155
54.3166	155
54.32	155
54.3234	155
54.3267	155
54.3301	155
54.3335	155
54.3368	155
54.3402	155
54.3436	155
54.347	155
54.3503	155
54.3537	155
54.3571	155
54.3605	155
54.3638	155
54.3672	155
54.3706	155
54.3739	155
54.3773	155
54.3807	155
54.3841	155
54.3874	155
54.3908	155
54.3942	155
54.3976	155
54.4009	155
54.4043	155
54.4077	155
54.411	155
54.4144	155
54.4178	155
54.4212	155
54.4245	155
54.4279	155
54.4313	155
54.4347	155
54.438	155
54.4414	155
54.4448	155
54.4481	155
54.4515	155
54.4549	155
54.4583	155
54.4616	155
54.465	155
54.4684	155
54.4718	155
54.4751	155
54.4785	155
54.4819	155
54.4852	155
54.4886	155
54.492	155
54.4954	155
54.4987	155
54.5021	155
54.5055	155
54.5089	155
54.5122	155
54.5156	155
54.519	155
54.5223	155
54.5257	155
54.5291	155
54.5325	155
54.5358	155
54.5392	155
54.5426	155
54.546	155
54.5493	155
54.5527	155
54.5561	155
54.5594	155
54.5628	155
54.5662	155
54.5696	155
54.5729	155
54.5763	155
54.5797	155
54.5831	155
54.5864	155
54.5898	155
54.5932	155
54.5965	155
54.5999	155
54.6033	155
54.6067	155
54.61	155
54.6134	155
54.6168	155
54.6202	155
54.6235	155
54.6269	155
54.6303	155
54.6336	155
54.637	155
54.6404	155
54.6438	155
54.6471	155
54.6505	155
54.6539	155
54.6573	155
54.6606	155
54.664	155
54.6674	155
54.6707	155
54.6741	155
54.6775	155
54.6809	155
54.6842	155
54.6876	155
54.691	155
54.6944	155
54.6977	155
54.7011	155
54.7045	155
54.7079	155
54.7112	155
54.7146	155
54.718	155
54.7213	155
54.7247	155
54.7281	155
54.7315	155
54.7348	155
54.7382	155
54.7416	155
54.745	155
54.7483	155
54.7517	155
54.7551	155
54.7584	155
54.7618	155
54.7652	155
54.7686	155
54.7719	155
54.7753	155
54.7787	155
54.7821	155
54.7854	155
54.7888	155
54.7922	155
54.7955	155
54.7989	155
54.8023	155
54.8057	155
54.809	155
54.8124	155
54.8158	155
54.8192	155
54.8225	155
54.8259	155
54.8293	155
54.8326	155
54.836	155
54.8394	155
54.8428	155
54.8461	155
54.8495	155
54.8529	155
54.8563	155
54.8596	155
54.863	155
54.8664	155
54.8697	155
54.8731	155
54.8765	155
54.8799	155
54.8832	155
54.8866	155
54.89	155
54.8934	155
54.8967	155
54.9001	155
54.9035	155
54.9068	155
54.9102	155
54.9136	155
54.917	155
54.9203	155
54.9237	155
54.9271	155
54.9305	155
54.9338	155
54.9372	155
54.9406	155
54.9439	155
54.9473	155
54.9507	155
54.9541	155
54.9574	155
54.9608	155
54.9642	155
54.9676	155
54.9709	155
54.9743	155
54.9777	155
54.981	155
54.9844	155
54.9878	155
54.9912	155
54.9945	155
54.9979	155
55.0013	155
55.0047	155
55.008	155
55.0114	155
55.0148	155
55.0181	155
55.0215	155
55.0249	155
55.0283	155
55.0316	155
55.035	155
55.0384	155
55.0418	155
55.0451	155
55.0485	155
55.0519	155
55.0552	155
55.0586	155
55.062	155
55.0654	155
55.0687	155
55.0721	155
55.0755	155
55.0789	155
55.0822	155
55.0856	155
55.089	155
55.0923	155
55.0957	155
55.0991	155
55.1025	155
55.1058	155
55.1092	155
55.1126	155
55.116	155
55.1193	155
55.1227	155
55.1261	155
55.1295	155
55.1328	155
55.1362	155
55.1396	155
55.1429	155
55.1463	155
55.1497	155
55.1531	155
55.1564	155
55.1598	155
55.1632	155
55.1666	155
55.1699	155
55.1733	155
55.1767	155
55.18	155
55.1834	155
55.1868	155
55.1902	155
55.1935	155
55.1969	155
55.2003	155
55.2037	155
55.207	155
55.2104	155
55.2138	155
55.2171	155
55.2205	155
55.2239	155
55.2273	155
55.2306	155
55.234	155
55.2374	155
55.2408	155
55.2441	155
55.2475	155
55.2509	155
55.2542	155
55.2576	155
55.261	155
55.2644	155
55.2677	155
55.2711	155
55.2745	155
55.2779	155
55.2812	155
55.2846	155
55.288	155
55.2913	155
55.2947	155
55.2981	155
55.3015	155
55.3048	155
55.3082	155
55.3116	155
55.315	155
55.3183	155
55.3217	155
55.3251	155
55.3284	155
55.3318	155
55.3352	155
55.3386	155
55.3419	155
55.3453	155
55.3487	155
55.3521	155
55.3554	155
55.3588	155
55.3622	155
55.3655	155
55.3689	155
55.3723	155
55.3757	155
55.379	155
55.3824	155
55.3858	155
55.3892	155
55.3925	155
55.3959	155
55.3993	155
55.4026	155
55.406	155
55.4094	155
55.4128	155
55.4161	155
55.4195	155
55.4229	155
55.4263	155
55.4296	155
55.433	155
55.4364	155
55.4397	155
55.4431	155
55.4465	155
55.4499	155
55.4532	155
55.4566	155
55.46	155
55.4634	155
55.4667	155
55.4701	155
55.4735	155
55.4768	155
55.4802	155
55.4836	155
55.487	155
55.4903	155
55.4937	155
55.4971	155
55.5005	155
55.5038	155
55.5072	155
55.5106	155
55.5139	155
55.5173	155
55.5207	155
55.5241	155
55.5274	155
55.5308	155
55.5342	155
55.5376	155
55.5409	155
55.5443	155
55.5477	155
55.5511	155
55.5544	155
55.5578	155
55.5612	155
55.5645	155
55.5679	155
55.5713	155
55.5747	155
55.578	155
55.5814	155
55.5848	155
55.5882	155
55.5915	155
55.5949	155
55.5983	155
55.6016	155
55.605	155
55.6084	155
55.6118	155
55.6151	155
55.6185	155
55.6219	155
55.6253	155
55.6286	155
55.632	155
55.6354	155
55.6387	155
55.6421	155
55.6455	155
55.6489	155
55.6522	155
55.6556	155
55.659	155
55.6624	155
55.6657	155
55.6691	155
55.6725	155
55.6758	155
55.6792	155
55.6826	155
55.686	155
55.6893	155
55.6927	155
55.6961	155
55.6995	155
55.7028	155
55.7062	155
55.7096	155
55.7129	155
55.7163	155
55.7197	155
55.7231	155
55.7264	155
55.7298	155
55.7332	155
55.7366	155
55.7399	155
55.7433	155
55.7467	155
55.75	155
55.7534	155
55.7568	155
55.7602	155
55.7635	155
55.7669	155
55.7703	155
55.7737	155
55.777	155
55.7804	155
55.7838	155
55.7871	155
55.7905	155
55.7939	155
55.7973	155
55.8006	155
55.804	155
55.8074	155
55.8108	155
55.8141	155
55.8175	155
55.8209	155
55.8242	155
55.8276	155
55.831	155
55.8344	155
55.8377	155
55.8411	155
55.8445	155
55.8479	155
55.8512	155
55.8546	155
55.858	155
55.8613	155
55.8647	155
55.8681	155
55.8715	155
55.8748	155
55.8782	155
55.8816	155
55.885	155
55.8883	155
55.8917	155
55.8951	155
55.8984	155
55.9018	155
55.9052	155
55.9086	155
55.9119	155
55.9153	155
55.9187	155
55.9221	155
55.9254	155
55.9288	155
55.9322	155
55.9355	155
55.9389	155
55.9423	155
55.9457	155
55.949	155
55.9524	155
55.9558	155
55.9592	155
55.9625	155
55.9659	155
55.9693	155
55.9727	155
55.976	155
55.9794	155
55.9828	155
55.9861	155
55.9895	155
55.9929	155
55.9963	155
55.9996	155
56.003	155
56.0064	155
56.0098	155
56.0131	155
56.0165	155
56.0199	155
56.0232	155
56.0266	155
56.03	155
56.0334	155
56.0367	155
56.0401	155
56.0435	155
56.0469	155
56.0502	155
56.0536	155
56.057	155
56.0603	155
56.0637	155
56.0671	155
56.0705	155
56.0738	155
56.0772	155
56.0806	155
56.084	155
56.0873	155
56.0907	155
56.0941	155
56.0974	155
56.1008	155
56.1042	155
56.1076	155
56.1109	155
56.1143	155
56.1177	155
56.1211	155
56.1244	155
56.1278	155
56.1312	155
56.1345	155
56.1379	155
56.1413	155
56.1447	155
56.148	155
56.1514	155
56.1548	155
56.1582	155
56.1615	155
56.1649	155
56.1683	155
56.1716	155
56.175	155
56.1784	155
56.1818	155
56.1851	155
56.1885	155
56.1919	155
56.1953	155
56.1986	155
56.202	155
56.2054	155
56.2087	155
56.2121	155
56.2155	155
56.2189	155
56.2222	155
56.2256	155
56.229	155
56.2324	155
56.2357	155
56.2391	155
56.2425	155
56.2458	155
56.2492	155
56.2526	155
56.256	155
56.2593	155
56.2627	155
56.2661	155
56.2695	155
56.2728	155
56.2762	155
56.2796	155
56.2829	155
56.2863	155
56.2897	155
56.2931	155
56.2964	155
56.2998	155
56.3032	155
56.3066	155
56.3099	155
56.3133	155
56.3167	155
56.32	155
56.3234	155
56.3268	155
56.3302	155
56.3335	155
56.3369	155
56.3403	155
56.3437	155
56.347	155
56.3504	155
56.3538	155
56.3571	155
56.3605	155
56.3639	155
56.3673	155
56.3706	155
56.374	155
56.3774	155
56.3808	155
56.3841	155
56.3875	155
56.3909	155
56.3943	155
56.3976	155
56.401	155
56.4044	155
56.4077	155
56.4111	155
56.4145	155
56.4179	155
56.4212	155
56.4246	155
56.428	155
56.4314	155
56.4347	155
56.4381	155
56.4415	155
56.4448	155
56.4482	155
56.4516	155
56.455	155
56.4583	155
56.4617	155
56.4651	155
56.4685	155
56.4718	155
56.4752	155
56.4786	155
56.4819	155
56.4853	155
56.4887	155
56.4921	155
56.4954	155
56.4988	155
56.5022	155
56.5056	155
56.5089	155
56.5123	155
56.5157	155
56.519	155
56.5224	155
56.5258	155
56.5292	155
56.5325	155
56.5359	155
56.5393	155
56.5427	155
56.546	155
56.5494	155
56.5528	155
56.5561	155
56.5595	155
56.5629	155
56.5663	155
56.5696	155
56.573	155
56.5764	155
56.5798	155
56.5831	155
56.5865	155
56.5899	155
56.5932	155
56.5966	155
56.6	155
56.6034	155
56.6067	155
56.6101	155
56.6135	155
56.6169	155
56.6202	155
56.6236	155
56.627	155
56.6303	155
56.6337	155
56.6371	155
56.6405	155
56.6438	155
56.6472	155
56.6506	155
56.654	155
56.6573	155
56.6607	155
56.6641	155
56.6674	155
56.6708	155
56.6742	155
56.6776	155
56.6809	155
56.6843	155
56.6877	155
56.6911	155
56.6944	155
56.6978	155
56.7012	155
56.7045	155
56.7079	155
56.7113	155
56.7147	155
56.718	155
56.7214	155
56.7248	155
56.7282	155
56.7315	155
56.7349	155
56.7383	155
56.7416	155
56.745	155
56.7484	155
56.7518	155
56.7551	155
56.7585	155
56.7619	155
56.7653	155
56.7686	155
56.772	155
56.7754	155
56.7787	155
56.7821	155
56.7855	155
56.7889	155
56.7922	155
56.7956	155
56.799	155
56.8024	155
56.8057	155
56.8091	155
56.8125	155
56.8159	155
56.8192	155
56.8226	155
56.826	155
56.8293	155
56.8327	155
56.8361	155
56.8395	155
56.8428	155
56.8462	155
56.8496	155
56.853	155
56.8563	155
56.8597	155
56.8631	155
56.8664	155
56.8698	155
56.8732	155
56.8766	155
56.8799	155
56.8833	155
56.8867	155
56.8901	155
56.8934	155
56.8968	155
56.9002	155
56.9035	155
56.9069	155
56.9103	155
56.9137	155
56.917	155
56.9204	155
56.9238	155
56.9272	155
56.9305	155
56.9339	155
56.9373	155
56.9406	155
56.944	155
56.9474	155
56.9508	155
56.9541	155
56.9575	155
56.9609	155
56.9643	155
56.9676	155
56.971	155
56.9744	155
56.9777	155
56.9811	155
56.9845	155
56.9879	155
56.9912	155
56.9946	155
56.998	155
57.0014	155
57.0047	155
57.0081	155
57.0115	155
57.0148	155
57.0182	155
57.0216	155
57.025	155
57.0283	155
57.0317	155
57.0351	155
57.0385	155
57.0418	155
57.0452	155
57.0486	155
57.0519	155
57.0553	155
57.0587	155
57.0621	155
57.0654	155
57.0688	155
57.0722	155
57.0756	155
57.0789	155
57.0823	155
57.0857	155
57.089	155
57.0924	155
57.0958	155
57.0992	155
57.1025	155
57.1059	155
57.1093	155
57.1127	155
57.116	155
57.1194	155
57.1228	155
57.1261	155
57.1295	155
57.1329	155
57.1363	155
57.1396	155
57.143	155
57.1464	155
57.1498	155
57.1531	155
57.1565	155
57.1599	155
57.1632	155
57.1666	155
57.17	155
57.1734	155
57.1767	155
57.1801	155
57.1835	155
57.1869	155
57.1902	155
57.1936	155
57.197	155
57.2003	155
57.2037	155
57.2071	155
57.2105	155
57.2138	155
57.2172	155
57.2206	155
57.224	155
57.2273	155
57.2307	155
57.2341	155
57.2375	155
57.2408	155
57.2442	155
57.2476	155
57.2509	155
57.2543	155
57.2577	155
57.2611	155
57.2644	155
57.2678	155
57.2712	155
57.2746	155
57.2779	155
57.2813	155
57.2847	155
57.288	155
57.2914	155
57.2948	155
57.2982	155
57.3015	155
57.3049	155
57.3083	155
57.3117	155
57.315	155
57.3184	155
57.3218	155
57.3251	155
57.3285	155
57.3319	155
57.3353	155
57.3386	155
57.342	155
57.3454	155
57.3488	155
57.3521	155
57.3555	155
57.3589	155
57.3622	155
57.3656	155
57.369	155
57.3724	155
57.3757	155
57.3791	155
57.3825	155
57.3859	155
57.3892	155
57.3926	155
57.396	155
57.3993	155
57.4027	155
57.4061	155
57.4095	155
57.4128	155
57.4162	155
57.4196	155
57.423	155
57.4263	155
57.4297	155
57.4331	155
57.4364	155
57.4398	155
57.4432	155
57.4466	155
57.4499	155
57.4533	155
57.4567	155
57.4601	155
57.4634	155
57.4668	155
57.4702	155
57.4735	155
57.4769	155
57.4803	155
57.4837	155
57.487	155
57.4904	155
57.4938	155
57.4972	155
57.5005	155
57.5039	155
57.5073	155
57.5106	155
57.514	155
57.5174	155
57.5208	155
57.5241	155
57.5275	155
57.5309	155
57.5343	155
57.5376	155
57.541	155
57.5444	155
57.5477	155
57.5511	155
57.5545	155
57.5579	155
57.5612	155
57.5646	155
57.568	155
57.5714	155
57.5747	155
57.5781	155
57.5815	155
57.5848	155
57.5882	155
57.5916	155
57.595	155
57.5983	155
57.6017	155
57.6051	155
57.6085	155
57.6118	155
57.6152	155
57.6186	155
57.6219	155
57.6253	155
57.6287	155
57.6321	155
57.6354	155
57.6388	155
57.6422	155
57.6456	155
57.6489	155
57.6523	155
57.6557	155
57.6591	155
57.6624	155
57.6658	155
57.6692	155
57.6725	155
57.6759	155
57.6793	155
57.6827	155
57.686	155
57.6894	155
57.6928	155
57.6962	155
57.6995	155
57.7029	155
57.7063	155
57.7096	155
57.713	155
57.7164	155
57.7198	155
57.7231	155
57.7265	155
57.7299	155
57.7333	155
57.7366	155
57.74	155
57.7434	155
57.7467	155
57.7501	155
57.7535	155
57.7569	155
57.7602	155
57.7636	155
57.767	155
57.7704	155
57.7737	155
57.7771	155
57.7805	155
57.7838	155
57.7872	155
57.7906	155
57.794	155
57.7973	155
57.8007	155
57.8041	155
57.8075	155
57.8108	155
57.8142	155
57.8176	155
57.8209	155
57.8243	155
57.8277	155
57.8311	155
57.8344	155
57.8378	155
57.8412	155
57.8446	155
57.8479	155
57.8513	155
57.8547	155
57.858	155
57.8614	155
57.8648	155
57.8682	155
57.8715	155
57.8749	155
57.8783	155
57.8817	155
57.885	155
57.8884	155
57.8918	155
57.8951	155
57.8985	155
57.9019	155
57.9053	155
57.9086	155
57.912	155
57.9154	155
57.9188	155
57.9221	155
57.9255	155
57.9289	155
57.9322	155
57.9356	155
57.939	155
57.9424	155
57.9457	155
57.9491	155
57.9525	155
57.9559	155
57.9592	155
57.9626	155
57.966	155
57.9693	155
57.9727	155
57.9761	155
57.9795	155
57.9828	155
57.9862	155
57.9896	155
57.993	155
57.9963	155
57.9997	155
58.0031	155
58.0064	155
58.0098	155
58.0132	155
58.0166	155
58.0199	155
58.0233	155
58.0267	155
58.0301	155
58.0334	155
58.0368	155
58.0402	155
58.0435	155
58.0469	155
58.0503	155
58.0537	155
58.057	155
58.0604	155
58.0638	155
58.0672	155
58.0705	155
58.0739	155
58.0773	155
58.0807	155
58.084	155
58.0874	155
58.0908	155
58.0941	155
58.0975	155
58.1009	155
58.1043	155
58.1076	155
58.111	155
58.1144	155
58.1178	155
58.1211	155
58.1245	155
58.1279	155
58.1312	155
58.1346	155
58.138	155
58.1414	155
58.1447	155
58.1481	155
58.1515	155
58.1549	155
58.1582	155
58.1616	155
58.165	155
58.1683	155
58.1717	155
58.1751	155
58.1785	155
58.1818	155
58.1852	155
58.1886	155
58.192	155
58.1953	155
58.1987	155
58.2021	155
58.2054	155
58.2088	155
58.2122	155
58.2156	155
58.2189	155
58.2223	155
58.2257	155
58.2291	155
58.2324	155
58.2358	155
58.2392	155
58.2425	155
58.2459	155
58.2493	155
58.2527	155
58.256	155
58.2594	155
58.2628	155
58.2662	155
58.2695	155
58.2729	155
58.2763	155
58.2796	155
58.283	155
58.2864	155
58.2898	155
58.2931	155
58.2965	155
58.2999	155
58.3033	155
58.3066	155
58.31	155
58.3134	155
58.3167	155
58.3201	155
58.3235	155
58.3269	155
58.3302	155
58.3336	155
58.337	155
58.3404	155
58.3437	155
58.3471	155
58.3505	155
58.3538	155
58.3572	155
58.3606	155
58.364	155
58.3673	155
58.3707	155
58.3741	155
58.3775	155
58.3808	155
58.3842	155
58.3876	155
58.3909	155
58.3943	155
58.3977	155
58.4011	155
58.4044	155
58.4078	155
58.4112	155
58.4146	155
58.4179	155
58.4213	155
58.4247	155
58.428	155
58.4314	155
58.4348	155
58.4382	155
58.4415	155
58.4449	155
58.4483	155
58.4517	155
58.455	155
58.4584	155
58.4618	155
58.4651	155
58.4685	155
58.4719	155
58.4753	155
58.4786	155
58.482	155
58.4854	155
58.4888	155
58.4921	155
58.4955	155
58.4989	155
58.5023	155
58.5056	155
58.509	155
58.5124	155
58.5157	155
58.5191	155
58.5225	155
58.5259	155
58.5292	155
58.5326	155
58.536	155
58.5394	155
58.5427	155
58.5461	155
58.5495	155
58.5528	155
58.5562	155
58.5596	155
58.563	155
58.5663	155
58.5697	155
58.5731	155
58.5765	155
58.5798	155
58.5832	155
58.5866	155
58.5899	155
58.5933	155
58.5967	155
58.6001	155
58.6034	155
58.6068	155
58.6102	155
58.6136	155
58.6169	155
58.6203	155
58.6237	155
58.627	155
58.6304	155
58.6338	155
58.6372	155
58.6405	155
58.6439	155
58.6473	155
58.6507	155
58.654	155
58.6574	155
58.6608	155
58.6641	155
58.6675	155
58.6709	155
58.6743	155
58.6776	155
58.681	155
58.6844	155
58.6878	155
58.6911	155
58.6945	155
58.6979	155
58.7012	155
58.7046	155
58.708	155
58.7114	155
58.7147	155
58.7181	155
58.7215	155
58.7249	155
58.7282	155
58.7316	155
58.735	155
58.7383	155
58.7417	155
58.7451	155
58.7485	155
58.7518	155
58.7552	155
58.7586	155
58.762	155
58.7653	155
58.7687	155
58.7721	155
58.7754	155
58.7788	155
58.7822	155
58.7856	155
58.7889	155
58.7923	155
58.7957	155
58.7991	155
58.8024	155
58.8058	155
58.8092	155
58.8125	155
58.8159	155
58.8193	155
58.8227	155
58.826	155
58.8294	155
58.8328	155
58.8362	155
58.8395	155
58.8429	155
58.8463	155
58.8496	155
58.853	155
58.8564	155
58.8598	155
58.8631	155
58.8665	155
58.8699	155
58.8733	155
58.8766	155
58.88	155
58.8834	155
58.8867	155
58.8901	155
58.8935	155
58.8969	155
58.9002	155
58.9036	155
58.907	155
58.9104	155
58.9137	155
58.9171	155
58.9205	155
58.9239	155
58.9272	155
58.9306	155
58.934	155
58.9373	155
58.9407	155
58.9441	155
58.9475	155
58.9508	155
58.9542	155
58.9576	155
58.961	155
58.9643	155
58.9677	155
58.9711	155
58.9744	155
58.9778	155
58.9812	155
58.9846	155
58.9879	155
58.9913	155
58.9947	155
58.9981	155
59.0014	155
59.0048	155
59.0082	155
59.0115	155
59.0149	155
59.0183	155
59.0217	155
59.025	155
59.0284	155
59.0318	155
59.0352	155
59.0385	155
59.0419	155
59.0453	155
59.0486	155
59.052	155
59.0554	155
59.0588	155
59.0621	155
59.0655	155
59.0689	155
59.0723	155
59.0756	155
59.079	155
59.0824	155
59.0857	155
59.0891	155
59.0925	155
59.0959	155
59.0992	155
59.1026	155
59.106	155
59.1094	155
59.1127	155
59.1161	155
59.1195	155
59.1228	155
59.1262	155
59.1296	155
59.133	155
59.1363	155
59.1397	155
59.1431	155
59.1465	155
59.1498	155
59.1532	155
59.1566	155
59.1599	155
59.1633	155
59.1667	155
59.1701	155
59.1734	155
59.1768	155
59.1802	155
59.1836	155
59.1869	155
59.1903	155
59.1937	155
59.197	155
59.2004	155
59.2038	155
59.2072	155
59.2105	155
59.2139	155
59.2173	155
59.2207	155
59.224	155
59.2274	155
59.2308	155
59.2341	155
59.2375	155
59.2409	155
59.2443	155
59.2476	155
59.251	155
59.2544	155
59.2578	155
59.2611	155
59.2645	155
59.2679	155
59.2712	155
59.2746	155
59.278	155
59.2814	155
59.2847	155
59.2881	155
59.2915	155
59.2949	155
59.2982	155
59.3016	155
59.305	155
59.3083	155
59.3117	155
59.3151	155
59.3185	155
59.3218	155
59.3252	155
59.3286	155
59.332	155
59.3353	155
59.3387	155
59.3421	155
59.3455	155
59.3488	155
59.3522	155
59.3556	155
59.3589	155
59.3623	155
59.3657	155
59.3691	155
59.3724	155
59.3758	155
59.3792	155
59.3826	155
59.3859	155
59.3893	155
59.3927	155
59.396	155
59.3994	155
59.4028	155
59.4062	155
59.4095	155
59.4129	155
59.4163	155
59.4197	155
59.423	155
59.4264	155
59.4298	155
59.4331	155
59.4365	155
59.4399	155
59.4433	155
59.4466	155
59.45	155
59.4534	155
59.4568	155
59.4601	155
59.4635	155
59.4669	155
59.4702	155
59.4736	155
59.477	155
59.4804	155
59.4837	155
59.4871	155
59.4905	155
59.4939	155
59.4972	155
59.5006	155
59.504	155
59.5073	155
59.5107	155
59.5141	155
59.5175	155
59.5208	155
59.5242	155
59.5276	155
59.531	155
59.5343	155
59.5377	155
59.5411	155
59.5444	155
59.5478	155
59.5512	155
59.5546	155
59.5579	155
59.5613	155
59.5647	155
59.5681	155
59.5714	155
59.5748	155
59.5782	155
59.5815	155
59.5849	155
59.5883	155
59.5917	155
59.595	155
59.5984	155
59.6018	155
59.6052	155
59.6085	155
59.6119	155
59.6153	155
59.6186	155
59.622	155
59.6254	155
59.6288	155
59.6321	155
59.6355	155
59.6389	155
59.6423	155
59.6456	155
59.649	155
59.6524	155
59.6557	155
59.6591	155
59.6625	155
59.6659	155
59.6692	155
59.6726	155
59.676	155
59.6794	155
59.6827	155
59.6861	155
59.6895	155
59.6928	155
59.6962	155
59.6996	155
59.703	155
59.7063	155
59.7097	155
59.7131	155
59.7165	155
59.7198	155
59.7232	155
59.7266	155
59.7299	155
59.7333	155
59.7367	155
59.7401	155
59.7434	155
59.7468	155
59.7502	155
59.7536	155
59.7569	155
59.7603	155
59.7637	155
59.7671	155
59.7704	155
59.7738	155
59.7772	155
59.7805	155
59.7839	155
59.7873	155
59.7907	155
59.794	155
59.7974	155
59.8008	155
59.8042	155
59.8075	155
59.8109	155
59.8143	155
59.8176	155
59.821	155
59.8244	155
59.8278	155
59.8311	155
59.8345	155
59.8379	155
59.8413	155
59.8446	155
59.848	155
59.8514	155
59.8547	155
59.8581	155
59.8615	155
59.8649	155
59.8682	155
59.8716	155
59.875	155
59.8784	155
59.8817	155
59.8851	155
59.8885	155
59.8918	155
59.8952	155
59.8986	155
59.902	155
59.9053	155
59.9087	155
59.9121	155
59.9155	155
59.9188	155
59.9222	155
59.9256	155
59.9289	155
59.9323	155
59.9357	155
59.9391	155
59.9424	155
59.9458	155
59.9492	155
59.9526	155
59.9559	155
59.9593	155
59.9627	155
59.966	155
59.9694	155
59.9728	155
59.9762	155
59.9795	155
59.9829	155
59.9863	155
59.9897	155
59.993	155
59.9964	155
59.9998	155
60.0031	155
60.0065	155
60.0099	155
60.0133	155
60.0166	155
60.02	155
60.0234	155
60.0268	155
60.0301	155
60.0335	155
60.0369	155
60.0402	155
60.0436	155
60.047	155
60.0504	155
60.0537	155
60.0571	155
60.0605	155
60.0639	155
60.0672	155
60.0706	155
60.074	155
60.0773	155
60.0807	155
60.0841	155
60.0875	155
60.0908	155
60.0942	155
60.0976	155
60.101	155
60.1043	155
60.1077	155
60.1111	155
60.1144	155
60.1178	155
60.1212	155
60.1246	155
60.1279	155
60.1313	155
60.1347	155
60.1381	155
60.1414	155
60.1448	155
60.1482	155
60.1515	155
60.1549	155
60.1583	155
60.1617	155
60.165	155
60.1684	155
60.1718	155
60.1752	155
60.1785	155
60.1819	155
60.1853	155
60.1887	155
60.192	155
60.1954	155
60.1988	155
60.2021	155
60.2055	155
60.2089	155
60.2123	155
60.2156	155
60.219	155
60.2224	155
60.2258	155
60.2291	155
60.2325	155
60.2359	155
60.2392	155
60.2426	155
60.246	155
60.2494	155
60.2527	155
60.2561	155
60.2595	155
60.2629	155
60.2662	155
60.2696	155
60.273	155
60.2763	155
60.2797	155
60.2831	155
60.2865	155
60.2898	155
60.2932	155
60.2966	155
60.3	155
60.3033	155
60.3067	155
60.3101	155
60.3134	155
60.3168	155
60.3202	155
60.3236	155
60.3269	155
60.3303	155
60.3337	155
60.3371	155
60.3404	155
60.3438	155
60.3472	155
60.3505	155
60.3539	155
60.3573	155
60.3607	155
60.364	155
60.3674	155
60.3708	155
60.3742	155
60.3775	155
60.3809	155
60.3843	155
60.3876	155
60.391	155
60.3944	155
60.3978	155
60.4011	155
60.4045	155
60.4079	155
60.4113	155
60.4146	155
60.418	155
60.4214	155
60.4247	155
60.4281	155
60.4315	155
60.4349	155
60.4382	155
60.4416	155
60.445	155
60.4484	155
60.4517	155
60.4551	155
60.4585	155
60.4618	155
60.4652	155
60.4686	155
60.472	155
60.4753	155
60.4787	155
60.4821	155
60.4855	155
60.4888	155
60.4922	155
60.4956	155
60.4989	155
60.5023	155
60.5057	155
60.5091	155
60.5124	155
60.5158	155
60.5192	155
60.5226	155
60.5259	155
60.5293	155
60.5327	155
60.536	155
60.5394	155
60.5428	155
60.5462	155
60.5495	155
60.5529	155
60.5563	155
60.5597	155
60.563	155
60.5664	155
60.5698	155
60.5731	155
60.5765	155
60.5799	155
60.5833	155
60.5866	155
60.59	155
60.5934	155
60.5968	155
60.6001	155
60.6035	155
60.6069	155
60.6103	155
60.6136	155
60.617	155
60.6204	155
60.6237	155
60.6271	155
60.6305	155
60.6339	155
60.6372	155
60.6406	155
60.644	155
60.6474	155
60.6507	155
60.6541	155
60.6575	155
60.6608	155
60.6642	155
60.6676	155
60.671	155
60.6743	155
60.6777	155
60.6811	155
60.6845	155
60.6878	155
60.6912	155
60.6946	155
60.6979	155
60.7013	155
60.7047	155
60.7081	155
60.7114	155
60.7148	155
60.7182	155
60.7216	155
60.7249	155
60.7283	155
60.7317	155
60.735	155
60.7384	155
60.7418	155
60.7452	155
60.7485	155
60.7519	155
60.7553	155
60.7587	155
60.762	155
60.7654	155
60.7688	155
60.7721	155
60.7755	155
60.7789	155
60.7823	155
60.7856	155
60.789	155
60.7924	155
60.7958	155
60.7991	155
60.8025	155
60.8059	155
60.8092	155
60.8126	155
60.816	155
60.8194	155
60.8227	155
60.8261	155
60.8295	155
60.8329	155
60.8362	155
60.8396	155
60.843	155
60.8463	155
60.8497	155
60.8531	155
60.8565	155
60.8598	155
60.8632	155
60.8666	155
60.87	155
60.8733	155
60.8767	155
60.8801	155
60.8834	155
60.8868	155
60.8902	155
60.8936	155
60.8969	155
60.9003	155
60.9037	155
60.9071	155
60.9104	155
60.9138	155
60.9172	155
60.9205	155
60.9239	155
60.9273	155
60.9307	155
60.934	155
60.9374	155
60.9408	155
60.9442	155
60.9475	155
60.9509	155
60.9543	155
60.9576	155
60.961	155
60.9644	155
60.9678	155
60.9711	155
60.9745	155
60.9779	155
60.9813	155
60.9846	155
60.988	155
60.9914	155
60.9947	155
60.9981	155
61.0015	155
61.0049	155
61.0082	155
61.0116	155
61.015	155
61.0184	155
61.0217	155
61.0251	155
61.0285	155
61.0319	155
61.0352	155
61.0386	155
61.042	155
61.0453	155
61.0487	155
61.0521	155
61.0555	155
61.0588	155
61.0622	155
61.0656	155
61.069	155
61.0723	155
61.0757	155
61.0791	155
61.0824	155
61.0858	155
61.0892	155
61.0926	155
61.0959	155
61.0993	155
61.1027	155
61.1061	155
61.1094	155
61.1128	155
61.1162	155
61.1195	155
61.1229	155
61.1263	155
61.1297	155
61.133	155
61.1364	155
61.1398	155
61.1432	155
61.1465	155
61.1499	155
61.1533	155
61.1566	155
61.16	155
61.1634	155
61.1668	155
61.1701	155
61.1735	155
61.1769	155
61.1803	155
61.1836	155
61.187	155
61.1904	155
61.1937	155
61.1971	155
61.2005	155
61.2039	155
61.2072	155
61.2106	155
61.214	155
61.2174	155
61.2207	155
61.2241	155
61.2275	155
61.2308	155
61.2342	155
61.2376	155
61.241	155
61.2443	155
61.2477	155
61.2511	155
61.2545	155
61.2578	155
61.2612	155
61.2646	155
61.2679	155
61.2713	155
61.2747	155
61.2781	155
61.2814	155
61.2848	155
61.2882	155
61.2916	155
61.2949	155
61.2983	155
61.3017	155
61.305	155
61.3084	155
61.3118	155
61.3152	155
61.3185	155
61.3219	155
61.3253	155
61.3287	155
61.332	155
61.3354	155
61.3388	155
61.3421	155
61.3455	155
61.3489	155
61.3523	155
61.3556	155
61.359	155
61.3624	155
61.3658	155
61.3691	155
61.3725	155
61.3759	155
61.3792	155
61.3826	155
61.386	155
61.3894	155
61.3927	155
61.3961	155
61.3995	155
61.4029	155
61.4062	155
61.4096	155
61.413	155
61.4163	155
61.4197	155
61.4231	155
61.4265	155
61.4298	155
61.4332	155
61.4366	155
61.44	155
61.4433	155
61.4467	155
61.4501	155
61.4535	155
61.4568	155
61.4602	155
61.4636	155
61.4669	155
61.4703	155
61.4737	155
61.4771	155
61.4804	155
61.4838	155
61.4872	155
61.4906	155
61.4939	155
61.4973	155
61.5007	155
61.504	155
61.5074	155
61.5108	155
61.5142	155
61.5175	155
61.5209	155
61.5243	155
61.5277	155
61.531	155
61.5344	155
61.5378	155
61.5411	155
61.5445	155
61.5479	155
61.5513	155
61.5546	155
61.558	155
61.5614	155
61.5648	155
61.5681	155
61.5715	155
61.5749	155
61.5782	155
61.5816	155
61.585	155
61.5884	155
61.5917	155
61.5951	155
61.5985	155
61.6019	155
61.6052	155
61.6086	155
61.612	155
61.6153	155
61.6187	155
61.6221	155
61.6255	155
61.6288	155
61.6322	155
61.6356	155
61.639	155
61.6423	155
61.6457	155
61.6491	155
61.6524	155
61.6558	155
61.6592	155
61.6626	155
61.6659	155
61.6693	155
61.6727	155
61.6761	155
61.6794	155
61.6828	155
61.6862	155
61.6895	155
61.6929	155
61.6963	155
61.6997	155
61.703	155
61.7064	155
61.7098	155
61.7132	155
61.7165	155
61.7199	155
61.7233	155
61.7266	155
61.73	155
61.7334	155
61.7368	155
61.7401	155
61.7435	155
61.7469	155
61.7503	155
61.7536	155
61.757	155
61.7604	155
61.7637	155
61.7671	155
61.7705	155
61.7739	155
61.7772	155
61.7806	155
61.784	155
61.7874	155
61.7907	155
61.7941	155
61.7975	155
61.8008	155
61.8042	155
61.8076	155
61.811	155
61.8143	155
61.8177	155
61.8211	155
61.8245	155
61.8278	155
61.8312	155
61.8346	155
61.8379	155
61.8413	155
61.8447	155
61.8481	155
61.8514	155
61.8548	155
61.8582	155
61.8616	155
61.8649	155
61.8683	155
61.8717	155
61.8751	155
61.8784	155
61.8818	155
61.8852	155
61.8885	155
61.8919	155
61.8953	155
61.8987	155
61.902	155
61.9054	155
61.9088	155
61.9122	155
61.9155	155
61.9189	155
61.9223	155
61.9256	155
61.929	155
61.9324	155
61.9358	155
61.9391	155
61.9425	155
61.9459	155
61.9493	155
61.9526	155
61.956	155
61.9594	155
61.9627	155
61.9661	155
61.9695	155
61.9729	155
61.9762	155
61.9796	155
61.983	155
61.9864	155
61.9897	155
61.9931	155
61.9965	155
61.9998	155
62.0032	155
62.0066	155
62.01	155
62.0133	155
62.0167	155
62.0201	155
62.0235	155
62.0268	155
62.0302	155
62.0336	155
62.0369	155
62.0403	155
62.0437	155
62.0471	155
62.0504	155
62.0538	155
62.0572	155
62.0606	155
62.0639	155
62.0673	155
62.0707	155
62.074	155
62.0774	155
62.0808	155
62.0842	155
62.0875	155
62.0909	155
62.0943	155
62.0977	155
62.101	155
62.1044	155
62.1078	155
62.1111	155
62.1145	155
62.1179	155
62.1213	155
62.1246	155
62.128	155
62.1314	155
62.1348	155
62.1381	155
62.1415	155
62.1449	155
62.1482	155
62.1516	155
62.155	155
62.1584	155
62.1617	155
62.1651	155
62.1685	155
62.1719	155
62.1752	155
62.1786	155
62.182	155
62.1853	155
62.1887	155
62.1921	155
62.1955	155
62.1988	155
62.2022	155
62.2056	155
62.209	155
62.2123	155
62.2157	155
62.2191	155
62.2224	155
62.2258	155
62.2292	155
62.2326	155
62.2359	155
62.2393	155
62.2427	155
62.2461	155
62.2494	155
62.2528	155
62.2562	155
62.2595	155
62.2629	155
62.2663	155
62.2697	155
62.273	155
62.2764	155
62.2798	155
62.2832	155
62.2865	155
62.2899	155
62.2933	155
62.2967	155
62.3	155
62.3034	155
62.3068	155
62.3101	155
62.3135	155
62.3169	155
62.3203	155
62.3236	155
62.327	155
62.3304	155
62.3338	155
62.3371	155
62.3405	155
62.3439	155
62.3472	155
62.3506	155
62.354	155
62.3574	155
62.3607	155
62.3641	155
62.3675	155
62.3709	155
62.3742	155
62.3776	155
62.381	155
62.3843	155
62.3877	155
62.3911	155
62.3945	155
62.3978	155
62.4012	155
62.4046	155
62.408	155
62.4113	155
62.4147	155
62.4181	155
62.4214	155
62.4248	155
62.4282	155
62.4316	155
62.4349	155
62.4383	155
62.4417	155
62.4451	155
62.4484	155
62.4518	155
62.4552	155
62.4585	155
62.4619	155
62.4653	155
62.4687	155
62.472	155
62.4754	155
62.4788	155
62.4822	155
62.4855	155
62.4889	155
62.4923	155
62.4956	155
62.499	155
62.5024	155
62.5058	155
62.5091	155
62.5125	155
62.5159	155
62.5193	155
62.5226	155
62.526	155
62.5294	155
62.5327	155
62.5361	155
62.5395	155
62.5429	155
62.5462	155
62.5496	155
62.553	155
62.5564	155
62.5597	155
62.5631	155
62.5665	155
62.5698	155
62.5732	155
62.5766	155
62.58	155
62.5833	155
62.5867	155
62.5901	155
62.5935	155
62.5968	155
62.6002	155
62.6036	155
62.6069	155
62.6103	155
62.6137	155
62.6171	155
62.6204	155
62.6238	155
62.6272	155
62.6306	155
62.6339	155
62.6373	155
62.6407	155
62.644	155
62.6474	155
62.6508	155
62.6542	155
62.6575	155
62.6609	155
62.6643	155
62.6677	155
62.671	155
62.6744	155
62.6778	155
62.6811	155
62.6845	155
62.6879	155
62.6913	155
62.6946	155
62.698	155
62.7014	155
62.7048	155
62.7081	155
62.7115	155
62.7149	155
62.7183	155
62.7216	155
62.725	155
62.7284	155
62.7317	155
62.7351	155
62.7385	155
62.7419	155
62.7452	155
62.7486	155
62.752	155
62.7554	155
62.7587	155
62.7621	155
62.7655	155
62.7688	155
62.7722	155
62.7756	155
62.779	155
62.7823	155
62.7857	155
62.7891	155
62.7925	155
62.7958	155
62.7992	155
62.8026	155
62.8059	155
62.8093	155
62.8127	155
62.8161	155
62.8194	155
62.8228	155
62.8262	155
62.8296	155
62.8329	155
62.8363	155
62.8397	155
62.843	155
62.8464	155
62.8498	155
62.8532	155
62.8565	155
62.8599	155
62.8633	155
62.8667	155
62.87	155
62.8734	155
62.8768	155
62.8801	155
62.8835	155
62.8869	155
62.8903	155
62.8936	155
62.897	155
62.9004	155
62.9038	155
62.9071	155
62.9105	155
62.9139	155
62.9172	155
62.9206	155
62.924	155
62.9274	155
62.9307	155
62.9341	155
62.9375	155
62.9409	155
62.9442	155
62.9476	155
62.951	155
62.9543	155
62.9577	155
62.9611	155
62.9645	155
62.9678	155
62.9712	155
62.9746	155
62.978	155
62.9813	155
62.9847	155
62.9881	155
62.9914	155
62.9948	155
62.9982	155
63.0016	155
63.0049	155
63.0083	155
63.0117	155
63.0151	155
63.0184	155
63.0218	155
63.0252	155
63.0285	155
63.0319	155
63.0353	155
63.0387	155
63.042	155
63.0454	155
63.0488	155
63.0522	155
63.0555	155
63.0589	155
63.0623	155
63.0656	155
63.069	155
63.0724	155
63.0758	155
63.0791	155
63.0825	155
63.0859	155
63.0893	155
63.0926	155
63.096	155
63.0994	155
63.1027	155
63.1061	155
63.1095	155
63.1129	155
63.1162	155
63.1196	155
63.123	155
63.1264	155
63.1297	155
63.1331	155
63.1365	155
63.1399	155
63.1432	155
63.1466	155
63.15	155
63.1533	155
63.1567	155
63.1601	155
63.1635	155
63.1668	155
63.1702	155
63.1736	155
63.177	155
63.1803	155
63.1837	155
63.1871	155
63.1904	155
63.1938	155
63.1972	155
63.2006	155
63.2039	155
63.2073	155
63.2107	155
63.2141	155
63.2174	155
63.2208	155
63.2242	155
63.2275	155
63.2309	155
63.2343	155
63.2377	155
63.241	155
63.2444	155
63.2478	155
63.2512	155
63.2545	155
63.2579	155
63.2613	155
63.2646	155
63.268	155
63.2714	155
63.2748	155
63.2781	155
63.2815	155
63.2849	155
63.2883	155
63.2916	155
63.295	155
63.2984	155
63.3017	155
63.3051	155
63.3085	155
63.3119	155
63.3152	155
63.3186	155
63.322	155
63.3254	155
63.3287	155
63.3321	155
63.3355	155
63.3388	155
63.3422	155
63.3456	155
63.349	155
63.3523	155
63.3557	155
63.3591	155
63.3625	155
63.3658	155
63.3692	155
63.3726	155
63.3759	155
63.3793	155
63.3827	155
63.3861	155
63.3894	155
63.3928	155
63.3962	155
63.3996	155
63.4029	155
63.4063	155
63.4097	155
63.413	155
63.4164	155
63.4198	155
63.4232	155
63.4265	155
63.4299	155
63.4333	155
63.4367	155
63.44	155
63.4434	155
63.4468	155
63.4501	155
63.4535	155
63.4569	155
63.4603	155
63.4636	155
63.467	155
63.4704	155
63.4738	155
63.4771	155
63.4805	155
63.4839	155
63.4872	155
63.4906	155
63.494	155
63.4974	155
63.5007	155
63.5041	155
63.5075	155
63.5109	155
63.5142	155
63.5176	155
63.521	155
63.5243	155
63.5277	155
63.5311	155
63.5345	155
63.5378	155
63.5412	155
63.5446	155
63.548	155
63.5513	155
63.5547	155
63.5581	155
63.5615	155
63.5648	155
63.5682	155
63.5716	155
63.5749	155
63.5783	155
63.5817	155
63.5851	155
63.5884	155
63.5918	155
63.5952	155
63.5986	155
63.6019	155
63.6053	155
63.6087	155
63.612	155
63.6154	155
63.6188	155
63.6222	155
63.6255	155
63.6289	155
63.6323	155
63.6357	155
63.639	155
63.6424	155
63.6458	155
63.6491	155
63.6525	155
63.6559	155
63.6593	155
63.6626	155
63.666	155
63.6694	155
63.6728	155
63.6761	155
63.6795	155
63.6829	155
63.6862	155
63.6896	155
63.693	155
63.6964	155
63.6997	155
63.7031	155
63.7065	155
63.7099	155
63.7132	155
63.7166	155
63.72	155
63.7233	155
63.7267	155
63.7301	155
63.7335	155
63.7368	155
63.7402	155
63.7436	155
63.747	155
63.7503	155
63.7537	155
63.7571	155
63.7604	155
63.7638	155
63.7672	155
63.7706	155
63.7739	155
63.7773	155
63.7807	155
63.7841	155
63.7874	155
63.7908	155
63.7942	155
63.7975	155
63.8009	155
63.8043	155
63.8077	155
63.811	155
63.8144	155
63.8178	155
63.8212	155
63.8245	155
63.8279	155
63.8313	155
63.8346	155
63.838	155
63.8414	155
63.8448	155
63.8481	155
63.8515	155
63.8549	155
63.8583	155
63.8616	155
63.865	155
63.8684	155
63.8717	155
63.8751	155
63.8785	155
63.8819	155
63.8852	155
63.8886	155
63.892	155
63.8954	155
63.8987	155
63.9021	155
63.9055	155
63.9088	155
63.9122	155
63.9156	155
63.919	155
63.9223	155
63.9257	155
63.9291	155
63.9325	155
63.9358	155
63.9392	155
63.9426	155
63.9459	155
63.9493	155
63.9527	155
63.9561	155
63.9594	155
63.9628	155
63.9662	155
63.9696	155
63.9729	155
63.9763	155
63.9797	155
63.9831	155
63.9864	155
63.9898	155
63.9932	155
63.9965	155
63.9999	155
64.0033	155
64.0067	155
64.01	155
64.0134	155
64.0168	155
64.0202	155
64.0235	155
64.0269	155
64.0303	155
64.0336	155
64.037	155
64.0404	155
64.0438	155
64.0471	155
64.0505	155
64.0539	155
64.0573	155
64.0606	155
64.064	155
64.0674	155
64.0707	155
64.0741	155
64.0775	155
64.0809	155
64.0842	155
64.0876	155
64.091	155
64.0944	155
64.0977	155
64.1011	155
64.1045	155
64.1078	155
64.1112	155
64.1146	155
64.118	155
64.1213	155
64.1247	155
64.1281	155
64.1315	155
64.1348	155
64.1382	155
64.1416	155
64.1449	155
64.1483	155
64.1517	155
64.1551	155
64.1584	155
64.1618	155
64.1652	155
64.1686	155
64.1719	155
64.1753	155
64.1787	155
64.182	155
64.1854	155
64.1888	155
64.1922	155
64.1955	155
64.1989	155
64.2023	155
64.2057	155
64.209	155
64.2124	155
64.2158	155
64.2191	155
64.2225	155
64.2259	155
64.2293	155
64.2326	155
64.236	155
64.2394	155
64.2428	155
64.2461	155
64.2495	155
64.2529	155
64.2562	155
64.2596	155
64.263	155
64.2664	155
64.2697	155
64.2731	155
64.2765	155
64.2799	155
64.2832	155
64.2866	155
64.29	155
64.2933	155
64.2967	155
64.3001	155
64.3035	155
64.3068	155
64.3102	155
64.3136	155
64.317	155
64.3203	155
64.3237	155
64.3271	155
64.3304	155
64.3338	155
64.3372	155
64.3406	155
64.3439	155
64.3473	155
64.3507	155
64.3541	155
64.3574	155
64.3608	155
64.3642	155
64.3675	155
64.3709	155
64.3743	155
64.3777	155
64.381	155
64.3844	155
64.3878	155
64.3912	155
64.3945	155
64.3979	155
64.4013	155
64.4047	155
64.408	155
64.4114	155
64.4148	155
64.4181	155
64.4215	155
64.4249	155
64.4283	155
64.4316	155
64.435	155
64.4384	155
64.4418	155
64.4451	155
64.4485	155
64.4519	155
64.4552	155
64.4586	155
64.462	155
64.4654	155
64.4687	155
64.4721	155
64.4755	155
64.4789	155
64.4822	155
64.4856	155
64.489	155
64.4923	155
64.4957	155
64.4991	155
64.5025	155
64.5058	155
64.5092	155
64.5126	155
64.516	155
64.5193	155
64.5227	155
64.5261	155
64.5294	155
64.5328	155
64.5362	155
64.5396	155
64.5429	155
64.5463	155
64.5497	155
64.5531	155
64.5564	155
64.5598	155
64.5632	155
64.5665	155
64.5699	155
64.5733	155
64.5767	155
64.58	155
64.5834	155
64.5868	155
64.5902	155
64.5935	155
64.5969	155
64.6003	155
64.6036	155
64.607	155
64.6104	155
64.6138	155
64.6171	155
64.6205	155
64.6239	155
64.6273	155
64.6306	155
64.634	155
64.6374	155
64.6407	155
64.6441	155
64.6475	155
64.6509	155
64.6542	155
64.6576	155
64.661	155
64.6644	155
64.6677	155
64.6711	155
64.6745	155
64.6778	155
64.6812	155
64.6846	155
64.688	155
64.6913	155
64.6947	155
64.6981	155
64.7015	155
64.7048	155
64.7082	155
64.7116	155
64.7149	155
64.7183	155
64.7217	155
64.7251	155
64.7284	155
64.7318	155
64.7352	155
64.7386	155
64.7419	155
64.7453	155
64.7487	155
64.752	155
64.7554	155
64.7588	155
64.7622	155
64.7655	155
64.7689	155
64.7723	155
64.7757	155
64.779	155
64.7824	155
64.7858	155
64.7891	155
64.7925	155
64.7959	155
64.7993	155
64.8026	155
64.806	155
64.8094	155
64.8128	155
64.8161	155
64.8195	155
64.8229	155
64.8263	155
64.8296	155
64.833	155
64.8364	155
64.8397	155
64.8431	155
64.8465	155
64.8499	155
64.8532	155
64.8566	155
64.86	155
64.8634	155
64.8667	155
64.8701	155
64.8735	155
64.8768	155
64.8802	155
64.8836	155
64.887	155
64.8903	155
64.8937	155
64.8971	155
64.9005	155
64.9038	155
64.9072	155
64.9106	155
64.9139	155
64.9173	155
64.9207	155
64.9241	155
64.9274	155
64.9308	155
64.9342	155
64.9376	155
64.9409	155
64.9443	155
64.9477	155
64.951	155
64.9544	155
64.9578	155
64.9612	155
64.9645	155
64.9679	155
64.9713	155
64.9747	155
64.978	155
64.9814	155
64.9848	155
64.9881	155
64.9915	155
64.9949	155
64.9983	155
65.0016	155
65.005	155
65.0084	155
65.0118	155
65.0151	155
65.0185	155
65.0219	155
65.0252	155
65.0286	155
65.032	155
65.0354	155
65.0387	155
65.0421	155
65.0455	155
65.0489	155
65.0522	155
65.0556	155
65.059	155
65.0623	155
65.0657	155
65.0691	155
65.0725	155
65.0758	155
65.0792	155
65.0826	155
65.086	155
65.0893	155
65.0927	155
65.0961	155
65.0994	155
65.1028	155
65.1062	155
65.1096	155
65.1129	155
65.1163	155
65.1197	155
65.1231	155
65.1264	155
65.1298	155
65.1332	155
65.1365	155
65.1399	155
65.1433	155
65.1467	155
65.15	155
65.1534	155
65.1568	155
65.1602	155
65.1635	155
65.1669	155
65.1703	155
65.1736	155
65.177	155
65.1804	155
65.1838	155
65.1871	155
65.1905	155
65.1939	155
65.1973	155
65.2006	155
65.204	155
65.2074	155
65.2107	155
65.2141	155
65.2175	155
65.2209	155
65.2242	155
65.2276	155
65.231	155
65.2344	155
65.2377	155
65.2411	155
65.2445	155
65.2479	155
65.2512	155
65.2546	155
65.258	155
65.2613	155
65.2647	155
65.2681	155
65.2715	155
65.2748	155
65.2782	155
65.2816	155
65.285	155
65.2883	155
65.2917	155
65.2951	155
65.2984	155
65.3018	155
65.3052	155
65.3086	155
65.3119	155
65.3153	155
65.3187	155
65.3221	155
65.3254	155
65.3288	155
65.3322	155
65.3355	155
65.3389	155
65.3423	155
65.3457	155
65.349	155
65.3524	155
65.3558	155
65.3592	155
65.3625	155
65.3659	155
65.3693	155
65.3726	155
65.376	155
65.3794	155
65.3828	155
65.3861	155
65.3895	155
65.3929	155
65.3963	155
65.3996	155
65.403	155
65.4064	155
65.4097	155
65.4131	155
65.4165	155
65.4199	155
65.4232	155
65.4266	155
65.43	155
65.4334	155
65.4367	155
65.4401	155
65.4435	155
65.4468	155
65.4502	155
65.4536	155
65.457	155
65.4603	155
65.4637	155
65.4671	155
65.4705	155
65.4738	155
65.4772	155
65.4806	155
65.4839	155
65.4873	155
65.4907	155
65.4941	155
65.4974	155
65.5008	155
65.5042	155
65.5076	155
65.5109	155
65.5143	155
65.5177	155
65.521	155
65.5244	155
65.5278	155
65.5312	155
65.5345	155
65.5379	155
65.5413	155
65.5447	155
65.548	155
65.5514	155
65.5548	155
65.5581	155
65.5615	155
65.5649	155
65.5683	155
65.5716	155
65.575	155
65.5784	155
65.5818	155
65.5851	155
65.5885	155
65.5919	155
65.5952	155
65.5986	155
65.602	155
65.6054	155
65.6087	155
65.6121	155
65.6155	155
65.6189	155
65.6222	155
65.6256	155
65.629	155
65.6323	155
65.6357	155
65.6391	155
65.6425	155
65.6458	155
65.6492	155
65.6526	155
65.656	155
65.6593	155
65.6627	155
65.6661	155
65.6695	155
65.6728	155
65.6762	155
65.6796	155
65.6829	155
65.6863	155
65.6897	155
65.6931	155
65.6964	155
65.6998	155
65.7032	155
65.7066	155
65.7099	155
65.7133	155
65.7167	155
65.72	155
65.7234	155
65.7268	155
65.7302	155
65.7335	155
65.7369	155
65.7403	155
65.7437	155
65.747	155
65.7504	155
65.7538	155
65.7571	155
65.7605	155
65.7639	155
65.7673	155
65.7706	155
65.774	155
65.7774	155
65.7808	155
65.7841	155
65.7875	155
65.7909	155
65.7942	155
65.7976	155
65.801	155
65.8044	155
65.8077	155
65.8111	155
65.8145	155
65.8179	155
65.8212	155
65.8246	155
65.828	155
65.8313	155
65.8347	155
65.8381	155
65.8415	155
65.8448	155
65.8482	155
65.8516	155
65.855	155
65.8583	155
65.8617	155
65.8651	155
65.8684	155
65.8718	155
65.8752	155
65.8786	155
65.8819	155
65.8853	155
65.8887	155
65.8921	155
65.8954	155
65.8988	155
65.9022	155
65.9055	155
65.9089	155
65.9123	155
65.9157	155
65.919	155
65.9224	155
65.9258	155
65.9292	155
65.9325	155
65.9359	155
65.9393	155
65.9426	155
65.946	155
65.9494	155
65.9528	155
65.9561	155
65.9595	155
65.9629	155
65.9663	155
65.9696	155
65.973	155
65.9764	155
65.9797	155
65.9831	155
65.9865	155
65.9899	155
65.9932	155
65.9966	155
66	155
66.0034	155
66.0067	155
66.0101	155
66.0135	155
66.0168	155
66.0202	155
66.0236	155
66.027	155
66.0303	155
66.0337	155
66.0371	155
66.0405	155
66.0438	155
66.0472	155
66.0506	155
66.0539	155
66.0573	155
66.0607	155
66.0641	155
66.0674	155
66.0708	155
66.0742	155
66.0776	155
66.0809	155
66.0843	155
66.0877	155
66.0911	155
66.0944	155
66.0978	155
66.1012	155
66.1045	155
66.1079	155
66.1113	155
66.1147	155
66.118	155
66.1214	155
66.1248	155
66.1282	155
66.1315	155
66.1349	155
66.1383	155
66.1416	155
66.145	155
66.1484	155
66.1518	155
66.1551	155
66.1585	155
66.1619	155
66.1653	155
66.1686	155
66.172	155
66.1754	155
66.1787	155
66.1821	155
66.1855	155
66.1889	155
66.1922	155
66.1956	155
66.199	155
66.2024	155
66.2057	155
66.2091	155
66.2125	155
66.2158	155
66.2192	155
66.2226	155
66.226	155
66.2293	155
66.2327	155
66.2361	155
66.2395	155
66.2428	155
66.2462	155
66.2496	155
66.2529	155
66.2563	155
66.2597	155
66.2631	155
66.2664	155
66.2698	155
66.2732	155
66.2766	155
66.2799	155
66.2833	155
66.2867	155
66.29	155
66.2934	155
66.2968	155
66.3002	155
66.3035	155
66.3069	155
66.3103	155
66.3137	155
66.317	155
66.3204	155
66.3238	155
66.3271	155
66.3305	155
66.3339	155
66.3373	155
66.3406	155
66.344	155
66.3474	155
66.3508	155
66.3541	155
66.3575	155
66.3609	155
66.3642	155
66.3676	155
66.371	155
66.3744	155
66.3777	155
66.3811	155
66.3845	155
66.3879	155
66.3912	155
66.3946	155
66.398	155
66.4013	155
66.4047	155
66.4081	155
66.4115	155
66.4148	155
66.4182	155
66.4216	155
66.425	155
66.4283	155
66.4317	155
66.4351	155
66.4384	155
66.4418	155
66.4452	155
66.4486	155
66.4519	155
66.4553	155
66.4587	155
66.4621	155
66.4654	155
66.4688	155
66.4722	155
66.4755	155
66.4789	155
66.4823	155
66.4857	155
66.489	155
66.4924	155
66.4958	155
66.4992	155
66.5025	155
66.5059	155
66.5093	155
66.5127	155
66.516	155
66.5194	155
66.5228	155
66.5261	155
66.5295	155
66.5329	155
66.5363	155
66.5396	155
66.543	155
66.5464	155
66.5498	155
66.5531	155
66.5565	155
66.5599	155
66.5632	155
66.5666	155
66.57	155
66.5734	155
66.5767	155
66.5801	155
66.5835	155
66.5869	155
66.5902	155
66.5936	155
66.597	155
66.6003	155
66.6037	155
66.6071	155
66.6105	155
66.6138	155
66.6172	155
66.6206	155
66.624	155
66.6273	155
66.6307	155
66.6341	155
66.6374	155
66.6408	155
66.6442	155
66.6476	155
66.6509	155
66.6543	155
66.6577	155
66.6611	155
66.6644	155
66.6678	155
66.6712	155
66.6745	155
66.6779	155
66.6813	155
66.6847	155
66.688	155
66.6914	155
66.6948	155
66.6982	155
66.7015	155
66.7049	155
66.7083	155
66.7116	155
66.715	155
66.7184	155
66.7218	155
66.7251	155
66.7285	155
66.7319	155
66.7353	155
66.7386	155
66.742	155
66.7454	155
66.7487	155
66.7521	155
66.7555	155
66.7589	155
66.7622	155
66.7656	155
66.769	155
66.7724	155
66.7757	155
66.7791	155
66.7825	155
66.7858	155
66.7892	155
66.7926	155
66.796	155
66.7993	155
66.8027	155
66.8061	155
66.8095	155
66.8128	155
66.8162	155
66.8196	155
66.8229	155
66.8263	155
66.8297	155
66.8331	155
66.8364	155
66.8398	155
66.8432	155
66.8466	155
66.8499	155
66.8533	155
66.8567	155
66.86	155
66.8634	155
66.8668	155
66.8702	155
66.8735	155
66.8769	155
66.8803	155
66.8837	155
66.887	155
66.8904	155
66.8938	155
66.8971	155
66.9005	155
66.9039	155
66.9073	155
66.9106	155
66.914	155
66.9174	155
66.9208	155
66.9241	155
66.9275	155
66.9309	155
66.9343	155
66.9376	155
66.941	155
66.9444	155
66.9477	155
66.9511	155
66.9545	155
66.9579	155
66.9612	155
66.9646	155
66.968	155
66.9714	155
66.9747	155
66.9781	155
66.9815	155
66.9848	155
66.9882	155
66.9916	155
66.995	155
66.9983	155
67.0017	155
67.0051	155
67.0085	155
67.0118	155
67.0152	155
67.0186	155
67.0219	155
67.0253	155
67.0287	155
67.0321	155
67.0354	155
67.0388	155
67.0422	155
67.0456	155
67.0489	155
67.0523	155
67.0557	155
67.059	155
67.0624	155
67.0658	155
67.0692	155
67.0725	155
67.0759	155
67.0793	155
67.0827	155
67.086	155
67.0894	155
67.0928	155
67.0961	155
67.0995	155
67.1029	155
67.1063	155
67.1096	155
67.113	155
67.1164	155
67.1198	155
67.1231	155
67.1265	155
67.1299	155
67.1332	155
67.1366	155
67.14	155
67.1434	155
67.1467	155
67.1501	155
67.1535	155
67.1569	155
67.1602	155
67.1636	155
67.167	155
67.1703	155
67.1737	155
67.1771	155
67.1805	155
67.1838	155
67.1872	155
67.1906	155
67.194	155
67.1973	155
67.2007	155
67.2041	155
67.2074	155
67.2108	155
67.2142	155
67.2176	155
67.2209	155
67.2243	155
67.2277	155
67.2311	155
67.2344	155
67.2378	155
67.2412	155
67.2445	155
67.2479	155
67.2513	155
67.2547	155
67.258	155
67.2614	155
67.2648	155
67.2682	155
67.2715	155
67.2749	155
67.2783	155
67.2816	155
67.285	155
67.2884	155
67.2918	155
67.2951	155
67.2985	155
67.3019	155
67.3053	155
67.3086	155
67.312	155
67.3154	155
67.3187	155
67.3221	155
67.3255	155
67.3289	155
67.3322	155
67.3356	155
67.339	155
67.3424	155
67.3457	155
67.3491	155
67.3525	155
67.3559	155
67.3592	155
67.3626	155
67.366	155
67.3693	155
67.3727	155
67.3761	155
67.3795	155
67.3828	155
67.3862	155
67.3896	155
67.393	155
67.3963	155
67.3997	155
67.4031	155
67.4064	155
67.4098	155
67.4132	155
67.4166	155
67.4199	155
67.4233	155
67.4267	155
67.4301	155
67.4334	155
67.4368	155
67.4402	155
67.4435	155
67.4469	155
67.4503	155
67.4537	155
67.457	155
67.4604	155
67.4638	155
67.4672	155
67.4705	155
67.4739	155
67.4773	155
67.4806	155
67.484	155
67.4874	155
67.4908	155
67.4941	155
67.4975	155
67.5009	155
67.5043	155
67.5076	155
67.511	155
67.5144	155
67.5177	155
67.5211	155
67.5245	155
67.5279	155
67.5312	155
67.5346	155
67.538	155
67.5414	155
67.5447	155
67.5481	155
67.5515	155
67.5548	155
67.5582	155
67.5616	155
67.565	155
67.5683	155
67.5717	155
67.5751	155
67.5785	155
67.5818	155
67.5852	155
67.5886	155
67.5919	155
67.5953	155
67.5987	155
67.6021	155
67.6054	155
67.6088	155
67.6122	155
67.6156	155
67.6189	155
67.6223	155
67.6257	155
67.629	155
67.6324	155
67.6358	155
67.6392	155
67.6425	155
67.6459	155
67.6493	155
67.6527	155
67.656	155
67.6594	155
67.6628	155
67.6661	155
67.6695	155
67.6729	155
67.6763	155
67.6796	155
67.683	155
67.6864	155
67.6898	155
67.6931	155
67.6965	155
67.6999	155
67.7032	155
67.7066	155
67.71	155
67.7134	155
67.7167	155
67.7201	155
67.7235	155
67.7269	155
67.7302	155
67.7336	155
67.737	155
67.7403	155
67.7437	155
67.7471	155
67.7505	155
67.7538	155
67.7572	155
67.7606	155
67.764	155
67.7673	155
67.7707	155
67.7741	155
67.7775	155
67.7808	155
67.7842	155
67.7876	155
67.7909	155
67.7943	155
67.7977	155
67.8011	155
67.8044	155
67.8078	155
67.8112	155
67.8146	155
67.8179	155
67.8213	155
67.8247	155
67.828	155
67.8314	155
67.8348	155
67.8382	155
67.8415	155
67.8449	155
67.8483	155
67.8517	155
67.855	155
67.8584	155
67.8618	155
67.8651	155
67.8685	155
67.8719	155
67.8753	155
67.8786	155
67.882	155
67.8854	155
67.8888	155
67.8921	155
67.8955	155
67.8989	155
67.9022	155
67.9056	155
67.909	155
67.9124	155
67.9157	155
67.9191	155
67.9225	155
67.9259	155
67.9292	155
67.9326	155
67.936	155
67.9393	155
67.9427	155
67.9461	155
67.9495	155
67.9528	155
67.9562	155
67.9596	155
67.963	155
67.9663	155
67.9697	155
67.9731	155
67.9764	155
67.9798	155
67.9832	155
67.9866	155
67.9899	155
67.9933	155
67.9967	155
68.0001	155
68.0034	155
68.0068	155
68.0102	155
68.0135	155
68.0169	155
68.0203	155
68.0237	155
68.027	155
68.0304	155
68.0338	155
68.0372	155
68.0405	155
68.0439	155
68.0473	155
68.0506	155
68.054	155
68.0574	155
68.0608	155
68.0641	155
68.0675	155
68.0709	155
68.0743	155
68.0776	155
68.081	155
68.0844	155
68.0877	155
68.0911	155
68.0945	155
68.0979	155
68.1012	155
68.1046	155
68.108	155
68.1114	155
68.1147	155
68.1181	155
68.1215	155
68.1248	155
68.1282	155
68.1316	155
68.135	155
68.1383	155
68.1417	155
68.1451	155
68.1485	155
68.1518	155
68.1552	155
68.1586	155
68.1619	155
68.1653	155
68.1687	155
68.1721	155
68.1754	155
68.1788	155
68.1822	155
68.1856	155
68.1889	155
68.1923	155
68.1957	155
68.1991	155
68.2024	155
68.2058	155
68.2092	155
68.2125	155
68.2159	155
68.2193	155
68.2227	155
68.226	155
68.2294	155
68.2328	155
68.2362	155
68.2395	155
68.2429	155
68.2463	155
68.2496	155
68.253	155
68.2564	155
68.2598	155
68.2631	155
68.2665	155
68.2699	155
68.2733	155
68.2766	155
68.28	155
68.2834	155
68.2867	155
68.2901	155
68.2935	155
68.2969	155
68.3002	155
68.3036	155
68.307	155
68.3104	155
68.3137	155
68.3171	155
68.3205	155
68.3238	155
68.3272	155
68.3306	155
68.334	155
68.3373	155
68.3407	155
68.3441	155
68.3475	155
68.3508	155
68.3542	155
68.3576	155
68.3609	155
68.3643	155
68.3677	155
68.3711	155
68.3744	155
68.3778	155
68.3812	155
68.3846	155
68.3879	155
68.3913	155
68.3947	155
68.398	155
68.4014	155
68.4048	155
68.4082	155
68.4115	155
68.4149	155
68.4183	155
68.4217	155
68.425	155
68.4284	155
68.4318	155
68.4351	155
68.4385	155
68.4419	155
68.4453	155
68.4486	155
68.452	155
68.4554	155
68.4588	155
68.4621	155
68.4655	155
68.4689	155
68.4722	155
68.4756	155
68.479	155
68.4824	155
68.4857	155
68.4891	155
68.4925	155
68.4959	155
68.4992	155
68.5026	155
68.506	155
68.5093	155
68.5127	155
68.5161	155
68.5195	155
68.5228	155
68.5262	155
68.5296	155
68.533	155
68.5363	155
68.5397	155
68.5431	155
68.5464	155
68.5498	155
68.5532	155
68.5566	155
68.5599	155
68.5633	155
68.5667	155
68.5701	155
68.5734	155
68.5768	155
68.5802	155
68.5835	155
68.5869	155
68.5903	155
68.5937	155
68.597	155
68.6004	155
68.6038	155
68.6072	155
68.6105	155
68.6139	155
68.6173	155
68.6207	155
68.624	155
68.6274	155
68.6308	155
68.6341	155
68.6375	155
68.6409	155
68.6443	155
68.6476	155
68.651	155
68.6544	155
68.6578	155
68.6611	155
68.6645	155
68.6679	155
68.6712	155
68.6746	155
68.678	155
68.6814	155
68.6847	155
68.6881	155
68.6915	155
68.6949	155
68.6982	155
68.7016	155
68.705	155
68.7083	155
68.7117	155
68.7151	155
68.7185	155
68.7218	155
68.7252	155
68.7286	155
68.732	155
68.7353	155
68.7387	155
68.7421	155
68.7454	155
68.7488	155
68.7522	155
68.7556	155
68.7589	155
68.7623	155
68.7657	155
68.7691	155
68.7724	155
68.7758	155
68.7792	155
68.7825	155
68.7859	155
68.7893	155
68.7927	155
68.796	155
68.7994	155
68.8028	155
68.8062	155
68.8095	155
68.8129	155
68.8163	155
68.8196	155
68.823	155
68.8264	155
68.8298	155
68.8331	155
68.8365	155
68.8399	155
68.8433	155
68.8466	155
68.85	155
68.8534	155
68.8567	155
68.8601	155
68.8635	155
68.8669	155
68.8702	155
68.8736	155
68.877	155
68.8804	155
68.8837	155
68.8871	155
68.8905	155
68.8938	155
68.8972	155
68.9006	155
68.904	155
68.9073	155
68.9107	155
68.9141	155
68.9175	155
68.9208	155
68.9242	155
68.9276	155
68.9309	155
68.9343	155
68.9377	155
68.9411	155
68.9444	155
68.9478	155
68.9512	155
68.9546	155
68.9579	155
68.9613	155
68.9647	155
68.968	155
68.9714	155
68.9748	155
68.9782	155
68.9815	155
68.9849	155
68.9883	155
68.9917	155
68.995	155
68.9984	155
69.0018	155
69.0051	155
69.0085	155
69.0119	155
69.0153	155
69.0186	155
69.022	155
69.0254	155
69.0288	155
69.0321	155
69.0355	155
69.0389	155
69.0423	155
69.0456	155
69.049	155
69.0524	155
69.0557	155
69.0591	155
69.0625	155
69.0659	155
69.0692	155
69.0726	155
69.076	155
69.0794	155
69.0827	155
69.0861	155
69.0895	155
69.0928	155
69.0962	155
69.0996	155
69.103	155
69.1063	155
69.1097	155
69.1131	155
69.1165	155
69.1198	155
69.1232	155
69.1266	155
69.1299	155
69.1333	155
69.1367	155
69.1401	155
69.1434	155
69.1468	155
69.1502	155
69.1536	155
69.1569	155
69.1603	155
69.1637	155
69.167	155
69.1704	155
69.1738	155
69.1772	155
69.1805	155
69.1839	155
69.1873	155
69.1907	155
69.194	155
69.1974	155
69.2008	155
69.2041	155
69.2075	155
69.2109	155
69.2143	155
69.2176	155
69.221	155
69.2244	155
69.2278	155
69.2311	155
69.2345	155
69.2379	155
69.2412	155
69.2446	155
69.248	155
69.2514	155
69.2547	155
69.2581	155
69.2615	155
69.2649	155
69.2682	155
69.2716	155
69.275	155
69.2783	155
69.2817	155
69.2851	155
69.2885	155
69.2918	155
69.2952	155
69.2986	155
69.302	155
69.3053	155
69.3087	155
69.3121	155
69.3154	155
69.3188	155
69.3222	155
69.3256	155
69.3289	155
69.3323	155
69.3357	155
69.3391	155
69.3424	155
69.3458	155
69.3492	155
69.3525	155
69.3559	155
69.3593	155
69.3627	155
69.366	155
69.3694	155
69.3728	155
69.3762	155
69.3795	155
69.3829	155
69.3863	155
69.3896	155
69.393	155
69.3964	155
69.3998	155
69.4031	155
69.4065	155
69.4099	155
69.4133	155
69.4166	155
69.42	155
69.4234	155
69.4267	155
69.4301	155
69.4335	155
69.4369	155
69.4402	155
69.4436	155
69.447	155
69.4504	155
69.4537	155
69.4571	155
69.4605	155
69.4639	155
69.4672	155
69.4706	155
69.474	155
69.4773	155
69.4807	155
69.4841	155
69.4875	155
69.4908	155
69.4942	155
69.4976	155
69.501	155
69.5043	155
69.5077	155
69.5111	155
69.5144	155
69.5178	155
69.5212	155
69.5246	155
69.5279	155
69.5313	155
69.5347	155
69.5381	155
69.5414	155
69.5448	155
69.5482	155
69.5515	155
69.5549	155
69.5583	155
69.5617	155
69.565	155
69.5684	155
69.5718	155
69.5752	155
69.5785	155
69.5819	155
69.5853	155
69.5886	155
69.592	155
69.5954	155
69.5988	155
69.6021	155
69.6055	155
69.6089	155
69.6123	155
69.6156	155
69.619	155
69.6224	155
69.6257	155
69.6291	155
69.6325	155
69.6359	155
69.6392	155
69.6426	155
69.646	155
69.6494	155
69.6527	155
69.6561	155
69.6595	155
69.6628	155
69.6662	155
69.6696	155
69.673	155
69.6763	155
69.6797	155
69.6831	155
69.6865	155
69.6898	155
69.6932	155
69.6966	155
69.6999	155
69.7033	155
69.7067	155
69.7101	155
69.7134	155
69.7168	155
69.7202	155
69.7236	155
69.7269	155
69.7303	155
69.7337	155
69.737	155
69.7404	155
69.7438	155
69.7472	155
69.7505	155
69.7539	155
69.7573	155
69.7607	155
69.764	155
69.7674	155
69.7708	155
69.7741	155
69.7775	155
69.7809	155
69.7843	155
69.7876	155
69.791	155
69.7944	155
69.7978	155
69.8011	155
69.8045	155
69.8079	155
69.8112	155
69.8146	155
69.818	155
69.8214	155
69.8247	155
69.8281	155
69.8315	155
69.8349	155
69.8382	155
69.8416	155
69.845	155
69.8483	155
69.8517	155
69.8551	155
69.8585	155
69.8618	155
69.8652	155
69.8686	155
69.872	155
69.8753	155
69.8787	155
69.8821	155
69.8855	155
69.8888	155
69.8922	155
69.8956	155
69.8989	155
69.9023	155
69.9057	155
69.9091	155
69.9124	155
69.9158	155
69.9192	155
69.9226	155
69.9259	155
69.9293	155
69.9327	155
69.936	155
69.9394	155
69.9428	155
69.9462	155
69.9495	155
69.9529	155
69.9563	155
69.9597	155
69.963	155
69.9664	155
69.9698	155
69.9731	155
69.9765	155
69.9799	155
69.9833	155
69.9866	155
69.99	155
69.9934	155
69.9968	155
70.0001	155
70.0035	155
70.0069	155
70.0102	155
70.0136	155
70.017	155
70.0204	155
70.0237	155
70.0271	155
70.0305	155
70.0339	155
70.0372	155
70.0406	155
70.044	155
70.0473	155
70.0507	155
70.0541	155
70.0575	155
70.0608	155
70.0642	155
70.0676	155
70.071	155
70.0743	155
70.0777	155
70.0811	155
70.0844	155
70.0878	155
70.0912	155
70.0946	155
70.0979	155
70.1013	155
70.1047	155
70.1081	155
70.1114	155
70.1148	155
70.1182	155
70.1215	155
70.1249	155
70.1283	155
70.1317	155
70.135	155
70.1384	155
70.1418	155
70.1452	155
70.1485	155
70.1519	155
70.1553	155
70.1586	155
70.162	155
70.1654	155
70.1688	155
70.1721	155
70.1755	155
70.1789	155
70.1823	155
70.1856	155
70.189	155
70.1924	155
70.1957	155
70.1991	155
70.2025	155
70.2059	155
70.2092	155
70.2126	155
70.216	155
70.2194	155
70.2227	155
70.2261	155
70.2295	155
70.2328	155
70.2362	155
70.2396	155
70.243	155
70.2463	155
70.2497	155
70.2531	155
70.2565	155
70.2598	155
70.2632	155
70.2666	155
70.2699	155
70.2733	155
70.2767	155
70.2801	155
70.2834	155
70.2868	155
70.2902	155
70.2936	155
70.2969	155
70.3003	155
70.3037	155
70.3071	155
70.3104	155
70.3138	155
70.3172	155
70.3205	155
70.3239	155
70.3273	155
70.3307	155
70.334	155
70.3374	155
70.3408	155
70.3442	155
70.3475	155
70.3509	155
70.3543	155
70.3576	155
70.361	155
70.3644	155
70.3678	155
70.3711	155
70.3745	155
70.3779	155
70.3813	155
70.3846	155
70.388	155
70.3914	155
70.3947	155
70.3981	155
70.4015	155
70.4049	155
70.4082	155
70.4116	155
70.415	155
70.4184	155
70.4217	155
70.4251	155
70.4285	155
70.4318	155
70.4352	155
70.4386	155
70.442	155
70.4453	155
70.4487	155
70.4521	155
70.4555	155
70.4588	155
70.4622	155
70.4656	155
70.4689	155
70.4723	155
70.4757	155
70.4791	155
70.4824	155
70.4858	155
70.4892	155
70.4926	155
70.4959	155
70.4993	155
70.5027	155
70.506	155
70.5094	155
70.5128	155
70.5162	155
70.5195	155
70.5229	155
70.5263	155
70.5297	155
70.533	155
70.5364	155
70.5398	155
70.5431	155
70.5465	155
70.5499	155
70.5533	155
70.5566	155
70.56	155
70.5634	155
70.5668	155
70.5701	155
70.5735	155
70.5769	155
70.5802	155
70.5836	155
70.587	155
70.5904	155
70.5937	155
70.5971	155
70.6005	155
70.6039	155
70.6072	155
70.6106	155
70.614	155
70.6173	155
70.6207	155
70.6241	155
70.6275	155
70.6308	155
70.6342	155
70.6376	155
70.641	155
70.6443	155
70.6477	155
70.6511	155
70.6544	155
70.6578	155
70.6612	155
70.6646	155
70.6679	155
70.6713	155
70.6747	155
70.6781	155
70.6814	155
70.6848	155
70.6882	155
70.6915	155
70.6949	155
70.6983	155
70.7017	155
70.705	155
70.7084	155
70.7118	155
70.7152	155
70.7185	155
70.7219	155
70.7253	155
70.7287	155
70.732	155
70.7354	155
70.7388	155
70.7421	155
70.7455	155
70.7489	155
70.7523	155
70.7556	155
70.759	155
70.7624	155
70.7658	155
70.7691	155
70.7725	155
70.7759	155
70.7792	155
70.7826	155
70.786	155
70.7894	155
70.7927	155
70.7961	155
70.7995	155
70.8029	155
70.8062	155
70.8096	155
70.813	155
70.8163	155
70.8197	155
70.8231	155
70.8265	155
70.8298	155
70.8332	155
70.8366	155
70.84	155
70.8433	155
70.8467	155
70.8501	155
70.8534	155
70.8568	155
70.8602	155
70.8636	155
70.8669	155
70.8703	155
70.8737	155
70.8771	155
70.8804	155
70.8838	155
70.8872	155
70.8905	155
70.8939	155
70.8973	155
70.9007	155
70.904	155
70.9074	155
70.9108	155
70.9142	155
70.9175	155
70.9209	155
70.9243	155
70.9276	155
70.931	155
70.9344	155
70.9378	155
70.9411	155
70.9445	155
70.9479	155
70.9513	155
70.9546	155
70.958	155
70.9614	155
70.9647	155
70.9681	155
70.9715	155
70.9749	155
70.9782	155
70.9816	155
70.985	155
70.9884	155
70.9917	155
70.9951	155
70.9985	155
71.0018	155
71.0052	155
71.0086	155
71.012	155
71.0153	155
71.0187	155
71.0221	155
71.0255	155
71.0288	155
71.0322	155
71.0356	155
71.0389	155
71.0423	155
71.0457	155
71.0491	155
71.0524	155
71.0558	155
71.0592	155
71.0626	155
71.0659	155
71.0693	155
71.0727	155
71.076	155
71.0794	155
71.0828	155
71.0862	155
71.0895	155
71.0929	155
71.0963	155
71.0997	155
71.103	155
71.1064	155
71.1098	155
71.1131	155
71.1165	155
71.1199	155
71.1233	155
71.1266	155
71.13	155
71.1334	155
71.1368	155
71.1401	155
71.1435	155
71.1469	155
71.1503	155
71.1536	155
71.157	155
71.1604	155
71.1637	155
71.1671	155
71.1705	155
71.1739	155
71.1772	155
71.1806	155
71.184	155
71.1874	155
71.1907	155
71.1941	155
71.1975	155
71.2008	155
71.2042	155
71.2076	155
71.211	155
71.2143	155
71.2177	155
71.2211	155
71.2245	155
71.2278	155
71.2312	155
71.2346	155
71.2379	155
71.2413	155
71.2447	155
71.2481	155
71.2514	155
71.2548	155
71.2582	155
71.2616	155
71.2649	155
71.2683	155
71.2717	155
71.275	155
71.2784	155
71.2818	155
71.2852	155
71.2885	155
71.2919	155
71.2953	155
71.2987	155
71.302	155
71.3054	155
71.3088	155
71.3121	155
71.3155	155
71.3189	155
71.3223	155
71.3256	155
71.329	155
71.3324	155
71.3358	155
71.3391	155
71.3425	155
71.3459	155
71.3492	155
71.3526	155
71.356	155
71.3594	155
71.3627	155
71.3661	155
71.3695	155
71.3729	155
71.3762	155
71.3796	155
71.383	155
71.3863	155
71.3897	155
71.3931	155
71.3965	155
71.3998	155
71.4032	155
71.4066	155
71.41	155
71.4133	155
71.4167	155
71.4201	155
71.4234	155
71.4268	155
71.4302	155
71.4336	155
71.4369	155
71.4403	155
71.4437	155
71.4471	155
71.4504	155
71.4538	155
71.4572	155
71.4605	155
71.4639	155
71.4673	155
71.4707	155
71.474	155
71.4774	155
71.4808	155
71.4842	155
71.4875	155
71.4909	155
71.4943	155
71.4976	155
71.501	155
71.5044	155
71.5078	155
71.5111	155
71.5145	155
71.5179	155
71.5213	155
71.5246	155
71.528	155
71.5314	155
71.5347	155
71.5381	155
71.5415	155
71.5449	155
71.5482	155
71.5516	155
71.555	155
71.5584	155
71.5617	155
71.5651	155
71.5685	155
71.5719	155
71.5752	155
71.5786	155
71.582	155
71.5853	155
71.5887	155
71.5921	155
71.5955	155
71.5988	155
71.6022	155
71.6056	155
71.609	155
71.6123	155
71.6157	155
71.6191	155
71.6224	155
71.6258	155
71.6292	155
71.6326	155
71.6359	155
71.6393	155
71.6427	155
71.6461	155
71.6494	155
71.6528	155
71.6562	155
71.6595	155
71.6629	155
71.6663	155
71.6697	155
71.673	155
71.6764	155
71.6798	155
71.6832	155
71.6865	155
71.6899	155
71.6933	155
71.6966	155
71.7	155
71.7034	155
71.7068	155
71.7101	155
71.7135	155
71.7169	155
71.7203	155
71.7236	155
71.727	155
71.7304	155
71.7337	155
71.7371	155
71.7405	155
71.7439	155
71.7472	155
71.7506	155
71.754	155
71.7574	155
71.7607	155
71.7641	155
71.7675	155
71.7708	155
71.7742	155
71.7776	155
71.781	155
71.7843	155
71.7877	155
71.7911	155
71.7945	155
71.7978	155
71.8012	155
71.8046	155
71.8079	155
71.8113	155
71.8147	155
71.8181	155
71.8214	155
71.8248	155
71.8282	155
71.8316	155
71.8349	155
71.8383	155
71.8417	155
71.845	155
71.8484	155
71.8518	155
71.8552	155
71.8585	155
71.8619	155
71.8653	155
71.8687	155
71.872	155
71.8754	155
71.8788	155
71.8821	155
71.8855	155
71.8889	155
71.8923	155
71.8956	155
71.899	155
71.9024	155
71.9058	155
71.9091	155
71.9125	155
71.9159	155
71.9192	155
71.9226	155
71.926	155
71.9294	155
71.9327	155
71.9361	155
71.9395	155
71.9429	155
71.9462	155
71.9496	155
71.953	155
71.9563	155
71.9597	155
71.9631	155
71.9665	155
71.9698	155
71.9732	155
71.9766	155
71.98	155
71.9833	155
71.9867	155
71.9901	155
71.9935	155
71.9968	155
72.0002	155
72.0036	155
72.0069	155
72.0103	155
72.0137	155
72.0171	155
72.0204	155
72.0238	155
72.0272	155
72.0306	155
72.0339	155
72.0373	155
72.0407	155
72.044	155
72.0474	155
72.0508	155
72.0542	155
72.0575	155
72.0609	155
72.0643	155
72.0677	155
72.071	155
72.0744	155
72.0778	155
72.0811	155
72.0845	155
72.0879	155
72.0913	155
72.0946	155
72.098	155
72.1014	155
72.1048	155
72.1081	155
72.1115	155
72.1149	155
72.1182	155
72.1216	155
72.125	155
72.1284	155
72.1317	155
72.1351	155
72.1385	155
72.1419	155
72.1452	155
72.1486	155
72.152	155
72.1553	155
72.1587	155
72.1621	155
72.1655	155
72.1688	155
72.1722	155
72.1756	155
72.179	155
72.1823	155
72.1857	155
72.1891	155
72.1924	155
72.1958	155
72.1992	155
72.2026	155
72.2059	155
72.2093	155
72.2127	155
72.2161	155
72.2194	155
72.2228	155
72.2262	155
72.2295	155
72.2329	155
72.2363	155
72.2397	155
72.243	155
72.2464	155
72.2498	155
72.2532	155
72.2565	155
72.2599	155
72.2633	155
72.2666	155
72.27	155
72.2734	155
72.2768	155
72.2801	155
72.2835	155
72.2869	155
72.2903	155
72.2936	155
72.297	155
72.3004	155
72.3037	155
72.3071	155
72.3105	155
72.3139	155
72.3172	155
72.3206	155
72.324	155
72.3274	155
72.3307	155
72.3341	155
72.3375	155
72.3408	155
72.3442	155
72.3476	155
72.351	155
72.3543	155
72.3577	155
72.3611	155
72.3645	155
72.3678	155
72.3712	155
72.3746	155
72.3779	155
72.3813	155
72.3847	155
72.3881	155
72.3914	155
72.3948	155
72.3982	155
72.4016	155
72.4049	155
72.4083	155
72.4117	155
72.4151	155
72.4184	155
72.4218	155
72.4252	155
72.4285	155
72.4319	155
72.4353	155
72.4387	155
72.442	155
72.4454	155
72.4488	155
72.4522	155
72.4555	155
72.4589	155
72.4623	155
72.4656	155
72.469	155
72.4724	155
72.4758	155
72.4791	155
72.4825	155
72.4859	155
72.4893	155
72.4926	155
72.496	155
72.4994	155
72.5027	155
72.5061	155
72.5095	155
72.5129	155
72.5162	155
72.5196	155
72.523	155
72.5264	155
72.5297	155
72.5331	155
72.5365	155
72.5398	155
72.5432	155
72.5466	155
72.55	155
72.5533	155
72.5567	155
72.5601	155
72.5635	155
72.5668	155
72.5702	155
72.5736	155
72.5769	155
72.5803	155
72.5837	155
72.5871	155
72.5904	155
72.5938	155
72.5972	155
72.6006	155
72.6039	155
72.6073	155
72.6107	155
72.614	155
72.6174	155
72.6208	155
72.6242	155
72.6275	155
72.6309	155
72.6343	155
72.6377	155
72.641	155
72.6444	155
72.6478	155
72.6511	155
72.6545	155
72.6579	155
72.6613	155
72.6646	155
72.668	155
72.6714	155
72.6748	155
72.6781	155
72.6815	155
72.6849	155
72.6882	155
72.6916	155
72.695	155
72.6984	155
72.7017	155
72.7051	155
72.7085	155
72.7119	155
72.7152	155
72.7186	155
72.722	155
72.7253	155
72.7287	155
72.7321	155
72.7355	155
72.7388	155
72.7422	155
72.7456	155
72.749	155
72.7523	155
72.7557	155
72.7591	155
72.7624	155
72.7658	155
72.7692	155
72.7726	155
72.7759	155
72.7793	155
72.7827	155
72.7861	155
72.7894	155
72.7928	155
72.7962	155
72.7995	155
72.8029	155
72.8063	155
72.8097	155
72.813	155
72.8164	155
72.8198	155
72.8232	155
72.8265	155
72.8299	155
72.8333	155
72.8367	155
72.84	155
72.8434	155
72.8468	155
72.8501	155
72.8535	155
72.8569	155
72.8603	155
72.8636	155
72.867	155
72.8704	155
72.8738	155
72.8771	155
72.8805	155
72.8839	155
72.8872	155
72.8906	155
72.894	155
72.8974	155
72.9007	155
72.9041	155
72.9075	155
72.9109	155
72.9142	155
72.9176	155
72.921	155
72.9243	155
72.9277	155
72.9311	155
72.9345	155
72.9378	155
72.9412	155
72.9446	155
72.948	155
72.9513	155
72.9547	155
72.9581	155
72.9614	155
72.9648	155
72.9682	155
72.9716	155
72.9749	155
72.9783	155
72.9817	155
72.9851	155
72.9884	155
72.9918	155
72.9952	155
72.9985	155
73.0019	155
73.0053	155
73.0087	155
73.012	155
73.0154	155
73.0188	155
73.0222	155
73.0255	155
73.0289	155
73.0323	155
73.0356	155
73.039	155
73.0424	155
73.0458	155
73.0491	155
73.0525	155
73.0559	155
73.0593	155
73.0626	155
73.066	155
73.0694	155
73.0727	155
73.0761	155
73.0795	155
73.0829	155
73.0862	155
73.0896	155
73.093	155
73.0964	155
73.0997	155
73.1031	155
73.1065	155
73.1098	155
73.1132	155
73.1166	155
73.12	155
73.1233	155
73.1267	155
73.1301	155
73.1335	155
73.1368	155
73.1402	155
73.1436	155
73.1469	155
73.1503	155
73.1537	155
73.1571	155
73.1604	155
73.1638	155
73.1672	155
73.1706	155
73.1739	155
73.1773	155
73.1807	155
73.184	155
73.1874	155
73.1908	155
73.1942	155
73.1975	155
73.2009	155
73.2043	155
73.2077	155
73.211	155
73.2144	155
73.2178	155
73.2211	155
73.2245	155
73.2279	155
73.2313	155
73.2346	155
73.238	155
73.2414	155
73.2448	155
73.2481	155
73.2515	155
73.2549	155
73.2583	155
73.2616	155
73.265	155
73.2684	155
73.2717	155
73.2751	155
73.2785	155
73.2819	155
73.2852	155
73.2886	155
73.292	155
73.2954	155
73.2987	155
73.3021	155
73.3055	155
73.3088	155
73.3122	155
73.3156	155
73.319	155
73.3223	155
73.3257	155
73.3291	155
73.3325	155
73.3358	155
73.3392	155
73.3426	155
73.3459	155
73.3493	155
73.3527	155
73.3561	155
73.3594	155
73.3628	155
73.3662	155
73.3696	155
73.3729	155
73.3763	155
73.3797	155
73.383	155
73.3864	155
73.3898	155
73.3932	155
73.3965	155
73.3999	155
73.4033	155
73.4067	155
73.41	155
73.4134	155
73.4168	155
73.4201	155
73.4235	155
73.4269	155
73.4303	155
73.4336	155
73.437	155
73.4404	155
73.4438	155
73.4471	155
73.4505	155
73.4539	155
73.4572	155
73.4606	155
73.464	155
73.4674	155
73.4707	155
73.4741	155
73.4775	155
73.4809	155
73.4842	155
73.4876	155
73.491	155
73.4943	155
73.4977	155
73.5011	155
73.5045	155
73.5078	155
73.5112	155
73.5146	155
73.518	155
73.5213	155
73.5247	155
73.5281	155
73.5314	155
73.5348	155
73.5382	155
73.5416	155
73.5449	155
73.5483	155
73.5517	155
73.5551	155
73.5584	155
73.5618	155
73.5652	155
73.5685	155
73.5719	155
73.5753	155
73.5787	155
73.582	155
73.5854	155
73.5888	155
73.5922	155
73.5955	155
73.5989	155
73.6023	155
73.6056	155
73.609	155
73.6124	155
73.6158	155
73.6191	155
73.6225	155
73.6259	155
73.6293	155
73.6326	155
73.636	155
73.6394	155
73.6427	155
73.6461	155
73.6495	155
73.6529	155
73.6562	155
73.6596	155
73.663	155
73.6664	155
73.6697	155
73.6731	155
73.6765	155
73.6799	155
73.6832	155
73.6866	155
73.69	155
73.6933	155
73.6967	155
73.7001	155
73.7035	155
73.7068	155
73.7102	155
73.7136	155
73.717	155
73.7203	155
73.7237	155
73.7271	155
73.7304	155
73.7338	155
73.7372	155
73.7406	155
73.7439	155
73.7473	155
73.7507	155
73.7541	155
73.7574	155
73.7608	155
73.7642	155
73.7675	155
73.7709	155
73.7743	155
73.7777	155
73.781	155
73.7844	155
73.7878	155
73.7912	155
73.7945	155
73.7979	155
73.8013	155
73.8046	155
73.808	155
73.8114	155
73.8148	155
73.8181	155
73.8215	155
73.8249	155
73.8283	155
73.8316	155
73.835	155
73.8384	155
73.8417	155
73.8451	155
73.8485	155
73.8519	155
73.8552	155
73.8586	155
73.862	155
73.8654	155
73.8687	155
73.8721	155
73.8755	155
73.8788	155
73.8822	155
73.8856	155
73.889	155
73.8923	155
73.8957	155
73.8991	155
73.9025	155
73.9058	155
73.9092	155
73.9126	155
73.9159	155
73.9193	155
73.9227	155
73.9261	155
73.9294	155
73.9328	155
73.9362	155
73.9396	155
73.9429	155
73.9463	155
73.9497	155
73.953	155
73.9564	155
73.9598	155
73.9632	155
73.9665	155
73.9699	155
73.9733	155
73.9767	155
73.98	155
73.9834	155
73.9868	155
73.9901	155
73.9935	155
73.9969	155
74.0003	155
74.0036	155
74.007	155
74.0104	155
74.0138	155
74.0171	155
74.0205	155
74.0239	155
74.0272	155
74.0306	155
74.034	155
74.0374	155
74.0407	155
74.0441	155
74.0475	155
74.0509	155
74.0542	155
74.0576	155
74.061	155
74.0643	155
74.0677	155
74.0711	155
74.0745	155
74.0778	155
74.0812	155
74.0846	155
74.088	155
74.0913	155
74.0947	155
74.0981	155
74.1015	155
74.1048	155
74.1082	155
74.1116	155
74.1149	155
74.1183	155
74.1217	155
74.1251	155
74.1284	155
74.1318	155
74.1352	155
74.1386	155
74.1419	155
74.1453	155
74.1487	155
74.152	155
74.1554	155
74.1588	155
74.1622	155
74.1655	155
74.1689	155
74.1723	155
74.1757	155
74.179	155
74.1824	155
74.1858	155
74.1891	155
74.1925	155
74.1959	155
74.1993	155
74.2026	155
74.206	155
74.2094	155
74.2128	155
74.2161	155
74.2195	155
74.2229	155
74.2262	155
74.2296	155
74.233	155
74.2364	155
74.2397	155
74.2431	155
74.2465	155
74.2499	155
74.2532	155
74.2566	155
74.26	155
74.2633	155
74.2667	155
74.2701	155
74.2735	155
74.2768	155
74.2802	155
74.2836	155
74.287	155
74.2903	155
74.2937	155
74.2971	155
74.3004	155
74.3038	155
74.3072	155
74.3106	155
74.3139	155
74.3173	155
74.3207	155
74.3241	155
74.3274	155
74.3308	155
74.3342	155
74.3375	155
74.3409	155
74.3443	155
74.3477	155
74.351	155
74.3544	155
74.3578	155
74.3612	155
74.3645	155
74.3679	155
74.3713	155
74.3746	155
74.378	155
74.3814	155
74.3848	155
74.3881	155
74.3915	155
74.3949	155
74.3983	155
74.4016	155
74.405	155
74.4084	155
74.4117	155
74.4151	155
74.4185	155
74.4219	155
74.4252	155
74.4286	155
74.432	155
74.4354	155
74.4387	155
74.4421	155
74.4455	155
74.4488	155
74.4522	155
74.4556	155
74.459	155
74.4623	155
74.4657	155
74.4691	155
74.4725	155
74.4758	155
74.4792	155
74.4826	155
74.4859	155
74.4893	155
74.4927	155
74.4961	155
74.4994	155
74.5028	155
74.5062	155
74.5096	155
74.5129	155
74.5163	155
74.5197	155
74.5231	155
74.5264	155
74.5298	155
74.5332	155
74.5365	155
74.5399	155
74.5433	155
74.5467	155
74.55	155
74.5534	155
74.5568	155
74.5602	155
74.5635	155
74.5669	155
74.5703	155
74.5736	155
74.577	155
74.5804	155
74.5838	155
74.5871	155
74.5905	155
74.5939	155
74.5973	155
74.6006	155
74.604	155
74.6074	155
74.6107	155
74.6141	155
74.6175	155
74.6209	155
74.6242	155
74.6276	155
74.631	155
74.6344	155
74.6377	155
74.6411	155
74.6445	155
74.6478	155
74.6512	155
74.6546	155
74.658	155
74.6613	155
74.6647	155
74.6681	155
74.6715	155
74.6748	155
74.6782	155
74.6816	155
74.6849	155
74.6883	155
74.6917	155
74.6951	155
74.6984	155
74.7018	155
74.7052	155
74.7086	155
74.7119	155
74.7153	155
74.7187	155
74.722	155
74.7254	155
74.7288	155
74.7322	155
74.7355	155
74.7389	155
74.7423	155
74.7457	155
74.749	155
74.7524	155
74.7558	155
74.7591	155
74.7625	155
74.7659	155
74.7693	155
74.7726	155
74.776	155
74.7794	155
74.7828	155
74.7861	155
74.7895	155
74.7929	155
74.7962	155
74.7996	155
74.803	155
74.8064	155
74.8097	155
74.8131	155
74.8165	155
74.8199	155
74.8232	155
74.8266	155
74.83	155
74.8333	155
74.8367	155
74.8401	155
74.8435	155
74.8468	155
74.8502	155
74.8536	155
74.857	155
74.8603	155
74.8637	155
74.8671	155
74.8704	155
74.8738	155
74.8772	155
74.8806	155
74.8839	155
74.8873	155
74.8907	155
74.8941	155
74.8974	155
74.9008	155
74.9042	155
74.9075	155
74.9109	155
74.9143	155
74.9177	155
74.921	155
74.9244	155
74.9278	155
74.9312	155
74.9345	155
74.9379	155
74.9413	155
74.9447	155
74.948	155
74.9514	155
74.9548	155
74.9581	155
74.9615	155
74.9649	155
74.9683	155
74.9716	155
74.975	155
74.9784	155
74.9818	155
74.9851	155
74.9885	155
74.9919	155
74.9952	155
74.9986	155
75.002	155
75.0054	155
75.0087	155
75.0121	155
75.0155	155
75.0189	155
75.0222	155
75.0256	155
75.029	155
75.0323	155
75.0357	155
75.0391	155
75.0425	155
75.0458	155
75.0492	155
75.0526	155
75.056	155
75.0593	155
75.0627	155
75.0661	155
75.0694	155
75.0728	155
75.0762	155
75.0796	155
75.0829	155
75.0863	155
75.0897	155
75.0931	155
75.0964	155
75.0998	155
75.1032	155
75.1065	155
75.1099	155
75.1133	155
75.1167	155
75.12	155
75.1234	155
75.1268	155
75.1302	155
75.1335	155
75.1369	155
75.1403	155
75.1436	155
75.147	155
75.1504	155
75.1538	155
75.1571	155
75.1605	155
75.1639	155
75.1673	155
75.1706	155
75.174	155
75.1774	155
75.1807	155
75.1841	155
75.1875	155
75.1909	155
75.1942	155
75.1976	155
75.201	155
75.2044	155
75.2077	155
75.2111	155
75.2145	155
75.2178	155
75.2212	155
75.2246	155
75.228	155
75.2313	155
75.2347	155
75.2381	155
75.2415	155
75.2448	155
75.2482	155
75.2516	155
75.2549	155
75.2583	155
75.2617	155
75.2651	155
75.2684	155
75.2718	155
75.2752	155
75.2786	155
75.2819	155
75.2853	155
75.2887	155
75.292	155
75.2954	155
75.2988	155
75.3022	155
75.3055	155
75.3089	155
75.3123	155
75.3157	155
75.319	155
75.3224	155
75.3258	155
75.3291	155
75.3325	155
75.3359	155
75.3393	155
75.3426	155
75.346	155
75.3494	155
75.3528	155
75.3561	155
75.3595	155
75.3629	155
75.3663	155
75.3696	155
75.373	155
75.3764	155
75.3797	155
75.3831	155
75.3865	155
75.3899	155
75.3932	155
75.3966	155
75.4	155
75.4034	155
75.4067	155
75.4101	155
75.4135	155
75.4168	155
75.4202	155
75.4236	155
75.427	155
75.4303	155
75.4337	155
75.4371	155
75.4405	155
75.4438	155
75.4472	155
75.4506	155
75.4539	155
75.4573	155
75.4607	155
75.4641	155
75.4674	155
75.4708	155
75.4742	155
75.4776	155
75.4809	155
75.4843	155
75.4877	155
75.491	155
75.4944	155
75.4978	155
75.5012	155
75.5045	155
75.5079	155
75.5113	155
75.5147	155
75.518	155
75.5214	155
75.5248	155
75.5281	155
75.5315	155
75.5349	155
75.5383	155
75.5416	155
75.545	155
75.5484	155
75.5518	155
75.5551	155
75.5585	155
75.5619	155
75.5652	155
75.5686	155
75.572	155
75.5754	155
75.5787	155
75.5821	155
75.5855	155
75.5889	155
75.5922	155
75.5956	155
75.599	155
75.6023	155
75.6057	155
75.6091	155
75.6125	155
75.6158	155
75.6192	155
75.6226	155
75.626	155
75.6293	155
75.6327	155
75.6361	155
75.6394	155
75.6428	155
75.6462	155
75.6496	155
75.6529	155
75.6563	155
75.6597	155
75.6631	155
75.6664	155
75.6698	155
75.6732	155
75.6765	155
75.6799	155
75.6833	155
75.6867	155
75.69	155
75.6934	155
75.6968	155
75.7002	155
75.7035	155
75.7069	155
75.7103	155
75.7136	155
75.717	155
75.7204	155
75.7238	155
75.7271	155
75.7305	155
75.7339	155
75.7373	155
75.7406	155
75.744	155
75.7474	155
75.7507	155
75.7541	155
75.7575	155
75.7609	155
75.7642	155
75.7676	155
75.771	155
75.7744	155
75.7777	155
75.7811	155
75.7845	155
75.7879	155
75.7912	155
75.7946	155
75.798	155
75.8013	155
75.8047	155
75.8081	155
75.8115	155
75.8148	155
75.8182	155
75.8216	155
75.825	155
75.8283	155
75.8317	155
75.8351	155
75.8384	155
75.8418	155
75.8452	155
75.8486	155
75.8519	155
75.8553	155
75.8587	155
75.8621	155
75.8654	155
75.8688	155
75.8722	155
75.8755	155
75.8789	155
75.8823	155
75.8857	155
75.889	155
75.8924	155
75.8958	155
75.8992	155
75.9025	155
75.9059	155
75.9093	155
75.9126	155
75.916	155
75.9194	155
75.9228	155
75.9261	155
75.9295	155
75.9329	155
75.9363	155
75.9396	155
75.943	155
75.9464	155
75.9497	155
75.9531	155
75.9565	155
75.9599	155
75.9632	155
75.9666	155
75.97	155
75.9734	155
75.9767	155
75.9801	155
75.9835	155
75.9868	155
75.9902	155
75.9936	155
75.997	155
76.0003	155
76.0037	155
76.0071	155
76.0105	155
76.0138	155
76.0172	155
76.0206	155
76.0239	155
76.0273	155
76.0307	155
76.0341	155
76.0374	155
76.0408	155
76.0442	155
76.0476	155
76.0509	155
76.0543	155
76.0577	155
76.061	155
76.0644	155
76.0678	155
76.0712	155
76.0745	155
76.0779	155
76.0813	155
76.0847	155
76.088	155
76.0914	155
76.0948	155
76.0981	155
76.1015	155
76.1049	155
76.1083	155
76.1116	155
76.115	155
76.1184	155
76.1218	155
76.1251	155
76.1285	155
76.1319	155
76.1352	155
76.1386	155
76.142	155
76.1454	155
76.1487	155
76.1521	155
76.1555	155
76.1589	155
76.1622	155
76.1656	155
76.169	155
76.1723	155
76.1757	155
76.1791	155
76.1825	155
76.1858	155
76.1892	155
76.1926	155
76.196	155
76.1993	155
76.2027	155
76.2061	155
76.2095	155
76.2128	155
76.2162	155
76.2196	155
76.2229	155
76.2263	155
76.2297	155
76.2331	155
76.2364	155
76.2398	155
76.2432	155
76.2466	155
76.2499	155
76.2533	155
76.2567	155
76.26	155
76.2634	155
76.2668	155
76.2702	155
76.2735	155
76.2769	155
76.2803	155
76.2837	155
76.287	155
76.2904	155
76.2938	155
76.2971	155
76.3005	155
76.3039	155
76.3073	155
76.3106	155
76.314	155
76.3174	155
76.3208	155
76.3241	155
76.3275	155
76.3309	155
76.3342	155
76.3376	155
76.341	155
76.3444	155
76.3477	155
76.3511	155
76.3545	155
76.3579	155
76.3612	155
76.3646	155
76.368	155
76.3713	155
76.3747	155
76.3781	155
76.3815	155
76.3848	155
76.3882	155
76.3916	155
76.395	155
76.3983	155
76.4017	155
76.4051	155
76.4084	155
76.4118	155
76.4152	155
76.4186	155
76.4219	155
76.4253	155
76.4287	155
76.4321	155
76.4354	155
76.4388	155
76.4422	155
76.4455	155
76.4489	155
76.4523	155
76.4557	155
76.459	155
76.4624	155
76.4658	155
76.4692	155
76.4725	155
76.4759	155
76.4793	155
76.4826	155
76.486	155
76.4894	155
76.4928	155
76.4961	155
76.4995	155
76.5029	155
76.5063	155
76.5096	155
76.513	155
76.5164	155
76.5197	155
76.5231	155
76.5265	155
76.5299	155
76.5332	155
76.5366	155
76.54	155
76.5434	155
76.5467	155
76.5501	155
76.5535	155
76.5568	155
76.5602	155
76.5636	155
76.567	155
76.5703	155
76.5737	155
76.5771	155
76.5805	155
76.5838	155
76.5872	155
76.5906	155
76.5939	155
76.5973	155
76.6007	155
76.6041	155
76.6074	155
76.6108	155
76.6142	155
76.6176	155
76.6209	155
76.6243	155
76.6277	155
76.6311	155
76.6344	155
76.6378	155
76.6412	155
76.6445	155
76.6479	155
76.6513	155
76.6547	155
76.658	155
76.6614	155
76.6648	155
76.6682	155
76.6715	155
76.6749	155
76.6783	155
76.6816	155
76.685	155
76.6884	155
76.6918	155
76.6951	155
76.6985	155
76.7019	155
76.7053	155
76.7086	155
76.712	155
76.7154	155
76.7187	155
76.7221	155
76.7255	155
76.7289	155
76.7322	155
76.7356	155
76.739	155
76.7424	155
76.7457	155
76.7491	155
76.7525	155
76.7558	155
76.7592	155
76.7626	155
76.766	155
76.7693	155
76.7727	155
76.7761	155
76.7795	155
76.7828	155
76.7862	155
76.7896	155
76.7929	155
76.7963	155
76.7997	155
76.8031	155
76.8064	155
76.8098	155
76.8132	155
76.8166	155
76.8199	155
76.8233	155
76.8267	155
76.83	155
76.8334	155
76.8368	155
76.8402	155
76.8435	155
76.8469	155
76.8503	155
76.8537	155
76.857	155
76.8604	155
76.8638	155
76.8671	155
76.8705	155
76.8739	155
76.8773	155
76.8806	155
76.884	155
76.8874	155
76.8908	155
76.8941	155
76.8975	155
76.9009	155
76.9042	155
76.9076	155
76.911	155
76.9144	155
76.9177	155
76.9211	155
76.9245	155
76.9279	155
76.9312	155
76.9346	155
76.938	155
76.9413	155
76.9447	155
76.9481	155
76.9515	155
76.9548	155
76.9582	155
76.9616	155
76.965	155
76.9683	155
76.9717	155
76.9751	155
76.9784	155
76.9818	155
76.9852	155
76.9886	155
76.9919	155
76.9953	155
76.9987	155
77.0021	155
77.0054	155
77.0088	155
77.0122	155
77.0155	155
77.0189	155
77.0223	155
77.0257	155
77.029	155
77.0324	155
77.0358	155
77.0392	155
77.0425	155
77.0459	155
77.0493	155
77.0527	155
77.056	155
77.0594	155
77.0628	155
77.0661	155
77.0695	155
77.0729	155
77.0763	155
77.0796	155
77.083	155
77.0864	155
77.0898	155
77.0931	155
77.0965	155
77.0999	155
77.1032	155
77.1066	155
77.11	155
77.1134	155
77.1167	155
77.1201	155
77.1235	155
77.1269	155
77.1302	155
77.1336	155
77.137	155
77.1403	155
77.1437	155
77.1471	155
77.1505	155
77.1538	155
77.1572	155
77.1606	155
77.164	155
77.1673	155
77.1707	155
77.1741	155
77.1774	155
77.1808	155
77.1842	155
77.1876	155
77.1909	155
77.1943	155
77.1977	155
77.2011	155
77.2044	155
77.2078	155
77.2112	155
77.2145	155
77.2179	155
77.2213	155
77.2247	155
77.228	155
77.2314	155
77.2348	155
77.2382	155
77.2415	155
77.2449	155
77.2483	155
77.2516	155
77.255	155
77.2584	155
77.2618	155
77.2651	155
77.2685	155
77.2719	155
77.2753	155
77.2786	155
77.282	155
77.2854	155
77.2887	155
77.2921	155
77.2955	155
77.2989	155
77.3022	155
77.3056	155
77.309	155
77.3124	155
77.3157	155
77.3191	155
77.3225	155
77.3258	155
77.3292	155
77.3326	155
77.336	155
77.3393	155
77.3427	155
77.3461	155
77.3495	155
77.3528	155
77.3562	155
77.3596	155
77.3629	155
77.3663	155
77.3697	155
77.3731	155
77.3764	155
77.3798	155
77.3832	155
77.3866	155
77.3899	155
77.3933	155
77.3967	155
77.4	155
77.4034	155
77.4068	155
77.4102	155
77.4135	155
77.4169	155
77.4203	155
77.4237	155
77.427	155
77.4304	155
77.4338	155
77.4371	155
77.4405	155
77.4439	155
77.4473	155
77.4506	155
77.454	155
77.4574	155
77.4608	155
77.4641	155
77.4675	155
77.4709	155
77.4743	155
77.4776	155
77.481	155
77.4844	155
77.4877	155
77.4911	155
77.4945	155
77.4979	155
77.5012	155
77.5046	155
77.508	155
77.5114	155
77.5147	155
77.5181	155
77.5215	155
77.5248	155
77.5282	155
77.5316	155
77.535	155
77.5383	155
77.5417	155
77.5451	155
77.5485	155
77.5518	155
77.5552	155
77.5586	155
77.5619	155
77.5653	155
77.5687	155
77.5721	155
77.5754	155
77.5788	155
77.5822	155
77.5856	155
77.5889	155
77.5923	155
77.5957	155
77.599	155
77.6024	155
77.6058	155
77.6092	155
77.6125	155
77.6159	155
77.6193	155
77.6227	155
77.626	155
77.6294	155
77.6328	155
77.6361	155
77.6395	155
77.6429	155
77.6463	155
77.6496	155
77.653	155
77.6564	155
77.6598	155
77.6631	155
77.6665	155
77.6699	155
77.6732	155
77.6766	155
77.68	155
77.6834	155
77.6867	155
77.6901	155
77.6935	155
77.6969	155
77.7002	155
77.7036	155
77.707	155
77.7103	155
77.7137	155
77.7171	155
77.7205	155
77.7238	155
77.7272	155
77.7306	155
77.734	155
77.7373	155
77.7407	155
77.7441	155
77.7474	155
77.7508	155
77.7542	155
77.7576	155
77.7609	155
77.7643	155
77.7677	155
77.7711	155
77.7744	155
77.7778	155
77.7812	155
77.7845	155
77.7879	155
77.7913	155
77.7947	155
77.798	155
77.8014	155
77.8048	155
77.8082	155
77.8115	155
77.8149	155
77.8183	155
77.8216	155
77.825	155
77.8284	155
77.8318	155
77.8351	155
77.8385	155
77.8419	155
77.8453	155
77.8486	155
77.852	155
77.8554	155
77.8587	155
77.8621	155
77.8655	155
77.8689	155
77.8722	155
77.8756	155
77.879	155
77.8824	155
77.8857	155
77.8891	155
77.8925	155
77.8959	155
77.8992	155
77.9026	155
77.906	155
77.9093	155
77.9127	155
77.9161	155
77.9195	155
77.9228	155
77.9262	155
77.9296	155
77.933	155
77.9363	155
77.9397	155
77.9431	155
77.9464	155
77.9498	155
77.9532	155
77.9566	155
77.9599	155
77.9633	155
77.9667	155
77.9701	155
77.9734	155
77.9768	155
77.9802	155
77.9835	155
77.9869	155
77.9903	155
77.9937	155
77.997	155
78.0004	155
78.0038	155
78.0072	155
78.0105	155
78.0139	155
78.0173	155
78.0206	155
78.024	155
78.0274	155
78.0308	155
78.0341	155
78.0375	155
78.0409	155
78.0443	155
78.0476	155
78.051	155
78.0544	155
78.0577	155
78.0611	155
78.0645	155
78.0679	155
78.0712	155
78.0746	155
78.078	155
78.0814	155
78.0847	155
78.0881	155
78.0915	155
78.0948	155
78.0982	155
78.1016	155
78.105	155
78.1083	155
78.1117	155
78.1151	155
78.1185	155
78.1218	155
78.1252	155
78.1286	155
78.1319	155
78.1353	155
78.1387	155
78.1421	155
78.1454	155
78.1488	155
78.1522	155
78.1556	155
78.1589	155
78.1623	155
78.1657	155
78.169	155
78.1724	155
78.1758	155
78.1792	155
78.1825	155
78.1859	155
78.1893	155
78.1927	155
78.196	155
78.1994	155
78.2028	155
78.2061	155
78.2095	155
78.2129	155
78.2163	155
78.2196	155
78.223	155
78.2264	155
78.2298	155
78.2331	155
78.2365	155
78.2399	155
78.2432	155
78.2466	155
78.25	155
78.2534	155
78.2567	155
78.2601	155
78.2635	155
78.2669	155
78.2702	155
78.2736	155
78.277	155
78.2803	155
78.2837	155
78.2871	155
78.2905	155
78.2938	155
78.2972	155
78.3006	155
78.304	155
78.3073	155
78.3107	155
78.3141	155
78.3175	155
78.3208	155
78.3242	155
78.3276	155
78.3309	155
78.3343	155
78.3377	155
78.3411	155
78.3444	155
78.3478	155
78.3512	155
78.3546	155
78.3579	155
78.3613	155
78.3647	155
78.368	155
78.3714	155
78.3748	155
78.3782	155
78.3815	155
78.3849	155
78.3883	155
78.3917	155
78.395	155
78.3984	155
78.4018	155
78.4051	155
78.4085	155
78.4119	155
78.4153	155
78.4186	155
78.422	155
78.4254	155
78.4288	155
78.4321	155
78.4355	155
78.4389	155
78.4422	155
78.4456	155
78.449	155
78.4524	155
78.4557	155
78.4591	155
78.4625	155
78.4659	155
78.4692	155
78.4726	155
78.476	155
78.4793	155
78.4827	155
78.4861	155
78.4895	155
78.4928	155
78.4962	155
78.4996	155
78.503	155
78.5063	155
78.5097	155
78.5131	155
78.5164	155
78.5198	155
78.5232	155
78.5266	155
78.5299	155
78.5333	155
78.5367	155
78.5401	155
78.5434	155
78.5468	155
78.5502	155
78.5535	155
78.5569	155
78.5603	155
78.5637	155
78.567	155
78.5704	155
78.5738	155
78.5772	155
78.5805	155
78.5839	155
78.5873	155
78.5906	155
78.594	155
78.5974	155
78.6008	155
78.6041	155
78.6075	155
78.6109	155
78.6143	155
78.6176	155
78.621	155
78.6244	155
78.6277	155
78.6311	155
78.6345	155
78.6379	155
78.6412	155
78.6446	155
78.648	155
78.6514	155
78.6547	155
78.6581	155
78.6615	155
78.6648	155
78.6682	155
78.6716	155
78.675	155
78.6783	155
78.6817	155
78.6851	155
78.6885	155
78.6918	155
78.6952	155
78.6986	155
78.7019	155
78.7053	155
78.7087	155
78.7121	155
78.7154	155
78.7188	155
78.7222	155
78.7256	155
78.7289	155
78.7323	155
78.7357	155
78.7391	155
78.7424	155
78.7458	155
78.7492	155
78.7525	155
78.7559	155
78.7593	155
78.7627	155
78.766	155
78.7694	155
78.7728	155
78.7762	155
78.7795	155
78.7829	155
78.7863	155
78.7896	155
78.793	155
78.7964	155
78.7998	155
78.8031	155
78.8065	155
78.8099	155
78.8133	155
78.8166	155
78.82	155
78.8234	155
78.8267	155
78.8301	155
78.8335	155
78.8369	155
78.8402	155
78.8436	155
78.847	155
78.8504	155
78.8537	155
78.8571	155
78.8605	155
78.8638	155
78.8672	155
78.8706	155
78.874	155
78.8773	155
78.8807	155
78.8841	155
78.8875	155
78.8908	155
78.8942	155
78.8976	155
78.9009	155
78.9043	155
78.9077	155
78.9111	155
78.9144	155
78.9178	155
78.9212	155
78.9246	155
78.9279	155
78.9313	155
78.9347	155
78.938	155
78.9414	155
78.9448	155
78.9482	155
78.9515	155
78.9549	155
78.9583	155
78.9617	155
78.965	155
78.9684	155
78.9718	155
78.9751	155
78.9785	155
78.9819	155
78.9853	155
78.9886	155
78.992	155
78.9954	155
78.9988	155
79.0021	155
79.0055	155
79.0089	155
79.0122	155
79.0156	155
79.019	155
79.0224	155
79.0257	155
79.0291	155
79.0325	155
79.0359	155
79.0392	155
79.0426	155
79.046	155
79.0493	155
79.0527	155
79.0561	155
79.0595	155
79.0628	155
79.0662	155
79.0696	155
79.073	155
79.0763	155
79.0797	155
79.0831	155
79.0864	155
79.0898	155
79.0932	155
79.0966	155
79.0999	155
79.1033	155
79.1067	155
79.1101	155
79.1134	155
79.1168	155
79.1202	155
79.1235	155
79.1269	155
79.1303	155
79.1337	155
79.137	155
79.1404	155
79.1438	155
79.1472	155
79.1505	155
79.1539	155
79.1573	155
79.1607	155
79.164	155
79.1674	155
79.1708	155
79.1741	155
79.1775	155
79.1809	155
79.1843	155
79.1876	155
79.191	155
79.1944	155
79.1978	155
79.2011	155
79.2045	155
79.2079	155
79.2112	155
79.2146	155
79.218	155
79.2214	155
79.2247	155
79.2281	155
79.2315	155
79.2349	155
79.2382	155
79.2416	155
79.245	155
79.2483	155
79.2517	155
79.2551	155
79.2585	155
79.2618	155
79.2652	155
79.2686	155
79.272	155
79.2753	155
79.2787	155
79.2821	155
79.2854	155
79.2888	155
79.2922	155
79.2956	155
79.2989	155
79.3023	155
79.3057	155
79.3091	155
79.3124	155
79.3158	155
79.3192	155
79.3225	155
79.3259	155
79.3293	155
79.3327	155
79.336	155
79.3394	155
79.3428	155
79.3462	155
79.3495	155
79.3529	155
79.3563	155
79.3596	155
79.363	155
79.3664	155
79.3698	155
79.3731	155
79.3765	155
79.3799	155
79.3833	155
79.3866	155
79.39	155
79.3934	155
79.3967	155
79.4001	155
79.4035	155
79.4069	155
79.4102	155
79.4136	155
79.417	155
79.4204	155
79.4237	155
79.4271	155
79.4305	155
79.4338	155
79.4372	155
79.4406	155
79.444	155
79.4473	155
79.4507	155
79.4541	155
79.4575	155
79.4608	155
79.4642	155
79.4676	155
79.4709	155
79.4743	155
79.4777	155
79.4811	155
79.4844	155
79.4878	155
79.4912	155
79.4946	155
79.4979	155
79.5013	155
79.5047	155
79.508	155
79.5114	155
79.5148	155
79.5182	155
79.5215	155
79.5249	155
79.5283	155
79.5317	155
79.535	155
79.5384	155
79.5418	155
79.5451	155
79.5485	155
79.5519	155
79.5553	155
79.5586	155
79.562	155
79.5654	155
79.5688	155
79.5721	155
79.5755	155
79.5789	155
79.5823	155
79.5856	155
79.589	155
79.5924	155
79.5957	155
79.5991	155
79.6025	155
79.6059	155
79.6092	155
79.6126	155
79.616	155
79.6194	155
79.6227	155
79.6261	155
79.6295	155
79.6328	155
79.6362	155
79.6396	155
79.643	155
79.6463	155
79.6497	155
79.6531	155
79.6565	155
79.6598	155
79.6632	155
79.6666	155
79.6699	155
79.6733	155
79.6767	155
79.6801	155
79.6834	155
79.6868	155
79.6902	155
79.6936	155
79.6969	155
79.7003	155
79.7037	155
79.707	155
79.7104	155
79.7138	155
79.7172	155
79.7205	155
79.7239	155
79.7273	155
79.7307	155
79.734	155
79.7374	155
79.7408	155
79.7441	155
79.7475	155
79.7509	155
79.7543	155
79.7576	155
79.761	155
79.7644	155
79.7678	155
79.7711	155
79.7745	155
79.7779	155
79.7812	155
79.7846	155
79.788	155
79.7914	155
79.7947	155
79.7981	155
79.8015	155
79.8049	155
79.8082	155
79.8116	155
79.815	155
79.8183	155
79.8217	155
79.8251	155
79.8285	155
79.8318	155
79.8352	155
79.8386	155
79.842	155
79.8453	155
79.8487	155
79.8521	155
79.8554	155
79.8588	155
79.8622	155
79.8656	155
79.8689	155
79.8723	155
79.8757	155
79.8791	155
79.8824	155
79.8858	155
79.8892	155
79.8925	155
79.8959	155
79.8993	155
79.9027	155
79.906	155
79.9094	155
79.9128	155
79.9162	155
79.9195	155
79.9229	155
79.9263	155
79.9296	155
79.933	155
79.9364	155
79.9398	155
79.9431	155
79.9465	155
79.9499	155
79.9533	155
79.9566	155
79.96	155
79.9634	155
79.9667	155
79.9701	155
79.9735	155
79.9769	155
79.9802	155
79.9836	155
79.987	155
79.9904	155
79.9937	155
79.9971	155
80.0005	155
80.0039	155
80.0072	155
80.0106	155
80.014	155
80.0173	155
80.0207	155
80.0241	155
80.0275	155
80.0308	155
80.0342	155
80.0376	155
80.041	155
80.0443	155
80.0477	155
80.0512	155
80.0545	155
80.0579	155
80.0613	155
80.0646	155
80.068	155
80.0714	155
80.0748	155
80.0781	155
80.0815	155
80.0849	155
80.0883	155
80.0916	155
80.095	155
80.0984	155
80.1034	155
80.1102	156
80.1169	157
80.1237	158
80.1304	159
80.1372	161
80.1439	163
80.1507	165
80.1574	167
80.1641	170
80.1709	172
80.1776	175
80.1844	178
80.1911	181
80.1979	183
80.2046	186
80.2114	189
80.2181	193
80.2249	196
80.2316	199
80.2383	202
80.2451	205
80.2518	208
80.2586	211
80.2653	215
80.2721	218
80.2788	221
80.2856	224
80.2923	228
80.2991	231
80.3058	234
80.3125	238
80.3193	241
80.326	245
80.3328	248
80.3395	251
80.3463	254
80.353	258
80.3598	261
80.3665	264
80.3733	268
80.38	271
80.3867	275
80.3935	278
80.4002	281
80.407	285
80.4137	288
80.4205	290
80.4272	293
80.434	295
80.4407	297
80.4475	298
80.4542	300
80.461	301
80.4677	302
80.4744	303
80.4812	304
80.4879	305
80.4947	305
80.5014	306
80.5082	306
80.5149	307
80.5217	307
80.5284	307
80.5352	308
80.5419	308
80.5486	308
80.5554	308
80.5621	309
80.5689	309
80.5756	309
80.5824	309
80.5891	309
80.5959	309
80.6026	309
80.6094	309
80.6161	309
80.6228	309
80.6296	309
80.6363	309
80.6431	310
80.6498	310
80.6566	310
80.6633	310
80.6701	310
80.6768	310
80.6836	310
80.6903	310
80.697	310
80.7038	310
80.7105	310
80.7173	310
80.724	310
80.7308	310
80.7375	310
80.7443	310
80.751	310
80.7578	310
80.7645	310
80.7712	310
80.778	310
80.7847	310
80.7915	310
80.7982	310
80.805	310
80.8117	310
80.8185	310
80.8252	310
80.832	310
80.8387	310
80.8455	310
80.8522	310
80.8589	310
80.8657	310
80.8724	310
80.8792	310
80.8859	310
80.8927	310
80.8994	310
80.9062	310
80.9129	310
80.9197	310
80.9264	310
80.9331	310
80.9399	310
80.9466	309
80.9534	308
80.9601	308
80.9669	307
80.9736	306
80.9804	306
80.9871	306
80.9939	305
81.0006	305
81.0073	305
81.0141	305
81.0208	304
81.0276	304
81.0343	304
81.0411	304
81.0478	304
81.0546	304
81.0613	304
81.0681	304
81.0748	303
81.0815	303
81.0883	303
81.095	303
81.1018	303
81.1085	303
81.1153	303
81.122	303
81.1288	303
81.1355	303
81.1423	303
81.149	303
81.1557	303
81.1625	303
81.1692	303
81.176	303
81.1827	303
81.1895	303
81.1962	303
81.203	303
81.2097	303
81.2165	303
81.2232	303
81.2299	303
81.2367	303
81.2434	303
81.2502	303
81.2569	303
81.2637	303
81.2704	303
81.2772	303
81.2839	303
81.2907	303
81.2974	303
81.3042	303
81.3109	303
81.3176	303
81.3244	303
81.3311	303
81.3379	303
81.3446	303
81.3514	303
81.3581	303
81.3649	303
81.3716	303
81.3784	303
81.3851	303
81.3918	303
81.3986	303
81.4053	303
81.4121	303
81.4188	303
81.4256	303
81.4323	303
81.4391	303
81.4458	303
81.4526	303
81.4593	303
81.466	303
81.4728	303
81.4795	303
81.4863	303
81.493	303
81.4998	303
81.5065	303
81.5133	303
81.52	303
81.5268	303
81.5335	303
81.5402	302
81.547	301
81.5537	301
81.5605	300
81.5672	300
81.574	299
81.5807	299
81.5875	299
81.5942	298
81.601	298
81.6077	298
81.6144	298
81.6212	298
81.6279	297
81.6347	297
81.6414	297
81.6482	297
81.6549	297
81.6617	297
81.6684	297
81.6752	297
81.6819	297
81.6887	297
81.6954	297
81.7021	297
81.7089	296
81.7156	296
81.7224	296
81.7291	296
81.7359	296
81.7426	296
81.7494	296
81.7561	296
81.7629	296
81.7696	296
81.7763	296
81.7831	296
81.7898	296
81.7966	296
81.8033	296
81.8101	296
81.8168	296
81.8236	296
81.8303	296
81.8371	296
81.8438	296
81.8505	296
81.8573	296
81.864	296
81.8708	296
81.8775	296
81.8843	296
81.891	296
81.8978	296
81.9045	296
81.9113	296
81.918	296
81.9247	296
81.9315	296
81.9382	296
81.945	296
81.9517	296
81.9585	296
81.9652	296
81.972	296
81.9787	296
81.9855	296
81.9922	296
81.9989	296
82.0057	296
82.0124	296
82.0192	296
82.0259	296
82.0327	296
82.0394	296
82.0462	296
82.0529	296
82.0597	296
82.0664	296
82.0731	296
82.0799	296
82.0866	296
82.0934	296
82.1001	296
82.1069	296
82.1136	296
82.1204	295
82.1271	295
82.1339	294
82.1406	293
82.1474	293
82.1541	293
82.1608	292
82.1676	292
82.1743	292
82.1811	291
82.1878	291
82.1946	291
82.2013	291
82.2081	291
82.2148	290
82.2216	290
82.2283	290
82.235	290
82.2418	290
82.2485	290
82.2553	290
82.262	290
82.2688	290
82.2755	290
82.2823	290
82.289	290
82.2958	290
82.3025	290
82.3092	290
82.316	290
82.3227	290
82.3295	290
82.3362	290
82.343	290
82.3497	290
82.3565	290
82.3632	290
82.37	290
82.3767	290
82.3834	290
82.3902	290
82.3969	290
82.4037	290
82.4104	290
82.4172	290
82.4239	290
82.4307	290
82.4374	290
82.4442	290
82.4509	290
82.4576	290
82.4644	290
82.4711	290
82.4779	290
82.4846	290
82.4914	290
82.4981	290
82.5049	290
82.5116	290
82.5184	290
82.5251	290
82.5319	290
82.5386	290
82.5453	290
82.5521	290
82.5588	290
82.5656	290
82.5723	290
82.5791	290
82.5858	290
82.5926	290
82.5993	290
82.6061	290
82.6128	290
82.6195	290
82.6263	290
82.633	290
82.6398	290
82.6465	290
82.6533	290
82.66	290
82.6668	290
82.6735	290
82.6803	290
82.687	289
82.6937	288
82.7005	287
82.7072	287
82.714	286
82.7207	286
82.7275	285
82.7342	285
82.741	285
82.7477	285
82.7545	284
82.7612	284
82.7679	284
82.7747	284
82.7814	284
82.7882	284
82.7949	283
82.8017	283
82.8084	283
82.8152	283
82.8219	283
82.8287	283
82.8354	283
82.8421	283
82.8489	283
82.8556	283
82.8624	283
82.8691	283
82.8759	283
82.8826	283
82.8894	283
82.8961	283
82.9029	283
82.9096	283
82.9163	283
82.9231	283
82.9298	283
82.9366	283
82.9433	283
82.9501	283
82.9568	283
82.9636	283
82.9703	283
82.9771	283
82.9838	283
82.9906	283
82.9973	283
83.004	283
83.0108	283
83.0175	283
83.0243	283
83.031	283
83.0378	283
83.0445	283
83.0513	283
83.058	283
83.0648	283
83.0715	283
83.0782	283
83.085	283
83.0917	283
83.0985	283
83.1052	283
83.112	283
83.1187	283
83.1255	283
83.1322	283
83.139	283
83.1457	283
83.1524	283
83.1592	283
83.1659	283
83.1727	283
83.1794	283
83.1862	283
83.1929	283
83.1997	283
83.2064	283
83.2132	283
83.2199	283
83.2266	283
83.2334	283
83.2401	282
83.2469	281
83.2536	280
83.2604	280
83.2671	280
83.2739	279
83.2806	279
83.2874	278
83.2941	278
83.3008	278
83.3076	277
83.3143	277
83.3211	277
83.3278	277
83.3346	277
83.3413	277
83.3481	277
83.3548	277
83.3616	277
83.3683	277
83.3751	277
83.3818	276
83.3885	276
83.3953	276
83.402	276
83.4088	276
83.4155	276
83.4223	276
83.429	276
83.4358	276
83.4425	276
83.4493	276
83.456	276
83.4627	276
83.4695	276
83.4762	276
83.483	276
83.4897	276
83.4965	276
83.5032	276
83.51	276
83.5167	276
83.5235	276
83.5302	276
83.5369	276
83.5437	276
83.5504	276
83.5572	276
83.5639	276
83.5707	276
83.5774	276
83.5842	276
83.5909	276
83.5977	276
83.6044	276
83.6111	276
83.6179	276
83.6246	276
83.6314	276
83.6381	276
83.6449	276
83.6516	276
83.6584	276
83.6651	276
83.6719	276
83.6786	276
83.6853	276
83.6921	276
83.6988	276
83.7056	276
83.7123	276
83.7191	276
83.7258	276
83.7326	276
83.7393	276
83.7461	276
83.7528	276
83.7595	276
83.7663	276
83.773	276
83.7798	275
83.7865	275
83.7933	274
83.8	273
83.8068	273
83.8135	273
83.8203	272
83.827	272
83.8338	272
83.8405	271
83.8472	271
83.854	271
83.8607	271
83.8675	270
83.8742	270
83.881	270
83.8877	270
83.8945	270
83.9012	270
83.908	270
83.9147	270
83.9214	270
83.9282	270
83.9349	270
83.9417	270
83.9484	270
83.9552	270
83.9619	269
83.9687	269
83.9754	269
83.9822	269
83.9889	269
83.9956	269
84.0024	269
84.0091	269
84.0159	269
84.0226	269
84.0294	269
84.0361	269
84.0429	269
84.0496	269
84.0564	269
84.0631	269
84.0698	269
84.0766	269
84.0833	269
84.0901	269
84.0968	269
84.1036	269
84.1103	269
84.1171	269
84.1238	269
84.1306	269
84.1373	269
84.144	269
84.1508	269
84.1575	269
84.1643	269
84.171	269
84.1778	269
84.1845	269
84.1913	269
84.198	269
84.2048	269
84.2115	269
84.2183	269
84.225	269
84.2317	269
84.2385	269
84.2452	269
84.252	269
84.2587	269
84.2655	269
84.2722	269
84.279	269
84.2857	269
84.2925	269
84.2992	269
84.3059	268
84.3127	268
84.3194	267
84.3262	267
84.3329	266
84.3397	266
84.3464	265
84.3532	265
84.3599	265
84.3667	264
84.3734	264
84.3801	264
84.3869	264
84.3936	264
84.4004	263
84.4071	263
84.4139	263
84.4206	263
84.4274	263
84.4341	263
84.4409	263
84.4476	263
84.4543	263
84.4611	263
84.4678	263
84.4746	263
84.4813	263
84.4881	263
84.4948	263
84.5016	263
84.5083	263
84.5151	263
84.5218	263
84.5285	263
84.5353	263
84.542	263
84.5488	263
84.5555	263
84.5623	263
84.569	263
84.5758	263
84.5825	263
84.5893	263
84.596	263
84.6027	263
84.6095	263
84.6162	263
84.623	263
84.6297	263
84.6365	263
84.6432	263
84.65	263
84.6567	263
84.6635	263
84.6702	263
84.677	263
84.6837	263
84.6904	263
84.6972	263
84.7039	263
84.7107	263
84.7174	263
84.7242	263
84.7309	263
84.7377	263
84.7444	263
84.7512	263
84.7579	263
84.7646	263
84.7714	263
84.7781	263
84.7849	263
84.7916	263
84.7984	263
84.8051	263
84.8119	263
84.8186	262
84.8254	261
84.8321	260
84.8388	260
84.8456	259
84.8523	259
84.8591	258
84.8658	258
84.8726	258
84.8793	258
84.8861	257
84.8928	257
84.8996	257
84.9063	257
84.913	257
84.9198	257
84.9265	257
84.9333	257
84.94	257
84.9468	256
84.9535	256
84.9603	256
84.967	256
84.9738	256
84.9805	256
84.9872	256
84.994	256
85.0007	256
85.0075	256
85.0142	256
85.021	256
85.0277	256
85.0345	256
85.0412	256
85.048	256
85.0547	256
85.0615	256
85.0682	256
85.0749	256
85.0817	256
85.0884	256
85.0952	256
85.1019	256
85.1087	256
85.1154	256
85.1222	256
85.1289	256
85.1357	256
85.1424	256
85.1491	256
85.1559	256
85.1626	256
85.1694	256
85.1761	256
85.1829	256
85.1896	256
85.1964	256
85.2031	256
85.2099	256
85.2166	256
85.2233	256
85.2301	256
85.2368	256
85.2436	256
85.2503	256
85.2571	256
85.2638	256
85.2706	256
85.2773	256
85.2841	256
85.2908	256
85.2975	256
85.3043	256
85.311	256
85.3178	255
85.3245	254
85.3313	254
85.338	253
85.3448	253
85.3515	252
85.3583	252
85.365	252
85.3717	251
85.3785	251
85.3852	251
85.392	251
85.3987	250
85.4055	250
85.4122	250
85.419	250
85.4257	250
85.4325	250
85.4392	250
85.4459	250
85.4527	249
85.4594	249
85.4662	249
85.4729	249
85.4797	249
85.4864	249
85.4932	249
85.4999	249
85.5067	249
85.5134	249
85.5202	249
85.5269	249
85.5336	249
85.5404	249
85.5471	249
85.5539	249
85.5606	249
85.5674	249
85.5741	249
85.5809	249
85.5876	249
85.5944	249
85.6011	249
85.6078	249
85.6146	249
85.6213	249
85.6281	249
85.6348	249
85.6416	249
85.6483	249
85.6551	249
85.6618	249
85.6686	249
85.6753	249
85.682	249
85.6888	249
85.6955	249
85.7023	249
85.709	249
85.7158	249
85.7225	249
85.7293	249
85.736	249
85.7428	249
85.7495	249
85.7562	249
85.763	249
85.7697	249
85.7765	249
85.7832	249
85.79	249
85.7967	249
85.8035	248
85.8102	247
85.817	247
85.8237	246
85.8304	246
85.8372	245
85.8439	245
85.8507	245
85.8574	244
85.8642	244
85.8709	244
85.8777	244
85.8844	243
85.8912	243
85.8979	243
85.9047	243
85.9114	243
85.9181	243
85.9249	243
85.9316	243
85.9384	243
85.9451	243
85.9519	243
85.9586	243
85.9654	243
85.9721	243
85.9789	242
85.9856	242
85.9923	242
85.9991	242
86.0058	242
86.0126	242
86.0193	242
86.0261	242
86.0328	242
86.0396	242
86.0463	242
86.0531	242
86.0598	242
86.0665	242
86.0733	242
86.08	242
86.0868	242
86.0935	242
86.1003	242
86.107	242
86.1138	242
86.1205	242
86.1273	242
86.134	242
86.1407	242
86.1475	242
86.1542	242
86.161	242
86.1677	242
86.1745	242
86.1812	242
86.188	242
86.1947	242
86.2015	242
86.2082	242
86.2149	242
86.2217	242
86.2284	242
86.2352	242
86.2419	242
86.2487	242
86.2554	242
86.2622	242
86.2689	242
86.2757	241
86.2824	241
86.2891	240
86.2959	239
86.3026	239
86.3094	239
86.3161	238
86.3229	238
86.3296	238
86.3364	237
86.3431	237
86.3499	237
86.3566	237
86.3634	237
86.3701	236
86.3768	236
86.3836	236
86.3903	236
86.3971	236
86.4038	236
86.4106	236
86.4173	236
86.4241	236
86.4308	236
86.4376	236
86.4443	236
86.451	236
86.4578	236
86.4645	236
86.4713	236
86.478	236
86.4848	236
86.4915	236
86.4983	236
86.505	236
86.5118	236
86.5185	236
86.5252	236
86.532	236
86.5387	236
86.5455	236
86.5522	236
86.559	236
86.5657	236
86.5725	236
86.5792	236
86.586	236
86.5927	236
86.5994	236
86.6062	236
86.6129	236
86.6197	236
86.6264	236
86.6332	236
86.6399	236
86.6467	236
86.6534	236
86.6602	236
86.6669	236
86.6736	236
86.6804	236
86.6871	236
86.6939	236
86.7006	236
86.7074	236
86.7141	236
86.7209	236
86.7276	236
86.7344	236
86.7411	236
86.7479	236
86.7546	236
86.7613	236
86.7681	236
86.7748	236
86.7816	236
86.7883	236
86.7951	236
86.8018	236
86.8086	236
86.8153	236
86.8221	236
86.8288	236
86.8355	236
86.8423	236
86.849	236
86.8558	236
86.8625	236
86.8693	236
86.876	236
86.8828	236
86.8895	236
86.8963	236
86.903	236
86.9097	236
86.9165	236
86.9232	236
86.93	236
86.9367	236
86.9435	236
86.9502	236
86.957	236
86.9637	236
86.9705	236
86.9772	236
86.9839	236
86.9907	236
86.9974	236
87.0042	236
87.0109	236
87.0177	236
87.0244	236
87.0312	236
87.0379	236
87.0447	236
87.0514	236
87.0581	236
87.0649	236
87.0716	236
87.0784	236
87.0851	236
87.0919	236
87.0986	236
87.1054	236
87.1121	236
87.1189	236
87.1256	236
87.1323	236
87.1391	236
87.1458	236
87.1526	236
87.1593	236
87.1661	236
87.1728	236
87.1796	236
87.1863	236
87.1931	236
87.1998	236
87.2066	236
87.2133	236
87.22	236
87.2268	236
87.2335	236
87.2403	236
87.247	236
87.2538	236
87.2605	236
87.2673	236
87.274	236
87.2808	236
87.2875	236
87.2942	236
87.301	236
87.3077	236
87.3145	236
87.3212	236
87.328	236
87.3347	236
87.3415	236
87.3482	236
87.355	236
87.3617	236
87.3684	236
87.3752	236
87.3819	236
87.3887	236
87.3954	236
87.4022	236
87.4089	236
87.4157	236
87.4224	236
87.4292	236
87.4359	236
87.4426	236
87.4494	236
87.4561	236
87.4629	236
87.4696	236
87.4764	236
87.4831	236
87.4899	236
87.4966	236
87.5034	236
87.5101	236
87.5168	236
87.5236	236
87.5303	236
87.5371	236
87.5438	236
87.5506	236
87.5573	236
87.5641	236
87.5708	236
87.5776	236
87.5843	236
87.5911	236
87.5978	236
87.6045	236
87.6113	236
87.618	236
87.6248	236
87.6315	236
87.6383	236
87.645	236
87.6518	236
87.6585	236
87.6653	236
87.672	236
87.6787	236
87.6855	236
87.6922	236
87.699	236
87.7057	236
87.7125	236
87.7192	236
87.726	236
87.7327	236
87.7395	236
87.7462	236
87.7529	236
87.7597	236
87.7664	236
87.7732	236
87.7799	236
87.7867	236
87.7934	236
87.8002	236
87.8069	236
87.8137	236
87.8204	236
87.8271	236
87.8339	236
87.8406	236
87.8474	236
87.8541	236
87.8609	236
87.8676	236
87.8744	236
87.8811	236
87.8879	236
87.8946	236
87.9013	236
87.9081	236
87.9148	236
87.9216	236
87.9283	236
87.9351	236
87.9418	236
87.9486	236
87.9553	236
87.9621	236
87.9688	236
87.9755	236
87.9823	236
87.989	236
87.9958	236
88.0025	236
88.0093	236
88.016	236
88.0228	236
88.0295	236
88.0363	236
88.043	236
88.0498	236
88.0565	236
88.0632	236
88.07	236
88.0767	236
88.0835	236
88.0902	236
88.097	236
88.1037	236
88.1105	236
88.1172	236
88.124	236
88.1307	236
88.1374	236
88.1442	236
88.1509	236
88.1577	236
88.1644	236
88.1712	236
88.1779	236
88.1847	236
88.1914	236
88.1982	236
88.2049	236
88.2116	236
88.2184	236
88.2251	236
88.2319	236
88.2386	236
88.2454	236
88.2521	236
88.2589	236
88.2656	236
88.2724	236
88.2791	236
88.2858	236
88.2926	236
88.2993	236
88.3061	236
88.3128	236
88.3196	236
88.3263	236
88.3331	236
88.3398	236
88.3466	236
88.3533	236
88.36	236
88.3668	236
88.3735	236
88.3803	236
88.387	236
88.3938	236
88.4005	236
88.4073	236
88.414	236
88.4208	236
88.4275	236
88.4343	236
88.441	236
88.4477	236
88.4545	236
88.4612	236
88.468	236
88.4747	236
88.4815	236
88.4882	236
88.495	236
88.5017	236
88.5085	236
88.5152	236
88.5219	236
88.5287	236
88.5354	236
88.5422	236
88.5489	236
88.5557	236
88.5624	236
88.5692	236
88.5759	236
88.5827	236
88.5894	236
88.5961	236
88.6029	236
88.6096	236
88.6164	236
88.6231	236
88.6299	236
88.6366	236
88.6434	236
88.6501	236
88.6569	236
88.6636	236
88.6703	236
88.6771	236
88.6838	236
88.6906	236
88.6973	236
88.7041	236
88.7108	236
88.7176	236
88.7243	236
88.7311	236
88.7378	236
88.7445	236
88.7513	236
88.758	236
88.7648	236
88.7715	236
88.7783	236
88.785	236
88.7918	236
88.7985	236
88.8053	236
88.812	236
88.8187	236
88.8255	236
88.8322	236
88.839	236
88.8457	236
88.8525	236
88.8592	236
88.866	236
88.8727	236
88.8795	236
88.8862	236
88.893	236
88.8997	236
88.9064	236
88.9132	236
88.9199	236
88.9267	236
88.9334	236
88.9402	236
88.9469	236
88.9537	236
88.9604	236
88.9672	236
88.9739	236
88.9806	236
88.9874	236
88.9941	236
89.0009	236
89.0076	236
89.0144	236
89.0211	236
89.0279	236
89.0346	236
89.0414	236
89.0481	236
89.0548	236
89.0616	236
89.0683	236
89.0751	236
89.0818	236
89.0886	236
89.0953	236
89.1021	236
89.1088	236
89.1156	236
89.1223	236
89.129	236
89.1358	236
89.1425	236
89.1493	236
89.156	236
89.1628	236
89.1695	236
89.1763	236
89.183	236
89.1898	236
89.1965	236
89.2032	236
89.21	236
89.2167	236
89.2235	236
89.2302	236
89.237	236
89.2437	236
89.2505	236
89.2572	236
89.264	236
89.2707	236
89.2775	236
89.2842	236
89.2909	236
89.2977	236
89.3044	236
89.3112	236
89.3179	236
89.3247	236
89.3314	236
89.3382	236
89.3449	236
89.3517	236
89.3584	236
89.3651	236
89.3719	236
89.3786	236
89.3854	236
89.3921	236
89.3989	236
89.4056	236
89.4124	236
89.4191	236
89.4259	236
89.4326	236
89.4393	236
89.4461	236
89.4528	236
89.4596	236
89.4663	236
89.4731	236
89.4798	236
89.4866	236
89.4933	236
89.5001	236
89.5068	236
89.5135	236
89.5203	236
89.527	236
89.5338	236
89.5405	236
89.5473	236
89.554	236
89.5608	236
89.5675	236
89.5743	236
89.581	236
89.5877	236
89.5945	236
89.6012	236
89.608	236
89.6147	236
89.6215	236
89.6282	236
89.635	236
89.6417	236
89.6485	236
89.6552	236
89.6619	236
89.6687	236
89.6754	236
89.6822	236
89.6889	236
89.6957	236
89.7024	236
89.7092	236
89.7159	236
89.7227	236
89.7294	236
89.7362	236
89.7429	236
89.7496	236
89.7564	236
89.7631	236
89.7699	236
89.7766	236
89.7834	236
89.7901	236
89.7969	236
89.8036	236
89.8104	236
89.8171	236
89.8238	236
89.8306	236
89.8373	236
89.8441	236
89.8508	236
89.8576	236
89.8643	236
89.8711	236
89.8778	236
89.8846	236
89.8913	236
89.898	236
89.9048	236
89.9115	236
89.9183	236
89.925	236
89.9318	236
89.9385	236
89.9453	236
89.952	236
89.9588	236
89.9655	236
89.9722	236
89.979	236
89.9857	236
89.9925	236
89.9992	236
90.006	236
90.0127	236
90.0195	236
90.0262	236
90.033	236
90.0397	236
90.0464	236
90.0532	236
90.0599	236
90.0667	236
90.0734	236
90.0802	236
90.0869	236
90.0937	236
90.1004	236
90.1072	236
90.1139	236
90.1207	236
90.1274	236
90.1341	236
90.1409	236
90.1476	236
90.1544	236
90.1611	236
90.1679	236
90.1746	236
90.1814	236
90.1881	236
90.1949	236
90.2016	236
90.2083	236
90.2151	236
90.2218	236
90.2286	236
90.2353	236
90.2421	236
90.2488	236
90.2556	236
90.2623	236
90.2691	236
90.2758	236
90.2825	236
90.2893	236
90.296	236
90.3028	236
90.3095	236
90.3163	236
90.323	236
90.3298	236
90.3365	236
90.3433	236
90.35	236
90.3567	236
90.3635	236
90.3702	236
90.377	236
90.3837	236
90.3905	236
90.3972	236
90.404	236
90.4107	236
90.4175	236
90.4242	236
90.4309	236
90.4377	236
90.4444	236
90.4512	236
90.4579	236
90.4647	236
90.4714	236
90.4782	236
90.4849	236
90.4917	236
90.4984	236
90.5051	236
90.5119	236
90.5186	236
90.5254	236
90.5321	236
90.5389	236
90.5456	236
90.5524	236
90.5591	236
90.5659	236
90.5726	236
90.5794	236
90.5861	236
90.5928	236
90.5996	236
90.6063	236
90.6131	236
90.6198	236
90.6266	236
90.6333	236
90.6401	236
90.6468	236
90.6536	236
90.6603	236
90.667	236
90.6738	236
90.6805	236
90.6873	236
90.694	236
90.7008	236
90.7075	236
90.7143	236
90.721	236
90.7278	236
90.7345	236
90.7412	236
90.748	236
90.7547	236
90.7615	236
90.7682	236
90.775	236
90.7817	236
90.7885	236
90.7952	236
90.802	236
90.8087	236
90.8154	236
90.8222	236
90.8289	236
90.8357	236
90.8424	236
90.8492	236
90.8559	236
90.8627	236
90.8694	236
90.8762	236
90.8829	236
90.8896	236
90.8964	236
90.9031	236
90.9099	236
90.9166	236
90.9234	236
90.9301	236
90.9369	236
90.9436	236
90.9504	236
90.9571	236
90.9639	236
90.9706	236
90.9773	236
90.9841	236
90.9908	236
90.9976	236
91.0043	236
91.0111	236
91.0178	236
91.0246	236
91.0313	236
91.0381	236
91.0448	236
91.0515	236
91.0583	236
91.065	236
91.0718	236
91.0785	236
91.0853	236
91.092	236
91.0988	236
91.1055	236
91.1123	236
91.119	236
91.1257	236
91.1325	236
91.1392	236
91.146	236
91.1527	236
91.1595	236
91.1662	236
91.173	236
91.1797	236
91.1865	236
91.1932	236
91.1999	236
91.2067	236
91.2134	236
91.2202	236
91.2269	236
91.2337	236
91.2404	236
91.2472	236
91.2539	236
91.2607	236
91.2674	236
91.2741	236
91.2809	236
91.2876	236
91.2944	236
91.3011	236
91.3079	236
91.3146	236
91.3214	236
91.3281	236
91.3349	236
91.3416	236
91.3483	236
91.3551	236
91.3618	236
91.3686	236
91.3753	236
91.3821	236
91.3888	236
91.3956	236
91.4023	236
91.4091	236
91.4158	236
91.4226	236
91.4293	236
91.436	236
91.4428	236
91.4495	236
91.4563	236
91.463	236
91.4698	236
91.4765	236
91.4833	236
91.49	236
91.4968	236
91.5035	236
91.5102	236
91.517	236
91.5237	236
91.5305	236
91.5372	236
91.544	236
91.5507	236
91.5575	236
91.5642	236
91.571	236
91.5777	236
91.5844	236
91.5912	236
91.5979	236
91.6047	236
91.6114	236
91.6182	236
91.6249	236
91.6317	236
91.6384	236
91.6452	236
91.6519	236
91.6586	236
91.6654	236
91.6721	236
91.6789	236
91.6856	236
91.6924	236
91.6991	236
91.7059	236
91.7126	236
91.7194	236
91.7261	236
91.7328	236
91.7396	236
91.7463	236
91.7531	236
91.7598	236
91.7666	236
91.7733	236
91.7801	236
91.7868	236
91.7936	236
91.8003	236
91.8071	236
91.8138	236
91.8205	236
91.8273	236
91.834	236
91.8408	236
91.8475	236
91.8543	236
91.861	236
91.8678	236
91.8745	236
91.8813	236
91.888	236
91.8947	236
91.9015	236
91.9082	236
91.915	236
91.9217	236
91.9285	236
91.9352	236
91.942	236
91.9487	236
91.9555	236
91.9622	236
91.9689	236
91.9757	236
91.9824	236
91.9892	236
91.9959	236
92.0027	236
92.0094	236
92.0162	236
92.0229	236
92.0297	236
92.0364	236
92.0431	236
92.0499	236
92.0566	236
92.0634	236
92.0701	236
92.0769	236
92.0836	236
92.0904	236
92.0971	236
92.1039	236
92.1106	236
92.1173	236
92.1241	236
92.1308	236
92.1376	236
92.1443	236
92.1511	236
92.1578	236
92.1646	236
92.1713	236
92.1781	236
92.1848	236
92.1915	236
92.1983	236
92.205	236
92.2118	236
92.2185	236
92.2253	236
92.232	236
92.2388	236
92.2455	236
92.2523	236
92.259	236
92.2658	236
92.2725	236
92.2792	236
92.286	236
92.2927	236
92.2995	236
92.3062	236
92.313	236
92.3197	236
92.3265	236
92.3332	236
92.34	236
92.3467	236
92.3534	236
92.3602	236
92.3669	236
92.3737	236
92.3804	236
92.3872	236
92.3939	236
92.4007	236
92.4074	236
92.4142	236
92.4209	236
92.4276	236
92.4344	236
92.4411	236
92.4479	236
92.4546	236
92.4614	236
92.4681	236
92.4749	236
92.4816	236
92.4884	236
92.4951	236
92.5018	236
92.5086	236
92.5153	236
92.5221	236
92.5288	236
92.5356	236
92.5423	236
92.5491	236
92.5558	236
92.5626	236
92.5693	236
92.576	236
92.5828	236
92.5895	236
92.5963	236
92.603	236
92.6098	236
92.6165	236
92.6233	236
92.63	236
92.6368	236
92.6435	236
92.6503	236
92.657	236
92.6637	236
92.6705	236
92.6772	236
92.684	236
92.6907	236
92.6975	236
92.7042	236
92.711	236
92.7177	236
92.7245	236
92.7312	236
92.7379	236
92.7447	236
92.7514	236
92.7582	236
92.7649	236
92.7717	236
92.7784	236
92.7852	236
92.7919	236
92.7987	236
92.8054	236
92.8121	236
92.8189	236
92.8256	236
92.8324	236
92.8391	236
92.8459	236
92.8526	236
92.8594	236
92.8661	236
92.8729	236
92.8796	236
92.8863	236
92.8931	236
92.8998	236
92.9066	236
92.9133	236
92.9201	236
92.9268	236
92.9336	236
92.9403	236
92.9471	236
92.9538	236
92.9605	236
92.9673	236
92.974	236
92.9808	236
92.9875	236
92.9943	236
93.001	236
93.0078	236
93.0145	236
93.0213	236
93.028	236
93.0347	236
93.0415	236
93.0482	236
93.055	236
93.0617	236
93.0685	236
93.0752	236
93.082	236
93.0887	236
93.0955	236
93.1022	236
93.109	236
93.1157	236
93.1224	236
93.1292	236
93.1359	236
93.1427	236
93.1494	236
93.1562	236
93.1629	236
93.1697	236
93.1764	236
93.1832	236
93.1899	236
93.1966	236
93.2034	236
93.2101	236
93.2169	236
93.2236	236
93.2304	236
93.2371	236
93.2439	236
93.2506	236
93.2574	236
93.2641	236
93.2708	236
93.2776	236
93.2843	236
93.2911	236
93.2978	236
93.3046	236
93.3113	236
93.3181	236
93.3248	236
93.3316	236
93.3383	236
93.345	236
93.3518	236
93.3585	236
93.3653	236
93.372	236
93.3788	236
93.3855	236
93.3923	236
93.399	236
93.4058	236
93.4125	236
93.4192	236
93.426	236
93.4327	236
93.4395	236
93.4462	236
93.453	236
93.4597	236
93.4665	236
93.4732	236
93.48	236
93.4867	236
93.4935	236
93.5002	236
93.5069	236
93.5137	236
93.5204	236
93.5272	236
93.5339	236
93.5407	236
93.5474	236
93.5542	236
93.5609	236
93.5677	236
93.5744	236
93.5811	236
93.5879	236
93.5946	236
93.6014	236
93.6081	236
93.6149	236
93.6216	236
93.6284	236
93.6351	236
93.6419	236
93.6486	236
93.6553	236
93.6621	236
93.6688	236
93.6756	236
93.6823	236
93.6891	236
93.6958	236
93.7026	236
93.7093	236
93.7161	236
93.7228	236
93.7295	236
93.7363	236
93.743	236
93.7498	236
93.7565	236
93.7633	236
93.77	236
93.7768	236
93.7835	236
93.7903	236
93.797	236
93.8037	236
93.8105	236
93.8172	236
93.824	236
93.8307	236
93.8375	236
93.8442	236
93.851	236
93.8577	236
93.8645	236
93.8712	236
93.8779	236
93.8847	236
93.8914	236
93.8982	236
93.9049	236
93.9117	236
93.9184	236
93.9252	236
93.9319	236
93.9387	236
93.9454	236
93.9522	236
93.9589	236
93.9656	236
93.9724	236
93.9791	236
93.9859	236
93.9926	236
93.9994	236
94.0061	236
94.0129	236
94.0196	236
94.0264	236
94.0331	236
94.0398	236
94.0466	236
94.0533	236
94.0601	236
94.0668	236
94.0736	236
94.0803	236
94.0871	236
94.0938	236
94.1006	236
94.1073	236
94.114	236
94.1208	236
94.1275	236
94.1343	236
94.141	236
94.1478	236
94.1545	236
94.1613	236
94.168	236
94.1748	236
94.1815	236
94.1882	236
94.195	236
94.2017	236
94.2085	236
94.2152	236
94.222	236
94.2287	236
94.2355	236
94.2422	236
94.249	236
94.2557	236
94.2624	236
94.2692	236
94.2759	236
94.2827	236
94.2894	236
94.2962	236
94.3029	236
94.3097	236
94.3164	236
94.3232	236
94.3299	236
94.3367	236
94.3434	236
94.3501	236
94.3569	236
94.3636	236
94.3704	236
94.3771	236
94.3839	236
94.3906	236
94.3974	236
94.4041	236
94.4109	236
94.4176	236
94.4243	236
94.4311	236
94.4378	236
94.4446	236
94.4513	236
94.4581	236
94.4648	236
94.4716	236
94.4783	236
94.4851	236
94.4918	236
94.4985	236
94.5053	236
94.512	236
94.5188	236
94.5255	236
94.5323	236
94.539	236
94.5458	236
94.5525	236
94.5593	236
94.566	236
94.5727	236
94.5795	236
94.5862	236
94.593	236
94.5997	236
94.6065	236
94.6132	236
94.62	236
94.6267	236
94.6335	236
94.6402	236
94.6469	236
94.6537	236
94.6604	236
94.6672	236
94.6739	236
94.6807	236
94.6874	236
94.6942	236
94.7009	236
94.7077	236
94.7144	236
94.7211	236
94.7279	236
94.7346	236
94.7414	236
94.7481	236
94.7549	236
94.7616	236
94.7684	236
94.7751	236
94.7819	236
94.7886	236
94.7954	236
94.8021	236
94.8088	236
94.8156	236
94.8223	236
94.8291	236
94.8358	236
94.8426	236
94.8493	236
94.8561	236
94.8628	236
94.8696	236
94.8763	236
94.883	236
94.8898	236
94.8965	236
94.9033	236
94.91	236
94.9168	236
94.9235	236
94.9303	236
94.937	236
94.9438	236
94.9505	236
94.9572	236
94.964	236
94.9707	236
94.9775	236
94.9842	236
94.991	236
94.9977	236
95.0045	236
95.0112	236
95.018	236
95.0247	236
95.0314	236
95.0382	236
95.0449	236
95.0517	236
95.0584	236
95.0652	236
95.0719	236
95.0787	236
95.0854	236
95.0922	236
95.0989	236
95.1056	236
95.1124	236
95.1191	236
95.1259	236
95.1326	236
95.1394	236
95.1461	236
95.1529	236
95.1596	236
95.1664	236
95.1731	236
95.1799	236
95.1866	236
95.1933	236
95.2001	236
95.2068	236
95.2136	236
95.2203	236
95.2271	236
95.2338	236
95.2406	236
95.2473	236
95.2541	236
95.2608	236
95.2675	236
95.2743	236
95.281	236
95.2878	236
95.2945	236
95.3013	236
95.308	236
95.3148	236
95.3215	236
95.3283	236
95.335	236
95.3417	236
95.3485	236
95.3552	236
95.362	236
95.3687	236
95.3755	236
95.3822	236
95.389	236
95.3957	236
95.4025	236
95.4092	236
95.4159	236
95.4227	236
95.4294	236
95.4362	236
95.4429	236
95.4497	236
95.4564	236
95.4632	236
95.4699	236
95.4767	236
95.4834	236
95.4901	236
95.4969	236
95.5036	236
95.5104	236
95.5171	236
95.5239	236
95.5306	236
95.5374	236
95.5441	236
95.5509	236
95.5576	236
95.5643	236
95.5711	236
95.5778	236
95.5846	236
95.5913	236
95.5981	236
95.6048	236
95.6116	236
95.6183	236
95.6251	236
95.6318	236
95.6386	236
95.6453	236
95.652	236
95.6588	236
95.6655	236
95.6723	236
95.679	236
95.6858	236
95.6925	236
95.6993	236
95.706	236
95.7128	236
95.7195	236
95.7262	236
95.733	236
95.7397	236
95.7465	236
95.7532	236
95.76	236
95.7667	236
95.7735	236
95.7802	236
95.787	236
95.7937	236
95.8004	236
95.8072	236
95.8139	236
95.8207	236
95.8274	236
95.8342	236
95.8409	236
95.8477	236
95.8544	236
95.8612	236
95.8679	236
95.8746	236
95.8814	236
95.8881	236
95.8949	236
95.9016	236
95.9084	236
95.9151	236
95.9219	236
95.9286	236
95.9354	236
95.9421	236
95.9488	236
95.9556	236
95.9623	236
95.9691	236
95.9758	236
95.9826	236
95.9893	236
95.9961	236
96.0028	236
96.0096	236
96.0163	236
96.0231	236
96.0298	236
96.0365	236
96.0433	236
96.05	236
96.0568	236
96.0635	236
96.0703	236
96.077	236
96.0838	236
96.0905	236
96.0973	236
96.104	236
96.1107	236
96.1175	236
96.1242	236
96.131	236
96.1377	236
96.1445	236
96.1512	236
96.158	236
96.1647	236
96.1715	236
96.1782	236
96.1849	236
96.1917	236
96.1984	236
96.2052	236
96.2119	236
96.2187	236
96.2254	236
96.2322	236
96.2389	236
96.2457	236
96.2524	236
96.2591	236
96.2659	236
96.2726	236
96.2794	236
96.2861	236
96.2929	236
96.2996	236
96.3064	236
96.3131	236
96.3199	236
96.3266	236
96.3333	236
96.3401	236
96.3468	236
96.3536	236
96.3603	236
96.3671	236
96.3738	236
96.3806	236
96.3873	236
96.3941	236
96.4008	236
96.4075	236
96.4143	236
96.421	236
96.4278	236
96.4345	236
96.4413	236
96.448	236
96.4548	236
96.4615	236
96.4683	236
96.475	236
96.4818	236
96.4885	236
96.4952	236
96.502	236
96.5087	236
96.5155	236
96.5222	236
96.529	236
96.5357	236
96.5425	236
96.5492	236
96.556	236
96.5627	236
96.5694	236
96.5762	236
96.5829	236
96.5897	236
96.5964	236
96.6032	236
96.6099	236
96.6167	236
96.6234	236
96.6302	236
96.6369	236
96.6436	236
96.6504	236
96.6571	236
96.6639	236
96.6706	236
96.6774	236
96.6841	236
96.6909	236
96.6976	236
96.7044	236
96.7111	236
96.7178	236
96.7246	236
96.7313	236
96.7381	236
96.7448	236
96.7516	236
96.7583	236
96.7651	236
96.7718	236
96.7786	236
96.7853	236
96.792	236
96.7988	236
96.8055	236
96.8123	236
96.819	236
96.8258	236
96.8325	236
96.8393	236
96.846	236
96.8528	236
96.8595	236
96.8663	236
96.873	236
96.8797	236
96.8865	236
96.8932	236
96.9	236
96.9067	236
96.9135	236
96.9202	236
96.927	236
96.9337	236
96.9405	236
96.9472	236
96.9539	236
96.9607	236
96.9674	236
96.9742	236
96.9809	236
96.9877	236
96.9944	236
97.0012	236
97.0079	236
97.0147	236
97.0214	236
97.0281	236
97.0349	236
97.0416	236
97.0484	236
97.0551	236
97.0619	236
97.0686	236
97.0754	236
97.0821	236
97.0889	236
97.0956	236
97.1023	236
97.1091	236
97.1158	236
97.1226	236
97.1293	236
97.1361	236
97.1428	236
97.1496	236
97.1563	236
97.1631	236
97.1698	236
97.1765	236
97.1833	236
97.19	236
97.1968	236
97.2035	236
97.2103	236
97.217	236
97.2238	236
97.2305	236
97.2373	236
97.244	236
97.2507	236
97.2575	236
97.2642	236
97.271	236
97.2777	236
97.2845	236
97.2912	236
97.298	236
97.3047	236
97.3115	236
97.3182	236
97.325	236
97.3317	236
97.3384	236
97.3452	236
97.3519	236
97.3587	236
97.3654	236
97.3722	236
97.3789	236
97.3857	236
97.3924	236
97.3992	236
97.4059	236
97.4126	236
97.4194	236
97.4261	236
97.4329	236
97.4396	236
97.4464	236
97.4531	236
97.4599	236
97.4666	236
97.4734	236
97.4801	236
97.4868	236
97.4936	236
97.5003	236
97.5071	236
97.5138	236
97.5206	236
97.5273	236
97.5341	236
97.5408	236
97.5476	236
97.5543	236
97.561	236
97.5678	236
97.5745	236
97.5813	236
97.588	236
97.5948	236
97.6015	236
97.6083	236
97.615	236
97.6218	236
97.6285	236
97.6352	236
97.642	236
97.6487	236
97.6555	236
97.6622	236
97.669	236
97.6757	236
97.6825	236
97.6892	236
97.696	236
97.7027	236
97.7095	236
97.7162	236
97.7229	236
97.7297	236
97.7364	236
97.7432	236
97.7499	236
97.7567	236
97.7634	236
97.7702	236
97.7769	236
97.7837	236
97.7904	236
97.7971	236
97.8039	236
97.8106	236
97.8174	236
97.8241	236
97.8309	236
97.8376	236
97.8444	236
97.8511	236
97.8579	236
97.8646	236
97.8713	236
97.8781	236
97.8848	236
97.8916	236
97.8983	236
97.9051	236
97.9118	236
97.9186	236
97.9253	236
97.9321	236
97.9388	236
97.9455	236
97.9523	236
97.959	236
97.9658	236
97.9725	236
97.9793	236
97.986	236
97.9928	236
97.9995	236
98.0063	236
98.013	236
98.0197	236
98.0265	236
98.0332	236
98.04	236
98.0467	236
98.0535	236
98.0602	236
98.067	236
98.0737	236
98.0805	236
98.0872	236
98.0939	236
98.1007	236
98.1074	236
98.1142	236
98.1209	236
98.1277	236
98.1344	236
98.1412	236
98.1479	236
98.1547	236
98.1614	236
98.1682	236
98.1749	236
98.1816	236
98.1884	236
98.1951	236
98.2019	236
98.2086	236
98.2154	236
98.2221	236
98.2289	236
98.2356	236
98.2424	236
98.2491	236
98.2558	236
98.2626	236
98.2693	236
98.2761	236
98.2828	236
98.2896	236
98.2963	236
98.3031	236
98.3098	236
98.3166	236
98.3233	236
98.33	236
98.3368	236
98.3435	236
98.3503	236
98.357	236
98.3638	236
98.3705	236
98.3773	236
98.384	236
98.3908	236
98.3975	236
98.4042	236
98.411	236
98.4177	236
98.4245	236
98.4312	236
98.438	236
98.4447	236
98.4515	236
98.4582	236
98.465	236
98.4717	236
98.4784	236
98.4852	236
98.4919	236
98.4987	236
98.5054	236
98.5122	236
98.5189	236
98.5257	236
98.5324	236
98.5392	236
98.5459	236
98.5527	236
98.5594	236
98.5661	236
98.5729	236
98.5796	236
98.5864	236
98.5931	236
98.5999	236
98.6066	236
98.6134	236
98.6201	236
98.6269	236
98.6336	236
98.6403	236
98.6471	236
98.6538	236
98.6606	236
98.6673	236
98.6741	236
98.6808	236
98.6876	236
98.6943	236
98.7011	236
98.7078	236
98.7145	236
98.7213	236
98.728	236
98.7348	236
98.7415	236
98.7483	236
98.755	236
98.7618	236
98.7685	236
98.7753	236
98.782	236
98.7887	236
98.7955	236
98.8022	236
98.809	236
98.8157	236
98.8225	236
98.8292	236
98.836	236
98.8427	236
98.8495	236
98.8562	236
98.8629	236
98.8697	236
98.8764	236
98.8832	236
98.8899	236
98.8967	236
98.9034	236
98.9102	236
98.9169	236
98.9237	236
98.9304	236
98.9371	236
98.9439	236
98.9506	236
98.9574	236
98.9641	236
98.9709	236
98.9776	236
98.9844	236
98.9911	236
98.9979	236
99.0046	236
99.0114	236
99.0181	236
99.0248	236
99.0316	236
99.0383	236
99.0451	236
99.0518	236
99.0586	236
99.0653	236
99.0721	236
99.0788	236
99.0856	236
99.0923	236
99.099	236
99.1058	236
99.1125	236
99.1193	236
99.126	236
99.1328	236
99.1395	236
99.1463	236
99.153	236
99.1598	236
99.1665	236
99.1732	236
99.18	236
99.1867	236
99.1935	236
99.2002	236
99.207	236
99.2137	236
99.2205	236
99.2272	236
99.234	236
99.2407	236
99.2474	236
99.2542	236
99.2609	236
99.2677	236
99.2744	236
99.2812	236
99.2879	236
99.2947	236
99.3014	236
99.3082	236
99.3149	236
99.3216	236
99.3284	236
99.3351	236
99.3419	236
99.3486	236
99.3554	236
99.3621	236
99.3689	236
99.3756	236
99.3824	236
99.3891	236
99.3959	236
99.4026	236
99.4093	236
99.4161	236
99.4228	236
99.4296	236
99.4363	236
99.4431	236
99.4498	236
99.4566	236
99.4633	236
99.4701	236
99.4768	236
99.4835	236
99.4903	236
99.497	236
99.5038	236
99.5105	236
99.5173	236
99.524	236
99.5308	236
99.5375	236
99.5443	236
99.551	236
99.5577	236
99.5645	236
99.5712	236
99.578	236
99.5847	236
99.5915	236
99.5982	236
99.605	236
99.6117	236
99.6185	236
99.6252	236
99.6319	236
99.6387	236
99.6454	236
99.6522	236
99.6589	236
99.6657	236
99.6724	236
99.6792	236
99.6859	236
99.6927	236
99.6994	236
99.7061	236
99.7129	236
99.7196	236
99.7264	236
99.7331	236
99.7399	236
99.7466	236
99.7534	236
99.7601	236
99.7669	236
99.7736	236
99.7803	236
99.7871	236
99.7938	236
99.8006	236
99.8073	236
99.8141	236
99.8208	236
99.8276	236
99.8343	236
99.8411	236
99.8478	236
99.8546	236
99.8613	236
99.868	236
99.8748	236
99.8815	236
99.8883	236
99.895	236
99.9018	236
99.9085	236
99.9153	236
99.922	236
99.9288	236
99.9355	236
99.9422	236
99.949	236
99.9557	236
99.9625	236
99.9692	236
99.976	236
99.9827	236
99.9895	236
99.9962	236
100.003	236
100.01	236
100.016	236
100.023	236
100.03	236
100.037	236
100.043	236
100.05	236
100.057	236
100.064	236
100.07	236
100.077	236
100.084	236
100.091	236
100.097	236
100.104	236
100.111	236
100.118	236
100.124	236
100.131	236
100.138	236
100.145	236
100.151	236
100.158	236
100.165	236
100.172	236
100.178	236
100.185	236
100.192	236
100.199	236
100.205	236
100.212	236
100.219	236
100.226	236
100.232	236
100.239	236
100.246	236
100.253	236
100.259	236
100.266	236
100.273	236
100.28	236
100.286	236
100.293	236
100.3	236
100.307	236
100.313	236
100.32	236
100.327	236
100.333	236
100.34	236
100.347	236
100.354	236
100.36	236
100.367	236
100.374	236
100.381	236
100.387	236
100.394	236
100.401	236
100.408	236
100.414	236
100.421	236
100.428	236
100.435	236
100.441	236
100.448	236
100.455	236
100.462	236
100.468	236
100.475	236
100.482	236
100.489	236
100.495	236
100.502	236
100.509	236
100.516	236
100.522	236
100.529	236
100.536	236
100.543	236
100.549	236
100.556	236
100.563	236
100.57	236
100.576	236
100.583	236
100.59	236
100.597	236
100.603	236
100.61	236
100.617	236
100.624	236
100.63	236
100.637	236
100.644	236
100.651	236
100.657	236
100.664	236
100.671	236
100.678	236
100.684	236
100.691	236
100.698	236
100.704	236
100.711	236
100.718	236
100.725	236
100.731	236
100.738	236
100.745	236
100.752	236
100.758	236
100.765	236
100.772	236
100.779	236
100.785	236
100.792	236
100.799	236
100.806	236
100.812	236
100.819	236
100.826	236
100.833	236
100.839	236
100.846	236
100.853	236
100.86	236
100.866	236
100.873	236
100.88	236
100.887	236
100.893	236
100.9	236
100.907	236
100.914	236
100.92	236
100.927	236
100.934	236
100.941	236
100.947	236
100.954	236
100.961	236
100.968	236
100.974	236
100.981	236
100.988	236
100.995	236
101.001	236
101.008	236
101.015	236
101.022	236
101.028	236
101.035	236
101.042	236
101.049	236
101.055	236
101.062	236
101.069	236
101.076	236
101.082	236
101.089	236
101.096	236
101.102	236
101.109	236
101.116	236
101.123	236
101.129	236
101.136	236
101.143	236
101.15	236
101.156	236
101.163	236
101.17	236
101.177	236
101.183	236
101.19	236
101.197	236
101.204	236
101.21	236
101.217	236
101.224	236
101.231	236
101.237	236
101.244	236
101.251	236
101.258	236
101.264	236
101.271	236
101.278	236
101.285	236
101.291	236
101.298	236
101.305	236
101.312	236
101.318	236
101.325	236
101.332	236
101.339	236
101.345	236
101.352	236
101.359	236
101.366	236
101.372	236
101.379	236
101.386	236
101.393	236
101.399	236
101.406	236
101.413	236
101.42	236
101.426	236
101.433	236
101.44	236
101.447	236
101.453	236
101.46	236
101.467	236
101.473	236
101.48	236
101.487	236
101.494	236
101.5	236
101.507	236
101.514	236
101.521	236
101.527	236
101.534	236
101.541	236
101.548	236
101.554	236
101.561	236
101.568	236
101.575	236
101.581	236
101.588	236
101.595	236
101.602	236
101.608	236
101.615	236
101.622	236
101.629	236
101.635	236
101.642	236
101.649	236
101.656	236
101.662	236
101.669	236
101.676	236
101.683	236
101.689	236
101.696	236
101.703	236
101.71	236
101.716	236
101.723	236
101.73	236
101.737	236
101.743	236
101.75	236
101.757	236
101.764	236
101.77	236
101.777	236
101.784	236
101.791	236
101.797	236
101.804	236
101.811	236
101.818	236
101.824	236
101.831	236
101.838	236
101.845	236
101.851	236
101.858	236
101.865	236
101.871	236
101.878	236
101.885	236
101.892	236
101.898	236
101.905	236
101.912	236
101.919	236
101.925	236
101.932	236
101.939	236
101.946	236
101.952	236
101.959	236
101.966	236
101.973	236
101.979	236
101.986	236
101.993	236
102	236
102.006	236
102.013	236
102.02	236
102.027	236
102.033	236
102.04	236
102.047	236
102.054	236
102.06	236
102.067	236
102.074	236
102.081	236
102.087	236
102.094	236
102.101	236
102.108	236
102.114	236
102.121	236
102.128	236
102.135	236
102.141	236
102.148	236
102.155	236
102.162	236
102.168	236
102.175	236
102.182	236
102.189	236
102.195	236
102.202	236
102.209	236
102.216	236
102.222	236
102.229	236
102.236	236
102.242	236
102.249	236
102.256	236
102.263	236
102.269	236
102.276	236
102.283	236
102.29	236
102.296	236
102.303	236
102.31	236
102.317	236
102.323	236
102.33	236
102.337	236
102.344	236
102.35	236
102.357	236
102.364	236
102.371	236
102.377	236
102.384	236
102.391	236
102.398	236
102.404	236
102.411	236
102.418	236
102.425	236
102.431	236
102.438	236
102.445	236
102.452	236
102.458	236
102.465	236
102.472	236
102.479	236
102.485	236
102.492	236
102.499	236
102.506	236
102.512	236
102.519	236
102.526	236
102.533	236
102.539	236
102.546	236
102.553	236
102.56	236
102.566	236
102.573	236
102.58	236
102.587	236
102.593	236
102.6	236
102.607	236
102.614	236
102.62	236
102.627	236
102.634	236
102.64	236
102.647	236
102.654	236
102.661	236
102.667	236
102.674	236
102.681	236
102.688	236
102.694	236
102.701	236
102.708	236
102.715	236
102.721	236
102.728	236
102.735	236
102.742	236
102.748	236
102.755	236
102.762	236
102.769	236
102.775	236
102.782	236
102.789	236
102.796	236
102.802	236
102.809	236
102.816	236
102.823	236
102.829	236
102.836	236
102.843	236
102.85	236
102.856	236
102.863	236
102.87	236
102.877	236
102.883	236
102.89	236
102.897	236
102.904	236
102.91	236
102.917	236
102.924	236
102.931	236
102.937	236
102.944	236
102.951	236
102.958	236
102.964	236
102.971	236
102.978	236
102.985	236
102.991	236
102.998	236
103.005	236
103.011	236
103.018	236
103.025	236
103.032	236
103.038	236
103.045	236
103.052	236
103.059	236
103.065	236
103.072	236
103.079	236
103.086	236
103.092	236
103.099	236
103.106	236
103.113	236
103.119	236
103.126	236
103.133	236
103.14	236
103.146	236
103.153	236
103.16	236
103.167	236
103.173	236
103.18	236
103.187	236
103.194	236
103.2	236
103.207	236
103.214	236
103.221	236
103.227	236
103.234	236
103.241	236
103.248	236
103.254	236
103.261	236
103.268	236
103.275	236
103.281	236
103.288	236
103.295	236
103.302	236
103.308	236
103.315	236
103.322	236
103.329	236
103.335	236
103.342	236
103.349	236
103.356	236
103.362	236
103.369	236
103.376	236
103.383	236
103.389	236
103.396	236
103.403	236
103.409	236
103.416	236
103.423	236
103.43	236
103.436	236
103.443	236
103.45	236
103.457	236
103.463	236
103.47	236
103.477	236
103.484	236
103.49	236
103.497	236
103.504	236
103.511	236
103.517	236
103.524	236
103.531	236
103.538	236
103.544	236
103.551	236
103.558	236
103.565	236
103.571	236
103.578	236
103.585	236
103.592	236
103.598	236
103.605	236
103.612	236
103.619	236
103.625	236
103.632	236
103.639	236
103.646	236
103.652	236
103.659	236
103.666	236
103.673	236
103.679	236
103.686	236
103.693	236
103.7	236
103.706	236
103.713	236
103.72	236
103.727	236
103.733	236
103.74	236
103.747	236
103.754	236
103.76	236
103.767	236
103.774	236
103.78	236
103.787	236
103.794	236
103.801	236
103.807	236
103.814	236
103.821	236
103.828	236
103.834	236
103.841	236
103.848	236
103.855	236
103.861	236
103.868	236
103.875	236
103.882	236
103.888	236
103.895	236
103.902	236
103.909	236
103.915	236
103.922	236
103.929	236
103.936	236
103.942	236
103.949	236
103.956	236
103.963	236
103.969	236
103.976	236
103.983	236
103.99	236
103.996	236
104.003	236
104.01	236
104.017	236
104.023	236
104.03	236
104.037	236
104.044	236
104.05	236
104.057	236
104.064	236
104.071	236
104.077	236
104.084	236
104.091	236
104.098	236
104.104	236
104.111	236
104.118	236
104.125	236
104.131	236
104.138	236
104.145	236
104.151	236
104.158	236
104.165	236
104.172	236
104.178	236
104.185	236
104.192	236
104.199	236
104.205	236
104.212	236
104.219	236
104.226	236
104.232	236
104.239	236
104.246	236
104.253	236
104.259	236
104.266	236
104.273	236
104.28	236
104.286	236
104.293	236
104.3	236
104.307	236
104.313	236
104.32	236
104.327	236
104.334	236
104.34	236
104.347	236
104.354	236
104.361	236
104.367	236
104.374	236
104.381	236
104.388	236
104.394	236
104.401	236
104.408	236
104.415	236
104.421	236
104.428	236
104.435	236
104.442	236
104.448	236
104.455	236
104.462	236
104.469	236
104.475	236
104.482	236
104.489	236
104.496	236
104.502	236
104.509	236
104.516	236
104.523	236
104.529	236
104.536	236
104.543	236
104.549	236
104.556	236
104.563	236
104.57	236
104.576	236
104.583	236
104.59	236
104.597	236
104.603	236
104.61	236
104.617	236
104.624	236
104.63	236
104.637	236
104.644	236
104.651	236
104.657	236
104.664	236
104.671	236
104.678	236
104.684	236
104.691	236
104.698	236
104.705	236
104.711	236
104.718	236
104.725	236
104.732	236
104.738	236
104.745	236
104.752	236
104.759	236
104.765	236
104.772	236
104.779	236
104.786	236
104.792	236
104.799	236
104.806	236
104.813	236
104.819	236
104.826	236
104.833	236
104.84	236
104.846	236
104.853	236
104.86	236
104.867	236
104.873	236
104.88	236
104.887	236
104.894	236
104.9	236
104.907	236
104.914	236
104.92	236
104.927	236
104.934	236
104.941	236
104.947	236
104.954	236
104.961	236
104.968	236
104.974	236
104.981	236
104.988	236
104.995	236
105.001	236
105.008	236
105.015	236
105.022	236
105.028	236
105.035	236
105.042	236
105.049	236
105.055	236
105.062	236
105.069	236
105.076	236
105.082	236
105.089	236
105.096	236
105.103	236
105.109	236
105.116	236
105.123	236
105.13	236
105.136	236
105.143	236
105.15	236
105.157	236
105.163	236
105.17	236
105.177	236
105.184	236
105.19	236
105.197	236
105.204	236
105.211	236
105.217	236
105.224	236
105.231	236
105.238	236
105.244	236
105.251	236
105.258	236
105.265	236
105.271	236
105.278	236
105.285	236
105.292	236
105.298	236
105.305	236
105.312	236
105.318	236
105.325	236
105.332	236
105.339	236
105.345	236
105.352	236
105.359	236
105.366	236
105.372	236
105.379	236
105.386	236
105.393	236
105.399	236
105.406	236
105.413	236
105.42	236
105.426	236
105.433	236
105.44	236
105.447	236
105.453	236
105.46	236
105.467	236
105.474	236
105.48	236
105.487	236
105.494	236
105.501	236
105.507	236
105.514	236
105.521	236
105.528	236
105.534	236
105.541	236
105.548	236
105.555	236
105.561	236
105.568	236
105.575	236
105.582	236
105.588	236
105.595	236
105.602	236
105.609	236
105.615	236
105.622	236
105.629	236
105.636	236
105.642	236
105.649	236
105.656	236
105.663	236
105.669	236
105.676	236
105.683	236
105.689	236
105.696	236
105.703	236
105.71	236
105.716	236
105.723	236
105.73	236
105.737	236
105.743	236
105.75	236
105.757	236
105.764	236
105.77	236
105.777	236
105.784	236
105.791	236
105.797	236
105.804	236
105.811	236
105.818	236
105.824	236
105.831	236
105.838	236
105.845	236
105.851	236
105.858	236
105.865	236
105.872	236
105.878	236
105.885	236
105.892	236
105.899	236
105.905	236
105.912	236
105.919	236
105.926	236
105.932	236
105.939	236
105.946	236
105.953	236
105.959	236
105.966	236
105.973	236
105.98	236
105.986	236
105.993	236
106	236
106.007	236
106.013	236
106.02	236
106.027	236
106.034	236
106.04	236
106.047	236
106.054	236
106.061	236
106.067	236
106.074	236
106.081	236
106.087	236
106.094	236
106.101	236
106.108	236
106.114	236
106.121	236
106.128	236
106.135	236
106.141	236
106.148	236
106.155	236
106.162	236
106.168	236
106.175	236
106.182	236
106.189	236
106.195	236
106.202	236
106.209	236
106.216	236
106.222	236
106.229	236
106.236	236
106.243	236
106.249	236
106.256	236
106.263	236
106.27	236
106.276	236
106.283	236
106.29	236
106.297	236
106.303	236
106.31	236
106.317	236
106.324	236
106.33	236
106.337	236
106.344	236
106.351	236
106.357	236
106.364	236
106.371	236
106.378	236
106.384	236
106.391	236
106.398	236
106.405	236
106.411	236
106.418	236
106.425	236
106.432	236
106.438	236
106.445	236
106.452	236
106.458	236
106.465	236
106.472	236
106.479	236
106.485	236
106.492	236
106.499	236
106.506	236
106.512	236
106.519	236
106.526	236
106.533	236
106.539	236
106.546	236
106.553	236
106.56	236
106.566	236
106.573	236
106.58	236
106.587	236
106.593	236
106.6	236
106.607	236
106.614	236
106.62	236
106.627	236
106.634	236
106.641	236
106.647	236
106.654	236
106.661	236
106.668	236
106.674	236
106.681	236
106.688	236
106.695	236
106.701	236
106.708	236
106.715	236
106.722	236
106.728	236
106.735	236
106.742	236
106.749	236
106.755	236
106.762	236
106.769	236
106.776	236
106.782	236
106.789	236
106.796	236
106.803	236
106.809	236
106.816	236
106.823	236
106.83	236
106.836	236
106.843	236
106.85	236
106.856	236
106.863	236
106.87	236
106.877	236
106.883	236
106.89	236
106.897	236
106.904	236
106.91	236
106.917	236
106.924	236
106.931	236
106.937	236
106.944	236
106.951	236
106.958	236
106.964	236
106.971	236
106.978	236
106.985	236
106.991	236
106.998	236
107.005	236
107.012	236
107.018	236
107.025	236
107.032	236
107.039	236
107.045	236
107.052	236
107.059	236
107.066	236
107.072	236
107.079	236
107.086	236
107.093	236
107.099	236
107.106	236
107.113	236
107.12	236
107.126	236
107.133	236
107.14	236
107.147	236
107.153	236
107.16	236
107.167	236
107.174	236
107.18	236
107.187	236
107.194	236
107.201	236
107.207	236
107.214	236
107.221	236
107.227	236
107.234	236
107.241	236
107.248	236
107.254	236
107.261	236
107.268	236
107.275	236
107.281	236
107.288	236
107.295	236
107.302	236
107.308	236
107.315	236
107.322	236
107.329	236
107.335	236
107.342	236
107.349	236
107.356	236
107.362	236
107.369	236
107.376	236
107.383	236
107.389	236
107.396	236
107.403	236
107.41	236
107.416	236
107.423	236
107.43	236
107.437	236
107.443	236
107.45	236
107.457	236
107.464	236
107.47	236
107.477	236
107.484	236
107.491	236
107.497	236
107.504	236
107.511	236
107.518	236
107.524	236
107.531	236
107.538	236
107.545	236
107.551	236
107.558	236
107.565	236
107.572	236
107.578	236
107.585	236
107.592	236
107.599	236
107.605	236
107.612	236
107.619	236
107.625	236
107.632	236
107.639	236
107.646	236
107.652	236
107.659	236
107.666	236
107.673	236
107.679	236
107.686	236
107.693	236
107.7	236
107.706	236
107.713	236
107.72	236
107.727	236
107.733	236
107.74	236
107.747	236
107.754	236
107.76	236
107.767	236
107.774	236
107.781	236
107.787	236
107.794	236
107.801	236
107.808	236
107.814	236
107.821	236
107.828	236
107.835	236
107.841	236
107.848	236
107.855	236
107.862	236
107.868	236
107.875	236
107.882	236
107.889	236
107.895	236
107.902	236
107.909	236
107.916	236
107.922	236
107.929	236
107.936	236
107.943	236
107.949	236
107.956	236
107.963	236
107.97	236
107.976	236
107.983	236
107.99	236
107.996	236
108.003	236
108.01	236
108.017	236
108.023	236
108.03	236
108.037	236
108.044	236
108.05	236
108.057	236
108.064	236
108.071	236
108.077	236
108.084	236
108.091	236
108.098	236
108.104	236
108.111	236
108.118	236
108.125	236
108.131	236
108.138	236
108.145	236
108.152	236
108.158	236
108.165	236
108.172	236
108.179	236
108.185	236
108.192	236
108.199	236
108.206	236
108.212	236
108.219	236
108.226	236
108.233	236
108.239	236
108.246	236
108.253	236
108.26	236
108.266	236
108.273	236
108.28	236
108.287	236
108.293	236
108.3	236
108.307	236
108.314	236
108.32	236
108.327	236
108.334	236
108.341	236
108.347	236
108.354	236
108.361	236
108.367	236
108.374	236
108.381	236
108.388	236
108.394	236
108.401	236
108.408	236
108.415	236
108.421	236
108.428	236
108.435	236
108.442	236
108.448	236
108.455	236
108.462	236
108.469	236
108.475	236
108.482	236
108.489	236
108.496	236
108.502	236
108.509	236
108.516	236
108.523	236
108.529	236
108.536	236
108.543	236
108.55	236
108.556	236
108.563	236
108.57	236
108.577	236
108.583	236
108.59	236
108.597	236
108.604	236
108.61	236
108.617	236
108.624	236
108.631	236
108.637	236
108.644	236
108.651	236
108.658	236
108.664	236
108.671	236
108.678	236
108.685	236
108.691	236
108.698	236
108.705	236
108.712	236
108.718	236
108.725	236
108.732	236
108.739	236
108.745	236
108.752	236
108.759	236
108.765	236
108.772	236
108.779	236
108.786	236
108.792	236
108.799	236
108.806	236
108.813	236
108.819	236
108.826	236
108.833	236
108.84	236
108.846	236
108.853	236
108.86	236
108.867	236
108.873	236
108.88	236
108.887	236
108.894	236
108.9	236
108.907	236
108.914	236
108.921	236
108.927	236
108.934	236
108.941	236
108.948	236
108.954	236
108.961	236
108.968	236
108.975	236
108.981	236
108.988	236
108.995	236
109.002	236
109.008	236
109.015	236
109.022	236
109.029	236
109.035	236
109.042	236
109.049	236
109.056	236
109.062	236
109.069	236
109.076	236
109.083	236
109.089	236
109.096	236
109.103	236
109.11	236
109.116	236
109.123	236
109.13	236
109.136	236
109.143	236
109.15	236
109.157	236
109.163	236
109.17	236
109.177	236
109.184	236
109.19	236
109.197	236
109.204	236
109.211	236
109.217	236
109.224	236
109.231	236
109.238	236
109.244	236
109.251	236
109.258	236
109.265	236
109.271	236
109.278	236
109.285	236
109.292	236
109.298	236
109.305	236
109.312	236
109.319	236
109.325	236
109.332	236
109.339	236
109.346	236
109.352	236
109.359	236
109.366	236
109.373	236
109.379	236
109.386	236
109.393	236
109.4	236
109.406	236
109.413	236
109.42	236
109.427	236
109.433	236
109.44	236
109.447	236
109.454	236
109.46	236
109.467	236
109.474	236
109.481	236
109.487	236
109.494	236
109.501	236
109.508	236
109.514	236
109.521	236
109.528	236
109.534	236
109.541	236
109.548	236
109.555	236
109.561	236
109.568	236
109.575	236
109.582	236
109.588	236
109.595	236
109.602	236
109.609	236
109.615	236
109.622	236
109.629	236
109.636	236
109.642	236
109.649	236
109.656	236
109.663	236
109.669	236
109.676	236
109.683	236
109.69	236
109.696	236
109.703	236
109.71	236
109.717	236
109.723	236
109.73	236
109.737	236
109.744	236
109.75	236
109.757	236
109.764	236
109.771	236
109.777	236
109.784	236
109.791	236
109.798	236
109.804	236
109.811	236
109.818	236
109.825	236
109.831	236
109.838	236
109.845	236
109.852	236
109.858	236
109.865	236
109.872	236
109.879	236
109.885	236
109.892	236
109.899	236
109.905	236
109.912	236
109.919	236
109.926	236
109.932	236
109.939	236
109.946	236
109.953	236
109.959	236
109.966	236
109.973	236
109.98	236
109.986	236
109.993	236
110	236
110.007	236
110.013	236
110.02	236
110.027	236
110.034	236
110.04	236
110.047	236
110.054	236
110.061	236
110.067	236
110.074	236
110.081	236
110.088	236
110.094	236
110.101	236
110.108	236
110.115	236
110.121	236
110.128	236
110.135	236
110.142	236
110.148	236
110.155	236
110.162	236
110.169	236
110.175	236
110.182	236
110.189	236
110.196	236
110.202	236
110.209	236
110.216	236
110.223	236
110.229	236
110.236	236
110.243	236
110.25	236
110.256	236
110.263	236
110.27	236
110.277	236
110.283	236
110.29	236
110.297	236
110.303	236
110.31	236
110.317	236
110.324	236
110.33	236
110.337	236
110.344	236
110.351	236
110.357	236
110.364	236
110.371	236
110.378	236
110.384	236
110.391	236
110.398	236
110.405	236
110.411	236
110.418	236
110.425	236
110.432	236
110.438	236
110.445	236
110.452	236
110.459	236
110.465	236
110.472	236
110.479	236
110.486	236
110.492	236
110.499	236
110.506	236
110.513	236
110.519	236
110.526	236
110.533	236
110.54	236
110.546	236
110.553	236
110.56	236
110.567	236
110.573	236
110.58	236
110.587	236
110.594	236
110.6	236
110.607	236
110.614	236
110.621	236
110.627	236
110.634	236
110.641	236
110.648	236
110.654	236
110.661	236
110.668	236
110.674	236
110.681	236
110.688	236
110.695	236
110.701	236
110.708	236
110.715	236
110.722	236
110.728	236
110.735	236
110.742	236
110.749	236
110.755	236
110.762	236
110.769	236
110.776	236
110.782	236
110.789	236
110.796	236
110.803	236
110.809	236
110.816	236
110.823	236
110.83	236
110.836	236
110.843	236
110.85	236
110.857	236
110.863	236
110.87	236
110.877	236
110.884	236
110.89	236
110.897	236
110.904	236
110.911	236
110.917	236
110.924	236
110.931	236
110.938	236
110.944	236
110.951	236
110.958	236
110.965	236
110.971	236
110.978	236
110.985	236
110.992	236
110.998	236
111.005	236
111.012	236
111.019	236
111.025	236
111.032	236
111.039	236
111.046	236
111.052	236
111.059	236
111.066	236
111.072	236
111.079	236
111.086	236
111.093	236
111.099	236
111.106	236
111.113	236
111.12	236
111.126	236
111.133	236
111.14	236
111.147	236
111.153	236
111.16	236
111.167	236
111.174	236
111.18	236
111.187	236
111.194	236
111.201	236
111.207	236
111.214	236
111.221	236
111.228	236
111.234	236
111.241	236
111.248	236
111.255	236
111.261	236
111.268	236
111.275	236
111.282	236
111.288	236
111.295	236
111.302	236
111.309	236
111.315	236
111.322	236
111.329	236
111.336	236
111.342	236
111.349	236
111.356	236
111.363	236
111.369	236
111.376	236
111.383	236
111.39	236
111.396	236
111.403	236
111.41	236
111.417	236
111.423	236
111.43	236
111.437	236
111.443	236
111.45	236
111.457	236
111.464	236
111.47	236
111.477	236
111.484	236
111.491	236
111.497	236
111.504	236
111.511	236
111.518	236
111.524	236
111.531	236
111.538	236
111.545	236
111.551	236
111.558	236
111.565	236
111.572	236
111.578	236
111.585	236
111.592	236
111.599	236
111.605	236
111.612	236
111.619	236
111.626	236
111.632	236
111.639	236
111.646	236
111.653	236
111.659	236
111.666	236
111.673	236
111.68	236
111.686	236
111.693	236
111.7	236
111.707	236
111.713	236
111.72	236
111.727	236
111.734	236
111.74	236
111.747	236
111.754	236
111.761	236
111.767	236
111.774	236
111.781	236
111.788	236
111.794	236
111.801	236
111.808	236
111.815	236
111.821	236
111.828	236
111.835	236
111.841	236
111.848	236
111.855	236
111.862	236
111.868	236
111.875	236
111.882	236
111.889	236
111.895	236
111.902	236
111.909	236
111.916	236
111.922	236
111.929	236
111.936	236
111.943	236
111.949	236
111.956	236
111.963	236
111.97	236
111.976	236
111.983	236
111.99	236
111.997	236
112.003	236
112.01	236
112.017	236
112.024	236
112.03	236
112.037	236
112.044	236
112.051	236
112.057	236
112.064	236
112.071	236
112.078	236
112.084	236
112.091	236
112.098	236
112.105	236
112.111	236
112.118	236
112.125	236
112.132	236
112.138	236
112.145	236
112.152	236
112.159	236
112.165	236
112.172	236
112.179	236
112.186	236
112.192	236
112.199	236
112.206	236
112.212	236
112.219	236
112.226	236
112.233	236
112.239	236
112.246	236
112.253	236
112.26	236
112.266	236
112.273	236
112.28	236
112.287	236
112.293	236
112.3	236
112.307	236
112.314	236
112.32	236
112.327	236
112.334	236
112.341	236
112.347	236
112.354	236
112.361	236
112.368	236
112.374	236
112.381	236
112.388	236
112.395	236
112.401	236
112.408	236
112.415	236
112.422	236
112.428	236
112.435	236
112.442	236
112.449	236
112.455	236
112.462	236
112.469	236
112.476	236
112.482	236
112.489	236
112.496	236
112.503	236
112.509	236
112.516	236
112.523	236
112.53	236
112.536	236
112.543	236
112.55	236
112.557	236
112.563	236
112.57	236
112.577	236
112.583	236
112.59	236
112.597	236
112.604	236
112.61	236
112.617	236
112.624	236
112.631	236
112.637	236
112.644	236
112.651	236
112.658	236
112.664	236
112.671	236
112.678	236
112.685	236
112.691	236
112.698	236
112.705	236
112.712	236
112.718	236
112.725	236
112.732	236
112.739	236
112.745	236
112.752	236
112.759	236
112.766	236
112.772	236
112.779	236
112.786	236
112.793	236
112.799	236
112.806	236
112.813	236
112.82	236
112.826	236
112.833	236
112.84	236
112.847	236
112.853	236
112.86	236
112.867	236
112.874	236
112.88	236
112.887	236
112.894	236
112.901	236
112.907	236
112.914	236
112.921	236
112.928	236
112.934	236
112.941	236
112.948	236
112.955	236
112.961	236
112.968	236
112.975	236
112.981	236
112.988	236
112.995	236
113.002	236
113.008	236
113.015	236
113.022	236
113.029	236
113.035	236
113.042	236
113.049	236
113.056	236
113.062	236
113.069	236
113.076	236
113.083	236
113.089	236
113.096	236
113.103	236
113.11	236
113.116	236
113.123	236
113.13	236
113.137	236
113.143	236
113.15	236
113.157	236
113.164	236
113.17	236
113.177	236
113.184	236
113.191	236
113.197	236
113.204	236
113.211	236
113.218	236
113.224	236
113.231	236
113.238	236
113.245	236
113.251	236
113.258	236
113.265	236
113.272	236
113.278	236
113.285	236
113.292	236
113.299	236
113.305	236
113.312	236
113.319	236
113.326	236
113.332	236
113.339	236
113.346	236
113.352	236
113.359	236
113.366	236
113.373	236
113.379	236
113.386	236
113.393	236
113.4	236
113.406	236
113.413	236
113.42	236
113.427	236
113.433	236
113.44	236
113.447	236
113.454	236
113.46	236
113.467	236
113.474	236
113.481	236
113.487	236
113.494	236
113.501	236
113.508	236
113.514	236
113.521	236
113.528	236
113.535	236
113.541	236
113.548	236
113.555	236
113.562	236
113.568	236
113.575	236
113.582	236
113.589	236
113.595	236
113.602	236
113.609	236
113.616	236
113.622	236
113.629	236
113.636	236
113.643	236
113.649	236
113.656	236
113.663	236
113.67	236
113.676	236
113.683	236
113.69	236
113.697	236
113.703	236
113.71	236
113.717	236
113.724	236
113.73	236
113.737	236
113.744	236
113.75	236
113.757	236
113.764	236
113.771	236
113.777	236
113.784	236
113.791	236
113.798	236
113.804	236
113.811	236
113.818	236
113.825	236
113.831	236
113.838	236
113.845	236
113.852	236
113.858	236
113.865	236
113.872	236
113.879	236
113.885	236
113.892	236
113.899	236
113.906	236
113.912	236
113.919	236
113.926	236
113.933	236
113.939	236
113.946	236
113.953	236
113.96	236
113.966	236
113.973	236
113.98	236
113.987	236
113.993	236
114	236
114.007	236
114.014	236
114.02	236
114.027	236
114.034	236
114.041	236
114.047	236
114.054	236
114.061	236
114.068	236
114.074	236
114.081	236
114.088	236
114.095	236
114.101	236
114.108	236
114.115	236
114.121	236
114.128	236
114.135	236
114.142	236
114.148	236
114.155	236
114.162	236
114.169	236
114.175	236
114.182	236
114.189	236
114.196	236
114.202	236
114.209	236
114.216	236
114.223	236
114.229	236
114.236	236
114.243	236
114.25	236
114.256	236
114.263	236
114.27	236
114.277	236
114.283	236
114.29	236
114.297	236
114.304	236
114.31	236
114.317	236
114.324	236
114.331	236
114.337	236
114.344	236
114.351	236
114.358	236
114.364	236
114.371	236
114.378	236
114.385	236
114.391	236
114.398	236
114.405	236
114.412	236
114.418	236
114.425	236
114.432	236
114.439	236
114.445	236
114.452	236
114.459	236
114.466	236
114.472	236
114.479	236
114.486	236
114.493	236
114.499	236
114.506	236
114.513	236
114.519	236
114.526	236
114.533	236
114.54	236
114.546	236
114.553	236
114.56	236
114.567	236
114.573	236
114.58	236
114.587	236
114.594	236
114.6	236
114.607	236
114.614	236
114.621	236
114.627	236
114.634	236
114.641	236
114.648	236
114.654	236
114.661	236
114.668	236
114.675	236
114.681	236
114.688	236
114.695	236
114.702	236
114.708	236
114.715	236
114.722	236
114.729	236
114.735	236
114.742	236
114.749	236
114.756	236
114.762	236
114.769	236
114.776	236
114.783	236
114.789	236
114.796	236
114.803	236
114.81	236
114.816	236
114.823	236
114.83	236
114.837	236
114.843	236
114.85	236
114.857	236
114.864	236
114.87	236
114.877	236
114.884	236
114.89	236
114.897	236
114.904	236
114.911	236
114.917	236
114.924	236
114.931	236
114.938	236
114.944	236
114.951	236
114.958	236
114.965	236
114.971	236
114.978	236
114.985	236
114.992	236
114.998	236
115.005	236
115.012	236
115.019	236
115.025	236
115.032	236
115.039	236
115.046	236
115.052	236
115.059	236
115.066	236
115.073	236
115.079	236
115.086	236
115.093	236
115.1	236
115.106	236
115.113	236
115.12	236
115.127	236
115.133	236
115.14	236
115.147	236
115.154	236
115.16	236
115.167	236
115.174	236
115.181	236
115.187	236
115.194	236
115.201	236
115.208	236
115.214	236
115.221	236
115.228	236
115.235	236
115.241	236
115.248	236
115.255	236
115.262	236
115.268	236
115.275	236
115.282	236
115.288	236
115.295	236
115.302	236
115.309	236
115.315	236
115.322	236
115.329	236
115.336	236
115.342	236
115.349	236
115.356	236
115.363	236
115.369	236
115.376	236
115.383	236
115.39	236
115.396	236
115.403	236
115.41	236
115.417	236
115.423	236
115.43	236
115.437	236
115.444	236
115.45	236
115.457	236
115.464	236
115.471	236
115.477	236
115.484	236
115.491	236
115.498	236
115.504	236
115.511	236
115.518	236
115.525	236
115.531	236
115.538	236
115.545	236
115.552	236
115.558	236
115.565	236
115.572	236
115.579	236
115.585	236
115.592	236
115.599	236
115.606	236
115.612	236
115.619	236
115.626	236
115.633	236
115.639	236
115.646	236
115.653	236
115.659	236
115.666	236
115.673	236
115.68	236
115.686	236
115.693	236
115.7	236
115.707	236
115.713	236
115.72	236
115.727	236
115.734	236
115.74	236
115.747	236
115.754	236
115.761	236
115.767	236
115.774	236
115.781	236
115.788	236
115.794	236
115.801	236
115.808	236
115.815	236
115.821	236
115.828	236
115.835	236
115.842	236
115.848	236
115.855	236
115.862	236
115.869	236
115.875	236
115.882	236
115.889	236
115.896	236
115.902	236
115.909	236
115.916	236
115.923	236
115.929	236
115.936	236
115.943	236
115.95	236
115.956	236
115.963	236
115.97	236
115.977	236
115.983	236
115.99	236
115.997	236
116.004	236
116.01	236
116.017	236
116.024	236
116.031	236
116.037	236
116.044	236
116.051	236
116.057	236
116.064	236
116.071	236
116.078	236
116.084	236
116.091	236
116.098	236
116.105	236
116.111	236
116.118	236
116.125	236
116.132	236
116.138	236
116.145	236
116.152	236
116.159	236
116.165	236
116.172	236
116.179	236
116.186	236
116.192	236
116.199	236
116.206	236
116.213	236
116.219	236
116.226	236
116.233	236
116.24	236
116.246	236
116.253	236
116.26	236
116.267	236
116.273	236
116.28	236
116.287	236
116.294	236
116.3	236
116.307	236
116.314	236
116.321	236
116.327	236
116.334	236
116.341	236
116.348	236
116.354	236
116.361	236
116.368	236
116.375	236
116.381	236
116.388	236
116.395	236
116.402	236
116.408	236
116.415	236
116.422	236
116.428	236
116.435	236
116.442	236
116.449	236
116.455	236
116.462	236
116.469	236
116.476	236
116.482	236
116.489	236
116.496	236
116.503	236
116.509	236
116.516	236
116.523	236
116.53	236
116.536	236
116.543	236
116.55	236
116.557	236
116.563	236
116.57	236
116.577	236
116.584	236
116.59	236
116.597	236
116.604	236
116.611	236
116.617	236
116.624	236
116.631	236
116.638	236
116.644	236
116.651	236
116.658	236
116.665	236
116.671	236
116.678	236
116.685	236
116.692	236
116.698	236
116.705	236
116.712	236
116.719	236
116.725	236
116.732	236
116.739	236
116.746	236
116.752	236
116.759	236
116.766	236
116.773	236
116.779	236
116.786	236
116.793	236
116.799	236
116.806	236
116.813	236
116.82	236
116.826	236
116.833	236
116.84	236
116.847	236
116.853	236
116.86	236
116.867	236
116.874	236
116.88	236
116.887	236
116.894	236
116.901	236
116.907	236
116.914	236
116.921	236
116.928	236
116.934	236
116.941	236
116.948	236
116.955	236
116.961	236
116.968	236
116.975	236
116.982	236
116.988	236
116.995	236
117.002	236
117.009	236
117.015	236
117.022	236
117.029	236
117.036	236
117.042	236
117.049	236
117.056	236
117.063	236
117.069	236
117.076	236
117.083	236
117.09	236
117.096	236
117.103	236
117.11	236
117.117	236
117.123	236
117.13	236
117.137	236
117.144	236
117.15	236
117.157	236
117.164	236
117.171	236
117.177	236
117.184	236
117.191	236
117.197	236
117.204	236
117.211	236
117.218	236
117.224	236
117.231	236
117.238	236
117.245	236
117.251	236
117.258	236
117.265	236
117.272	236
117.278	236
117.285	236
117.292	236
117.299	236
117.305	236
117.312	236
117.319	236
117.326	236
117.332	236
117.339	236
117.346	236
117.353	236
117.359	236
117.366	236
117.373	236
117.38	236
117.386	236
117.393	236
117.4	236
117.407	236
117.413	236
117.42	236
117.427	236
117.434	236
117.44	236
117.447	236
117.454	236
117.461	236
117.467	236
117.474	236
117.481	236
117.488	236
117.494	236
117.501	236
117.508	236
117.515	236
117.521	236
117.528	236
117.535	236
117.542	236
117.548	236
117.555	236
117.562	236
117.568	236
117.575	236
117.582	236
117.589	236
117.595	236
117.602	236
117.609	236
117.616	236
117.622	236
117.629	236
117.636	236
117.643	236
117.649	236
117.656	236
117.663	236
117.67	236
117.676	236
117.683	236
117.69	236
117.697	236
117.703	236
117.71	236
117.717	236
117.724	236
117.73	236
117.737	236
117.744	236
117.751	236
117.757	236
117.764	236
117.771	236
117.778	236
117.784	236
117.791	236
117.798	236
117.805	236
117.811	236
117.818	236
117.825	236
117.832	236
117.838	236
117.845	236
117.852	236
117.859	236
117.865	236
117.872	236
117.879	236
117.886	236
117.892	236
117.899	236
117.906	236
117.913	236
117.919	236
117.926	236
117.933	236
117.94	236
117.946	236
117.953	236
117.96	236
117.966	236
117.973	236
117.98	236
117.987	236
117.993	236
118	236
118.007	236
118.014	236
118.02	236
118.027	236
118.034	236
118.041	236
118.047	236
118.054	236
118.061	236
118.068	236
118.074	236
118.081	236
118.088	236
118.095	236
118.101	236
118.108	236
118.115	236
118.122	236
118.128	236
118.135	236
118.142	236
118.149	236
118.155	236
118.162	236
118.169	236
118.176	236
118.182	236
118.189	236
118.196	236
118.203	236
118.209	236
118.216	236
118.223	236
118.23	236
118.236	236
118.243	236
118.25	236
118.257	236
118.263	236
118.27	236
118.277	236
118.284	236
118.29	236
118.297	236
118.304	236
118.311	236
118.317	236
118.324	236
118.331	236
118.337	236
118.344	236
118.351	236
118.358	236
118.364	236
118.371	236
118.378	236
118.385	236
118.391	236
118.398	236
118.405	236
118.412	236
118.418	236
118.425	236
118.432	236
118.439	236
118.445	236
118.452	236
118.459	236
118.466	236
118.472	236
118.479	236
118.486	236
118.493	236
118.499	236
118.506	236
118.513	236
118.52	236
118.526	236
118.533	236
118.54	236
118.547	236
118.553	236
118.56	236
118.567	236
118.574	236
118.58	236
118.587	236
118.594	236
118.601	236
118.607	236
118.614	236
118.621	236
118.628	236
118.634	236
118.641	236
118.648	236
118.655	236
118.661	236
118.668	236
118.675	236
118.682	236
118.688	236
118.695	236
118.702	236
118.709	236
118.715	236
118.722	236
118.729	236
118.735	236
118.742	236
118.749	236
118.756	236
118.762	236
118.769	236
118.776	236
118.783	236
118.789	236
118.796	236
118.803	236
118.81	236
118.816	236
118.823	236
118.83	236
118.837	236
118.843	236
118.85	236
118.857	236
118.864	236
118.87	236
118.877	236
118.884	236
118.891	236
118.897	236
118.904	236
118.911	236
118.918	236
118.924	236
118.931	236
118.938	236
118.945	236
118.951	236
118.958	236
118.965	236
118.972	236
118.978	236
118.985	236
118.992	236
118.999	236
119.005	236
119.012	236
119.019	236
119.026	236
119.032	236
119.039	236
119.046	236
119.053	236
119.059	236
119.066	236
119.073	236
119.08	236
119.086	236
119.093	236
119.1	236
119.106	236
119.113	236
119.12	236
119.127	236
119.133	236
119.14	236
119.147	236
119.154	236
119.16	236
119.167	236
119.174	236
119.181	236
119.187	236
119.194	236
119.201	236
119.208	236
119.214	236
119.221	236
119.228	236
119.235	236
119.241	236
119.248	236
119.255	236
119.262	236
119.268	236
119.275	236
119.282	236
119.289	236
119.295	236
119.302	236
119.309	236
119.316	236
119.322	236
119.329	236
119.336	236
119.343	236
119.349	236
119.356	236
119.363	236
119.37	236
119.376	236
119.383	236
119.39	236
119.397	236
119.403	236
119.41	236
119.417	236
119.424	236
119.43	236
119.437	236
119.444	236
119.451	236
119.457	236
119.464	236
119.471	236
119.478	236
119.484	236
119.491	236
119.498	236
119.504	236
119.511	236
119.518	236
119.525	236
119.531	236
119.538	236
119.545	236
119.552	236
119.558	236
119.565	236
119.572	236
119.579	236
119.585	236
119.592	236
119.599	236
119.606	236
119.612	236
119.619	236
119.626	236
119.633	236
119.639	236
119.646	236
119.653	236
119.66	236
119.666	236
119.673	236
119.68	236
119.687	236
119.693	236
119.7	236
119.707	236
119.714	236
119.72	236
119.727	236
119.734	236
119.741	236
119.747	236
119.754	236
119.761	236
119.768	236
119.774	236
119.781	236
119.788	236
119.795	236
119.801	236
119.808	236
119.815	236
119.822	236
119.828	236
119.835	236
119.842	236
119.849	236
119.855	236
119.862	236
119.869	236
119.875	236
119.882	236
119.889	236
119.896	236
119.902	236
119.909	236
119.916	236
119.923	236
119.929	236
119.936	236
119.943	236
119.95	236
119.956	236
119.963	236
119.97	236
119.977	236
119.983	236
119.99	236
119.997	236
120.004	236
120.01	236
120.017	236
120.024	236
120.031	236
120.037	236
120.044	236
120.051	236
120.058	236
120.064	236
120.071	236
120.078	236
120.085	236
120.091	236
120.098	236
120.105	236
120.112	236
120.118	236
120.125	236
120.132	236
120.139	236
120.145	236
120.152	236
120.159	236
120.166	236
120.172	236
120.179	236
120.186	236
120.193	236
120.199	236
120.206	236
120.213	236
120.22	236
120.226	236
120.233	236
120.24	236
120.247	236
120.253	236
120.26	236
120.267	236
120.273	236
120.28	236
120.287	236
120.294	236
120.3	236
120.307	236
120.314	236
120.321	236
120.327	236
120.334	236
120.341	236
120.348	236
120.354	236
120.361	236
120.368	236
120.375	236
120.381	236
120.388	236
120.395	236
120.402	236
120.408	236
120.415	236
120.422	236
120.429	236
120.435	236
120.442	236
120.449	236
120.456	236
120.462	236
120.469	236
120.476	236
120.483	236
120.489	236
120.496	236
120.503	236
120.51	236
120.516	236
120.523	236
120.53	236
120.537	236
120.543	236
120.55	236
120.557	236
120.564	236
120.57	236
120.577	236
120.584	236
120.591	236
120.597	236
120.604	236
120.611	236
120.618	236
120.624	236
120.631	236
120.638	236
120.644	236
120.651	236
120.658	236
120.665	236
120.671	236
120.678	236
120.685	236
120.692	236
120.698	236
120.705	236
120.712	236
120.719	236
120.725	236
120.732	236
120.739	236
120.746	236
120.752	236
120.759	236
120.766	236
120.773	236
120.779	236
120.786	236
120.793	236
120.8	236
120.806	236
120.813	236
120.82	236
120.827	236
120.833	236
120.84	236
120.847	236
120.854	236
120.86	236
120.867	236
120.874	236
120.881	236
120.887	236
120.894	236
120.901	236
120.908	236
120.914	236
120.921	236
120.928	236
120.935	236
120.941	236
120.948	236
120.955	236
120.962	236
120.968	236
120.975	236
120.982	236
120.989	236
120.995	236
121.002	236
121.009	236
121.015	236
121.022	236
121.029	236
121.036	236
121.042	236
121.049	236
121.056	236
121.063	236
121.069	236
121.076	236
121.083	236
121.09	236
121.096	236
121.103	236
121.11	236
121.117	236
121.123	236
121.13	236
121.137	236
121.144	236
121.15	236
121.157	236
121.164	236
121.171	236
121.177	236
121.184	236
121.191	236
121.198	236
121.204	236
121.211	236
121.218	236
121.225	236
121.231	236
121.238	236
121.245	236
121.252	236
121.258	236
121.265	236
121.272	236
121.279	236
121.285	236
121.292	236
121.299	236
121.306	236
121.312	236
121.319	236
121.326	236
121.333	236
121.339	236
121.346	236
121.353	236
121.36	236
121.366	236
121.373	236
121.38	236
121.387	236
121.393	236
121.4	236
121.407	236
121.413	236
121.42	236
121.427	236
121.434	236
121.44	236
121.447	236
121.454	236
121.461	236
121.467	236
121.474	236
121.481	236
121.488	236
121.494	236
121.501	236
121.508	236
121.515	236
121.521	236
121.528	236
121.535	236
121.542	236
121.548	236
121.555	236
121.562	236
121.569	236
121.575	236
121.582	236
121.589	236
121.596	236
121.602	236
121.609	236
121.616	236
121.623	236
121.629	236
121.636	236
121.643	236
121.65	236
121.656	236
121.663	236
121.67	236
121.677	236
121.683	236
121.69	236
121.697	236
121.704	236
121.71	236
121.717	236
121.724	236
121.731	236
121.737	236
121.744	236
121.751	236
121.758	236
121.764	236
121.771	236
121.778	236
121.784	236
121.791	236
121.798	236
121.805	236
121.811	236
121.818	236
121.825	236
121.832	236
121.838	236
121.845	236
121.852	236
121.859	236
121.865	236
121.872	236
121.879	236
121.886	236
121.892	236
121.899	236
121.906	236
121.913	236
121.919	236
121.926	236
121.933	236
121.94	236
121.946	236
121.953	236
121.96	236
121.967	236
121.973	236
121.98	236
121.987	236
121.994	236
122	236
122.007	236
122.014	236
122.021	236
122.027	236
122.034	236
122.041	236
122.048	236
122.054	236
122.061	236
122.068	236
122.075	236
122.081	236
122.088	236
122.095	236
122.102	236
122.108	236
122.115	236
122.122	236
122.129	236
122.135	236
122.142	236
122.149	236
122.156	236
122.162	236
122.169	236
122.176	236
122.182	236
122.189	236
122.196	236
122.203	236
122.209	236
122.216	236
122.223	236
122.23	236
122.236	236
122.243	236
122.25	236
122.257	236
122.263	236
122.27	236
122.277	236
122.284	236
122.29	236
122.297	236
122.304	236
122.311	236
122.317	236
122.324	236
122.331	236
122.338	236
122.344	236
122.351	236
122.358	236
122.365	236
122.371	236
122.378	236
122.385	236
122.392	236
122.398	236
122.405	236
122.412	236
122.419	236
122.425	236
122.432	236
122.439	236
122.446	236
122.452	236
122.459	236
122.466	236
122.473	236
122.479	236
122.486	236
122.493	236
122.5	236
122.506	236
122.513	236
122.52	236
122.527	236
122.533	236
122.54	236
122.547	236
122.553	236
122.56	236
122.567	236
122.574	236
122.58	236
122.587	236
122.594	236
122.601	236
122.607	236
122.614	236
122.621	236
122.628	236
122.634	236
122.641	236
122.648	236
122.655	236
122.661	236
122.668	236
122.675	236
122.682	236
122.688	236
122.695	236
122.702	236
122.709	236
122.715	236
122.722	236
122.729	236
122.736	236
122.742	236
122.749	236
122.756	236
122.763	236
122.769	236
122.776	236
122.783	236
122.79	236
122.796	236
122.803	236
122.81	236
122.817	236
122.823	236
122.83	236
122.837	236
122.844	236
122.85	236
122.857	236
122.864	236
122.871	236
122.877	236
122.884	236
122.891	236
122.898	236
122.904	236
122.911	236
122.918	236
122.925	236
122.931	236
122.938	236
122.945	236
122.951	236
122.958	236
122.965	236
122.972	236
122.978	236
122.985	236
122.992	236
122.999	236
123.005	236
123.012	236
123.019	236
123.026	236
123.032	236
123.039	236
123.046	236
123.053	236
123.059	236
123.066	236
123.073	236
123.08	236
123.086	236
123.093	236
123.1	236
123.107	236
123.113	236
123.12	236
123.127	236
123.134	236
123.14	236
123.147	236
123.154	236
123.161	236
123.167	236
123.174	236
123.181	236
123.188	236
123.194	236
123.201	236
123.208	236
123.215	236
123.221	236
123.228	236
123.235	236
123.242	236
123.248	236
123.255	236
123.262	236
123.269	236
123.275	236
123.282	236
123.289	236
123.296	236
123.302	236
123.309	236
123.316	236
123.322	236
123.329	236
123.336	236
123.343	236
123.349	236
123.356	236
123.363	236
123.37	236
123.376	236
123.383	236
123.39	236
123.397	236
123.403	236
123.41	236
123.417	236
123.424	236
123.43	236
123.437	236
123.444	236
123.451	236
123.457	236
123.464	236
123.471	236
123.478	236
123.484	236
123.491	236
123.498	236
123.505	236
123.511	236
123.518	236
123.525	236
123.532	236
123.538	236
123.545	236
123.552	236
123.559	236
123.565	236
123.572	236
123.579	236
123.586	236
123.592	236
123.599	236
123.606	236
123.613	236
123.619	236
123.626	236
123.633	236
123.64	236
123.646	236
123.653	236
123.66	236
123.667	236
123.673	236
123.68	236
123.687	236
123.694	236
123.7	236
123.707	236
123.714	236
123.72	236
123.727	236
123.734	236
123.741	236
123.747	236
123.754	236
123.761	236
123.768	236
123.774	236
123.781	236
123.788	236
123.795	236
123.801	236
123.808	236
123.815	236
123.822	236
123.828	236
123.835	236
123.842	236
123.849	236
123.855	236
123.862	236
123.869	236
123.876	236
123.882	236
123.889	236
123.896	236
123.903	236
123.909	236
123.916	236
123.923	236
123.93	236
123.936	236
123.943	236
123.95	236
123.957	236
123.963	236
123.97	236
123.977	236
123.984	236
123.99	236
123.997	236
124.004	236
124.011	236
124.017	236
124.024	236
124.031	236
124.038	236
124.044	236
124.051	236
124.058	236
124.065	236
124.071	236
124.078	236
124.085	236
124.091	236
124.098	236
124.105	236
124.112	236
124.118	236
124.125	236
124.132	236
124.139	236
124.145	236
124.152	236
124.159	236
124.166	236
124.172	236
124.179	236
124.186	236
124.193	236
124.199	236
124.206	236
124.213	236
124.22	236
124.226	236
124.233	236
124.24	236
124.247	236
124.253	236
124.26	236
124.267	236
124.274	236
124.28	236
124.287	236
124.294	236
124.301	236
124.307	236
124.314	236
124.321	236
124.328	236
124.334	236
124.341	236
124.348	236
124.355	236
124.361	236
124.368	236
124.375	236
124.382	236
124.388	236
124.395	236
124.402	236
124.409	236
124.415	236
124.422	236
124.429	236
124.436	236
124.442	236
124.449	236
124.456	236
124.463	236
124.469	236
124.476	236
124.483	236
124.489	236
124.496	236
124.503	236
124.51	236
124.516	236
124.523	236
124.53	236
124.537	236
124.543	236
124.55	236
124.557	236
124.564	236
124.57	236
124.577	236
124.584	236
124.591	236
124.597	236
124.604	236
124.611	236
124.618	236
124.624	236
124.631	236
124.638	236
124.645	236
124.651	236
124.658	236
124.665	236
124.672	236
124.678	236
124.685	236
124.692	236
124.699	236
124.705	236
124.712	236
124.719	236
124.726	236
124.732	236
124.739	236
124.746	236
124.753	236
124.759	236
124.766	236
124.773	236
124.78	236
124.786	236
124.793	236
124.8	236
124.807	236
124.813	236
124.82	236
124.827	236
124.834	236
124.84	236
124.847	236
124.854	236
124.86	236
124.867	236
124.874	236
124.881	236
124.887	236
124.894	236
124.901	236
124.908	236
124.914	236
124.921	236
124.928	236
124.935	236
124.941	236
124.948	236
124.955	236
124.962	236
124.968	236
124.975	236
124.982	236
124.989	236
124.995	236
125.002	236
125.009	236
125.016	236
125.022	236
125.029	236
125.036	236
125.043	236
125.049	236
125.056	236
125.063	236
125.07	236
125.076	236
125.083	236
125.09	236
125.097	236
125.103	236
125.11	236
125.117	236
125.124	236
125.13	236
125.137	236
125.144	236
125.151	236
125.157	236
125.164	236
125.171	236
125.178	236
125.184	236
125.191	236
125.198	236
125.205	236
125.211	236
125.218	236
125.225	236
125.231	236
125.238	236
125.245	236
125.252	236
125.258	236
125.265	236
125.272	236
125.279	236
125.285	236
125.292	236
125.299	236
125.306	236
125.312	236
125.319	236
125.326	236
125.333	236
125.339	236
125.346	236
125.353	236
125.36	236
125.366	236
125.373	236
125.38	236
125.387	236
125.393	236
125.4	236
125.407	236
125.414	236
125.42	236
125.427	236
125.434	236
125.441	236
125.447	236
125.454	236
125.461	236
125.468	236
125.474	236
125.481	236
125.488	236
125.495	236
125.501	236
125.508	236
125.515	236
125.522	236
125.528	236
125.535	236
125.542	236
125.549	236
125.555	236
125.562	236
125.569	236
125.576	236
125.582	236
125.589	236
125.596	236
125.603	236
125.609	236
125.616	236
125.623	236
125.629	236
125.636	236
125.643	236
125.65	236
125.656	236
125.663	236
125.67	236
125.677	236
125.683	236
125.69	236
125.697	236
125.704	236
125.71	236
125.717	236
125.724	236
125.731	236
125.737	236
125.744	236
125.751	236
125.758	236
125.764	236
125.771	236
125.778	236
125.785	236
125.791	236
125.798	236
125.805	236
125.812	236
125.818	236
125.825	236
125.832	236
125.839	236
125.845	236
125.852	236
125.859	236
125.866	236
125.872	236
125.879	236
125.886	236
125.893	236
125.899	236
125.906	236
125.913	236
125.92	236
125.926	236
125.933	236
125.94	236
125.947	236
125.953	236
125.96	236
125.967	236
125.974	236
125.98	236
125.987	236
125.994	236
126	236
126.007	236
126.014	236
126.021	236
126.027	236
126.034	236
126.041	236
126.048	236
126.054	236
126.061	236
126.068	236
126.075	236
126.081	236
126.088	236
126.095	236
126.102	236
126.108	236
126.115	236
126.122	236
126.129	236
126.135	236
126.142	236
126.149	236
126.156	236
126.162	236
126.169	236
126.176	236
126.183	236
126.189	236
126.196	236
126.203	236
126.21	236
126.216	236
126.223	236
126.23	236
126.237	236
126.243	236
126.25	236
126.257	236
126.264	236
126.27	236
126.277	236
126.284	236
126.291	236
126.297	236
126.304	236
126.311	236
126.318	236
126.324	236
126.331	236
126.338	236
126.345	236
126.351	236
126.358	236
126.365	236
126.372	236
126.378	236
126.385	236
126.392	236
126.398	236
126.405	236
126.412	236
126.419	236
126.425	236
126.432	236
126.439	236
126.446	236
126.452	236
126.459	236
126.466	236
126.473	236
126.479	236
126.486	236
126.493	236
126.5	236
126.506	236
126.513	236
126.52	236
126.527	236
126.533	236
126.54	236
126.547	236
126.554	236
126.56	236
126.567	236
126.574	236
126.581	236
126.587	236
126.594	236
126.601	236
126.608	236
126.614	236
126.621	236
126.628	236
126.635	236
126.641	236
126.648	236
126.655	236
126.662	236
126.668	236
126.675	236
126.682	236
126.689	236
126.695	236
126.702	236
126.709	236
126.716	236
126.722	236
126.729	236
126.736	236
126.743	236
126.749	236
126.756	236
126.763	236
126.769	236
126.776	236
126.783	236
126.79	236
126.796	236
126.803	236
126.81	236
126.817	236
126.823	236
126.83	236
126.837	236
126.844	236
126.85	236
126.857	236
126.864	236
126.871	236
126.877	236
126.884	236
126.891	236
126.898	236
126.904	236
126.911	236
126.918	236
126.925	236
126.931	236
126.938	236
126.945	236
126.952	236
126.958	236
126.965	236
126.972	236
126.979	236
126.985	236
126.992	236
126.999	236
127.006	236
127.012	236
127.019	236
127.026	236
127.033	236
127.039	236
127.046	236
127.053	236
127.06	236
127.066	236
127.073	236
127.08	236
127.087	236
127.093	236
127.1	236
127.107	236
127.114	236
127.12	236
127.127	236
127.134	236
127.141	236
127.147	236
127.154	236
127.161	236
127.167	236
127.174	236
127.181	236
127.188	236
127.194	236
127.201	236
127.208	236
127.215	236
127.221	236
127.228	236
127.235	236
127.242	236
127.248	236
127.255	236
127.262	236
127.269	236
127.275	236
127.282	236
127.289	236
127.296	236
127.302	236
127.309	236
127.316	236
127.323	236
127.329	236
127.336	236
127.343	236
127.35	236
127.356	236
127.363	236
127.37	236
127.377	236
127.383	236
127.39	236
127.397	236
127.404	236
127.41	236
127.417	236
127.424	236
127.431	236
127.437	236
127.444	236
127.451	236
127.458	236
127.464	236
127.471	236
127.478	236
127.485	236
127.491	236
127.498	236
127.505	236
127.512	236
127.518	236
127.525	236
127.532	236
127.538	236
127.545	236
127.552	236
127.559	236
127.565	236
127.572	236
127.579	236
127.586	236
127.592	236
127.599	236
127.606	236
127.613	236
127.619	236
127.626	236
127.633	236
127.64	236
127.646	236
127.653	236
127.66	236
127.667	236
127.673	236
127.68	236
127.687	236
127.694	236
127.7	236
127.707	236
127.714	236
127.721	236
127.727	236
127.734	236
127.741	236
127.748	236
127.754	236
127.761	236
127.768	236
127.775	236
127.781	236
127.788	236
127.795	236
127.802	236
127.808	236
127.815	236
127.822	236
127.829	236
127.835	236
127.842	236
127.849	236
127.856	236
127.862	236
127.869	236
127.876	236
127.883	236
127.889	236
127.896	236
127.903	236
127.91	236
127.916	236
127.923	236
127.93	236
127.936	236
127.943	236
127.95	236
127.957	236
127.963	236
127.97	236
127.977	236
127.984	236
127.99	236
127.997	236
128.004	236
128.011	236
128.017	236
128.024	236
128.031	236
128.038	236
128.044	236
128.051	236
128.058	236
128.065	236
128.071	236
128.078	236
128.085	236
128.092	236
128.098	236
128.105	236
128.112	236
128.119	236
128.125	236
128.132	236
128.139	236
128.146	236
128.152	236
128.159	236
128.166	236
128.173	236
128.179	236
128.186	236
128.193	236
128.2	236
128.206	236
128.213	236
128.22	236
128.227	236
128.233	236
128.24	236
128.247	236
128.254	236
128.26	236
128.267	236
128.274	236
128.281	236
128.287	236
128.294	236
128.301	236
128.307	236
128.314	236
128.321	236
128.328	236
128.334	236
128.341	236
128.348	236
128.355	236
128.361	236
128.368	236
128.375	236
128.382	236
128.388	236
128.395	236
128.402	236
128.409	236
128.415	236
128.422	236
128.429	236
128.436	236
128.442	236
128.449	236
128.456	236
128.463	236
128.469	236
128.476	236
128.483	236
128.49	236
128.496	236
128.503	236
128.51	236
128.517	236
128.523	236
128.53	236
128.537	236
128.544	236
128.55	236
128.557	236
128.564	236
128.571	236
128.577	236
128.584	236
128.591	236
128.598	236
128.604	236
128.611	236
128.618	236
128.625	236
128.631	236
128.638	236
128.645	236
128.652	236
128.658	236
128.665	236
128.672	236
128.679	236
128.685	236
128.692	236
128.699	236
128.705	236
128.712	236
128.719	236
128.726	236
128.732	236
128.739	236
128.746	236
128.753	236
128.759	236
128.766	236
128.773	236
128.78	236
128.786	236
128.793	236
128.8	236
128.807	236
128.813	236
128.82	236
128.827	236
128.834	236
128.84	236
128.847	236
128.854	236
128.861	236
128.867	236
128.874	236
128.881	236
128.888	236
128.894	236
128.901	236
128.908	236
128.915	236
128.921	236
128.928	236
128.935	236
128.942	236
128.948	236
128.955	236
128.962	236
128.969	236
128.975	236
128.982	236
128.989	236
128.996	236
129.002	236
129.009	236
129.016	236
129.023	236
129.029	236
129.036	236
129.043	236
129.05	236
129.056	236
129.063	236
129.07	236
129.076	236
129.083	236
129.09	236
129.097	236
129.103	236
129.11	236
129.117	236
129.124	236
129.13	236
129.137	236
129.144	236
129.151	236
129.157	236
129.164	236
129.171	236
129.178	236
129.184	236
129.191	236
129.198	236
129.205	236
129.211	236
129.218	236
129.225	236
129.232	236
129.238	236
129.245	236
129.252	236
129.259	236
129.265	236
129.272	236
129.279	236
129.286	236
129.292	236
129.299	236
129.306	236
129.313	236
129.319	236
129.326	236
129.333	236
129.34	236
129.346	236
129.353	236
129.36	236
129.367	236
129.373	236
129.38	236
129.387	236
129.394	236
129.4	236
129.407	236
129.414	236
129.421	236
129.427	236
129.434	236
129.441	236
129.447	236
129.454	236
129.461	236
129.468	236
129.474	236
129.481	236
129.488	236
129.495	236
129.501	236
129.508	236
129.515	236
129.522	236
129.528	236
129.535	236
129.542	236
129.549	236
129.555	236
129.562	236
129.569	236
129.576	236
129.582	236
129.589	236
129.596	236
129.603	236
129.609	236
129.616	236
129.623	236
129.63	236
129.636	236
129.643	236
129.65	236
129.657	236
129.663	236
129.67	236
129.677	236
129.684	236
129.69	236
129.697	236
129.704	236
129.711	236
129.717	236
129.724	236
129.731	236
129.738	236
129.744	236
129.751	236
129.758	236
129.765	236
129.771	236
129.778	236
129.785	236
129.792	236
129.798	236
129.805	236
129.812	236
129.819	236
129.825	236
129.832	236
129.839	236
129.845	236
129.852	236
129.859	236
129.866	236
129.872	236
129.879	236
129.886	236
129.893	236
129.899	236
129.906	236
129.913	236
129.92	236
129.926	236
129.933	236
129.94	236
129.947	236
129.953	236
129.96	236
129.967	236
129.974	236
129.98	236
129.987	236
129.994	236
130.001	236
130.007	236
130.014	236
130.021	236
130.028	236
130.034	236
130.041	236
130.048	236
130.055	236
130.061	236
130.068	236
130.075	236
130.082	236
130.088	236
130.095	236
130.102	236
130.109	236
130.115	236
130.122	236
130.129	236
130.136	236
130.142	236
130.149	236
130.156	236
130.163	236
130.169	236
130.176	236
130.183	236
130.19	236
130.196	236
130.203	236
130.21	236
130.216	236
130.223	236
130.23	236
130.237	236
130.243	236
130.25	236
130.257	236
130.264	236
130.27	236
130.277	236
130.284	236
130.291	236
130.297	236
130.304	236
130.311	236
130.318	236
130.324	236
130.331	236
130.338	236
130.345	236
130.351	236
130.358	236
130.365	236
130.372	236
130.378	236
130.385	236
130.392	236
130.399	236
130.405	236
130.412	236
130.419	236
130.426	236
130.432	236
130.439	236
130.446	236
130.453	236
130.459	236
130.466	236
130.473	236
130.48	236
130.486	236
130.493	236
130.5	236
130.507	236
130.513	236
130.52	236
130.527	236
130.534	236
130.54	236
130.547	236
130.554	236
130.561	236
130.567	236
130.574	236
130.581	236
130.588	236
130.594	236
130.601	236
130.608	236
130.614	236
130.621	236
130.628	236
130.635	236
130.641	236
130.648	236
130.655	236
130.662	236
130.668	236
130.675	236
130.682	236
130.689	236
130.695	236
130.702	236
130.709	236
130.716	236
130.722	236
130.729	236
130.736	236
130.743	236
130.749	236
130.756	236
130.763	236
130.77	236
130.776	236
130.783	236
130.79	236
130.797	236
130.803	236
130.81	236
130.817	236
130.824	236
130.83	236
130.837	236
130.844	236
130.851	236
130.857	236
130.864	236
130.871	236
130.878	236
130.884	236
130.891	236
130.898	236
130.905	236
130.911	236
130.918	236
130.925	236
130.932	236
130.938	236
130.945	236
130.952	236
130.959	236
130.965	236
130.972	236
130.979	236
130.985	236
130.992	236
130.999	236
131.006	236
131.012	236
131.019	236
131.026	236
131.033	236
131.039	236
131.046	236
131.053	236
131.06	236
131.066	236
131.073	236
131.08	236
131.087	236
131.093	236
131.1	236
131.107	236
131.114	236
131.12	236
131.127	236
131.134	236
131.141	236
131.147	236
131.154	236
131.161	236
131.168	236
131.174	236
131.181	236
131.188	236
131.195	236
131.201	236
131.208	236
131.215	236
131.222	236
131.228	236
131.235	236
131.242	236
131.249	236
131.255	236
131.262	236
131.269	236
131.276	236
131.282	236
131.289	236
131.296	236
131.303	236
131.309	236
131.316	236
131.323	236
131.33	236
131.336	236
131.343	236
131.35	236
131.357	236
131.363	236
131.37	236
131.377	236
131.383	236
131.39	236
131.397	236
131.404	236
131.41	236
131.417	236
131.424	236
131.431	236
131.437	236
131.444	236
131.451	236
131.458	236
131.464	236
131.471	236
131.478	236
131.485	236
131.491	236
131.498	236
131.505	236
131.512	236
131.518	236
131.525	236
131.532	236
131.539	236
131.545	236
131.552	236
131.559	236
131.566	236
131.572	236
131.579	236
131.586	236
131.593	236
131.599	236
131.606	236
131.613	236
131.62	236
131.626	236
131.633	236
131.64	236
131.647	236
131.653	236
131.66	236
131.667	236
131.674	236
131.68	236
131.687	236
131.694	236
131.701	236
131.707	236
131.714	236
131.721	236
131.728	236
131.734	236
131.741	236
131.748	236
131.754	236
131.761	236
131.768	236
131.775	236
131.781	236
131.788	236
131.795	236
131.802	236
131.808	236
131.815	236
131.822	236
131.829	236
131.835	236
131.842	236
131.849	236
131.856	236
131.862	236
131.869	236
131.876	236
131.883	236
131.889	236
131.896	236
131.903	236
131.91	236
131.916	236
131.923	236
131.93	236
131.937	236
131.943	236
131.95	236
131.957	236
131.964	236
131.97	236
131.977	236
131.984	236
131.991	236
131.997	236
132.004	236
132.011	236
132.018	236
132.024	236
132.031	236
132.038	236
132.045	236
132.051	236
132.058	236
132.065	236
132.072	236
132.078	236
132.085	236
132.092	236
132.099	236
132.105	236
132.112	236
132.119	236
132.126	236
132.132	236
132.139	236
132.146	236
132.152	236
132.159	236
132.166	236
132.173	236
132.179	236
132.186	236
132.193	236
132.2	236
132.206	236
132.213	236
132.22	236
132.227	236
132.233	236
132.24	236
132.247	236
132.254	236
132.26	236
132.267	236
132.274	236
132.281	236
132.287	236
132.294	236
132.301	236
132.308	236
132.314	236
132.321	236
132.328	236
132.335	236
132.341	236
132.348	236
132.355	236
132.362	236
132.368	236
132.375	236
132.382	236
132.389	236
132.395	236
132.402	236
132.409	236
132.416	236
132.422	236
132.429	236
132.436	236
132.443	236
132.449	236
132.456	236
132.463	236
132.47	236
132.476	236
132.483	236
132.49	236
132.497	236
132.503	236
132.51	236
132.517	236
132.523	236
132.53	236
132.537	236
132.544	236
132.55	236
132.557	236
132.564	236
132.571	236
132.577	236
132.584	236
132.591	236
132.598	236
132.604	236
132.611	236
132.618	236
132.625	236
132.631	236
132.638	236
132.645	236
132.652	236
132.658	236
132.665	236
132.672	236
132.679	236
132.685	236
132.692	236
132.699	236
132.706	236
132.712	236
132.719	236
132.726	236
132.733	236
132.739	236
132.746	236
132.753	236
132.76	236
132.766	236
132.773	236
132.78	236
132.787	236
132.793	236
132.8	236
132.807	236
132.814	236
132.82	236
132.827	236
132.834	236
132.841	236
132.847	236
132.854	236
132.861	236
132.868	236
132.874	236
132.881	236
132.888	236
132.895	236
132.901	236
132.908	236
132.915	236
132.921	236
132.928	236
132.935	236
132.942	236
132.948	236
132.955	236
132.962	236
132.969	236
132.975	236
132.982	236
132.989	236
132.996	236
133.002	236
133.009	236
133.016	236
133.023	236
133.029	236
133.036	236
133.043	236
133.05	236
133.056	236
133.063	236
133.07	236
133.077	236
133.083	236
133.09	236
133.097	236
133.104	236
133.11	236
133.117	236
133.124	236
133.131	236
133.137	236
133.144	236
133.151	236
133.158	236
133.164	236
133.171	236
133.178	236
133.185	236
133.191	236
133.198	236
133.205	236
133.212	236
133.218	236
133.225	236
133.232	236
133.239	236
133.245	236
133.252	236
133.259	236
133.266	236
133.272	236
133.279	236
133.286	236
133.292	236
133.299	236
133.306	236
133.313	236
133.319	236
133.326	236
133.333	236
133.34	236
133.346	236
133.353	236
133.36	236
133.367	236
133.373	236
133.38	236
133.387	236
133.394	236
133.4	236
133.407	236
133.414	236
133.421	236
133.427	236
133.434	236
133.441	236
133.448	236
133.454	236
133.461	236
133.468	236
133.475	236
133.481	236
133.488	236
133.495	236
133.502	236
133.508	236
133.515	236
133.522	236
133.529	236
133.535	236
133.542	236
133.549	236
133.556	236
133.562	236
133.569	236
133.576	236
133.583	236
133.589	236
133.596	236
133.603	236
133.61	236
133.616	236
133.623	236
133.63	236
133.637	236
133.643	236
133.65	236
133.657	236
133.663	236
133.67	236
133.677	236
133.684	236
133.69	236
133.697	236
133.704	236
133.711	236
133.717	236
133.724	236
133.731	236
133.738	236
133.744	236
133.751	236
133.758	236
133.765	236
133.771	236
133.778	236
133.785	236
133.792	236
133.798	236
133.805	236
133.812	236
133.819	236
133.825	236
133.832	236
133.839	236
133.846	236
133.852	236
133.859	236
133.866	236
133.873	236
133.879	236
133.886	236
133.893	236
133.9	236
133.906	236
133.913	236
133.92	236
133.927	236
133.933	236
133.94	236
133.947	236
133.954	236
133.96	236
133.967	236
133.974	236
133.981	236
133.987	236
133.994	236
134.001	236
134.008	236
134.014	236
134.021	236
134.028	236
134.035	236
134.041	236
134.048	236
134.055	236
134.061	236
134.068	236
134.075	236
134.082	236
134.088	236
134.095	236
134.102	236
134.109	236
134.115	236
134.122	236
134.129	236
134.136	236
134.142	236
134.149	236
134.156	236
134.163	236
134.169	236
134.176	236
134.183	236
134.19	236
134.196	236
134.203	236
134.21	236
134.217	236
134.223	236
134.23	236
134.237	236
134.244	236
134.25	236
134.257	236
134.264	236
134.271	236
134.277	236
134.284	236
134.291	236
134.298	236
134.304	236
134.311	236
134.318	236
134.325	236
134.331	236
134.338	236
134.345	236
134.352	236
134.358	236
134.365	236
134.372	236
134.379	236
134.385	236
134.392	236
134.399	236
134.406	236
134.412	236
134.419	236
134.426	236
134.432	236
134.439	236
134.446	236
134.453	236
134.459	236
134.466	236
134.473	236
134.48	236
134.486	236
134.493	236
134.5	236
134.507	236
134.513	236
134.52	236
134.527	236
134.534	236
134.54	236
134.547	236
134.554	236
134.561	236
134.567	236
134.574	236
134.581	236
134.588	236
134.594	236
134.601	236
134.608	236
134.615	236
134.621	236
134.628	236
134.635	236
134.642	236
134.648	236
134.655	236
134.662	236
134.669	236
134.675	236
134.682	236
134.689	236
134.696	236
134.702	236
134.709	236
134.716	236
134.723	236
134.729	236
134.736	236
134.743	236
134.75	236
134.756	236
134.763	236
134.77	236
134.777	236
134.783	236
134.79	236
134.797	236
134.804	236
134.81	236
134.817	236
134.824	236
134.83	236
134.837	236
134.844	236
134.851	236
134.857	236
134.864	236
134.871	236
134.878	236
134.884	236
134.891	236
134.898	236
134.905	236
134.911	236
134.918	236
134.925	236
134.932	236
134.938	236
134.945	236
134.952	236
134.959	236
134.965	236
134.972	236
134.979	236
134.986	236
134.992	236
134.999	236
135.006	236
135.013	236
135.019	236
135.026	236
135.033	236
135.04	236
135.046	236
135.053	236
135.06	236
135.067	236
135.073	236
135.08	236
135.087	236
135.094	236
135.1	236
135.107	236
135.114	236
135.121	236
135.127	236
135.134	236
135.141	236
135.148	236
135.154	236
135.161	236
135.168	236
135.175	236
135.181	236
135.188	236
135.195	236
135.201	236
135.208	236
135.215	236
135.222	236
135.228	236
135.235	236
135.242	236
135.249	236
135.255	236
135.262	236
135.269	236
135.276	236
135.282	236
135.289	236
135.296	236
135.303	236
135.309	236
135.316	236
135.323	236
135.33	236
135.336	236
135.343	236
135.35	236
135.357	236
135.363	236
135.37	236
135.377	236
135.384	236
135.39	236
135.397	236
135.404	236
135.411	236
135.417	236
135.424	236
135.431	236
135.438	236
135.444	236
135.451	236
135.458	236
135.465	236
135.471	236
135.478	236
135.485	236
135.492	236
135.498	236
135.505	236
135.512	236
135.519	236
135.525	236
135.532	236
135.539	236
135.546	236
135.552	236
135.559	236
135.566	236
135.573	236
135.579	236
135.586	236
135.593	236
135.599	236
135.606	236
135.613	236
135.62	236
135.626	236
135.633	236
135.64	236
135.647	236
135.653	236
135.66	236
135.667	236
135.674	236
135.68	236
135.687	236
135.694	236
135.701	236
135.707	236
135.714	236
135.721	236
135.728	236
135.734	236
135.741	236
135.748	236
135.755	236
135.761	236
135.768	236
135.775	236
135.782	236
135.788	236
135.795	236
135.802	236
135.809	236
135.815	236
135.822	236
135.829	236
135.836	236
135.842	236
135.849	236
135.856	236
135.863	236
135.869	236
135.876	236
135.883	236
135.89	236
135.896	236
135.903	236
135.91	236
135.917	236
135.923	236
135.93	236
135.937	236
135.944	236
135.95	236
135.957	236
135.964	236
135.97	236
135.977	236
135.984	236
135.991	236
135.997	236
136.004	236
136.011	236
136.018	236
136.024	236
136.031	236
136.038	236
136.045	236
136.051	236
136.058	236
136.065	236
136.072	236
136.078	236
136.085	236
136.092	236
136.099	236
136.105	236
136.112	236
136.119	236
136.126	236
136.132	236
136.139	236
136.146	236
136.153	236
136.159	236
136.166	236
136.173	236
136.18	236
136.186	236
136.193	236
136.2	236
136.207	236
136.213	236
136.22	236
136.227	236
136.234	236
136.24	236
136.247	236
136.254	236
136.261	236
136.267	236
136.274	236
136.281	236
136.288	236
136.294	236
136.301	236
136.308	236
136.315	236
136.321	236
136.328	236
136.335	236
136.342	236
136.348	236
136.355	236
136.362	236
136.368	236
136.375	236
136.382	236
136.389	236
136.395	236
136.402	236
136.409	236
136.416	236
136.422	236
136.429	236
136.436	236
136.443	236
136.449	236
136.456	236
136.463	236
136.47	236
136.476	236
136.483	236
136.49	236
136.497	236
136.503	236
136.51	236
136.517	236
136.524	236
136.53	236
136.537	236
136.544	236
136.551	236
136.557	236
136.564	236
136.571	236
136.578	236
136.584	236
136.591	236
136.598	236
136.605	236
136.611	236
136.618	236
136.625	236
136.632	236
136.638	236
136.645	236
136.652	236
136.659	236
136.665	236
136.672	236
136.679	236
136.686	236
136.692	236
136.699	236
136.706	236
136.713	236
136.719	236
136.726	236
136.733	236
136.739	236
136.746	236
136.753	236
136.76	236
136.766	236
136.773	236
136.78	236
136.787	236
136.793	236
136.8	236
136.807	236
136.814	236
136.82	236
136.827	236
136.834	236
136.841	236
136.847	236
136.854	236
136.861	236
136.868	236
136.874	236
136.881	236
136.888	236
136.895	236
136.901	236
136.908	236
136.915	236
136.922	236
136.928	236
136.935	236
136.942	236
136.949	236
136.955	236
136.962	236
136.969	236
136.976	236
136.982	236
136.989	236
136.996	236
137.003	236
137.009	236
137.016	236
137.023	236
137.03	236
137.036	236
137.043	236
137.05	236
137.057	236
137.063	236
137.07	236
137.077	236
137.084	236
137.09	236
137.097	236
137.104	236
137.111	236
137.117	236
137.124	236
137.131	236
137.137	236
137.144	236
137.151	236
137.158	236
137.164	236
137.171	236
137.178	236
137.185	236
137.191	236
137.198	236
137.205	236
137.212	236
137.218	236
137.225	236
137.232	236
137.239	236
137.245	236
137.252	236
137.259	236
137.266	236
137.272	236
137.279	236
137.286	236
137.293	236
137.299	236
137.306	236
137.313	236
137.32	236
137.326	236
137.333	236
137.34	236
137.347	236
137.353	236
137.36	236
137.367	236
137.374	236
137.38	236
137.387	236
137.394	236
137.401	236
137.407	236
137.414	236
137.421	236
137.428	236
137.434	236
137.441	236
137.448	236
137.455	236
137.461	236
137.468	236
137.475	236
137.482	236
137.488	236
137.495	236
137.502	236
137.508	236
137.515	236
137.522	236
137.529	236
137.535	236
137.542	236
137.549	236
137.556	236
137.562	236
137.569	236
137.576	236
137.583	236
137.589	236
137.596	236
137.603	236
137.61	236
137.616	236
137.623	236
137.63	236
137.637	236
137.643	236
137.65	236
137.657	236
137.664	236
137.67	236
137.677	236
137.684	236
137.691	236
137.697	236
137.704	236
137.711	236
137.718	236
137.724	236
137.731	236
137.738	236
137.745	236
137.751	236
137.758	236
137.765	236
137.772	236
137.778	236
137.785	236
137.792	236
137.799	236
137.805	236
137.812	236
137.819	236
137.826	236
137.832	236
137.839	236
137.846	236
137.853	236
137.859	236
137.866	236
137.873	236
137.879	236
137.886	236
137.893	236
137.9	236
137.906	236
137.913	236
137.92	236
137.927	236
137.933	236
137.94	236
137.947	236
137.954	236
137.96	236
137.967	236
137.974	236
137.981	236
137.987	236
137.994	236
138.001	236
138.008	236
138.014	236
138.021	236
138.028	236
138.035	236
138.041	236
138.048	236
138.055	236
138.062	236
138.068	236
138.075	236
138.082	236
138.089	236
138.095	236
138.102	236
138.109	236
138.116	236
138.122	236
138.129	236
138.136	236
138.143	236
138.149	236
138.156	236
138.163	236
138.17	236
138.176	236
138.183	236
138.19	236
138.197	236
138.203	236
138.21	236
138.217	236
138.224	236
138.23	236
138.237	236
138.244	236
138.251	236
138.257	236
138.264	236
138.271	236
138.277	236
138.284	236
138.291	236
138.298	236
138.304	236
138.311	236
138.318	236
138.325	236
138.331	236
138.338	236
138.345	236
138.352	236
138.358	236
138.365	236
138.372	236
138.379	236
138.385	236
138.392	236
138.399	236
138.406	236
138.412	236
138.419	236
138.426	236
138.433	236
138.439	236
138.446	236
138.453	236
138.46	236
138.466	236
138.473	236
138.48	236
138.487	236
138.493	236
138.5	236
138.507	236
138.514	236
138.52	236
138.527	236
138.534	236
138.541	236
138.547	236
138.554	236
138.561	236
138.568	236
138.574	236
138.581	236
138.588	236
138.595	236
138.601	236
138.608	236
138.615	236
138.622	236
138.628	236
138.635	236
138.642	236
138.648	236
138.655	236
138.662	236
138.669	236
138.675	236
138.682	236
138.689	236
138.696	236
138.702	236
138.709	236
138.716	236
138.723	236
138.729	236
138.736	236
138.743	236
138.75	236
138.756	236
138.763	236
138.77	236
138.777	236
138.783	236
138.79	236
138.797	236
138.804	236
138.81	236
138.817	236
138.824	236
138.831	236
138.837	236
138.844	236
138.851	236
138.858	236
138.864	236
138.871	236
138.878	236
138.885	236
138.891	236
138.898	236
138.905	236
138.912	236
138.918	236
138.925	236
138.932	236
138.939	236
138.945	236
138.952	236
138.959	236
138.966	236
138.972	236
138.979	236
138.986	236
138.993	236
138.999	236
139.006	236
139.013	236
139.02	236
139.026	236
139.033	236
139.04	236
139.046	236
139.053	236
139.06	236
139.067	236
139.073	236
139.08	236
139.087	236
139.094	236
139.1	236
139.107	236
139.114	236
139.121	236
139.127	236
139.134	236
139.141	236
139.148	236
139.154	236
139.161	236
139.168	236
139.175	236
139.181	236
139.188	236
139.195	236
139.202	236
139.208	236
139.215	236
139.222	236
139.229	236
139.235	236
139.242	236
139.249	236
139.256	236
139.262	236
139.269	236
139.276	236
139.283	236
139.289	236
139.296	236
139.303	236
139.31	236
139.316	236
139.323	236
139.33	236
139.337	236
139.343	236
139.35	236
139.357	236
139.364	236
139.37	236
139.377	236
139.384	236
139.391	236
139.397	236
139.404	236
139.411	236
139.417	236
139.424	236
139.431	236
139.438	236
139.444	236
139.451	236
139.458	236
139.465	236
139.471	236
139.478	236
139.485	236
139.492	236
139.498	236
139.505	236
139.512	236
139.519	236
139.525	236
139.532	236
139.539	236
139.546	236
139.552	236
139.559	236
139.566	236
139.573	236
139.579	236
139.586	236
139.593	236
139.6	236
139.606	236
139.613	236
139.62	236
139.627	236
139.633	236
139.64	236
139.647	236
139.654	236
139.66	236
139.667	236
139.674	236
139.681	236
139.687	236
139.694	236
139.701	236
139.708	236
139.714	236
139.721	236
139.728	236
139.735	236
139.741	236
139.748	236
139.755	236
139.762	236
139.768	236
139.775	236
139.782	236
139.789	236
139.795	236
139.802	236
139.809	236
139.815	236
139.822	236
139.829	236
139.836	236
139.842	236
139.849	236
139.856	236
139.863	236
139.869	236
139.876	236
139.883	236
139.89	236
139.896	236
139.903	236
139.91	236
139.917	236
139.923	236
139.93	236
139.937	236
139.944	236
139.95	236
139.957	236
139.964	236
139.971	236
139.977	236
139.984	236
139.991	236
139.998	236
140.004	236
140.011	236
140.018	236
140.025	236
140.031	236
140.038	236
140.045	236
140.052	236
140.058	236
140.065	236
140.072	236
140.079	236
140.085	236
140.092	236
140.099	236
140.106	236
140.112	236
140.119	236
140.126	236
140.133	236
140.139	236
140.146	236
140.153	236
140.16	236
140.166	236
140.173	236
140.18	236
140.186	236
140.193	236
140.2	236
140.207	236
140.213	236
140.22	236
140.227	236
140.234	236
140.24	236
140.247	236
140.254	236
140.261	236
140.267	236
140.274	236
140.281	236
140.288	236
140.294	236
140.301	236
140.308	236
140.315	236
140.321	236
140.328	236
140.335	236
140.342	236
140.348	236
140.355	236
140.362	236
140.369	236
140.375	236
140.382	236
140.389	236
140.396	236
140.402	236
140.409	236
140.416	236
140.423	236
140.429	236
140.436	236
140.443	236
140.45	236
140.456	236
140.463	236
140.47	236
140.477	236
140.483	236
140.49	236
140.497	236
140.504	236
140.51	236
140.517	236
140.524	236
140.531	236
140.537	236
140.544	236
140.551	236
140.558	236
140.564	236
140.571	236
140.578	236
140.584	236
140.591	236
140.598	236
140.605	236
140.611	236
140.618	236
140.625	236
140.632	236
140.638	236
140.645	236
140.652	236
140.659	236
140.665	236
140.672	236
140.679	236
140.686	236
140.692	236
140.699	236
140.706	236
140.713	236
140.719	236
140.726	236
140.733	236
140.74	236
140.746	236
140.753	236
140.76	236
140.767	236
140.773	236
140.78	236
140.787	236
140.794	236
140.8	236
140.807	236
140.814	236
140.821	236
140.827	236
140.834	236
140.841	236
140.848	236
140.854	236
140.861	236
140.868	236
140.875	236
140.881	236
140.888	236
140.895	236
140.902	236
140.908	236
140.915	236
140.922	236
140.929	236
140.935	236
140.942	236
140.949	236
140.955	236
140.962	236
140.969	236
140.976	236
140.982	236
140.989	236
140.996	236
141.003	236
141.009	236
141.016	236
141.023	236
141.03	236
141.036	236
141.043	236
141.05	236
141.057	236
141.063	236
141.07	236
141.077	236
141.084	236
141.09	236
141.097	236
141.104	236
141.111	236
141.117	236
141.124	236
141.131	236
141.138	236
141.144	236
141.151	236
141.158	236
141.165	236
141.171	236
141.178	236
141.185	236
141.192	236
141.198	236
141.205	236
141.212	236
141.219	236
141.225	236
141.232	236
141.239	236
141.246	236
141.252	236
141.259	236
141.266	236
141.273	236
141.279	236
141.286	236
141.293	236
141.3	236
141.306	236
141.313	236
141.32	236
141.327	236
141.333	236
141.34	236
141.347	236
141.353	236
141.36	236
141.367	236
141.374	236
141.38	236
141.387	236
141.394	236
141.401	236
141.407	236
141.414	236
141.421	236
141.428	236
141.434	236
141.441	236
141.448	236
141.455	236
141.461	236
141.468	236
141.475	236
141.482	236
141.488	236
141.495	236
141.502	236
141.509	236
141.515	236
141.522	236
141.529	236
141.536	236
141.542	236
141.549	236
141.556	236
141.563	236
141.569	236
141.576	236
141.583	236
141.59	236
141.596	236
141.603	236
141.61	236
141.617	236
141.623	236
141.63	236
141.637	236
141.644	236
141.65	236
141.657	236
141.664	236
141.671	236
141.677	236
141.684	236
141.691	236
141.698	236
141.704	236
141.711	236
141.718	236
141.724	236
141.731	236
141.738	236
141.745	236
141.751	236
141.758	236
141.765	236
141.772	236
141.778	236
141.785	236
141.792	236
141.799	236
141.805	236
141.812	236
141.819	236
141.826	236
141.832	236
141.839	236
141.846	236
141.853	236
141.859	236
141.866	236
141.873	236
141.88	236
141.886	236
141.893	236
141.9	236
141.907	236
141.913	236
141.92	236
141.927	236
141.934	236
141.94	236
141.947	236
141.954	236
141.961	236
141.967	236
141.974	236
141.981	236
141.988	236
141.994	236
142.001	236
142.008	236
142.015	236
142.021	236
142.028	236
142.035	236
142.042	236
142.048	236
142.055	236
142.062	236
142.069	236
142.075	236
142.082	236
142.089	236
142.095	236
142.102	236
142.109	236
142.116	236
142.122	236
142.129	236
142.136	236
142.143	236
142.149	236
142.156	236
142.163	236
142.17	236
142.176	236
142.183	236
142.19	236
142.197	236
142.203	236
142.21	236
142.217	236
142.224	236
142.23	236
142.237	236
142.244	236
142.251	236
142.257	236
142.264	236
142.271	236
142.278	236
142.284	236
142.291	236
142.298	236
142.305	236
142.311	236
142.318	236
142.325	236
142.332	236
142.338	236
142.345	236
142.352	236
142.359	236
142.365	236
142.372	236
142.379	236
142.386	236
142.392	236
142.399	236
142.406	236
142.413	236
142.419	236
142.426	236
142.433	236
142.44	236
142.446	236
142.453	236
142.46	236
142.467	236
142.473	236
142.48	236
142.487	236
142.493	236
142.5	236
142.507	236
142.514	236
142.52	236
142.527	236
142.534	236
142.541	236
142.547	236
142.554	236
142.561	236
142.568	236
142.574	236
142.581	236
142.588	236
142.595	236
142.601	236
142.608	236
142.615	236
142.622	236
142.628	236
142.635	236
142.642	236
142.649	236
142.655	236
142.662	236
142.669	236
142.676	236
142.682	236
142.689	236
142.696	236
142.703	236
142.709	236
142.716	236
142.723	236
142.73	236
142.736	236
142.743	236
142.75	236
142.757	236
142.763	236
142.77	236
142.777	236
142.784	236
142.79	236
142.797	236
142.804	236
142.811	236
142.817	236
142.824	236
142.831	236
142.838	236
142.844	236
142.851	236
142.858	236
142.864	236
142.871	236
142.878	236
142.885	236
142.891	236
142.898	236
142.905	236
142.912	236
142.918	236
142.925	236
142.932	236
142.939	236
142.945	236
142.952	236
142.959	236
142.966	236
142.972	236
142.979	236
142.986	236
142.993	236
142.999	236
143.006	236
143.013	236
143.02	236
143.026	236
143.033	236
143.04	236
143.047	236
143.053	236
143.06	236
143.067	236
143.074	236
143.08	236
143.087	236
143.094	236
143.101	236
143.107	236
143.114	236
143.121	236
143.128	236
143.134	236
143.141	236
143.148	236
143.155	236
143.161	236
143.168	236
143.175	236
143.182	236
143.188	236
143.195	236
143.202	236
143.209	236
143.215	236
143.222	236
143.229	236
143.236	236
143.242	236
143.249	236
143.256	236
143.262	236
143.269	236
143.276	236
143.283	236
143.289	236
143.296	236
143.303	236
143.31	236
143.316	236
143.323	236
143.33	236
143.337	236
143.343	236
143.35	236
143.357	236
143.364	236
143.37	236
143.377	236
143.384	236
143.391	236
143.397	236
143.404	236
143.411	236
143.418	236
143.424	236
143.431	236
143.438	236
143.445	236
143.451	236
143.458	236
143.465	236
143.472	236
143.478	236
143.485	236
143.492	236
143.499	236
143.505	236
143.512	236
143.519	236
143.526	236
143.532	236
143.539	236
143.546	236
143.553	236
143.559	236
143.566	236
143.573	236
143.58	236
143.586	236
143.593	236
143.6	236
143.607	236
143.613	236
143.62	236
143.627	236
143.633	236
143.64	236
143.647	236
143.654	236
143.66	236
143.667	236
143.674	236
143.681	236
143.687	236
143.694	236
143.701	236
143.708	236
143.714	236
143.721	236
143.728	236
143.735	236
143.741	236
143.748	236
143.755	236
143.762	236
143.768	236
143.775	236
143.782	236
143.789	236
143.795	236
143.802	236
143.809	236
143.816	236
143.822	236
143.829	236
143.836	236
143.843	236
143.849	236
143.856	236
143.863	236
143.87	236
143.876	236
143.883	236
143.89	236
143.897	236
143.903	236
143.91	236
143.917	236
143.924	236
143.93	236
143.937	236
143.944	236
143.951	236
143.957	236
143.964	236
143.971	236
143.978	236
143.984	236
143.991	236
143.998	236
144.005	236
144.011	236
144.018	236
144.025	236
144.031	236
144.038	236
144.045	236
144.052	236
144.058	236
144.065	236
144.072	236
144.079	236
144.085	236
144.092	236
144.099	236
144.106	236
144.112	236
144.119	236
144.126	236
144.133	236
144.139	236
144.146	236
144.153	236
144.16	236
144.166	236
144.173	236
144.18	236
144.187	236
144.193	236
144.2	236
144.207	236
144.214	236
144.22	236
144.227	236
144.234	236
144.241	236
144.247	236
144.254	236
144.261	236
144.268	236
144.274	236
144.281	236
144.288	236
144.295	236
144.301	236
144.308	236
144.315	236
144.322	236
144.328	236
144.335	236
144.342	236
144.349	236
144.355	236
144.362	236
144.369	236
144.376	236
144.382	236
144.389	236
144.396	236
144.402	236
144.409	236
144.416	236
144.423	236
144.429	236
144.436	236
144.443	236
144.45	236
144.456	236
144.463	236
144.47	236
144.477	236
144.483	236
144.49	236
144.497	236
144.504	236
144.51	236
144.517	236
144.524	236
144.531	236
144.537	236
144.544	236
144.551	236
144.558	236
144.564	236
144.571	236
144.578	236
144.585	236
144.591	236
144.598	236
144.605	236
144.612	236
144.618	236
144.625	236
144.632	236
144.639	236
144.645	236
144.652	236
144.659	236
144.666	236
144.672	236
144.679	236
144.686	236
144.693	236
144.699	236
144.706	236
144.713	236
144.72	236
144.726	236
144.733	236
144.74	236
144.747	236
144.753	236
144.76	236
144.767	236
144.774	236
144.78	236
144.787	236
144.794	236
144.8	236
144.807	236
144.814	236
144.821	236
144.827	236
144.834	236
144.841	236
144.848	236
144.854	236
144.861	236
144.868	236
144.875	236
144.881	236
144.888	236
144.895	236
144.902	236
144.908	236
144.915	236
144.922	236
144.929	236
144.935	236
144.942	236
144.949	236
144.956	236
144.962	236
144.969	236
144.976	236
144.983	236
144.989	236
144.996	236
145.003	236
145.01	236
145.016	236
145.023	236
145.03	236
145.037	236
145.043	236
145.05	236
145.057	236
145.064	236
145.07	236
145.077	236
145.084	236
145.091	236
145.097	236
145.104	236
145.111	236
145.118	236
145.124	236
145.131	236
145.138	236
145.145	236
145.151	236
145.158	236
145.165	236
145.171	236
145.178	236
145.185	236
145.192	236
145.198	236
145.205	236
145.212	236
145.219	236
145.225	236
145.232	236
145.239	236
145.246	236
145.252	236
145.259	236
145.266	236
145.273	236
145.279	236
145.286	236
145.293	236
145.3	236
145.306	236
145.313	236
145.32	236
145.327	236
145.333	236
145.34	236
145.347	236
145.354	236
145.36	236
145.367	236
145.374	236
145.381	236
145.387	236
145.394	236
145.401	236
145.408	236
145.414	236
145.421	236
145.428	236
145.435	236
145.441	236
145.448	236
145.455	236
145.462	236
145.468	236
145.475	236
145.482	236
145.489	236
145.495	236
145.502	236
145.509	236
145.516	236
145.522	236
145.529	236
145.536	236
145.543	236
145.549	236
145.556	236
145.563	236
145.569	236
145.576	236
145.583	236
145.59	236
145.596	236
145.603	236
145.61	236
145.617	236
145.623	236
145.63	236
145.637	236
145.644	236
145.65	236
145.657	236
145.664	236
145.671	236
145.677	236
145.684	236
145.691	236
145.698	236
145.704	236
145.711	236
145.718	236
145.725	236
145.731	236
145.738	236
145.745	236
145.752	236
145.758	236
145.765	236
145.772	236
145.779	236
145.785	236
145.792	236
145.799	236
145.806	236
145.812	236
145.819	236
145.826	236
145.833	236
145.839	236
145.846	236
145.853	236
145.86	236
145.866	236
145.873	236
145.88	236
145.887	236
145.893	236
145.9	236
145.907	236
145.914	236
145.92	236
145.927	236
145.934	236
145.94	236
145.947	236
145.954	236
145.961	236
145.967	236
145.974	236
145.981	236
145.988	236
145.994	236
146.001	236
146.008	236
146.015	236
146.021	236
146.028	236
146.035	236
146.042	236
146.048	236
146.055	236
146.062	236
146.069	236
146.075	236
146.082	236
146.089	236
146.096	236
146.102	236
146.109	236
146.116	236
146.123	236
146.129	236
146.136	236
146.143	236
146.15	236
146.156	236
146.163	236
146.17	236
146.177	236
146.183	236
146.19	236
146.197	236
146.204	236
146.21	236
146.217	236
146.224	236
146.231	236
146.237	236
146.244	236
146.251	236
146.258	236
146.264	236
146.271	236
146.278	236
146.285	236
146.291	236
146.298	236
146.305	236
146.311	236
146.318	236
146.325	236
146.332	236
146.338	236
146.345	236
146.352	236
146.359	236
146.365	236
146.372	236
146.379	236
146.386	236
146.392	236
146.399	236
146.406	236
146.413	236
146.419	236
146.426	236
146.433	236
146.44	236
146.446	236
146.453	236
146.46	236
146.467	236
146.473	236
146.48	236
146.487	236
146.494	236
146.5	236
146.507	236
146.514	236
146.521	236
146.527	236
146.534	236
146.541	236
146.548	236
146.554	236
146.561	236
146.568	236
146.575	236
146.581	236
146.588	236
146.595	236
146.602	236
146.608	236
146.615	236
146.622	236
146.629	236
146.635	236
146.642	236
146.649	236
146.656	236
146.662	236
146.669	236
146.676	236
146.683	236
146.689	236
146.696	236
146.703	236
146.709	236
146.716	236
146.723	236
146.73	236
146.736	236
146.743	236
146.75	236
146.757	236
146.763	236
146.77	236
146.777	236
146.784	236
146.79	236
146.797	236
146.804	236
146.811	236
146.817	236
146.824	236
146.831	236
146.838	236
146.844	236
146.851	236
146.858	236
146.865	236
146.871	236
146.878	236
146.885	236
146.892	236
146.898	236
146.905	236
146.912	236
146.919	236
146.925	236
146.932	236
146.939	236
146.946	236
146.952	236
146.959	236
146.966	236
146.973	236
146.979	236
146.986	236
146.993	236
147	236
147.006	236
147.013	236
147.02	236
147.027	236
147.033	236
147.04	236
147.047	236
147.054	236
147.06	236
147.067	236
147.074	236
147.08	236
147.087	236
147.094	236
147.101	236
147.107	236
147.114	236
147.121	236
147.128	236
147.134	236
147.141	236
147.148	236
147.155	236
147.161	236
147.168	236
147.175	236
147.182	236
147.188	236
147.195	236
147.202	236
147.209	236
147.215	236
147.222	236
147.229	236
147.236	236
147.242	236
147.249	236
147.256	236
147.263	236
147.269	236
147.276	236
147.283	236
147.29	236
147.296	236
147.303	236
147.31	236
147.317	236
147.323	236
147.33	236
147.337	236
147.344	236
147.35	236
147.357	236
147.364	236
147.371	236
147.377	236
147.384	236
147.391	236
147.398	236
147.404	236
147.411	236
147.418	236
147.425	236
147.431	236
147.438	236
147.445	236
147.452	236
147.458	236
147.465	236
147.472	236
147.478	236
147.485	236
147.492	236
147.499	236
147.505	236
147.512	236
147.519	236
147.526	236
147.532	236
147.539	236
147.546	236
147.553	236
147.559	236
147.566	236
147.573	236
147.58	236
147.586	236
147.593	236
147.6	236
147.607	236
147.613	236
147.62	236
147.627	236
147.634	236
147.64	236
147.647	236
147.654	236
147.661	236
147.667	236
147.674	236
147.681	236
147.688	236
147.694	236
147.701	236
147.708	236
147.715	236
147.721	236
147.728	236
147.735	236
147.742	236
147.748	236
147.755	236
147.762	236
147.769	236
147.775	236
147.782	236
147.789	236
147.796	236
147.802	236
147.809	236
147.816	236
147.823	236
147.829	236
147.836	236
147.843	236
147.849	236
147.856	236
147.863	236
147.87	236
147.876	236
147.883	236
147.89	236
147.897	236
147.903	236
147.91	236
147.917	236
147.924	236
147.93	236
147.937	236
147.944	236
147.951	236
147.957	236
147.964	236
147.971	236
147.978	236
147.984	236
147.991	236
147.998	236
148.005	236
148.011	236
148.018	236
148.025	236
148.032	236
148.038	236
148.045	236
148.052	236
148.059	236
148.065	236
148.072	236
148.079	236
148.086	236
148.092	236
148.099	236
148.106	236
148.113	236
148.119	236
148.126	236
148.133	236
148.14	236
148.146	236
148.153	236
148.16	236
148.167	236
148.173	236
148.18	236
148.187	236
148.194	236
148.2	236
148.207	236
148.214	236
148.221	236
148.227	236
148.234	236
148.241	236
148.247	236
148.254	236
148.261	236
148.268	236
148.274	236
148.281	236
148.288	236
148.295	236
148.301	236
148.308	236
148.315	236
148.322	236
148.328	236
148.335	236
148.342	236
148.349	236
148.355	236
148.362	236
148.369	236
148.376	236
148.382	236
148.389	236
148.396	236
148.403	236
148.409	236
148.416	236
148.423	236
148.43	236
148.436	236
148.443	236
148.45	236
148.457	236
148.463	236
148.47	236
148.477	236
148.484	236
148.49	236
148.497	236
148.504	236
148.511	236
148.517	236
148.524	236
148.531	236
148.538	236
148.544	236
148.551	236
148.558	236
148.565	236
148.571	236
148.578	236
148.585	236
148.592	236
148.598	236
148.605	236
148.612	236
148.618	236
148.625	236
148.632	236
148.639	236
148.645	236
148.652	236
148.659	236
148.666	236
148.672	236
148.679	236
148.686	236
148.693	236
148.699	236
148.706	236
148.713	236
148.72	236
148.726	236
148.733	236
148.74	236
148.747	236
148.753	236
148.76	236
148.767	236
148.774	236
148.78	236
148.787	236
148.794	236
148.801	236
148.807	236
148.814	236
148.821	236
148.828	236
148.834	236
148.841	236
148.848	236
148.855	236
148.861	236
148.868	236
148.875	236
148.882	236
148.888	236
148.895	236
148.902	236
148.909	236
148.915	236
148.922	236
148.929	236
148.936	236
148.942	236
148.949	236
148.956	236
148.963	236
148.969	236
148.976	236
148.983	236
148.99	236
148.996	236
149.003	236
149.01	236
149.016	236
149.023	236
149.03	236
149.037	236
149.043	236
149.05	236
149.057	236
149.064	236
149.07	236
149.077	236
149.084	236
149.091	236
149.097	236
149.104	236
149.111	236
149.118	236
149.124	236
149.131	236
149.138	236
149.145	236
149.151	236
149.158	236
149.165	236
149.172	236
149.178	236
149.185	236
149.192	236
149.199	236
149.205	236
149.212	236
149.219	236
149.226	236
149.232	236
149.239	236
149.246	236
149.253	236
149.259	236
149.266	236
149.273	236
149.28	236
149.286	236
149.293	236
149.3	236
149.307	236
149.313	236
149.32	236
149.327	236
149.334	236
149.34	236
149.347	236
149.354	236
149.361	236
149.367	236
149.374	236
149.381	236
149.387	236
149.394	236
149.401	236
149.408	236
149.414	236
149.421	236
149.428	236
149.435	236
149.441	236
149.448	236
149.455	236
149.462	236
149.468	236
149.475	236
149.482	236
149.489	236
149.495	236
149.502	236
149.509	236
149.516	236
149.522	236
149.529	236
149.536	236
149.543	236
149.549	236
149.556	236
149.563	236
149.57	236
149.576	236
149.583	236
149.59	236
149.597	236
149.603	236
149.61	236
149.617	236
149.624	236
149.63	236
149.637	236
149.644	236
149.651	236
149.657	236
149.664	236
149.671	236
149.678	236
149.684	236
149.691	236
149.698	236
149.705	236
149.711	236
149.718	236
149.725	236
149.732	236
149.738	236
149.745	236
149.752	236
149.759	236
149.765	236
149.772	236
149.779	236
149.785	236
149.792	236
149.799	236
149.806	236
149.812	236
149.819	236
149.826	236
149.833	236
149.839	236
149.846	236
149.853	236
149.86	236
149.866	236
149.873	236
149.88	236
149.887	236
149.893	236
149.9	236
149.907	236
149.914	236
149.92	236
149.927	236
149.934	236
149.941	236
149.947	236
149.954	236
149.961	236
149.968	236
149.974	236
149.981	236
149.988	236
149.995	236
150.001	236
150.008	236
150.015	236
150.022	236
150.028	236
150.035	236
150.042	236
150.049	236
150.055	236
150.062	236
150.069	236
150.076	236
150.082	236
150.089	236
150.096	236
150.103	236
150.109	236
150.116	236
150.123	236
150.13	236
150.136	236
150.143	236
150.15	236
150.156	236
150.163	236
150.17	236
150.177	236
150.183	236
150.19	236
150.197	236
150.204	236
150.21	236
150.217	236
150.224	236
150.231	236
150.237	236
150.244	236
150.251	236
150.258	236
150.264	236
150.271	236
150.278	236
150.285	236
150.291	236
150.298	236
150.305	236
150.312	236
150.318	236
150.325	236
150.332	236
150.339	236
150.345	236
150.352	236
150.359	236
150.366	236
150.372	236
150.379	236
150.386	236
150.393	236
150.399	236
150.406	236
150.413	236
150.42	236
150.426	236
150.433	236
150.44	236
150.447	236
150.453	236
150.46	236
150.467	236
150.474	236
150.48	236
150.487	236
150.494	236
150.501	236
150.507	236
150.514	236
150.521	236
150.527	236
150.534	236
150.541	236
150.548	236
150.554	236
150.561	236
150.568	236
150.575	236
150.581	236
150.588	236
150.595	236
150.602	236
150.608	236
150.615	236
150.622	236
150.629	236
150.635	236
150.642	236
150.649	236
150.656	236
150.662	236
150.669	236
150.676	236
150.683	236
150.689	236
150.696	236
150.703	236
150.71	236
150.716	236
150.723	236
150.73	236
150.737	236
150.743	236
150.75	236
150.757	236
150.764	236
150.77	236
150.777	236
150.784	236
150.791	236
150.797	236
150.804	236
150.811	236
150.818	236
150.824	236
150.831	236
150.838	236
150.845	236
150.851	236
150.858	236
150.865	236
150.872	236
150.878	236
150.885	236
150.892	236
150.899	236
150.905	236
150.912	236
150.919	236
150.925	236
150.932	236
150.939	236
150.946	236
150.952	236
150.959	236
150.966	236
150.973	236
150.979	236
150.986	236
150.993	236
151	236
151.006	236
151.013	236
151.02	236
151.027	236
151.033	236
151.04	236
151.047	236
151.054	236
151.06	236
151.067	236
151.074	236
151.081	236
151.087	236
151.094	236
151.101	236
151.108	236
151.114	236
151.121	236
151.128	236
151.135	236
151.141	236
151.148	236
151.155	236
151.162	236
151.168	236
151.175	236
151.182	236
151.189	236
151.195	236
151.202	236
151.209	236
151.216	236
151.222	236
151.229	236
151.236	236
151.243	236
151.249	236
151.256	236
151.263	236
151.27	236
151.276	236
151.283	236
151.29	236
151.296	236
151.303	236
151.31	236
151.317	236
151.323	236
151.33	236
151.337	236
151.344	236
151.35	236
151.357	236
151.364	236
151.371	236
151.377	236
151.384	236
151.391	236
151.398	236
151.404	236
151.411	236
151.418	236
151.425	236
151.431	236
151.438	236
151.445	236
151.452	236
151.458	236
151.465	236
151.472	236
151.479	236
151.485	236
151.492	236
151.499	236
151.506	236
151.512	236
151.519	236
151.526	236
151.533	236
151.539	236
151.546	236
151.553	236
151.56	236
151.566	236
151.573	236
151.58	236
151.587	236
151.593	236
151.6	236
151.607	236
151.614	236
151.62	236
151.627	236
151.634	236
151.641	236
151.647	236
151.654	236
151.661	236
151.668	236
151.674	236
151.681	236
151.688	236
151.694	236
151.701	236
151.708	236
151.715	236
151.721	236
151.728	236
151.735	236
151.742	236
151.748	236
151.755	236
151.762	236
151.769	236
151.775	236
151.782	236
151.789	236
151.796	236
151.802	236
151.809	236
151.816	236
151.823	236
151.829	236
151.836	236
151.843	236
151.85	236
151.856	236
151.863	236
151.87	236
151.877	236
151.883	236
151.89	236
151.897	236
151.904	236
151.91	236
151.917	236
151.924	236
151.931	236
151.937	236
151.944	236
151.951	236
151.958	236
151.964	236
151.971	236
151.978	236
151.985	236
151.991	236
151.998	236
152.005	236
152.012	236
152.018	236
152.025	236
152.032	236
152.039	236
152.045	236
152.052	236
152.059	236
152.065	236
152.072	236
152.079	236
152.086	236
152.092	236
152.099	236
152.106	236
152.113	236
152.119	236
152.126	236
152.133	236
152.14	236
152.146	236
152.153	236
152.16	236
152.167	236
152.173	236
152.18	236
152.187	236
152.194	236
152.2	236
152.207	236
152.214	236
152.221	236
152.227	236
152.234	236
152.241	236
152.248	236
152.254	236
152.261	236
152.268	236
152.275	236
152.281	236
152.288	236
152.295	236
152.302	236
152.308	236
152.315	236
152.322	236
152.329	236
152.335	236
152.342	236
152.349	236
152.356	236
152.362	236
152.369	236
152.376	236
152.383	236
152.389	236
152.396	236
152.403	236
152.41	236
152.416	236
152.423	236
152.43	236
152.437	236
152.443	236
152.45	236
152.457	236
152.463	236
152.47	236
152.477	236
152.484	236
152.49	236
152.497	236
152.504	236
152.511	236
152.517	236
152.524	236
152.531	236
152.538	236
152.544	236
152.551	236
152.558	236
152.565	236
152.571	236
152.578	236
152.585	236
152.592	236
152.598	236
152.605	236
152.612	236
152.619	236
152.625	236
152.632	236
152.639	236
152.646	236
152.652	236
152.659	236
152.666	236
152.673	236
152.679	236
152.686	236
152.693	236
152.7	236
152.706	236
152.713	236
152.72	236
152.727	236
152.733	236
152.74	236
152.747	236
152.754	236
152.76	236
152.767	236
152.774	236
152.781	236
152.787	236
152.794	236
152.801	236
152.808	236
152.814	236
152.821	236
152.828	236
152.834	236
152.841	236
152.848	236
152.855	236
152.861	236
152.868	236
152.875	236
152.882	236
152.888	236
152.895	236
152.902	236
152.909	236
152.915	236
152.922	236
152.929	236
152.936	236
152.942	236
152.949	236
152.956	236
152.963	236
152.969	236
152.976	236
152.983	236
152.99	236
152.996	236
153.003	236
153.01	236
153.017	236
153.023	236
153.03	236
153.037	236
153.044	236
153.05	236
153.057	236
153.064	236
153.071	236
153.077	236
153.084	236
153.091	236
153.098	236
153.104	236
153.111	236
153.118	236
153.125	236
153.131	236
153.138	236
153.145	236
153.152	236
153.158	236
153.165	236
153.172	236
153.179	236
153.185	236
153.192	236
153.199	236
153.206	236
153.212	236
153.219	236
153.226	236
153.232	236
153.239	236
153.246	236
153.253	236
153.259	236
153.266	236
153.273	236
153.28	236
153.286	236
153.293	236
153.3	236
153.307	236
153.313	236
153.32	236
153.327	236
153.334	236
153.34	236
153.347	236
153.354	236
153.361	236
153.367	236
153.374	236
153.381	236
153.388	236
153.394	236
153.401	236
153.408	236
153.415	236
153.421	236
153.428	236
153.435	236
153.442	236
153.448	236
153.455	236
153.462	236
153.469	236
153.475	236
153.482	236
153.489	236
153.496	236
153.502	236
153.509	236
153.516	236
153.523	236
153.529	236
153.536	236
153.543	236
153.55	236
153.556	236
153.563	236
153.57	236
153.577	236
153.583	236
153.59	236
153.597	236
153.603	236
153.61	236
153.617	236
153.624	236
153.63	236
153.637	236
153.644	236
153.651	236
153.657	236
153.664	236
153.671	236
153.678	236
153.684	236
153.691	236
153.698	236
153.705	236
153.711	236
153.718	236
153.725	236
153.732	236
153.738	236
153.745	236
153.752	236
153.759	236
153.765	236
153.772	236
153.779	236
153.786	236
153.792	236
153.799	236
153.806	236
153.813	236
153.819	236
153.826	236
153.833	236
153.84	236
153.846	236
153.853	236
153.86	236
153.867	236
153.873	236
153.88	236
153.887	236
153.894	236
153.9	236
153.907	236
153.914	236
153.921	236
153.927	236
153.934	236
153.941	236
153.948	236
153.954	236
153.961	236
153.968	236
153.975	236
153.981	236
153.988	236
153.995	236
154.001	236
154.008	236
154.015	236
154.022	236
154.028	236
154.035	236
154.042	236
154.049	236
154.055	236
154.062	236
154.069	236
154.076	236
154.082	236
154.089	236
154.096	236
154.103	236
154.109	236
154.116	236
154.123	236
154.13	236
154.136	236
154.143	236
154.15	236
154.157	236
154.163	236
154.17	236
154.177	236
154.184	236
154.19	236
154.197	236
154.204	236
154.211	236
154.217	236
154.224	236
154.231	236
154.238	236
154.244	236
154.251	236
154.258	236
154.265	236
154.271	236
154.278	236
154.285	236
154.292	236
154.298	236
154.305	236
154.312	236
154.319	236
154.325	236
154.332	236
154.339	236
154.346	236
154.352	236
154.359	236
154.366	236
154.372	236
154.379	236
154.386	236
154.393	236
154.399	236
154.406	236
154.413	236
154.42	236
154.426	236
154.433	236
154.44	236
154.447	236
154.453	236
154.46	236
154.467	236
154.474	236
154.48	236
154.487	236
154.494	236
154.501	236
154.507	236
154.514	236
154.521	236
154.528	236
154.534	236
154.541	236
154.548	236
154.555	236
154.561	236
154.568	236
154.575	236
154.582	236
154.588	236
154.595	236
154.602	236
154.609	236
154.615	236
154.622	236
154.629	236
154.636	236
154.642	236
154.649	236
154.656	236
154.663	236
154.669	236
154.676	236
154.683	236
154.69	236
154.696	236
154.703	236
154.71	236
154.717	236
154.723	236
154.73	236
154.737	236
154.743	236
154.75	236
154.757	236
154.764	236
154.77	236
154.777	236
154.784	236
154.791	236
154.797	236
154.804	236
154.811	236
154.818	236
154.824	236
154.831	236
154.838	236
154.845	236
154.851	236
154.858	236
154.865	236
154.872	236
154.878	236
154.885	236
154.892	236
154.899	236
154.905	236
154.912	236
154.919	236
154.926	236
154.932	236
154.939	236
154.946	236
154.953	236
154.959	236
154.966	236
154.973	236
154.98	236
154.986	236
154.993	236
155	236
155.007	236
155.013	236
155.02	236
155.027	236
155.034	236
155.04	236
155.047	236
155.054	236
155.061	236
155.067	236
155.074	236
155.081	236
155.088	236
155.094	236
155.101	236
155.108	236
155.115	236
155.121	236
155.128	236
155.135	236
155.141	236
155.148	236
155.155	236
155.162	236
155.168	236
155.175	236
155.182	236
155.189	236
155.195	236
155.202	236
155.209	236
155.216	236
155.222	236
155.229	236
155.236	236
155.243	236
155.249	236
155.256	236
155.263	236
155.27	236
155.276	236
155.283	236
155.29	236
155.297	236
155.303	236
155.31	236
155.317	236
155.324	236
155.33	236
155.337	236
155.344	236
155.351	236
155.357	236
155.364	236
155.371	236
155.378	236
155.384	236
155.391	236
155.398	236
155.405	236
155.411	236
155.418	236
155.425	236
155.432	236
155.438	236
155.445	236
155.452	236
155.459	236
155.465	236
155.472	236
155.479	236
155.486	236
155.492	236
155.499	236
155.506	236
155.512	236
155.519	236
155.526	236
155.533	236
155.539	236
155.546	236
155.553	236
155.56	236
155.566	236
155.573	236
155.58	236
155.587	236
155.593	236
155.6	236
155.607	236
155.614	236
155.62	236
155.627	236
155.634	236
155.641	236
155.647	236
155.654	236
155.661	236
155.668	236
155.674	236
155.681	236
155.688	236
155.695	236
155.701	236
155.708	236
155.715	236
155.722	236
155.728	236
155.735	236
155.742	236
155.749	236
155.755	236
155.762	236
155.769	236
155.776	236
155.782	236
155.789	236
155.796	236
155.803	236
155.809	236
155.816	236
155.823	236
155.83	236
155.836	236
155.843	236
155.85	236
155.857	236
155.863	236
155.87	236
155.877	236
155.884	236
155.89	236
155.897	236
155.904	236
155.91	236
155.917	236
155.924	236
155.931	236
155.937	236
155.944	236
155.951	236
155.958	236
155.964	236
155.971	236
155.978	236
155.985	236
155.991	236
155.998	236
156.005	236
156.012	236
156.018	236
156.025	236
156.032	236
156.039	236
156.045	236
156.052	236
156.059	236
156.066	236
156.072	236
156.079	236
156.086	236
156.093	236
156.099	236
156.106	236
156.113	236
156.12	236
156.126	236
156.133	236
156.14	236
156.147	236
156.153	236
156.16	236
156.167	236
156.174	236
156.18	236
156.187	236
156.194	236
156.201	236
156.207	236
156.214	236
156.221	236
156.228	236
156.234	236
156.241	236
156.248	236
156.255	236
156.261	236
156.268	236
156.275	236
156.281	236
156.288	236
156.295	236
156.302	236
156.308	236
156.315	236
156.322	236
156.329	236
156.335	236
156.342	236
156.349	236
156.356	236
156.362	236
156.369	236
156.376	236
156.383	236
156.389	236
156.396	236
156.403	236
156.41	236
156.416	236
156.423	236
156.43	236
156.437	236
156.443	236
156.45	236
156.457	236
156.464	236
156.47	236
156.477	236
156.484	236
156.491	236
156.497	236
156.504	236
156.511	236
156.518	236
156.524	236
156.531	236
156.538	236
156.545	236
156.551	236
156.558	236
156.565	236
156.572	236
156.578	236
156.585	236
156.592	236
156.599	236
156.605	236
156.612	236
156.619	236
156.626	236
156.632	236
156.639	236
156.646	236
156.653	236
156.659	236
156.666	236
156.673	236
156.679	236
156.686	236
156.693	236
156.7	236
156.706	236
156.713	236
156.72	236
156.727	236
156.733	236
156.74	236
156.747	236
156.754	236
156.76	236
156.767	236
156.774	236
156.781	236
156.787	236
156.794	236
156.801	236
156.808	236
156.814	236
156.821	236
156.828	236
156.835	236
156.841	236
156.848	236
156.855	236
156.862	236
156.868	236
156.875	236
156.882	236
156.889	236
156.895	236
156.902	236
156.909	236
156.916	236
156.922	236
156.929	236
156.936	236
156.943	236
156.949	236
156.956	236
156.963	236
156.97	236
156.976	236
156.983	236
156.99	236
156.997	236
157.003	236
157.01	236
157.017	236
157.024	236
157.03	236
157.037	236
157.044	236
157.05	236
157.057	236
157.064	236
157.071	236
157.077	236
157.084	236
157.091	236
157.098	236
157.104	236
157.111	236
157.118	236
157.125	236
157.131	236
157.138	236
157.145	236
157.152	236
157.158	236
157.165	236
157.172	236
157.179	236
157.185	236
157.192	236
157.199	236
157.206	236
157.212	236
157.219	236
157.226	236
157.233	236
157.239	236
157.246	236
157.253	236
157.26	236
157.266	236
157.273	236
157.28	236
157.287	236
157.293	236
157.3	236
157.307	236
157.314	236
157.32	236
157.327	236
157.334	236
157.341	236
157.347	236
157.354	236
157.361	236
157.368	236
157.374	236
157.381	236
157.388	236
157.395	236
157.401	236
157.408	236
157.415	236
157.422	236
157.428	236
157.435	236
157.442	236
157.448	236
157.455	236
157.462	236
157.469	236
157.475	236
157.482	236
157.489	236
157.496	236
157.502	236
157.509	236
157.516	236
157.523	236
157.529	236
157.536	236
157.543	236
157.55	236
157.556	236
157.563	236
157.57	236
157.577	236
157.583	236
157.59	236
157.597	236
157.604	236
157.61	236
157.617	236
157.624	236
157.631	236
157.637	236
157.644	236
157.651	236
157.658	236
157.664	236
157.671	236
157.678	236
157.685	236
157.691	236
157.698	236
157.705	236
157.712	236
157.718	236
157.725	236
157.732	236
157.739	236
157.745	236
157.752	236
157.759	236
157.766	236
157.772	236
157.779	236
157.786	236
157.793	236
157.799	236
157.806	236
157.813	236
157.819	236
157.826	236
157.833	236
157.84	236
157.846	236
157.853	236
157.86	236
157.867	236
157.873	236
157.88	236
157.887	236
157.894	236
157.9	236
157.907	236
157.914	236
157.921	236
157.927	236
157.934	236
157.941	236
157.948	236
157.954	236
157.961	236
157.968	236
157.975	236
157.981	236
157.988	236
157.995	236
158.002	236
158.008	236
158.015	236
158.022	236
158.029	236
158.035	236
158.042	236
158.049	236
158.056	236
158.062	236
158.069	236
158.076	236
158.083	236
158.089	236
158.096	236
158.103	236
158.11	236
158.116	236
158.123	236
158.13	236
158.137	236
158.143	236
158.15	236
158.157	236
158.164	236
158.17	236
158.177	236
158.184	236
158.191	236
158.197	236
158.204	236
158.211	236
158.217	236
158.224	236
158.231	236
158.238	236
158.244	236
158.251	236
158.258	236
158.265	236
158.271	236
158.278	236
158.285	236
158.292	236
158.298	236
158.305	236
158.312	236
158.319	236
158.325	236
158.332	236
158.339	236
158.346	236
158.352	236
158.359	236
158.366	236
158.373	236
158.379	236
158.386	236
158.393	236
158.4	236
158.406	236
158.413	236
158.42	236
158.427	236
158.433	236
158.44	236
158.447	236
158.454	236
158.46	236
158.467	236
158.474	236
158.481	236
158.487	236
158.494	236
158.501	236
158.508	236
158.514	236
158.521	236
158.528	236
158.535	236
158.541	236
158.548	236
158.555	236
158.562	236
158.568	236
158.575	236
158.582	236
158.588	236
158.595	236
158.602	236
158.609	236
158.615	236
158.622	236
158.629	236
158.636	236
158.642	236
158.649	236
158.656	236
158.663	236
158.669	236
158.676	236
158.683	236
158.69	236
158.696	236
158.703	236
158.71	236
158.717	236
158.723	236
158.73	236
158.737	236
158.744	236
158.75	236
158.757	236
158.764	236
158.771	236
158.777	236
158.784	236
158.791	236
158.798	236
158.804	236
158.811	236
158.818	236
158.825	236
158.831	236
158.838	236
158.845	236
158.852	236
158.858	236
158.865	236
158.872	236
158.879	236
158.885	236
158.892	236
158.899	236
158.906	236
158.912	236
158.919	236
158.926	236
158.933	236
158.939	236
158.946	236
158.953	236
158.959	236
158.966	236
158.973	236
158.98	236
158.986	236
158.993	236
159	236
159.007	236
159.013	236
159.02	236
159.027	236
159.034	236
159.04	236
159.047	236
159.054	236
159.061	236
159.067	236
159.074	236
159.081	236
159.088	236
159.094	236
159.101	236
159.108	236
159.115	236
159.121	236
159.128	236
159.135	236
159.142	236
159.148	236
159.155	236
159.162	236
159.169	236
159.175	236
159.182	236
159.189	236
159.196	236
159.202	236
159.209	236
159.216	236
159.223	236
159.229	236
159.236	236
159.243	236
159.25	236
159.256	236
159.263	236
159.27	236
159.277	236
159.283	236
159.29	236
159.297	236
159.304	236
159.31	236
159.317	236
159.324	236
159.331	236
159.337	236
159.344	236
159.351	236
159.357	236
159.364	236
159.371	236
159.378	236
159.384	236
159.391	236
159.398	236
159.405	236
159.411	236
159.418	236
159.425	236
159.432	236
159.438	236
159.445	236
159.452	236
159.459	236
159.465	236
159.472	236
159.479	236
159.486	236
159.492	236
159.499	236
159.506	236
159.513	236
159.519	236
159.526	236
159.533	236
159.54	236
159.546	236
159.553	236
159.56	236
159.567	236
159.573	236
159.58	236
159.587	236
159.594	236
159.6	236
159.607	236
159.614	236
159.621	236
159.627	236
159.634	236
159.641	236
159.648	236
159.654	236
159.661	236
159.668	236
159.675	236
159.681	236
159.688	236
159.695	236
159.702	236
159.708	236
159.715	236
159.722	236
159.728	236
159.735	236
159.742	236
159.749	236
159.755	236
159.762	236
159.769	236
159.776	236
159.782	236
159.789	236
159.796	236
159.803	236
159.809	236
159.816	236
159.823	236
159.83	236
159.836	236
159.843	236
159.85	236
159.857	236
159.863	236
159.87	236
159.877	236
159.884	236
159.89	236
159.897	236
159.904	236
159.911	236
159.917	236
159.924	236
159.931	236
159.938	236
159.944	236
159.951	236
159.958	236
159.965	236
159.971	236
159.978	236
159.985	236
159.992	236
159.998	236
160.005	236
160.012	236
160.019	236
160.025	236
160.032	236
160.039	236
160.046	236
160.052	236
160.059	236
160.066	236
160.072	236
160.079	236
160.086	236
160.093	236
160.099	236
160.103	235
160.106	234
160.11	233
160.113	232
160.116	230
160.12	228
160.123	226
160.126	224
160.13	222
160.133	219
160.137	217
160.14	214
160.143	211
160.147	208
160.15	205
160.153	202
160.157	199
160.16	196
160.164	193
160.167	190
160.17	187
160.174	184
160.177	180
160.18	177
160.184	174
160.187	171
160.19	167
160.194	164
160.197	161
160.201	158
160.204	154
160.207	151
160.211	148
160.214	144
160.217	141
160.221	138
160.224	135
160.228	133
160.231	131
160.234	130
160.238	128
160.241	127
160.244	126
160.248	125
160.251	124
160.255	123
160.258	122
160.261	122
160.265	121
160.268	121
160.271	120
160.275	120
160.278	120
160.282	119
160.285	119
160.288	119
160.292	119
160.295	119
160.298	119
160.302	118
160.305	118
160.309	118
160.312	118
160.315	118
160.319	118
160.322	118
160.325	118
160.329	118
160.332	118
160.336	118
160.339	118
160.342	118
160.346	118
160.349	118
160.352	118
160.356	118
160.359	118
160.362	118
160.366	118
160.369	118
160.373	118
160.376	118
160.379	118
160.383	118
160.386	118
160.389	118
160.393	118
160.396	118
160.4	118
160.403	118
160.406	118
160.41	118
160.413	118
160.416	118
160.42	118
160.423	118
160.427	118
160.43	118
160.433	118
160.437	118
160.44	118
160.443	118
160.447	118
160.45	118
160.454	118
160.457	118
160.46	118
160.464	118
160.467	119
160.47	119
160.474	119
160.477	119
160.481	120
160.484	120
160.487	120
160.491	120
160.494	120
160.497	120
160.501	120
160.504	121
160.508	121
160.511	121
160.514	121
160.518	121
160.521	121
160.524	121
160.528	121
160.531	121
160.535	121
160.538	121
160.541	121
160.545	121
160.548	121
160.551	121
160.555	121
160.558	121
160.561	121
160.565	121
160.568	121
160.572	121
160.575	121
160.578	121
160.582	121
160.585	121
160.588	121
160.592	121
160.595	121
160.599	121
160.602	121
160.605	121
160.609	121
160.612	121
160.615	121
160.619	121
160.622	121
160.626	121
160.629	121
160.632	121
160.636	121
160.639	121
160.642	121
160.646	121
160.649	121
160.653	121
160.656	121
160.659	121
160.663	121
160.666	121
160.669	121
160.673	121
160.676	121
160.68	121
160.683	121
160.686	121
160.69	121
160.693	121
160.696	121
160.7	122
160.703	122
160.707	122
160.71	123
160.713	123
160.717	123
160.72	123
160.723	123
160.727	123
160.73	124
160.734	124
160.737	124
160.74	124
160.744	124
160.747	124
160.75	124
160.754	124
160.757	124
160.76	124
160.764	124
160.767	124
160.771	124
160.774	124
160.777	124
160.781	124
160.784	124
160.787	124
160.791	124
160.794	124
160.798	124
160.801	124
160.804	124
160.808	124
160.811	124
160.814	124
160.818	124
160.821	124
160.825	124
160.828	124
160.831	124
160.835	124
160.838	124
160.841	124
160.845	124
160.848	124
160.852	124
160.855	124
160.858	124
160.862	124
160.865	124
160.868	124
160.872	124
160.875	124
160.879	124
160.882	124
160.885	124
160.889	124
160.892	124
160.895	124
160.899	124
160.902	124
160.906	124
160.909	124
160.912	124
160.916	124
160.919	124
160.922	124
160.926	124
160.929	124
160.933	124
160.936	124
160.939	125
160.943	125
160.946	125
160.949	126
160.953	126
160.956	126
160.959	126
160.963	126
160.966	127
160.97	127
160.973	127
160.976	127
160.98	127
160.983	127
160.986	127
160.99	127
160.993	127
160.997	127
161	127
161.003	127
161.007	127
161.01	128
161.013	128
161.017	128
161.02	128
161.024	128
161.027	128
161.03	128
161.034	128
161.037	128
161.04	128
161.044	128
161.047	128
161.051	128
161.054	128
161.057	128
161.061	128
161.064	128
161.067	128
161.071	128
161.074	128
161.078	128
161.081	128
161.084	128
161.088	128
161.091	128
161.094	128
161.098	128
161.101	128
161.105	128
161.108	128
161.111	128
161.115	128
161.118	128
161.121	128
161.125	128
161.128	128
161.131	128
161.135	128
161.138	128
161.142	128
161.145	128
161.148	128
161.152	128
161.155	128
161.158	128
161.162	128
161.165	128
161.169	128
161.172	128
161.175	128
161.179	128
161.182	128
161.185	128
161.189	128
161.192	128
161.196	129
161.199	129
161.202	129
161.206	129
161.209	130
161.212	130
161.216	130
161.219	130
161.223	130
161.226	130
161.229	130
161.233	130
161.236	131
161.239	131
161.243	131
161.246	131
161.25	131
161.253	131
161.256	131
161.26	131
161.263	131
161.266	131
161.27	131
161.273	131
161.277	131
161.28	131
161.283	131
161.287	131
161.29	131
161.293	131
161.297	131
161.3	131
161.304	131
161.307	131
161.31	131
161.314	131
161.317	131
161.32	131
161.324	131
161.327	131
161.33	131
161.334	131
161.337	131
161.341	131
161.344	131
161.347	131
161.351	131
161.354	131
161.357	131
161.361	131
161.364	131
161.368	131
161.371	131
161.374	131
161.378	131
161.381	131
161.384	131
161.388	131
161.391	131
161.395	131
161.398	131
161.401	131
161.405	131
161.408	131
161.411	131
161.415	131
161.418	131
161.422	131
161.425	131
161.428	131
161.432	131
161.435	131
161.438	131
161.442	131
161.445	131
161.449	132
161.452	132
161.455	132
161.459	133
161.462	133
161.465	133
161.469	133
161.472	133
161.476	134
161.479	134
161.482	134
161.486	134
161.489	134
161.492	134
161.496	134
161.499	134
161.503	134
161.506	134
161.509	134
161.513	134
161.516	134
161.519	134
161.523	134
161.526	134
161.529	134
161.533	134
161.536	134
161.54	134
161.543	134
161.546	134
161.55	134
161.553	134
161.556	134
161.56	134
161.563	134
161.567	134
161.57	134
161.573	134
161.577	134
161.58	134
161.583	134
161.587	134
161.59	134
161.594	134
161.597	134
161.6	134
161.604	134
161.607	134
161.61	134
161.614	134
161.617	134
161.621	134
161.624	134
161.627	134
161.631	134
161.634	134
161.637	134
161.641	134
161.644	134
161.648	134
161.651	134
161.654	134
161.658	134
161.661	134
161.664	134
161.668	134
161.671	134
161.675	134
161.678	134
161.681	134
161.685	134
161.688	134
161.691	134
161.695	134
161.698	134
161.701	134
161.705	134
161.708	134
161.712	134
161.715	134
161.718	134
161.722	134
161.725	134
161.728	134
161.732	134
161.735	134
161.739	134
161.742	134
161.745	134
161.749	134
161.752	134
161.755	134
161.759	134
161.762	134
161.766	134
161.769	134
161.772	134
161.776	134
161.779	134
161.782	134
161.786	134
161.789	134
161.793	134
161.796	134
161.799	134
161.803	134
161.806	134
161.809	134
161.813	134
161.816	134
161.82	134
161.823	134
161.826	134
161.83	134
161.833	134
161.836	134
161.84	134
161.843	134
161.847	134
161.85	134
161.853	134
161.857	134
161.86	134
161.863	134
161.867	134
161.87	134
161.874	134
161.877	134
161.88	134
161.884	134
161.887	134
161.89	134
161.894	134
161.897	134
161.9	134
161.904	134
161.907	134
161.911	134
161.914	134
161.917	134
161.921	134
161.924	134
161.927	134
161.931	134
161.934	134
161.938	134
161.941	134
161.944	134
161.948	134
161.951	134
161.954	134
161.958	134
161.961	134
161.965	134
161.968	134
161.971	134
161.975	134
161.978	134
161.981	134
161.985	134
161.988	134
161.992	134
161.995	134
161.998	134
162.002	134
162.005	134
162.008	134
162.012	134
162.015	134
162.019	134
162.022	134
162.025	134
162.029	134
162.032	134
162.035	134
162.039	134
162.042	134
162.046	134
162.049	134
162.052	134
162.056	134
162.059	134
162.062	134
162.066	134
162.069	134
162.073	134
162.076	134
162.079	134
162.083	134
162.086	134
162.089	134
162.093	134
162.096	134
162.099	134
162.103	134
162.106	134
162.11	134
162.113	134
162.116	134
162.12	134
162.123	134
162.126	134
162.13	134
162.133	134
162.137	134
162.14	134
162.143	134
162.147	134
162.15	134
162.153	134
162.157	134
162.16	134
162.164	134
162.167	134
162.17	134
162.174	134
162.177	134
162.18	134
162.184	134
162.187	134
162.191	134
162.194	134
162.197	134
162.201	134
162.204	134
162.207	134
162.211	134
162.214	134
162.218	134
162.221	134
162.224	134
162.228	134
162.231	134
162.234	134
162.238	134
162.241	134
162.245	134
162.248	134
162.251	134
162.255	134
162.258	134
162.261	134
162.265	134
162.268	134
162.272	134
162.275	134
162.278	134
162.282	134
162.285	134
162.288	134
162.292	134
162.295	134
162.298	134
162.302	134
162.305	134
162.309	134
162.312	134
162.315	134
162.319	134
162.322	134
162.325	134
162.329	134
162.332	134
162.336	134
162.339	134
162.342	134
162.346	134
162.349	134
162.352	134
162.356	134
162.359	134
162.363	134
162.366	134
162.369	134
162.373	134
162.376	134
162.379	134
162.383	134
162.386	134
162.39	134
162.393	134
162.396	134
162.4	134
162.403	134
162.406	134
162.41	134
162.413	134
162.417	134
162.42	134
162.423	134
162.427	134
162.43	134
162.433	134
162.437	134
162.44	134
162.444	134
162.447	134
162.45	134
162.454	134
162.457	134
162.46	134
162.464	134
162.467	134
162.47	134
162.474	134
162.477	134
162.481	134
162.484	134
162.487	134
162.491	134
162.494	134
162.497	134
162.501	134
162.504	134
162.508	134
162.511	134
162.514	134
162.518	134
162.521	134
162.524	134
162.528	134
162.531	134
162.535	134
162.538	134
162.541	134
162.545	134
162.548	134
162.551	134
162.555	134
162.558	134
162.562	134
162.565	134
162.568	134
162.572	134
162.575	134
162.578	134
162.582	134
162.585	134
162.589	134
162.592	134
162.595	134
162.599	134
162.602	134
162.605	134
162.609	134
162.612	134
162.616	134
162.619	134
162.622	134
162.626	134
162.629	134
162.632	134
162.636	134
162.639	134
162.643	134
162.646	134
162.649	134
162.653	134
162.656	134
162.659	134
162.663	134
162.666	134
162.669	134
162.673	134
162.676	134
162.68	134
162.683	134
162.686	134
162.69	134
162.693	134
162.696	134
162.7	134
162.703	134
162.707	134
162.71	134
162.713	134
162.717	134
162.72	134
162.723	134
162.727	134
162.73	134
162.734	134
162.737	134
162.74	134
162.744	134
162.747	134
162.75	134
162.754	134
162.757	134
162.761	134
162.764	134
162.767	134
162.771	134
162.774	134
162.777	134
162.781	134
162.784	134
162.788	134
162.791	134
162.794	134
162.798	134
162.801	134
162.804	134
162.808	134
162.811	134
162.815	134
162.818	134
162.821	134
162.825	134
162.828	134
162.831	134
162.835	134
162.838	134
162.842	134
162.845	134
162.848	134
162.852	134
162.855	134
162.858	134
162.862	134
162.865	134
162.868	134
162.872	134
162.875	134
162.879	134
162.882	134
162.885	134
162.889	134
162.892	134
162.895	134
162.899	134
162.902	134
162.906	134
162.909	134
162.912	134
162.916	134
162.919	134
162.922	134
162.926	134
162.929	134
162.933	134
162.936	134
162.939	134
162.943	134
162.946	134
162.949	134
162.953	134
162.956	134
162.96	134
162.963	134
162.966	134
162.97	134
162.973	134
162.976	134
162.98	134
162.983	134
162.987	134
162.99	134
162.993	134
162.997	134
163	134
163.003	134
163.007	134
163.01	134
163.014	134
163.017	134
163.02	134
163.024	134
163.027	134
163.03	134
163.034	134
163.037	134
163.041	134
163.044	134
163.047	134
163.051	134
163.054	134
163.057	134
163.061	134
163.064	134
163.067	134
163.071	134
163.074	134
163.078	134
163.081	134
163.084	134
163.088	134
163.091	134
163.094	134
163.098	134
163.101	134
163.105	134
163.108	134
163.111	134
163.115	134
163.118	134
163.121	134
163.125	134
163.128	134
163.132	134
163.135	134
163.138	134
163.142	134
163.145	134
163.148	134
163.152	134
163.155	134
163.159	134
163.162	134
163.165	134
163.169	134
163.172	134
163.175	134
163.179	134
163.182	134
163.186	134
163.189	134
163.192	134
163.196	134
163.199	134
163.202	134
163.206	134
163.209	134
163.213	134
163.216	134
163.219	134
163.223	134
163.226	134
163.229	134
163.233	134
163.236	134
163.239	134
163.243	134
163.246	134
163.25	134
163.253	134
163.256	134
163.26	134
163.263	134
163.266	134
163.27	134
163.273	134
163.277	134
163.28	134
163.283	134
163.287	134
163.29	134
163.293	134
163.297	134
163.3	134
163.304	134
163.307	134
163.31	134
163.314	134
163.317	134
163.32	134
163.324	134
163.327	134
163.331	134
163.334	134
163.337	134
163.341	134
163.344	134
163.347	134
163.351	134
163.354	134
163.358	134
163.361	134
163.364	134
163.368	134
163.371	134
163.374	134
163.378	134
163.381	134
163.385	134
163.388	134
163.391	134
163.395	134
163.398	134
163.401	134
163.405	134
163.408	134
163.412	134
163.415	134
163.418	134
163.422	134
163.425	134
163.428	134
163.432	134
163.435	134
163.438	134
163.442	134
163.445	134
163.449	134
163.452	134
163.455	134
163.459	134
163.462	134
163.465	134
163.469	134
163.472	134
163.476	134
163.479	134
163.482	134
163.486	134
163.489	134
163.492	134
163.496	134
163.499	134
163.503	134
163.506	134
163.509	134
163.513	134
163.516	134
163.519	134
163.523	134
163.526	134
163.53	134
163.533	134
163.536	134
163.54	134
163.543	134
163.546	134
163.55	134
163.553	134
163.557	134
163.56	134
163.563	134
163.567	134
163.57	134
163.573	134
163.577	134
163.58	134
163.584	134
163.587	134
163.59	134
163.594	134
163.597	134
163.6	134
163.604	134
163.607	134
163.611	134
163.614	134
163.617	134
163.621	134
163.624	134
163.627	134
163.631	134
163.634	134
163.637	134
163.641	134
163.644	134
163.648	134
163.651	134
163.654	134
163.658	134
163.661	134
163.664	134
163.668	134
163.671	134
163.675	134
163.678	134
163.681	134
163.685	134
163.688	134
163.691	134
163.695	134
163.698	134
163.702	134
163.705	134
163.708	134
163.712	134
163.715	134
163.718	134
163.722	134
163.725	134
163.729	134
163.732	134
163.735	134
163.739	134
163.742	134
163.745	134
163.749	134
163.752	134
163.756	134
163.759	134
163.762	134
163.766	134
163.769	134
163.772	134
163.776	134
163.779	134
163.783	134
163.786	134
163.789	134
163.793	134
163.796	134
163.799	134
163.803	134
163.806	134
163.809	134
163.813	134
163.816	134
163.82	134
163.823	134
163.826	134
163.83	134
163.833	134
163.836	134
163.84	134
163.843	134
163.847	134
163.85	134
163.853	134
163.857	134
163.86	134
163.863	134
163.867	134
163.87	134
163.874	134
163.877	134
163.88	134
163.884	134
163.887	134
163.89	134
163.894	134
163.897	134
163.901	134
163.904	134
163.907	134
163.911	134
163.914	134
163.917	134
163.921	134
163.924	134
163.928	134
163.931	134
163.934	134
163.938	134
163.941	134
163.944	134
163.948	134
163.951	134
163.955	134
163.958	134
163.961	134
163.965	134
163.968	134
163.971	134
163.975	134
163.978	134
163.982	134
163.985	134
163.988	134
163.992	134
163.995	134
163.998	134
164.002	134
164.005	134
164.008	134
164.012	134
164.015	134
164.019	134
164.022	134
164.025	134
164.029	134
164.032	134
164.035	134
164.039	134
164.042	134
164.046	134
164.049	134
164.052	134
164.056	134
164.059	134
164.062	134
164.066	134
164.069	134
164.073	134
164.076	134
164.079	134
164.083	134
164.086	134
164.089	134
164.093	134
164.096	134
164.1	134
164.103	134
164.106	134
164.11	134
164.113	134
164.116	134
164.12	134
164.123	134
164.127	134
164.13	134
164.133	134
164.137	134
164.14	134
164.143	134
164.147	134
164.15	134
164.154	134
164.157	134
164.16	134
164.164	134
164.167	134
164.17	134
164.174	134
164.177	134
164.181	134
164.184	134
164.187	134
164.191	134
164.194	134
164.197	134
164.201	134
164.204	134
164.207	134
164.211	134
164.214	134
164.218	134
164.221	134
164.224	134
164.228	134
164.231	134
164.234	134
164.238	134
164.241	134
164.245	134
164.248	134
164.251	134
164.255	134
164.258	134
164.261	134
164.265	134
164.268	134
164.272	134
164.275	134
164.278	134
164.282	134
164.285	134
164.288	134
164.292	134
164.295	134
164.299	134
164.302	134
164.305	134
164.309	134
164.312	134
164.315	134
164.319	134
164.322	134
164.326	134
164.329	134
164.332	134
164.336	134
164.339	134
164.342	134
164.346	134
164.349	134
164.353	134
164.356	134
164.359	134
164.363	134
164.366	134
164.369	134
164.373	134
164.376	134
164.38	134
164.383	134
164.386	134
164.39	134
164.393	134
164.396	134
164.4	134
164.403	134
164.406	134
164.41	134
164.413	134
164.417	134
164.42	134
164.423	134
164.427	134
164.43	134
164.433	134
164.437	134
164.44	134
164.444	134
164.447	134
164.45	134
164.454	134
164.457	134
164.46	134
164.464	134
164.467	134
164.471	134
164.474	134
164.477	134
164.481	134
164.484	134
164.487	134
164.491	134
164.494	134
164.498	134
164.501	134
164.504	134
164.508	134
164.511	134
164.514	134
164.518	134
164.521	134
164.525	134
164.528	134
164.531	134
164.535	134
164.538	134
164.541	134
164.545	134
164.548	134
164.552	134
164.555	134
164.558	134
164.562	134
164.565	134
164.568	134
164.572	134
164.575	134
164.578	134
164.582	134
164.585	134
164.589	134
164.592	134
164.595	134
164.599	134
164.602	134
164.605	134
164.609	134
164.612	134
164.616	134
164.619	134
164.622	134
164.626	134
164.629	134
164.632	134
164.636	134
164.639	134
164.643	134
164.646	134
164.649	134
164.653	134
164.656	134
164.659	134
164.663	134
164.666	134
164.67	134
164.673	134
164.676	134
164.68	134
164.683	134
164.686	134
164.69	134
164.693	134
164.697	134
164.7	134
164.703	134
164.707	134
164.71	134
164.713	134
164.717	134
164.72	134
164.724	134
164.727	134
164.73	134
164.734	134
164.737	134
164.74	134
164.744	134
164.747	134
164.751	134
164.754	134
164.757	134
164.761	134
164.764	134
164.767	134
164.771	134
164.774	134
164.777	134
164.781	134
164.784	134
164.788	134
164.791	134
164.794	134
164.798	134
164.801	134
164.804	134
164.808	134
164.811	134
164.815	134
164.818	134
164.821	134
164.825	134
164.828	134
164.831	134
164.835	134
164.838	134
164.842	134
164.845	134
164.848	134
164.852	134
164.855	134
164.858	134
164.862	134
164.865	134
164.869	134
164.872	134
164.875	134
164.879	134
164.882	134
164.885	134
164.889	134
164.892	134
164.896	134
164.899	134
164.902	134
164.906	134
164.909	134
164.912	134
164.916	134
164.919	134
164.923	134
164.926	134
164.929	134
164.933	134
164.936	134
164.939	134
164.943	134
164.946	134
164.95	134
164.953	134
164.956	134
164.96	134
164.963	134
164.966	134
164.97	134
164.973	134
164.976	134
164.98	134
164.983	134
164.987	134
164.99	134
164.993	134
164.997	134
165	134
165.003	134
165.007	134
165.01	134
165.014	134
165.017	134
165.02	134
165.024	134
165.027	134
165.03	134
165.034	134
165.037	134
165.041	134
165.044	134
165.047	134
165.051	134
165.054	134
165.057	134
165.061	134
165.064	134
165.068	134
165.071	134
165.074	134
165.078	134
165.081	134
165.084	134
165.088	134
165.091	134
165.095	134
165.098	134
165.101	134
165.105	134
165.108	134
165.111	134
165.115	134
165.118	134
165.122	134
165.125	134
165.128	134
165.132	134
165.135	134
165.138	134
165.142	134
165.145	134
165.149	134
165.152	134
165.155	134
165.159	134
165.162	134
165.165	134
165.169	134
165.172	134
165.175	134
165.179	134
165.182	134
165.186	134
165.189	134
165.192	134
165.196	134
165.199	134
165.202	134
165.206	134
165.209	134
165.213	134
165.216	134
165.219	134
165.223	134
165.226	134
165.229	134
165.233	134
165.236	134
165.24	134
165.243	134
165.246	134
165.25	134
165.253	134
165.256	134
165.26	134
165.263	134
165.267	134
165.27	134
165.273	134
165.277	134
165.28	134
165.283	134
165.287	134
165.29	134
165.294	134
165.297	134
165.3	134
165.304	134
165.307	134
165.31	134
165.314	134
165.317	134
165.321	134
165.324	134
165.327	134
165.331	134
165.334	134
165.337	134
165.341	134
165.344	134
165.347	134
165.351	134
165.354	134
165.358	134
165.361	134
165.364	134
165.368	134
165.371	134
165.374	134
165.378	134
165.381	134
165.385	134
165.388	134
165.391	134
165.395	134
165.398	134
165.401	134
165.405	134
165.408	134
165.412	134
165.415	134
165.418	134
165.422	134
165.425	134
165.428	134
165.432	134
165.435	134
165.439	134
165.442	134
165.445	134
165.449	134
165.452	134
165.455	134
165.459	134
165.462	134
165.466	134
165.469	134
165.472	134
165.476	134
165.479	134
165.482	134
165.486	134
165.489	134
165.493	134
165.496	134
165.499	134
165.503	134
165.506	134
165.509	134
165.513	134
165.516	134
165.52	134
165.523	134
165.526	134
165.53	134
165.533	134
165.536	134
165.54	134
165.543	134
165.546	134
165.55	134
165.553	134
165.557	134
165.56	134
165.563	134
165.567	134
165.57	134
165.573	134
165.577	134
165.58	134
165.584	134
165.587	134
165.59	134
165.594	134
165.597	134
165.6	134
165.604	134
165.607	134
165.611	134
165.614	134
165.617	134
165.621	134
165.624	134
165.627	134
165.631	134
165.634	134
165.638	134
165.641	134
165.644	134
165.648	134
165.651	134
165.654	134
165.658	134
165.661	134
165.665	134
165.668	134
165.671	134
165.675	134
165.678	134
165.681	134
165.685	134
165.688	134
165.692	134
165.695	134
165.698	134
165.702	134
165.705	134
165.708	134
165.712	134
165.715	134
165.719	134
165.722	134
165.725	134
165.729	134
165.732	134
165.735	134
165.739	134
165.742	134
165.745	134
165.749	134
165.752	134
165.756	134
165.759	134
165.762	134
165.766	134
165.769	134
165.772	134
165.776	134
165.779	134
165.783	134
165.786	134
165.789	134
165.793	134
165.796	134
165.799	134
165.803	134
165.806	134
165.81	134
165.813	134
165.816	134
165.82	134
165.823	134
165.826	134
165.83	134
165.833	134
165.837	134
165.84	134
165.843	134
165.847	134
165.85	134
165.853	134
165.857	134
165.86	134
165.864	134
165.867	134
165.87	134
165.874	134
165.877	134
165.88	134
165.884	134
165.887	134
165.891	134
165.894	134
165.897	134
165.901	134
165.904	134
165.907	134
165.911	134
165.914	134
165.917	134
165.921	134
165.924	134
165.928	134
165.931	134
165.934	134
165.938	134
165.941	134
165.944	134
165.948	134
165.951	134
165.955	134
165.958	134
165.961	134
165.965	134
165.968	134
165.971	134
165.975	134
165.978	134
165.982	134
165.985	134
165.988	134
165.992	134
165.995	134
165.998	134
166.002	134
166.005	134
166.009	134
166.012	134
166.015	134
166.019	134
166.022	134
166.025	134
166.029	134
166.032	134
166.036	134
166.039	134
166.042	134
166.046	134
166.049	134
166.052	134
166.056	134
166.059	134
166.063	134
166.066	134
166.069	134
166.073	134
166.076	134
166.079	134
166.083	134
166.086	134
166.09	134
166.093	134
166.096	134
166.1	134
166.103	134
166.106	134
166.11	134
166.113	134
166.116	134
166.12	134
166.123	134
166.127	134
166.13	134
166.133	134
166.137	134
166.14	134
166.143	134
166.147	134
166.15	134
166.154	134
166.157	134
166.16	134
166.164	134
166.167	134
166.17	134
166.174	134
166.177	134
166.181	134
166.184	134
166.187	134
166.191	134
166.194	134
166.197	134
166.201	134
166.204	134
166.208	134
166.211	134
166.214	134
166.218	134
166.221	134
166.224	134
166.228	134
166.231	134
166.235	134
166.238	134
166.241	134
166.245	134
166.248	134
166.251	134
166.255	134
166.258	134
166.262	134
166.265	134
166.268	134
166.272	134
166.275	134
166.278	134
166.282	134
166.285	134
166.289	134
166.292	134
166.295	134
166.299	134
166.302	134
166.305	134
166.309	134
166.312	134
166.315	134
166.319	134
166.322	134
166.326	134
166.329	134
166.332	134
166.336	134
166.339	134
166.342	134
166.346	134
166.349	134
166.353	134
166.356	134
166.359	134
166.363	134
166.366	134
166.369	134
166.373	134
166.376	134
166.38	134
166.383	134
166.386	134
166.39	134
166.393	134
166.396	134
166.4	134
166.403	134
166.407	134
166.41	134
166.413	134
166.417	134
166.42	134
166.423	134
166.427	134
166.43	134
166.434	134
166.437	134
166.44	134
166.444	134
166.447	134
166.45	134
166.454	134
166.457	134
166.461	134
166.464	134
166.467	134
166.471	134
166.474	134
166.477	134
166.481	134
166.484	134
166.488	134
166.491	134
166.494	134
166.498	134
166.501	134
166.504	134
166.508	134
166.511	134
166.514	134
166.518	134
166.521	134
166.525	134
166.528	134
166.531	134
166.535	134
166.538	134
166.541	134
166.545	134
166.548	134
166.552	134
166.555	134
166.558	134
166.562	134
166.565	134
166.568	134
166.572	134
166.575	134
166.579	134
166.582	134
166.585	134
166.589	134
166.592	134
166.595	134
166.599	134
166.602	134
166.606	134
166.609	134
166.612	134
166.616	134
166.619	134
166.622	134
166.626	134
166.629	134
166.633	134
166.636	134
166.639	134
166.643	134
166.646	134
166.649	134
166.653	134
166.656	134
166.66	134
166.663	134
166.666	134
166.67	134
166.673	134
166.676	134
166.68	134
166.683	134
166.686	134
166.69	134
166.693	134
166.697	134
166.7	134
166.703	134
166.707	134
166.71	134
166.713	134
166.717	134
166.72	134
166.724	134
166.727	134
166.73	134
166.734	134
166.737	134
166.74	134
166.744	134
166.747	134
166.751	134
166.754	134
166.757	134
166.761	134
166.764	134
166.767	134
166.771	134
166.774	134
166.778	134
166.781	134
166.784	134
166.788	134
166.791	134
166.794	134
166.798	134
166.801	134
166.805	134
166.808	134
166.811	134
166.815	134
166.818	134
166.821	134
166.825	134
166.828	134
166.832	134
166.835	134
166.838	134
166.842	134
166.845	134
166.848	134
166.852	134
166.855	134
166.859	134
166.862	134
166.865	134
166.869	134
166.872	134
166.875	134
166.879	134
166.882	134
166.885	134
166.889	134
166.892	134
166.896	134
166.899	134
166.902	134
166.906	134
166.909	134
166.912	134
166.916	134
166.919	134
166.923	134
166.926	134
166.929	134
166.933	134
166.936	134
166.939	134
166.943	134
166.946	134
166.95	134
166.953	134
166.956	134
166.96	134
166.963	134
166.966	134
166.97	134
166.973	134
166.977	134
166.98	134
166.983	134
166.987	134
166.99	134
166.993	134
166.997	134
167	134
167.004	134
167.007	134
167.01	134
167.014	134
167.017	134
167.02	134
167.024	134
167.027	134
167.031	134
167.034	134
167.037	134
167.041	134
167.044	134
167.047	134
167.051	134
167.054	134
167.058	134
167.061	134
167.064	134
167.068	134
167.071	134
167.074	134
167.078	134
167.081	134
167.084	134
167.088	134
167.091	134
167.095	134
167.098	134
167.101	134
167.105	134
167.108	134
167.111	134
167.115	134
167.118	134
167.122	134
167.125	134
167.128	134
167.132	134
167.135	134
167.138	134
167.142	134
167.145	134
167.149	134
167.152	134
167.155	134
167.159	134
167.162	134
167.165	134
167.169	134
167.172	134
167.176	134
167.179	134
167.182	134
167.186	134
167.189	134
167.192	134
167.196	134
167.199	134
167.203	134
167.206	134
167.209	134
167.213	134
167.216	134
167.219	134
167.223	134
167.226	134
167.23	134
167.233	134
167.236	134
167.24	134
167.243	134
167.246	134
167.25	134
167.253	134
167.257	134
167.26	134
167.263	134
167.267	134
167.27	134
167.273	134
167.277	134
167.28	134
167.283	134
167.287	134
167.29	134
167.294	134
167.297	134
167.3	134
167.304	134
167.307	134
167.31	134
167.314	134
167.317	134
167.321	134
167.324	134
167.327	134
167.331	134
167.334	134
167.337	134
167.341	134
167.344	134
167.348	134
167.351	134
167.354	134
167.358	134
167.361	134
167.364	134
167.368	134
167.371	134
167.375	134
167.378	134
167.381	134
167.385	134
167.388	134
167.391	134
167.395	134
167.398	134
167.402	134
167.405	134
167.408	134
167.412	134
167.415	134
167.418	134
167.422	134
167.425	134
167.429	134
167.432	134
167.435	134
167.439	134
167.442	134
167.445	134
167.449	134
167.452	134
167.455	134
167.459	134
167.462	134
167.466	134
167.469	134
167.472	134
167.476	134
167.479	134
167.482	134
167.486	134
167.489	134
167.493	134
167.496	134
167.499	134
167.503	134
167.506	134
167.509	134
167.513	134
167.516	134
167.52	134
167.523	134
167.526	134
167.53	134
167.533	134
167.536	134
167.54	134
167.543	134
167.547	134
167.55	134
167.553	134
167.557	134
167.56	134
167.563	134
167.567	134
167.57	134
167.574	134
167.577	134
167.58	134
167.584	134
167.587	134
167.59	134
167.594	134
167.597	134
167.601	134
167.604	134
167.607	134
167.611	134
167.614	134
167.617	134
167.621	134
167.624	134
167.628	134
167.631	134
167.634	134
167.638	134
167.641	134
167.644	134
167.648	134
167.651	134
167.654	134
167.658	134
167.661	134
167.665	134
167.668	134
167.671	134
167.675	134
167.678	134
167.681	134
167.685	134
167.688	134
167.692	134
167.695	134
167.698	134
167.702	134
167.705	134
167.708	134
167.712	134
167.715	134
167.719	134
167.722	134
167.725	134
167.729	134
167.732	134
167.735	134
167.739	134
167.742	134
167.746	134
167.749	134
167.752	134
167.756	134
167.759	134
167.762	134
167.766	134
167.769	134
167.773	134
167.776	134
167.779	134
167.783	134
167.786	134
167.789	134
167.793	134
167.796	134
167.8	134
167.803	134
167.806	134
167.81	134
167.813	134
167.816	134
167.82	134
167.823	134
167.827	134
167.83	134
167.833	134
167.837	134
167.84	134
167.843	134
167.847	134
167.85	134
167.853	134
167.857	134
167.86	134
167.864	134
167.867	134
167.87	134
167.874	134
167.877	134
167.88	134
167.884	134
167.887	134
167.891	134
167.894	134
167.897	134
167.901	134
167.904	134
167.907	134
167.911	134
167.914	134
167.918	134
167.921	134
167.924	134
167.928	134
167.931	134
167.934	134
167.938	134
167.941	134
167.945	134
167.948	134
167.951	134
167.955	134
167.958	134
167.961	134
167.965	134
167.968	134
167.972	134
167.975	134
167.978	134
167.982	134
167.985	134
167.988	134
167.992	134
167.995	134
167.999	134
168.002	134
168.005	134
168.009	134
168.012	134
168.015	134
168.019	134
168.022	134
168.025	134
168.029	134
168.032	134
168.036	134
168.039	134
168.042	134
168.046	134
168.049	134
168.052	134
168.056	134
168.059	134
168.063	134
168.066	134
168.069	134
168.073	134
168.076	134
168.079	134
168.083	134
168.086	134
168.09	134
168.093	134
168.096	134
168.1	134
168.103	134
168.106	134
168.11	134
168.113	134
168.117	134
168.12	134
168.123	134
168.127	134
168.13	134
168.133	134
168.137	134
168.14	134
168.144	134
168.147	134
168.15	134
168.154	134
168.157	134
168.16	134
168.164	134
168.167	134
168.171	134
168.174	134
168.177	134
168.181	134
168.184	134
168.187	134
168.191	134
168.194	134
168.198	134
168.201	134
168.204	134
168.208	134
168.211	134
168.214	134
168.218	134
168.221	134
168.224	134
168.228	134
168.231	134
168.235	134
168.238	134
168.241	134
168.245	134
168.248	134
168.251	134
168.255	134
168.258	134
168.262	134
168.265	134
168.268	134
168.272	134
168.275	134
168.278	134
168.282	134
168.285	134
168.289	134
168.292	134
168.295	134
168.299	134
168.302	134
168.305	134
168.309	134
168.312	134
168.316	134
168.319	134
168.322	134
168.326	134
168.329	134
168.332	134
168.336	134
168.339	134
168.343	134
168.346	134
168.349	134
168.353	134
168.356	134
168.359	134
168.363	134
168.366	134
168.37	134
168.373	134
168.376	134
168.38	134
168.383	134
168.386	134
168.39	134
168.393	134
168.397	134
168.4	134
168.403	134
168.407	134
168.41	134
168.413	134
168.417	134
168.42	134
168.423	134
168.427	134
168.43	134
168.434	134
168.437	134
168.44	134
168.444	134
168.447	134
168.45	134
168.454	134
168.457	134
168.461	134
168.464	134
168.467	134
168.471	134
168.474	134
168.477	134
168.481	134
168.484	134
168.488	134
168.491	134
168.494	134
168.498	134
168.501	134
168.504	134
168.508	134
168.511	134
168.515	134
168.518	134
168.521	134
168.525	134
168.528	134
168.531	134
168.535	134
168.538	134
168.542	134
168.545	134
168.548	134
168.552	134
168.555	134
168.558	134
168.562	134
168.565	134
168.569	134
168.572	134
168.575	134
168.579	134
168.582	134
168.585	134
168.589	134
168.592	134
168.596	134
168.599	134
168.602	134
168.606	134
168.609	134
168.612	134
168.616	134
168.619	134
168.622	134
168.626	134
168.629	134
168.633	134
168.636	134
168.639	134
168.643	134
168.646	134
168.649	134
168.653	134
168.656	134
168.66	134
168.663	134
168.666	134
168.67	134
168.673	134
168.676	134
168.68	134
168.683	134
168.687	134
168.69	134
168.693	134
168.697	134
168.7	134
168.703	134
168.707	134
168.71	134
168.714	134
168.717	134
168.72	134
168.724	134
168.727	134
168.73	134
168.734	134
168.737	134
168.741	134
168.744	134
168.747	134
168.751	134
168.754	134
168.757	134
168.761	134
168.764	134
168.768	134
168.771	134
168.774	134
168.778	134
168.781	134
168.784	134
168.788	134
168.791	134
168.794	134
168.798	134
168.801	134
168.805	134
168.808	134
168.811	134
168.815	134
168.818	134
168.821	134
168.825	134
168.828	134
168.832	134
168.835	134
168.838	134
168.842	134
168.845	134
168.848	134
168.852	134
168.855	134
168.859	134
168.862	134
168.865	134
168.869	134
168.872	134
168.875	134
168.879	134
168.882	134
168.886	134
168.889	134
168.892	134
168.896	134
168.899	134
168.902	134
168.906	134
168.909	134
168.913	134
168.916	134
168.919	134
168.923	134
168.926	134
168.929	134
168.933	134
168.936	134
168.94	134
168.943	134
168.946	134
168.95	134
168.953	134
168.956	134
168.96	134
168.963	134
168.967	134
168.97	134
168.973	134
168.977	134
168.98	134
168.983	134
168.987	134
168.99	134
168.993	134
168.997	134
169	134
169.004	134
169.007	134
169.01	134
169.014	134
169.017	134
169.02	134
169.024	134
169.027	134
169.031	134
169.034	134
169.037	134
169.041	134
169.044	134
169.047	134
169.051	134
169.054	134
169.058	134
169.061	134
169.064	134
169.068	134
169.071	134
169.074	134
169.078	134
169.081	134
169.085	134
169.088	134
169.091	134
169.095	134
169.098	134
169.101	134
169.105	134
169.108	134
169.112	134
169.115	134
169.118	134
169.122	134
169.125	134
169.128	134
169.132	134
169.135	134
169.139	134
169.142	134
169.145	134
169.149	134
169.152	134
169.155	134
169.159	134
169.162	134
169.166	134
169.169	134
169.172	134
169.176	134
169.179	134
169.182	134
169.186	134
169.189	134
169.192	134
169.196	134
169.199	134
169.203	134
169.206	134
169.209	134
169.213	134
169.216	134
169.219	134
169.223	134
169.226	134
169.23	134
169.233	134
169.236	134
169.24	134
169.243	134
169.246	134
169.25	134
169.253	134
169.257	134
169.26	134
169.263	134
169.267	134
169.27	134
169.273	134
169.277	134
169.28	134
169.284	134
169.287	134
169.29	134
169.294	134
169.297	134
169.3	134
169.304	134
169.307	134
169.311	134
169.314	134
169.317	134
169.321	134
169.324	134
169.327	134
169.331	134
169.334	134
169.338	134
169.341	134
169.344	134
169.348	134
169.351	134
169.354	134
169.358	134
169.361	134
169.365	134
169.368	134
169.371	134
169.375	134
169.378	134
169.381	134
169.385	134
169.388	134
169.391	134
169.395	134
169.398	134
169.402	134
169.405	134
169.408	134
169.412	134
169.415	134
169.418	134
169.422	134
169.425	134
169.429	134
169.432	134
169.435	134
169.439	134
169.442	134
169.445	134
169.449	134
169.452	134
169.456	134
169.459	134
169.462	134
169.466	134
169.469	134
169.472	134
169.476	134
169.479	134
169.483	134
169.486	134
169.489	134
169.493	134
169.496	134
169.499	134
169.503	134
169.506	134
169.51	134
169.513	134
169.516	134
169.52	134
169.523	134
169.526	134
169.53	134
169.533	134
169.537	134
169.54	134
169.543	134
169.547	134
169.55	134
169.553	134
169.557	134
169.56	134
169.563	134
169.567	134
169.57	134
169.574	134
169.577	134
169.58	134
169.584	134
169.587	134
169.59	134
169.594	134
169.597	134
169.601	134
169.604	134
169.607	134
169.611	134
169.614	134
169.617	134
169.621	134
169.624	134
169.628	134
169.631	134
169.634	134
169.638	134
169.641	134
169.644	134
169.648	134
169.651	134
169.655	134
169.658	134
169.661	134
169.665	134
169.668	134
169.671	134
169.675	134
169.678	134
169.682	134
169.685	134
169.688	134
169.692	134
169.695	134
169.698	134
169.702	134
169.705	134
169.709	134
169.712	134
169.715	134
169.719	134
169.722	134
169.725	134
169.729	134
169.732	134
169.736	134
169.739	134
169.742	134
169.746	134
169.749	134
169.752	134
169.756	134
169.759	134
169.762	134
169.766	134
169.769	134
169.773	134
169.776	134
169.779	134
169.783	134
169.786	134
169.789	134
169.793	134
169.796	134
169.8	134
169.803	134
169.806	134
169.81	134
169.813	134
169.816	134
169.82	134
169.823	134
169.827	134
169.83	134
169.833	134
169.837	134
169.84	134
169.843	134
169.847	134
169.85	134
169.854	134
169.857	134
169.86	134
169.864	134
169.867	134
169.87	134
169.874	134
169.877	134
169.881	134
169.884	134
169.887	134
169.891	134
169.894	134
169.897	134
169.901	134
169.904	134
169.908	134
169.911	134
169.914	134
169.918	134
169.921	134
169.924	134
169.928	134
169.931	134
169.935	134
169.938	134
169.941	134
169.945	134
169.948	134
169.951	134
169.955	134
169.958	134
169.961	134
169.965	134
169.968	134
169.972	134
169.975	134
169.978	134
169.982	134
169.985	134
169.988	134
169.992	134
169.995	134
169.999	134
170.002	134
170.005	134
170.009	134
170.012	134
170.015	134
170.019	134
170.022	134
170.026	134
170.029	134
170.032	134
170.036	134
170.039	134
170.042	134
170.046	134
170.049	134
170.053	134
170.056	134
170.059	134
170.063	134
170.066	134
170.069	134
170.073	134
170.076	134
170.08	134
170.083	134
170.086	134
170.09	134
170.093	134
170.096	134
170.1	134
170.103	134
170.107	134
170.11	134
170.113	134
170.117	134
170.12	134
170.123	134
170.127	134
170.13	134
170.133	134
170.137	134
170.14	134
170.144	134
170.147	134
170.15	134
170.154	134
170.157	134
170.16	134
170.164	134
170.167	134
170.171	134
170.174	134
170.177	134
170.181	134
170.184	134
170.187	134
170.191	134
170.194	134
170.198	134
170.201	134
170.204	134
170.208	134
170.211	134
170.214	134
170.218	134
170.221	134
170.225	134
170.228	134
170.231	134
170.235	134
170.238	134
170.241	134
170.245	134
170.248	134
170.252	134
170.255	134
170.258	134
170.262	134
170.265	134
170.268	134
170.272	134
170.275	134
170.279	134
170.282	134
170.285	134
170.289	134
170.292	134
170.295	134
170.299	134
170.302	134
170.306	134
170.309	134
170.312	134
170.316	134
170.319	134
170.322	134
170.326	134
170.329	134
170.332	134
170.336	134
170.339	134
170.343	134
170.346	134
170.349	134
170.353	134
170.356	134
170.359	134
170.363	134
170.366	134
170.37	134
170.373	134
170.376	134
170.38	134
170.383	134
170.386	134
170.39	134
170.393	134
170.397	134
170.4	134
170.403	134
170.407	134
170.41	134
170.413	134
170.417	134
170.42	134
170.424	134
170.427	134
170.43	134
170.434	134
170.437	134
170.44	134
170.444	134
170.447	134
170.451	134
170.454	134
170.457	134
170.461	134
170.464	134
170.467	134
170.471	134
170.474	134
170.478	134
170.481	134
170.484	134
170.488	134
170.491	134
170.494	134
170.498	134
170.501	134
170.505	134
170.508	134
170.511	134
170.515	134
170.518	134
170.521	134
170.525	134
170.528	134
170.531	134
170.535	134
170.538	134
170.542	134
170.545	134
170.548	134
170.552	134
170.555	134
170.558	134
170.562	134
170.565	134
170.569	134
170.572	134
170.575	134
170.579	134
170.582	134
170.585	134
170.589	134
170.592	134
170.596	134
170.599	134
170.602	134
170.606	134
170.609	134
170.612	134
170.616	134
170.619	134
170.623	134
170.626	134
170.629	134
170.633	134
170.636	134
170.639	134
170.643	134
170.646	134
170.65	134
170.653	134
170.656	134
170.66	134
170.663	134
170.666	134
170.67	134
170.673	134
170.677	134
170.68	134
170.683	134
170.687	134
170.69	134
170.693	134
170.697	134
170.7	134
170.704	134
170.707	134
170.71	134
170.714	134
170.717	134
170.72	134
170.724	134
170.727	134
170.73	134
170.734	134
170.737	134
170.741	134
170.744	134
170.747	134
170.751	134
170.754	134
170.757	134
170.761	134
170.764	134
170.768	134
170.771	134
170.774	134
170.778	134
170.781	134
170.784	134
170.788	134
170.791	134
170.795	134
170.798	134
170.801	134
170.805	134
170.808	134
170.811	134
170.815	134
170.818	134
170.822	134
170.825	134
170.828	134
170.832	134
170.835	134
170.838	134
170.842	134
170.845	134
170.849	134
170.852	134
170.855	134
170.859	134
170.862	134
170.865	134
170.869	134
170.872	134
170.876	134
170.879	134
170.882	134
170.886	134
170.889	134
170.892	134
170.896	134
170.899	134
170.902	134
170.906	134
170.909	134
170.913	134
170.916	134
170.919	134
170.923	134
170.926	134
170.929	134
170.933	134
170.936	134
170.94	134
170.943	134
170.946	134
170.95	134
170.953	134
170.956	134
170.96	134
170.963	134
170.967	134
170.97	134
170.973	134
170.977	134
170.98	134
170.983	134
170.987	134
170.99	134
170.994	134
170.997	134
171	134
171.004	134
171.007	134
171.01	134
171.014	134
171.017	134
171.021	134
171.024	134
171.027	134
171.031	134
171.034	134
171.037	134
171.041	134
171.044	134
171.048	134
171.051	134
171.054	134
171.058	134
171.061	134
171.064	134
171.068	134
171.071	134
171.075	134
171.078	134
171.081	134
171.085	134
171.088	134
171.091	134
171.095	134
171.098	134
171.101	134
171.105	134
171.108	134
171.112	134
171.115	134
171.118	134
171.122	134
171.125	134
171.128	134
171.132	134
171.135	134
171.139	134
171.142	134
171.145	134
171.149	134
171.152	134
171.155	134
171.159	134
171.162	134
171.166	134
171.169	134
171.172	134
171.176	134
171.179	134
171.182	134
171.186	134
171.189	134
171.193	134
171.196	134
171.199	134
171.203	134
171.206	134
171.209	134
171.213	134
171.216	134
171.22	134
171.223	134
171.226	134
171.23	134
171.233	134
171.236	134
171.24	134
171.243	134
171.247	134
171.25	134
171.253	134
171.257	134
171.26	134
171.263	134
171.267	134
171.27	134
171.274	134
171.277	134
171.28	134
171.284	134
171.287	134
171.29	134
171.294	134
171.297	134
171.3	134
171.304	134
171.307	134
171.311	134
171.314	134
171.317	134
171.321	134
171.324	134
171.327	134
171.331	134
171.334	134
171.338	134
171.341	134
171.344	134
171.348	134
171.351	134
171.354	134
171.358	134
171.361	134
171.365	134
171.368	134
171.371	134
171.375	134
171.378	134
171.381	134
171.385	134
171.388	134
171.392	134
171.395	134
171.398	134
171.402	134
171.405	134
171.408	134
171.412	134
171.415	134
171.419	134
171.422	134
171.425	134
171.429	134
171.432	134
171.435	134
171.439	134
171.442	134
171.446	134
171.449	134
171.452	134
171.456	134
171.459	134
171.462	134
171.466	134
171.469	134
171.473	134
171.476	134
171.479	134
171.483	134
171.486	134
171.489	134
171.493	134
171.496	134
171.499	134
171.503	134
171.506	134
171.51	134
171.513	134
171.516	134
171.52	134
171.523	134
171.526	134
171.53	134
171.533	134
171.537	134
171.54	134
171.543	134
171.547	134
171.55	134
171.553	134
171.557	134
171.56	134
171.564	134
171.567	134
171.57	134
171.574	134
171.577	134
171.58	134
171.584	134
171.587	134
171.591	134
171.594	134
171.597	134
171.601	134
171.604	134
171.607	134
171.611	134
171.614	134
171.618	134
171.621	134
171.624	134
171.628	134
171.631	134
171.634	134
171.638	134
171.641	134
171.645	134
171.648	134
171.651	134
171.655	134
171.658	134
171.661	134
171.665	134
171.668	134
171.671	134
171.675	134
171.678	134
171.682	134
171.685	134
171.688	134
171.692	134
171.695	134
171.698	134
171.702	134
171.705	134
171.709	134
171.712	134
171.715	134
171.719	134
171.722	134
171.725	134
171.729	134
171.732	134
171.736	134
171.739	134
171.742	134
171.746	134
171.749	134
171.752	134
171.756	134
171.759	134
171.763	134
171.766	134
171.769	134
171.773	134
171.776	134
171.779	134
171.783	134
171.786	134
171.79	134
171.793	134
171.796	134
171.8	134
171.803	134
171.806	134
171.81	134
171.813	134
171.817	134
171.82	134
171.823	134
171.827	134
171.83	134
171.833	134
171.837	134
171.84	134
171.844	134
171.847	134
171.85	134
171.854	134
171.857	134
171.86	134
171.864	134
171.867	134
171.87	134
171.874	134
171.877	134
171.881	134
171.884	134
171.887	134
171.891	134
171.894	134
171.897	134
171.901	134
171.904	134
171.908	134
171.911	134
171.914	134
171.918	134
171.921	134
171.924	134
171.928	134
171.931	134
171.935	134
171.938	134
171.941	134
171.945	134
171.948	134
171.951	134
171.955	134
171.958	134
171.962	134
171.965	134
171.968	134
171.972	134
171.975	134
171.978	134
171.982	134
171.985	134
171.989	134
171.992	134
171.995	134
171.999	134
172.002	134
172.005	134
172.009	134
172.012	134
172.016	134
172.019	134
172.022	134
172.026	134
172.029	134
172.032	134
172.036	134
172.039	134
172.043	134
172.046	134
172.049	134
172.053	134
172.056	134
172.059	134
172.063	134
172.066	134
172.069	134
172.073	134
172.076	134
172.08	134
172.083	134
172.086	134
172.09	134
172.093	134
172.096	134
172.1	134
172.103	134
172.107	134
172.11	134
172.113	134
172.117	134
172.12	134
172.123	134
172.127	134
172.13	134
172.134	134
172.137	134
172.14	134
172.144	134
172.147	134
172.15	134
172.154	134
172.157	134
172.161	134
172.164	134
172.167	134
172.171	134
172.174	134
172.177	134
172.181	134
172.184	134
172.188	134
172.191	134
172.194	134
172.198	134
172.201	134
172.204	134
172.208	134
172.211	134
172.215	134
172.218	134
172.221	134
172.225	134
172.228	134
172.231	134
172.235	134
172.238	134
172.241	134
172.245	134
172.248	134
172.252	134
172.255	134
172.258	134
172.262	134
172.265	134
172.268	134
172.272	134
172.275	134
172.279	134
172.282	134
172.285	134
172.289	134
172.292	134
172.295	134
172.299	134
172.302	134
172.306	134
172.309	134
172.312	134
172.316	134
172.319	134
172.322	134
172.326	134
172.329	134
172.333	134
172.336	134
172.339	134
172.343	134
172.346	134
172.349	134
172.353	134
172.356	134
172.36	134
172.363	134
172.366	134
172.37	134
172.373	134
172.376	134
172.38	134
172.383	134
172.387	134
172.39	134
172.393	134
172.397	134
172.4	134
172.403	134
172.407	134
172.41	134
172.414	134
172.417	134
172.42	134
172.424	134
172.427	134
172.43	134
172.434	134
172.437	134
172.44	134
172.444	134
172.447	134
172.451	134
172.454	134
172.457	134
172.461	134
172.464	134
172.467	134
172.471	134
172.474	134
172.478	134
172.481	134
172.484	134
172.488	134
172.491	134
172.494	134
172.498	134
172.501	134
172.505	134
172.508	134
172.511	134
172.515	134
172.518	134
172.521	134
172.525	134
172.528	134
172.532	134
172.535	134
172.538	134
172.542	134
172.545	134
172.548	134
172.552	134
172.555	134
172.559	134
172.562	134
172.565	134
172.569	134
172.572	134
172.575	134
172.579	134
172.582	134
172.586	134
172.589	134
172.592	134
172.596	134
172.599	134
172.602	134
172.606	134
172.609	134
172.613	134
172.616	134
172.619	134
172.623	134
172.626	134
172.629	134
172.633	134
172.636	134
172.639	134
172.643	134
172.646	134
172.65	134
172.653	134
172.656	134
172.66	134
172.663	134
172.666	134
172.67	134
172.673	134
172.677	134
172.68	134
172.683	134
172.687	134
172.69	134
172.693	134
172.697	134
172.7	134
172.704	134
172.707	134
172.71	134
172.714	134
172.717	134
172.72	134
172.724	134
172.727	134
172.731	134
172.734	134
172.737	134
172.741	134
172.744	134
172.747	134
172.751	134
172.754	134
172.758	134
172.761	134
172.764	134
172.768	134
172.771	134
172.774	134
172.778	134
172.781	134
172.785	134
172.788	134
172.791	134
172.795	134
172.798	134
172.801	134
172.805	134
172.808	134
172.812	134
172.815	134
172.818	134
172.822	134
172.825	134
172.828	134
172.832	134
172.835	134
172.838	134
172.842	134
172.845	134
172.849	134
172.852	134
172.855	134
172.859	134
172.862	134
172.865	134
172.869	134
172.872	134
172.876	134
172.879	134
172.882	134
172.886	134
172.889	134
172.892	134
172.896	134
172.899	134
172.903	134
172.906	134
172.909	134
172.913	134
172.916	134
172.919	134
172.923	134
172.926	134
172.93	134
172.933	134
172.936	134
172.94	134
172.943	134
172.946	134
172.95	134
172.953	134
172.957	134
172.96	134
172.963	134
172.967	134
172.97	134
172.973	134
172.977	134
172.98	134
172.984	134
172.987	134
172.99	134
172.994	134
172.997	134
173	134
173.004	134
173.007	134
173.01	134
173.014	134
173.017	134
173.021	134
173.024	134
173.027	134
173.031	134
173.034	134
173.037	134
173.041	134
173.044	134
173.048	134
173.051	134
173.054	134
173.058	134
173.061	134
173.064	134
173.068	134
173.071	134
173.075	134
173.078	134
173.081	134
173.085	134
173.088	134
173.091	134
173.095	134
173.098	134
173.102	134
173.105	134
173.108	134
173.112	134
173.115	134
173.118	134
173.122	134
173.125	134
173.129	134
173.132	134
173.135	134
173.139	134
173.142	134
173.145	134
173.149	134
173.152	134
173.156	134
173.159	134
173.162	134
173.166	134
173.169	134
173.172	134
173.176	134
173.179	134
173.183	134
173.186	134
173.189	134
173.193	134
173.196	134
173.199	134
173.203	134
173.206	134
173.209	134
173.213	134
173.216	134
173.22	134
173.223	134
173.226	134
173.23	134
173.233	134
173.236	134
173.24	134
173.243	134
173.247	134
173.25	134
173.253	134
173.257	134
173.26	134
173.263	134
173.267	134
173.27	134
173.274	134
173.277	134
173.28	134
173.284	134
173.287	134
173.29	134
173.294	134
173.297	134
173.301	134
173.304	134
173.307	134
173.311	134
173.314	134
173.317	134
173.321	134
173.324	134
173.328	134
173.331	134
173.334	134
173.338	134
173.341	134
173.344	134
173.348	134
173.351	134
173.355	134
173.358	134
173.361	134
173.365	134
173.368	134
173.371	134
173.375	134
173.378	134
173.382	134
173.385	134
173.388	134
173.392	134
173.395	134
173.398	134
173.402	134
173.405	134
173.408	134
173.412	134
173.415	134
173.419	134
173.422	134
173.425	134
173.429	134
173.432	134
173.435	134
173.439	134
173.442	134
173.446	134
173.449	134
173.452	134
173.456	134
173.459	134
173.462	134
173.466	134
173.469	134
173.473	134
173.476	134
173.479	134
173.483	134
173.486	134
173.489	134
173.493	134
173.496	134
173.5	134
173.503	134
173.506	134
173.51	134
173.513	134
173.516	134
173.52	134
173.523	134
173.527	134
173.53	134
173.533	134
173.537	134
173.54	134
173.543	134
173.547	134
173.55	134
173.554	134
173.557	134
173.56	134
173.564	134
173.567	134
173.57	134
173.574	134
173.577	134
173.581	134
173.584	134
173.587	134
173.591	134
173.594	134
173.597	134
173.601	134
173.604	134
173.607	134
173.611	134
173.614	134
173.618	134
173.621	134
173.624	134
173.628	134
173.631	134
173.634	134
173.638	134
173.641	134
173.645	134
173.648	134
173.651	134
173.655	134
173.658	134
173.661	134
173.665	134
173.668	134
173.672	134
173.675	134
173.678	134
173.682	134
173.685	134
173.688	134
173.692	134
173.695	134
173.699	134
173.702	134
173.705	134
173.709	134
173.712	134
173.715	134
173.719	134
173.722	134
173.726	134
173.729	134
173.732	134
173.736	134
173.739	134
173.742	134
173.746	134
173.749	134
173.753	134
173.756	134
173.759	134
173.763	134
173.766	134
173.769	134
173.773	134
173.776	134
173.779	134
173.783	134
173.786	134
173.79	134
173.793	134
173.796	134
173.8	134
173.803	134
173.806	134
173.81	134
173.813	134
173.817	134
173.82	134
173.823	134
173.827	134
173.83	134
173.833	134
173.837	134
173.84	134
173.844	134
173.847	134
173.85	134
173.854	134
173.857	134
173.86	134
173.864	134
173.867	134
173.871	134
173.874	134
173.877	134
173.881	134
173.884	134
173.887	134
173.891	134
173.894	134
173.898	134
173.901	134
173.904	134
173.908	134
173.911	134
173.914	134
173.918	134
173.921	134
173.925	134
173.928	134
173.931	134
173.935	134
173.938	134
173.941	134
173.945	134
173.948	134
173.952	134
173.955	134
173.958	134
173.962	134
173.965	134
173.968	134
173.972	134
173.975	134
173.978	134
173.982	134
173.985	134
173.989	134
173.992	134
173.995	134
173.999	134
174.002	134
174.005	134
174.009	134
174.012	134
174.016	134
174.019	134
174.022	134
174.026	134
174.029	134
174.032	134
174.036	134
174.039	134
174.043	134
174.046	134
174.049	134
174.053	134
174.056	134
174.059	134
174.063	134
174.066	134
174.07	134
174.073	134
174.076	134
174.08	134
174.083	134
174.086	134
174.09	134
174.093	134
174.097	134
174.1	134
174.103	134
174.107	134
174.11	134
174.113	134
174.117	134
174.12	134
174.124	134
174.127	134
174.13	134
174.134	134
174.137	134
174.14	134
174.144	134
174.147	134
174.151	134
174.154	134
174.157	134
174.161	134
174.164	134
174.167	134
174.171	134
174.174	134
174.177	134
174.181	134
174.184	134
174.188	134
174.191	134
174.194	134
174.198	134
174.201	134
174.204	134
174.208	134
174.211	134
174.215	134
174.218	134
174.221	134
174.225	134
174.228	134
174.231	134
174.235	134
174.238	134
174.242	134
174.245	134
174.248	134
174.252	134
174.255	134
174.258	134
174.262	134
174.265	134
174.269	134
174.272	134
174.275	134
174.279	134
174.282	134
174.285	134
174.289	134
174.292	134
174.296	134
174.299	134
174.302	134
174.306	134
174.309	134
174.312	134
174.316	134
174.319	134
174.323	134
174.326	134
174.329	134
174.333	134
174.336	134
174.339	134
174.343	134
174.346	134
174.349	134
174.353	134
174.356	134
174.36	134
174.363	134
174.366	134
174.37	134
174.373	134
174.376	134
174.38	134
174.383	134
174.387	134
174.39	134
174.393	134
174.397	134
174.4	134
174.403	134
174.407	134
174.41	134
174.414	134
174.417	134
174.42	134
174.424	134
174.427	134
174.43	134
174.434	134
174.437	134
174.441	134
174.444	134
174.447	134
174.451	134
174.454	134
174.457	134
174.461	134
174.464	134
174.468	134
174.471	134
174.474	134
174.478	134
174.481	134
174.484	134
174.488	134
174.491	134
174.495	134
174.498	134
174.501	134
174.505	134
174.508	134
174.511	134
174.515	134
174.518	134
174.522	134
174.525	134
174.528	134
174.532	134
174.535	134
174.538	134
174.542	134
174.545	134
174.548	134
174.552	134
174.555	134
174.559	134
174.562	134
174.565	134
174.569	134
174.572	134
174.575	134
174.579	134
174.582	134
174.586	134
174.589	134
174.592	134
174.596	134
174.599	134
174.602	134
174.606	134
174.609	134
174.613	134
174.616	134
174.619	134
174.623	134
174.626	134
174.629	134
174.633	134
174.636	134
174.64	134
174.643	134
174.646	134
174.65	134
174.653	134
174.656	134
174.66	134
174.663	134
174.667	134
174.67	134
174.673	134
174.677	134
174.68	134
174.683	134
174.687	134
174.69	134
174.694	134
174.697	134
174.7	134
174.704	134
174.707	134
174.71	134
174.714	134
174.717	134
174.721	134
174.724	134
174.727	134
174.731	134
174.734	134
174.737	134
174.741	134
174.744	134
174.747	134
174.751	134
174.754	134
174.758	134
174.761	134
174.764	134
174.768	134
174.771	134
174.774	134
174.778	134
174.781	134
174.785	134
174.788	134
174.791	134
174.795	134
174.798	134
174.801	134
174.805	134
174.808	134
174.812	134
174.815	134
174.818	134
174.822	134
174.825	134
174.828	134
174.832	134
174.835	134
174.839	134
174.842	134
174.845	134
174.849	134
174.852	134
174.855	134
174.859	134
174.862	134
174.866	134
174.869	134
174.872	134
174.876	134
174.879	134
174.882	134
174.886	134
174.889	134
174.893	134
174.896	134
174.899	134
174.903	134
174.906	134
174.909	134
174.913	134
174.916	134
174.92	134
174.923	134
174.926	134
174.93	134
174.933	134
174.936	134
174.94	134
174.943	134
174.946	134
174.95	134
174.953	134
174.957	134
174.96	134
174.963	134
174.967	134
174.97	134
174.973	134
174.977	134
174.98	134
174.984	134
174.987	134
174.99	134
174.994	134
174.997	134
175	134
175.004	134
175.007	134
175.011	134
175.014	134
175.017	134
175.021	134
175.024	134
175.027	134
175.031	134
175.034	134
175.038	134
175.041	134
175.044	134
175.048	134
175.051	134
175.054	134
175.058	134
175.061	134
175.065	134
175.068	134
175.071	134
175.075	134
175.078	134
175.081	134
175.085	134
175.088	134
175.092	134
175.095	134
175.098	134
175.102	134
175.105	134
175.108	134
175.112	134
175.115	134
175.118	134
175.122	134
175.125	134
175.129	134
175.132	134
175.135	134
175.139	134
175.142	134
175.145	134
175.149	134
175.152	134
175.156	134
175.159	134
175.162	134
175.166	134
175.169	134
175.172	134
175.176	134
175.179	134
175.183	134
175.186	134
175.189	134
175.193	134
175.196	134
175.199	134
175.203	134
175.206	134
175.21	134
175.213	134
175.216	134
175.22	134
175.223	134
175.226	134
175.23	134
175.233	134
175.237	134
175.24	134
175.243	134
175.247	134
175.25	134
175.253	134
175.257	134
175.26	134
175.264	134
175.267	134
175.27	134
175.274	134
175.277	134
175.28	134
175.284	134
175.287	134
175.291	134
175.294	134
175.297	134
175.301	134
175.304	134
175.307	134
175.311	134
175.314	134
175.317	134
175.321	134
175.324	134
175.328	134
175.331	134
175.334	134
175.338	134
175.341	134
175.344	134
175.348	134
175.351	134
175.355	134
175.358	134
175.361	134
175.365	134
175.368	134
175.371	134
175.375	134
175.378	134
175.382	134
175.385	134
175.388	134
175.392	134
175.395	134
175.398	134
175.402	134
175.405	134
175.409	134
175.412	134
175.415	134
175.419	134
175.422	134
175.425	134
175.429	134
175.432	134
175.436	134
175.439	134
175.442	134
175.446	134
175.449	134
175.452	134
175.456	134
175.459	134
175.463	134
175.466	134
175.469	134
175.473	134
175.476	134
175.479	134
175.483	134
175.486	134
175.49	134
175.493	134
175.496	134
175.5	134
175.503	134
175.506	134
175.51	134
175.513	134
175.516	134
175.52	134
175.523	134
175.527	134
175.53	134
175.533	134
175.537	134
175.54	134
175.543	134
175.547	134
175.55	134
175.554	134
175.557	134
175.56	134
175.564	134
175.567	134
175.57	134
175.574	134
175.577	134
175.581	134
175.584	134
175.587	134
175.591	134
175.594	134
175.597	134
175.601	134
175.604	134
175.608	134
175.611	134
175.614	134
175.618	134
175.621	134
175.624	134
175.628	134
175.631	134
175.635	134
175.638	134
175.641	134
175.645	134
175.648	134
175.651	134
175.655	134
175.658	134
175.662	134
175.665	134
175.668	134
175.672	134
175.675	134
175.678	134
175.682	134
175.685	134
175.689	134
175.692	134
175.695	134
175.699	134
175.702	134
175.705	134
175.709	134
175.712	134
175.715	134
175.719	134
175.722	134
175.726	134
175.729	134
175.732	134
175.736	134
175.739	134
175.742	134
175.746	134
175.749	134
175.753	134
175.756	134
175.759	134
175.763	134
175.766	134
175.769	134
175.773	134
175.776	134
175.78	134
175.783	134
175.786	134
175.79	134
175.793	134
175.796	134
175.8	134
175.803	134
175.807	134
175.81	134
175.813	134
175.817	134
175.82	134
175.823	134
175.827	134
175.83	134
175.834	134
175.837	134
175.84	134
175.844	134
175.847	134
175.85	134
175.854	134
175.857	134
175.861	134
175.864	134
175.867	134
175.871	134
175.874	134
175.877	134
175.881	134
175.884	134
175.887	134
175.891	134
175.894	134
175.898	134
175.901	134
175.904	134
175.908	134
175.911	134
175.914	134
175.918	134
175.921	134
175.925	134
175.928	134
175.931	134
175.935	134
175.938	134
175.941	134
175.945	134
175.948	134
175.952	134
175.955	134
175.958	134
175.962	134
175.965	134
175.968	134
175.972	134
175.975	134
175.979	134
175.982	134
175.985	134
175.989	134
175.992	134
175.995	134
175.999	134
176.002	134
176.006	134
176.009	134
176.012	134
176.016	134
176.019	134
176.022	134
176.026	134
176.029	134
176.033	134
176.036	134
176.039	134
176.043	134
176.046	134
176.049	134
176.053	134
176.056	134
176.06	134
176.063	134
176.066	134
176.07	134
176.073	134
176.076	134
176.08	134
176.083	134
176.086	134
176.09	134
176.093	134
176.097	134
176.1	134
176.103	134
176.107	134
176.11	134
176.113	134
176.117	134
176.12	134
176.124	134
176.127	134
176.13	134
176.134	134
176.137	134
176.14	134
176.144	134
176.147	134
176.151	134
176.154	134
176.157	134
176.161	134
176.164	134
176.167	134
176.171	134
176.174	134
176.178	134
176.181	134
176.184	134
176.188	134
176.191	134
176.194	134
176.198	134
176.201	134
176.205	134
176.208	134
176.211	134
176.215	134
176.218	134
176.221	134
176.225	134
176.228	134
176.232	134
176.235	134
176.238	134
176.242	134
176.245	134
176.248	134
176.252	134
176.255	134
176.259	134
176.262	134
176.265	134
176.269	134
176.272	134
176.275	134
176.279	134
176.282	134
176.285	134
176.289	134
176.292	134
176.296	134
176.299	134
176.302	134
176.306	134
176.309	134
176.312	134
176.316	134
176.319	134
176.323	134
176.326	134
176.329	134
176.333	134
176.336	134
176.339	134
176.343	134
176.346	134
176.35	134
176.353	134
176.356	134
176.36	134
176.363	134
176.366	134
176.37	134
176.373	134
176.377	134
176.38	134
176.383	134
176.387	134
176.39	134
176.393	134
176.397	134
176.4	134
176.404	134
176.407	134
176.41	134
176.414	134
176.417	134
176.42	134
176.424	134
176.427	134
176.431	134
176.434	134
176.437	134
176.441	134
176.444	134
176.447	134
176.451	134
176.454	134
176.457	134
176.461	134
176.464	134
176.468	134
176.471	134
176.474	134
176.478	134
176.481	134
176.484	134
176.488	134
176.491	134
176.495	134
176.498	134
176.501	134
176.505	134
176.508	134
176.511	134
176.515	134
176.518	134
176.522	134
176.525	134
176.528	134
176.532	134
176.535	134
176.538	134
176.542	134
176.545	134
176.549	134
176.552	134
176.555	134
176.559	134
176.562	134
176.565	134
176.569	134
176.572	134
176.576	134
176.579	134
176.582	134
176.586	134
176.589	134
176.592	134
176.596	134
176.599	134
176.603	134
176.606	134
176.609	134
176.613	134
176.616	134
176.619	134
176.623	134
176.626	134
176.63	134
176.633	134
176.636	134
176.64	134
176.643	134
176.646	134
176.65	134
176.653	134
176.656	134
176.66	134
176.663	134
176.667	134
176.67	134
176.673	134
176.677	134
176.68	134
176.683	134
176.687	134
176.69	134
176.694	134
176.697	134
176.7	134
176.704	134
176.707	134
176.71	134
176.714	134
176.717	134
176.721	134
176.724	134
176.727	134
176.731	134
176.734	134
176.737	134
176.741	134
176.744	134
176.748	134
176.751	134
176.754	134
176.758	134
176.761	134
176.764	134
176.768	134
176.771	134
176.775	134
176.778	134
176.781	134
176.785	134
176.788	134
176.791	134
176.795	134
176.798	134
176.802	134
176.805	134
176.808	134
176.812	134
176.815	134
176.818	134
176.822	134
176.825	134
176.829	134
176.832	134
176.835	134
176.839	134
176.842	134
176.845	134
176.849	134
176.852	134
176.855	134
176.859	134
176.862	134
176.866	134
176.869	134
176.872	134
176.876	134
176.879	134
176.882	134
176.886	134
176.889	134
176.893	134
176.896	134
176.899	134
176.903	134
176.906	134
176.909	134
176.913	134
176.916	134
176.92	134
176.923	134
176.926	134
176.93	134
176.933	134
176.936	134
176.94	134
176.943	134
176.947	134
176.95	134
176.953	134
176.957	134
176.96	134
176.963	134
176.967	134
176.97	134
176.974	134
176.977	134
176.98	134
176.984	134
176.987	134
176.99	134
176.994	134
176.997	134
177.001	134
177.004	134
177.007	134
177.011	134
177.014	134
177.017	134
177.021	134
177.024	134
177.028	134
177.031	134
177.034	134
177.038	134
177.041	134
177.044	134
177.048	134
177.051	134
177.054	134
177.058	134
177.061	134
177.065	134
177.068	134
177.071	134
177.075	134
177.078	134
177.081	134
177.085	134
177.088	134
177.092	134
177.095	134
177.098	134
177.102	134
177.105	134
177.108	134
177.112	134
177.115	134
177.119	134
177.122	134
177.125	134
177.129	134
177.132	134
177.135	134
177.139	134
177.142	134
177.146	134
177.149	134
177.152	134
177.156	134
177.159	134
177.162	134
177.166	134
177.169	134
177.173	134
177.176	134
177.179	134
177.183	134
177.186	134
177.189	134
177.193	134
177.196	134
177.2	134
177.203	134
177.206	134
177.21	134
177.213	134
177.216	134
177.22	134
177.223	134
177.226	134
177.23	134
177.233	134
177.237	134
177.24	134
177.243	134
177.247	134
177.25	134
177.253	134
177.257	134
177.26	134
177.264	134
177.267	134
177.27	134
177.274	134
177.277	134
177.28	134
177.284	134
177.287	134
177.291	134
177.294	134
177.297	134
177.301	134
177.304	134
177.307	134
177.311	134
177.314	134
177.318	134
177.321	134
177.324	134
177.328	134
177.331	134
177.334	134
177.338	134
177.341	134
177.345	134
177.348	134
177.351	134
177.355	134
177.358	134
177.361	134
177.365	134
177.368	134
177.372	134
177.375	134
177.378	134
177.382	134
177.385	134
177.388	134
177.392	134
177.395	134
177.399	134
177.402	134
177.405	134
177.409	134
177.412	134
177.415	134
177.419	134
177.422	134
177.425	134
177.429	134
177.432	134
177.436	134
177.439	134
177.442	134
177.446	134
177.449	134
177.452	134
177.456	134
177.459	134
177.463	134
177.466	134
177.469	134
177.473	134
177.476	134
177.479	134
177.483	134
177.486	134
177.49	134
177.493	134
177.496	134
177.5	134
177.503	134
177.506	134
177.51	134
177.513	134
177.517	134
177.52	134
177.523	134
177.527	134
177.53	134
177.533	134
177.537	134
177.54	134
177.544	134
177.547	134
177.55	134
177.554	134
177.557	134
177.56	134
177.564	134
177.567	134
177.571	134
177.574	134
177.577	134
177.581	134
177.584	134
177.587	134
177.591	134
177.594	134
177.598	134
177.601	134
177.604	134
177.608	134
177.611	134
177.614	134
177.618	134
177.621	134
177.624	134
177.628	134
177.631	134
177.635	134
177.638	134
177.641	134
177.645	134
177.648	134
177.651	134
177.655	134
177.658	134
177.662	134
177.665	134
177.668	134
177.672	134
177.675	134
177.678	134
177.682	134
177.685	134
177.689	134
177.692	134
177.695	134
177.699	134
177.702	134
177.705	134
177.709	134
177.712	134
177.716	134
177.719	134
177.722	134
177.726	134
177.729	134
177.732	134
177.736	134
177.739	134
177.743	134
177.746	134
177.749	134
177.753	134
177.756	134
177.759	134
177.763	134
177.766	134
177.77	134
177.773	134
177.776	134
177.78	134
177.783	134
177.786	134
177.79	134
177.793	134
177.797	134
177.8	134
177.803	134
177.807	134
177.81	134
177.813	134
177.817	134
177.82	134
177.823	134
177.827	134
177.83	134
177.834	134
177.837	134
177.84	134
177.844	134
177.847	134
177.85	134
177.854	134
177.857	134
177.861	134
177.864	134
177.867	134
177.871	134
177.874	134
177.877	134
177.881	134
177.884	134
177.888	134
177.891	134
177.894	134
177.898	134
177.901	134
177.904	134
177.908	134
177.911	134
177.915	134
177.918	134
177.921	134
177.925	134
177.928	134
177.931	134
177.935	134
177.938	134
177.942	134
177.945	134
177.948	134
177.952	134
177.955	134
177.958	134
177.962	134
177.965	134
177.969	134
177.972	134
177.975	134
177.979	134
177.982	134
177.985	134
177.989	134
177.992	134
177.995	134
177.999	134
178.002	134
178.006	134
178.009	134
178.012	134
178.016	134
178.019	134
178.022	134
178.026	134
178.029	134
178.033	134
178.036	134
178.039	134
178.043	134
178.046	134
178.049	134
178.053	134
178.056	134
178.06	134
178.063	134
178.066	134
178.07	134
178.073	134
178.076	134
178.08	134
178.083	134
178.087	134
178.09	134
178.093	134
178.097	134
178.1	134
178.103	134
178.107	134
178.11	134
178.114	134
178.117	134
178.12	134
178.124	134
178.127	134
178.13	134
178.134	134
178.137	134
178.141	134
178.144	134
178.147	134
178.151	134
178.154	134
178.157	134
178.161	134
178.164	134
178.168	134
178.171	134
178.174	134
178.178	134
178.181	134
178.184	134
178.188	134
178.191	134
178.194	134
178.198	134
178.201	134
178.205	134
178.208	134
178.211	134
178.215	134
178.218	134
178.221	134
178.225	134
178.228	134
178.232	134
178.235	134
178.238	134
178.242	134
178.245	134
178.248	134
178.252	134
178.255	134
178.259	134
178.262	134
178.265	134
178.269	134
178.272	134
178.275	134
178.279	134
178.282	134
178.286	134
178.289	134
178.292	134
178.296	134
178.299	134
178.302	134
178.306	134
178.309	134
178.313	134
178.316	134
178.319	134
178.323	134
178.326	134
178.329	134
178.333	134
178.336	134
178.34	134
178.343	134
178.346	134
178.35	134
178.353	134
178.356	134
178.36	134
178.363	134
178.367	134
178.37	134
178.373	134
178.377	134
178.38	134
178.383	134
178.387	134
178.39	134
178.393	134
178.397	134
178.4	134
178.404	134
178.407	134
178.41	134
178.414	134
178.417	134
178.42	134
178.424	134
178.427	134
178.431	134
178.434	134
178.437	134
178.441	134
178.444	134
178.447	134
178.451	134
178.454	134
178.458	134
178.461	134
178.464	134
178.468	134
178.471	134
178.474	134
178.478	134
178.481	134
178.485	134
178.488	134
178.491	134
178.495	134
178.498	134
178.501	134
178.505	134
178.508	134
178.512	134
178.515	134
178.518	134
178.522	134
178.525	134
178.528	134
178.532	134
178.535	134
178.539	134
178.542	134
178.545	134
178.549	134
178.552	134
178.555	134
178.559	134
178.562	134
178.565	134
178.569	134
178.572	134
178.576	134
178.579	134
178.582	134
178.586	134
178.589	134
178.592	134
178.596	134
178.599	134
178.603	134
178.606	134
178.609	134
178.613	134
178.616	134
178.619	134
178.623	134
178.626	134
178.63	134
178.633	134
178.636	134
178.64	134
178.643	134
178.646	134
178.65	134
178.653	134
178.657	134
178.66	134
178.663	134
178.667	134
178.67	134
178.673	134
178.677	134
178.68	134
178.684	134
178.687	134
178.69	134
178.694	134
178.697	134
178.7	134
178.704	134
178.707	134
178.711	134
178.714	134
178.717	134
178.721	134
178.724	134
178.727	134
178.731	134
178.734	134
178.738	134
178.741	134
178.744	134
178.748	134
178.751	134
178.754	134
178.758	134
178.761	134
178.764	134
178.768	134
178.771	134
178.775	134
178.778	134
178.781	134
178.785	134
178.788	134
178.791	134
178.795	134
178.798	134
178.802	134
178.805	134
178.808	134
178.812	134
178.815	134
178.818	134
178.822	134
178.825	134
178.829	134
178.832	134
178.835	134
178.839	134
178.842	134
178.845	134
178.849	134
178.852	134
178.856	134
178.859	134
178.862	134
178.866	134
178.869	134
178.872	134
178.876	134
178.879	134
178.883	134
178.886	134
178.889	134
178.893	134
178.896	134
178.899	134
178.903	134
178.906	134
178.91	134
178.913	134
178.916	134
178.92	134
178.923	134
178.926	134
178.93	134
178.933	134
178.937	134
178.94	134
178.943	134
178.947	134
178.95	134
178.953	134
178.957	134
178.96	134
178.963	134
178.967	134
178.97	134
178.974	134
178.977	134
178.98	134
178.984	134
178.987	134
178.99	134
178.994	134
178.997	134
179.001	134
179.004	134
179.007	134
179.011	134
179.014	134
179.017	134
179.021	134
179.024	134
179.028	134
179.031	134
179.034	134
179.038	134
179.041	134
179.044	134
179.048	134
179.051	134
179.055	134
179.058	134
179.061	134
179.065	134
179.068	134
179.071	134
179.075	134
179.078	134
179.082	134
179.085	134
179.088	134
179.092	134
179.095	134
179.098	134
179.102	134
179.105	134
179.109	134
179.112	134
179.115	134
179.119	134
179.122	134
179.125	134
179.129	134
179.132	134
179.136	134
179.139	134
179.142	134
179.146	134
179.149	134
179.152	134
179.156	134
179.159	134
179.162	134
179.166	134
179.169	134
179.173	134
179.176	134
179.179	134
179.183	134
179.186	134
179.189	134
179.193	134
179.196	134
179.2	134
179.203	134
179.206	134
179.21	134
179.213	134
179.216	134
179.22	134
179.223	134
179.227	134
179.23	134
179.233	134
179.237	134
179.24	134
179.243	134
179.247	134
179.25	134
179.254	134
179.257	134
179.26	134
179.264	134
179.267	134
179.27	134
179.274	134
179.277	134
179.281	134
179.284	134
179.287	134
179.291	134
179.294	134
179.297	134
179.301	134
179.304	134
179.308	134
179.311	134
179.314	134
179.318	134
179.321	134
179.324	134
179.328	134
179.331	134
179.334	134
179.338	134
179.341	134
179.345	134
179.348	134
179.351	134
179.355	134
179.358	134
179.361	134
179.365	134
179.368	134
179.372	134
179.375	134
179.378	134
179.382	134
179.385	134
179.388	134
179.392	134
179.395	134
179.399	134
179.402	134
179.405	134
179.409	134
179.412	134
179.415	134
179.419	134
179.422	134
179.426	134
179.429	134
179.432	134
179.436	134
179.439	134
179.442	134
179.446	134
179.449	134
179.453	134
179.456	134
179.459	134
179.463	134
179.466	134
179.469	134
179.473	134
179.476	134
179.48	134
179.483	134
179.486	134
179.49	134
179.493	134
179.496	134
179.5	134
179.503	134
179.507	134
179.51	134
179.513	134
179.517	134
179.52	134
179.523	134
179.527	134
179.53	134
179.533	134
179.537	134
179.54	134
179.544	134
179.547	134
179.55	134
179.554	134
179.557	134
179.56	134
179.564	134
179.567	134
179.571	134
179.574	134
179.577	134
179.581	134
179.584	134
179.587	134
179.591	134
179.594	134
179.598	134
179.601	134
179.604	134
179.608	134
179.611	134
179.614	134
179.618	134
179.621	134
179.625	134
179.628	134
179.631	134
179.635	134
179.638	134
179.641	134
179.645	134
179.648	134
179.652	134
179.655	134
179.658	134
179.662	134
179.665	134
179.668	134
179.672	134
179.675	134
179.679	134
179.682	134
179.685	134
179.689	134
179.692	134
179.695	134
179.699	134
179.702	134
179.706	134
179.709	134
179.712	134
179.716	134
179.719	134
179.722	134
179.726	134
179.729	134
179.732	134
179.736	134
179.739	134
179.743	134
179.746	134
179.749	134
179.753	134
179.756	134
179.759	134
179.763	134
179.766	134
179.77	134
179.773	134
179.776	134
179.78	134
179.783	134
179.786	134
179.79	134
179.793	134
179.797	134
179.8	134
179.803	134
179.807	134
179.81	134
179.813	134
179.817	134
179.82	134
179.824	134
179.827	134
179.83	134
179.834	134
179.837	134
179.84	134
179.844	134
179.847	134
179.851	134
179.854	134
179.857	134
179.861	134
179.864	134
179.867	134
179.871	134
179.874	134
179.878	134
179.881	134
179.884	134
179.888	134
179.891	134
179.894	134
179.898	134
179.901	134
179.905	134
179.908	134
179.911	134
179.915	134
179.918	134
179.921	134
179.925	134
179.928	134
179.931	134
179.935	134
179.938	134
179.942	134
179.945	134
179.948	134
179.952	134
179.955	134
179.958	134
179.962	134
179.965	134
179.969	134
179.972	134
179.975	134
179.979	134
179.982	134
179.985	134
179.989	134
179.992	134
179.996	134
179.999	134
180.002	134
180.006	134
180.009	134
180.012	134
180.016	134
180.019	134
180.023	134
180.026	134
180.029	134
180.033	134
180.036	134
180.039	134
180.043	134
180.046	134
180.05	134
180.053	134
180.056	134
180.06	134
180.063	134
180.066	134
180.07	134
180.073	134
180.077	134
180.08	134
180.083	134
180.087	134
180.09	134
180.093	134
180.097	134
180.1	134
180.103	134
180.107	134
180.11	134
180.114	134
180.117	134
180.12	134
180.124	134
180.127	134
180.13	134
180.134	134
180.137	134
180.141	134
180.144	134
180.147	134
180.151	134
180.154	134
180.157	134
180.161	134
180.164	134
180.168	134
180.171	134
180.174	134
180.178	134
180.181	134
180.184	134
180.188	134
180.191	134
180.195	134
180.198	134
180.201	134
180.205	134
180.208	134
180.211	134
180.215	134
180.218	134
180.222	134
180.225	134
180.228	134
180.232	134
180.235	134
180.238	134
180.242	134
180.245	134
180.249	134
180.252	134
180.255	134
180.259	134
180.262	134
180.265	134
180.269	134
180.272	134
180.276	134
180.279	134
180.282	134
180.286	134
180.289	134
180.292	134
180.296	134
180.299	134
180.302	134
180.306	134
180.309	134
180.313	134
180.316	134
180.319	134
180.323	134
180.326	134
180.329	134
180.333	134
180.336	134
180.34	134
180.343	134
180.346	134
180.35	134
180.353	134
180.356	134
180.36	134
180.363	134
180.367	134
180.37	134
180.373	134
180.377	134
180.38	134
180.383	134
180.387	134
180.39	134
180.394	134
180.397	134
180.4	134
180.404	134
180.407	134
180.41	134
180.414	134
180.417	134
180.421	134
180.424	134
180.427	134
180.431	134
180.434	134
180.437	134
180.441	134
180.444	134
180.448	134
180.451	134
180.454	134
180.458	134
180.461	134
180.464	134
180.468	134
180.471	134
180.475	134
180.478	134
180.481	134
180.485	134
180.488	134
180.491	134
180.495	134
180.498	134
180.501	134
180.505	134
180.508	134
180.512	134
180.515	134
180.518	134
180.522	134
180.525	134
180.528	134
180.532	134
180.535	134
180.539	134
180.542	134
180.545	134
180.549	134
180.552	134
180.555	134
180.559	134
180.562	134
180.566	134
180.569	134
180.572	134
180.576	134
180.579	134
180.582	134
180.586	134
180.589	134
180.593	134
180.596	134
180.599	134
180.603	134
180.606	134
180.609	134
180.613	134
180.616	134
180.62	134
180.623	134
180.626	134
180.63	134
180.633	134
180.636	134
180.64	134
180.643	134
180.647	134
180.65	134
180.653	134
180.657	134
180.66	134
180.663	134
180.667	134
180.67	134
180.673	134
180.677	134
180.68	134
180.684	134
180.687	134
180.69	134
180.694	134
180.697	134
180.7	134
180.704	134
180.707	134
180.711	134
180.714	134
180.717	134
180.721	134
180.724	134
180.727	134
180.731	134
180.734	134
180.738	134
180.741	134
180.744	134
180.748	134
180.751	134
180.754	134
180.758	134
180.761	134
180.765	134
180.768	134
180.771	134
180.775	134
180.778	134
180.781	134
180.785	134
180.788	134
180.792	134
180.795	134
180.798	134
180.802	134
180.805	134
180.808	134
180.812	134
180.815	134
180.819	134
180.822	134
180.825	134
180.829	134
180.832	134
180.835	134
180.839	134
180.842	134
180.846	134
180.849	134
180.852	134
180.856	134
180.859	134
180.862	134
180.866	134
180.869	134
180.872	134
180.876	134
180.879	134
180.883	134
180.886	134
180.889	134
180.893	134
180.896	134
180.899	134
180.903	134
180.906	134
180.91	134
180.913	134
180.916	134
180.92	134
180.923	134
180.926	134
180.93	134
180.933	134
180.937	134
180.94	134
180.943	134
180.947	134
180.95	134
180.953	134
180.957	134
180.96	134
180.964	134
180.967	134
180.97	134
180.974	134
180.977	134
180.98	134
180.984	134
180.987	134
180.991	134
180.994	134
180.997	134
181.001	134
181.004	134
181.007	134
181.011	134
181.014	134
181.018	134
181.021	134
181.024	134
181.028	134
181.031	134
181.034	134
181.038	134
181.041	134
181.045	134
181.048	134
181.051	134
181.055	134
181.058	134
181.061	134
181.065	134
181.068	134
181.071	134
181.075	134
181.078	134
181.082	134
181.085	134
181.088	134
181.092	134
181.095	134
181.098	134
181.102	134
181.105	134
181.109	134
181.112	134
181.115	134
181.119	134
181.122	134
181.125	134
181.129	134
181.132	134
181.136	134
181.139	134
181.142	134
181.146	134
181.149	134
181.152	134
181.156	134
181.159	134
181.163	134
181.166	134
181.169	134
181.173	134
181.176	134
181.179	134
181.183	134
181.186	134
181.19	134
181.193	134
181.196	134
181.2	134
181.203	134
181.206	134
181.21	134
181.213	134
181.217	134
181.22	134
181.223	134
181.227	134
181.23	134
181.233	134
181.237	134
181.24	134
181.244	134
181.247	134
181.25	134
181.254	134
181.257	134
181.26	134
181.264	134
181.267	134
181.27	134
181.274	134
181.277	134
181.281	134
181.284	134
181.287	134
181.291	134
181.294	134
181.297	134
181.301	134
181.304	134
181.308	134
181.311	134
181.314	134
181.318	134
181.321	134
181.324	134
181.328	134
181.331	134
181.335	134
181.338	134
181.341	134
181.345	134
181.348	134
181.351	134
181.355	134
181.358	134
181.362	134
181.365	134
181.368	134
181.372	134
181.375	134
181.378	134
181.382	134
181.385	134
181.389	134
181.392	134
181.395	134
181.399	134
181.402	134
181.405	134
181.409	134
181.412	134
181.416	134
181.419	134
181.422	134
181.426	134
181.429	134
181.432	134
181.436	134
181.439	134
181.442	134
181.446	134
181.449	134
181.453	134
181.456	134
181.459	134
181.463	134
181.466	134
181.469	134
181.473	134
181.476	134
181.48	134
181.483	134
181.486	134
181.49	134
181.493	134
181.496	134
181.5	134
181.503	134
181.507	134
181.51	134
181.513	134
181.517	134
181.52	134
181.523	134
181.527	134
181.53	134
181.534	134
181.537	134
181.54	134
181.544	134
181.547	134
181.55	134
181.554	134
181.557	134
181.561	134
181.564	134
181.567	134
181.571	134
181.574	134
181.577	134
181.581	134
181.584	134
181.588	134
181.591	134
181.594	134
181.598	134
181.601	134
181.604	134
181.608	134
181.611	134
181.615	134
181.618	134
181.621	134
181.625	134
181.628	134
181.631	134
181.635	134
181.638	134
181.641	134
181.645	134
181.648	134
181.652	134
181.655	134
181.658	134
181.662	134
181.665	134
181.668	134
181.672	134
181.675	134
181.679	134
181.682	134
181.685	134
181.689	134
181.692	134
181.695	134
181.699	134
181.702	134
181.706	134
181.709	134
181.712	134
181.716	134
181.719	134
181.722	134
181.726	134
181.729	134
181.733	134
181.736	134
181.739	134
181.743	134
181.746	134
181.749	134
181.753	134
181.756	134
181.76	134
181.763	134
181.766	134
181.77	134
181.773	134
181.776	134
181.78	134
181.783	134
181.787	134
181.79	134
181.793	134
181.797	134
181.8	134
181.803	134
181.807	134
181.81	134
181.814	134
181.817	134
181.82	134
181.824	134
181.827	134
181.83	134
181.834	134
181.837	134
181.84	134
181.844	134
181.847	134
181.851	134
181.854	134
181.857	134
181.861	134
181.864	134
181.867	134
181.871	134
181.874	134
181.878	134
181.881	134
181.884	134
181.888	134
181.891	134
181.894	134
181.898	134
181.901	134
181.905	134
181.908	134
181.911	134
181.915	134
181.918	134
181.921	134
181.925	134
181.928	134
181.932	134
181.935	134
181.938	134
181.942	134
181.945	134
181.948	134
181.952	134
181.955	134
181.959	134
181.962	134
181.965	134
181.969	134
181.972	134
181.975	134
181.979	134
181.982	134
181.986	134
181.989	134
181.992	134
181.996	134
181.999	134
182.002	134
182.006	134
182.009	134
182.013	134
182.016	134
182.019	134
182.023	134
182.026	134
182.029	134
182.033	134
182.036	134
182.039	134
182.043	134
182.046	134
182.05	134
182.053	134
182.056	134
182.06	134
182.063	134
182.066	134
182.07	134
182.073	134
182.077	134
182.08	134
182.083	134
182.087	134
182.09	134
182.093	134
182.097	134
182.1	134
182.104	134
182.107	134
182.11	134
182.114	134
182.117	134
182.12	134
182.124	134
182.127	134
182.131	134
182.134	134
182.137	134
182.141	134
182.144	134
182.147	134
182.151	134
182.154	134
182.158	134
182.161	134
182.164	134
182.168	134
182.171	134
182.174	134
182.178	134
182.181	134
182.185	134
182.188	134
182.191	134
182.195	134
182.198	134
182.201	134
182.205	134
182.208	134
182.211	134
182.215	134
182.218	134
182.222	134
182.225	134
182.228	134
182.232	134
182.235	134
182.238	134
182.242	134
182.245	134
182.249	134
182.252	134
182.255	134
182.259	134
182.262	134
182.265	134
182.269	134
182.272	134
182.276	134
182.279	134
182.282	134
182.286	134
182.289	134
182.292	134
182.296	134
182.299	134
182.303	134
182.306	134
182.309	134
182.313	134
182.316	134
182.319	134
182.323	134
182.326	134
182.33	134
182.333	134
182.336	134
182.34	134
182.343	134
182.346	134
182.35	134
182.353	134
182.357	134
182.36	134
182.363	134
182.367	134
182.37	134
182.373	134
182.377	134
182.38	134
182.384	134
182.387	134
182.39	134
182.394	134
182.397	134
182.4	134
182.404	134
182.407	134
182.41	134
182.414	134
182.417	134
182.421	134
182.424	134
182.427	134
182.431	134
182.434	134
182.437	134
182.441	134
182.444	134
182.448	134
182.451	134
182.454	134
182.458	134
182.461	134
182.464	134
182.468	134
182.471	134
182.475	134
182.478	134
182.481	134
182.485	134
182.488	134
182.491	134
182.495	134
182.498	134
182.502	134
182.505	134
182.508	134
182.512	134
182.515	134
182.518	134
182.522	134
182.525	134
182.529	134
182.532	134
182.535	134
182.539	134
182.542	134
182.545	134
182.549	134
182.552	134
182.556	134
182.559	134
182.562	134
182.566	134
182.569	134
182.572	134
182.576	134
182.579	134
182.583	134
182.586	134
182.589	134
182.593	134
182.596	134
182.599	134
182.603	134
182.606	134
182.609	134
182.613	134
182.616	134
182.62	134
182.623	134
182.626	134
182.63	134
182.633	134
182.636	134
182.64	134
182.643	134
182.647	134
182.65	134
182.653	134
182.657	134
182.66	134
182.663	134
182.667	134
182.67	134
182.674	134
182.677	134
182.68	134
182.684	134
182.687	134
182.69	134
182.694	134
182.697	134
182.701	134
182.704	134
182.707	134
182.711	134
182.714	134
182.717	134
182.721	134
182.724	134
182.728	134
182.731	134
182.734	134
182.738	134
182.741	134
182.744	134
182.748	134
182.751	134
182.755	134
182.758	134
182.761	134
182.765	134
182.768	134
182.771	134
182.775	134
182.778	134
182.781	134
182.785	134
182.788	134
182.792	134
182.795	134
182.798	134
182.802	134
182.805	134
182.808	134
182.812	134
182.815	134
182.819	134
182.822	134
182.825	134
182.829	134
182.832	134
182.835	134
182.839	134
182.842	134
182.846	134
182.849	134
182.852	134
182.856	134
182.859	134
182.862	134
182.866	134
182.869	134
182.873	134
182.876	134
182.879	134
182.883	134
182.886	134
182.889	134
182.893	134
182.896	134
182.9	134
182.903	134
182.906	134
182.91	134
182.913	134
182.916	134
182.92	134
182.923	134
182.927	134
182.93	134
182.933	134
182.937	134
182.94	134
182.943	134
182.947	134
182.95	134
182.954	134
182.957	134
182.96	134
182.964	134
182.967	134
182.97	134
182.974	134
182.977	134
182.98	134
182.984	134
182.987	134
182.991	134
182.994	134
182.997	134
183.001	134
183.004	134
183.007	134
183.011	134
183.014	134
183.018	134
183.021	134
183.024	134
183.028	134
183.031	134
183.034	134
183.038	134
183.041	134
183.045	134
183.048	134
183.051	134
183.055	134
183.058	134
183.061	134
183.065	134
183.068	134
183.072	134
183.075	134
183.078	134
183.082	134
183.085	134
183.088	134
183.092	134
183.095	134
183.099	134
183.102	134
183.105	134
183.109	134
183.112	134
183.115	134
183.119	134
183.122	134
183.126	134
183.129	134
183.132	134
183.136	134
183.139	134
183.142	134
183.146	134
183.149	134
183.153	134
183.156	134
183.159	134
183.163	134
183.166	134
183.169	134
183.173	134
183.176	134
183.179	134
183.183	134
183.186	134
183.19	134
183.193	134
183.196	134
183.2	134
183.203	134
183.206	134
183.21	134
183.213	134
183.217	134
183.22	134
183.223	134
183.227	134
183.23	134
183.233	134
183.237	134
183.24	134
183.244	134
183.247	134
183.25	134
183.254	134
183.257	134
183.26	134
183.264	134
183.267	134
183.271	134
183.274	134
183.277	134
183.281	134
183.284	134
183.287	134
183.291	134
183.294	134
183.298	134
183.301	134
183.304	134
183.308	134
183.311	134
183.314	134
183.318	134
183.321	134
183.325	134
183.328	134
183.331	134
183.335	134
183.338	134
183.341	134
183.345	134
183.348	134
183.352	134
183.355	134
183.358	134
183.362	134
183.365	134
183.368	134
183.372	134
183.375	134
183.378	134
183.382	134
183.385	134
183.389	134
183.392	134
183.395	134
183.399	134
183.402	134
183.405	134
183.409	134
183.412	134
183.416	134
183.419	134
183.422	134
183.426	134
183.429	134
183.432	134
183.436	134
183.439	134
183.443	134
183.446	134
183.449	134
183.453	134
183.456	134
183.459	134
183.463	134
183.466	134
183.47	134
183.473	134
183.476	134
183.48	134
183.483	134
183.486	134
183.49	134
183.493	134
183.497	134
183.5	134
183.503	134
183.507	134
183.51	134
183.513	134
183.517	134
183.52	134
183.524	134
183.527	134
183.53	134
183.534	134
183.537	134
183.54	134
183.544	134
183.547	134
183.55	134
183.554	134
183.557	134
183.561	134
183.564	134
183.567	134
183.571	134
183.574	134
183.577	134
183.581	134
183.584	134
183.588	134
183.591	134
183.594	134
183.598	134
183.601	134
183.604	134
183.608	134
183.611	134
183.615	134
183.618	134
183.621	134
183.625	134
183.628	134
183.631	134
183.635	134
183.638	134
183.642	134
183.645	134
183.648	134
183.652	134
183.655	134
183.658	134
183.662	134
183.665	134
183.669	134
183.672	134
183.675	134
183.679	134
183.682	134
183.685	134
183.689	134
183.692	134
183.696	134
183.699	134
183.702	134
183.706	134
183.709	134
183.712	134
183.716	134
183.719	134
183.723	134
183.726	134
183.729	134
183.733	134
183.736	134
183.739	134
183.743	134
183.746	134
183.749	134
183.753	134
183.756	134
183.76	134
183.763	134
183.766	134
183.77	134
183.773	134
183.776	134
183.78	134
183.783	134
183.787	134
183.79	134
183.793	134
183.797	134
183.8	134
183.803	134
183.807	134
183.81	134
183.814	134
183.817	134
183.82	134
183.824	134
183.827	134
183.83	134
183.834	134
183.837	134
183.841	134
183.844	134
183.847	134
183.851	134
183.854	134
183.857	134
183.861	134
183.864	134
183.868	134
183.871	134
183.874	134
183.878	134
183.881	134
183.884	134
183.888	134
183.891	134
183.895	134
183.898	134
183.901	134
183.905	134
183.908	134
183.911	134
183.915	134
183.918	134
183.922	134
183.925	134
183.928	134
183.932	134
183.935	134
183.938	134
183.942	134
183.945	134
183.948	134
183.952	134
183.955	134
183.959	134
183.962	134
183.965	134
183.969	134
183.972	134
183.975	134
183.979	134
183.982	134
183.986	134
183.989	134
183.992	134
183.996	134
183.999	134
184.002	134
184.006	134
184.009	134
184.013	134
184.016	134
184.019	134
184.023	134
184.026	134
184.029	134
184.033	134
184.036	134
184.04	134
184.043	134
184.046	134
184.05	134
184.053	134
184.056	134
184.06	134
184.063	134
184.067	134
184.07	134
184.073	134
184.077	134
184.08	134
184.083	134
184.087	134
184.09	134
184.094	134
184.097	134
184.1	134
184.104	134
184.107	134
184.11	134
184.114	134
184.117	134
184.121	134
184.124	134
184.127	134
184.131	134
184.134	134
184.137	134
184.141	134
184.144	134
184.147	134
184.151	134
184.154	134
184.158	134
184.161	134
184.164	134
184.168	134
184.171	134
184.174	134
184.178	134
184.181	134
184.185	134
184.188	134
184.191	134
184.195	134
184.198	134
184.201	134
184.205	134
184.208	134
184.212	134
184.215	134
184.218	134
184.222	134
184.225	134
184.228	134
184.232	134
184.235	134
184.239	134
184.242	134
184.245	134
184.249	134
184.252	134
184.255	134
184.259	134
184.262	134
184.266	134
184.269	134
184.272	134
184.276	134
184.279	134
184.282	134
184.286	134
184.289	134
184.293	134
184.296	134
184.299	134
184.303	134
184.306	134
184.309	134
184.313	134
184.316	134
184.319	134
184.323	134
184.326	134
184.33	134
184.333	134
184.336	134
184.34	134
184.343	134
184.346	134
184.35	134
184.353	134
184.357	134
184.36	134
184.363	134
184.367	134
184.37	134
184.373	134
184.377	134
184.38	134
184.384	134
184.387	134
184.39	134
184.394	134
184.397	134
184.4	134
184.404	134
184.407	134
184.411	134
184.414	134
184.417	134
184.421	134
184.424	134
184.427	134
184.431	134
184.434	134
184.438	134
184.441	134
184.444	134
184.448	134
184.451	134
184.454	134
184.458	134
184.461	134
184.465	134
184.468	134
184.471	134
184.475	134
184.478	134
184.481	134
184.485	134
184.488	134
184.492	134
184.495	134
184.498	134
184.502	134
184.505	134
184.508	134
184.512	134
184.515	134
184.518	134
184.522	134
184.525	134
184.529	134
184.532	134
184.535	134
184.539	134
184.542	134
184.545	134
184.549	134
184.552	134
184.556	134
184.559	134
184.562	134
184.566	134
184.569	134
184.572	134
184.576	134
184.579	134
184.583	134
184.586	134
184.589	134
184.593	134
184.596	134
184.599	134
184.603	134
184.606	134
184.61	134
184.613	134
184.616	134
184.62	134
184.623	134
184.626	134
184.63	134
184.633	134
184.637	134
184.64	134
184.643	134
184.647	134
184.65	134
184.653	134
184.657	134
184.66	134
184.664	134
184.667	134
184.67	134
184.674	134
184.677	134
184.68	134
184.684	134
184.687	134
184.691	134
184.694	134
184.697	134
184.701	134
184.704	134
184.707	134
184.711	134
184.714	134
184.717	134
184.721	134
184.724	134
184.728	134
184.731	134
184.734	134
184.738	134
184.741	134
184.744	134
184.748	134
184.751	134
184.755	134
184.758	134
184.761	134
184.765	134
184.768	134
184.771	134
184.775	134
184.778	134
184.782	134
184.785	134
184.788	134
184.792	134
184.795	134
184.798	134
184.802	134
184.805	134
184.809	134
184.812	134
184.815	134
184.819	134
184.822	134
184.825	134
184.829	134
184.832	134
184.836	134
184.839	134
184.842	134
184.846	134
184.849	134
184.852	134
184.856	134
184.859	134
184.863	134
184.866	134
184.869	134
184.873	134
184.876	134
184.879	134
184.883	134
184.886	134
184.889	134
184.893	134
184.896	134
184.9	134
184.903	134
184.906	134
184.91	134
184.913	134
184.916	134
184.92	134
184.923	134
184.927	134
184.93	134
184.933	134
184.937	134
184.94	134
184.943	134
184.947	134
184.95	134
184.954	134
184.957	134
184.96	134
184.964	134
184.967	134
184.97	134
184.974	134
184.977	134
184.981	134
184.984	134
184.987	134
184.991	134
184.994	134
184.997	134
185.001	134
185.004	134
185.008	134
185.011	134
185.014	134
185.018	134
185.021	134
185.024	134
185.028	134
185.031	134
185.035	134
185.038	134
185.041	134
185.045	134
185.048	134
185.051	134
185.055	134
185.058	134
185.062	134
185.065	134
185.068	134
185.072	134
185.075	134
185.078	134
185.082	134
185.085	134
185.088	134
185.092	134
185.095	134
185.099	134
185.102	134
185.105	134
185.109	134
185.112	134
185.115	134
185.119	134
185.122	134
185.126	134
185.129	134
185.132	134
185.136	134
185.139	134
185.142	134
185.146	134
185.149	134
185.153	134
185.156	134
185.159	134
185.163	134
185.166	134
185.169	134
185.173	134
185.176	134
185.18	134
185.183	134
185.186	134
185.19	134
185.193	134
185.196	134
185.2	134
185.203	134
185.207	134
185.21	134
185.213	134
185.217	134
185.22	134
185.223	134
185.227	134
185.23	134
185.234	134
185.237	134
185.24	134
185.244	134
185.247	134
185.25	134
185.254	134
185.257	134
185.261	134
185.264	134
185.267	134
185.271	134
185.274	134
185.277	134
185.281	134
185.284	134
185.287	134
185.291	134
185.294	134
185.298	134
185.301	134
185.304	134
185.308	134
185.311	134
185.314	134
185.318	134
185.321	134
185.325	134
185.328	134
185.331	134
185.335	134
185.338	134
185.341	134
185.345	134
185.348	134
185.352	134
185.355	134
185.358	134
185.362	134
185.365	134
185.368	134
185.372	134
185.375	134
185.379	134
185.382	134
185.385	134
185.389	134
185.392	134
185.395	134
185.399	134
185.402	134
185.406	134
185.409	134
185.412	134
185.416	134
185.419	134
185.422	134
185.426	134
185.429	134
185.433	134
185.436	134
185.439	134
185.443	134
185.446	134
185.449	134
185.453	134
185.456	134
185.46	134
185.463	134
185.466	134
185.47	134
185.473	134
185.476	134
185.48	134
185.483	134
185.486	134
185.49	134
185.493	134
185.497	134
185.5	134
185.503	134
185.507	134
185.51	134
185.513	134
185.517	134
185.52	134
185.524	134
185.527	134
185.53	134
185.534	134
185.537	134
185.54	134
185.544	134
185.547	134
185.551	134
185.554	134
185.557	134
185.561	134
185.564	134
185.567	134
185.571	134
185.574	134
185.578	134
185.581	134
185.584	134
185.588	134
185.591	134
185.594	134
185.598	134
185.601	134
185.605	134
185.608	134
185.611	134
185.615	134
185.618	134
185.621	134
185.625	134
185.628	134
185.632	134
185.635	134
185.638	134
185.642	134
185.645	134
185.648	134
185.652	134
185.655	134
185.658	134
185.662	134
185.665	134
185.669	134
185.672	134
185.675	134
185.679	134
185.682	134
185.685	134
185.689	134
185.692	134
185.696	134
185.699	134
185.702	134
185.706	134
185.709	134
185.712	134
185.716	134
185.719	134
185.723	134
185.726	134
185.729	134
185.733	134
185.736	134
185.739	134
185.743	134
185.746	134
185.75	134
185.753	134
185.756	134
185.76	134
185.763	134
185.766	134
185.77	134
185.773	134
185.777	134
185.78	134
185.783	134
185.787	134
185.79	134
185.793	134
185.797	134
185.8	134
185.804	134
185.807	134
185.81	134
185.814	134
185.817	134
185.82	134
185.824	134
185.827	134
185.831	134
185.834	134
185.837	134
185.841	134
185.844	134
185.847	134
185.851	134
185.854	134
185.857	134
185.861	134
185.864	134
185.868	134
185.871	134
185.874	134
185.878	134
185.881	134
185.884	134
185.888	134
185.891	134
185.895	134
185.898	134
185.901	134
185.905	134
185.908	134
185.911	134
185.915	134
185.918	134
185.922	134
185.925	134
185.928	134
185.932	134
185.935	134
185.938	134
185.942	134
185.945	134
185.949	134
185.952	134
185.955	134
185.959	134
185.962	134
185.965	134
185.969	134
185.972	134
185.976	134
185.979	134
185.982	134
185.986	134
185.989	134
185.992	134
185.996	134
185.999	134
186.003	134
186.006	134
186.009	134
186.013	134
186.016	134
186.019	134
186.023	134
186.026	134
186.03	134
186.033	134
186.036	134
186.04	134
186.043	134
186.046	134
186.05	134
186.053	134
186.056	134
186.06	134
186.063	134
186.067	134
186.07	134
186.073	134
186.077	134
186.08	134
186.083	134
186.087	134
186.09	134
186.094	134
186.097	134
186.1	134
186.104	134
186.107	134
186.11	134
186.114	134
186.117	134
186.121	134
186.124	134
186.127	134
186.131	134
186.134	134
186.137	134
186.141	134
186.144	134
186.148	134
186.151	134
186.154	134
186.158	134
186.161	134
186.164	134
186.168	134
186.171	134
186.175	134
186.178	134
186.181	134
186.185	134
186.188	134
186.191	134
186.195	134
186.198	134
186.202	134
186.205	134
186.208	134
186.212	134
186.215	134
186.218	134
186.222	134
186.225	134
186.229	134
186.232	134
186.235	134
186.239	134
186.242	134
186.245	134
186.249	134
186.252	134
186.255	134
186.259	134
186.262	134
186.266	134
186.269	134
186.272	134
186.276	134
186.279	134
186.282	134
186.286	134
186.289	134
186.293	134
186.296	134
186.299	134
186.303	134
186.306	134
186.309	134
186.313	134
186.316	134
186.32	134
186.323	134
186.326	134
186.33	134
186.333	134
186.336	134
186.34	134
186.343	134
186.347	134
186.35	134
186.353	134
186.357	134
186.36	134
186.363	134
186.367	134
186.37	134
186.374	134
186.377	134
186.38	134
186.384	134
186.387	134
186.39	134
186.394	134
186.397	134
186.401	134
186.404	134
186.407	134
186.411	134
186.414	134
186.417	134
186.421	134
186.424	134
186.427	134
186.431	134
186.434	134
186.438	134
186.441	134
186.444	134
186.448	134
186.451	134
186.454	134
186.458	134
186.461	134
186.465	134
186.468	134
186.471	134
186.475	134
186.478	134
186.481	134
186.485	134
186.488	134
186.492	134
186.495	134
186.498	134
186.502	134
186.505	134
186.508	134
186.512	134
186.515	134
186.519	134
186.522	134
186.525	134
186.529	134
186.532	134
186.535	134
186.539	134
186.542	134
186.546	134
186.549	134
186.552	134
186.556	134
186.559	134
186.562	134
186.566	134
186.569	134
186.573	134
186.576	134
186.579	134
186.583	134
186.586	134
186.589	134
186.593	134
186.596	134
186.6	134
186.603	134
186.606	134
186.61	134
186.613	134
186.616	134
186.62	134
186.623	134
186.626	134
186.63	134
186.633	134
186.637	134
186.64	134
186.643	134
186.647	134
186.65	134
186.653	134
186.657	134
186.66	134
186.664	134
186.667	134
186.67	134
186.674	134
186.677	134
186.68	134
186.684	134
186.687	134
186.691	134
186.694	134
186.697	134
186.701	134
186.704	134
186.707	134
186.711	134
186.714	134
186.718	134
186.721	134
186.724	134
186.728	134
186.731	134
186.734	134
186.738	134
186.741	134
186.745	134
186.748	134
186.751	134
186.755	134
186.758	134
186.761	134
186.765	134
186.768	134
186.772	134
186.775	134
186.778	134
186.782	134
186.785	134
186.788	134
186.792	134
186.795	134
186.799	134
186.802	134
186.805	134
186.809	134
186.812	134
186.815	134
186.819	134
186.822	134
186.825	134
186.829	134
186.832	134
186.836	134
186.839	134
186.842	134
186.846	134
186.849	134
186.852	134
186.856	134
186.859	134
186.863	134
186.866	134
186.869	134
186.873	134
186.876	134
186.879	134
186.883	134
186.886	134
186.89	134
186.893	134
186.896	134
186.9	134
186.903	134
186.906	134
186.91	134
186.913	134
186.917	134
186.92	134
186.923	134
186.927	134
186.93	134
186.933	134
186.937	134
186.94	134
186.944	134
186.947	134
186.95	134
186.954	134
186.957	134
186.96	134
186.964	134
186.967	134
186.971	134
186.974	134
186.977	134
186.981	134
186.984	134
186.987	134
186.991	134
186.994	134
186.997	134
187.001	134
187.004	134
187.008	134
187.011	134
187.014	134
187.018	134
187.021	134
187.024	134
187.028	134
187.031	134
187.035	134
187.038	134
187.041	134
187.045	134
187.048	134
187.051	134
187.055	134
187.058	134
187.062	134
187.065	134
187.068	134
187.072	134
187.075	134
187.078	134
187.082	134
187.085	134
187.089	134
187.092	134
187.095	134
187.099	134
187.102	134
187.105	134
187.109	134
187.112	134
187.116	134
187.119	134
187.122	134
187.126	134
187.129	134
187.132	134
187.136	134
187.139	134
187.143	134
187.146	134
187.149	134
187.153	134
187.156	134
187.159	134
187.163	134
187.166	134
187.17	134
187.173	134
187.176	134
187.18	134
187.183	134
187.186	134
187.19	134
187.193	134
187.196	134
187.2	134
187.203	134
187.207	134
187.21	134
187.213	134
187.217	134
187.22	134
187.223	134
187.227	134
187.23	134
187.234	134
187.237	134
187.24	134
187.244	134
187.247	134
187.25	134
187.254	134
187.257	134
187.261	134
187.264	134
187.267	134
187.271	134
187.274	134
187.277	134
187.281	134
187.284	134
187.288	134
187.291	134
187.294	134
187.298	134
187.301	134
187.304	134
187.308	134
187.311	134
187.315	134
187.318	134
187.321	134
187.325	134
187.328	134
187.331	134
187.335	134
187.338	134
187.342	134
187.345	134
187.348	134
187.352	134
187.355	134
187.358	134
187.362	134
187.365	134
187.369	134
187.372	134
187.375	134
187.379	134
187.382	134
187.385	134
187.389	134
187.392	134
187.395	134
187.399	134
187.402	134
187.406	134
187.409	134
187.412	134
187.416	134
187.419	134
187.422	134
187.426	134
187.429	134
187.433	134
187.436	134
187.439	134
187.443	134
187.446	134
187.449	134
187.453	134
187.456	134
187.46	134
187.463	134
187.466	134
187.47	134
187.473	134
187.476	134
187.48	134
187.483	134
187.487	134
187.49	134
187.493	134
187.497	134
187.5	134
187.503	134
187.507	134
187.51	134
187.514	134
187.517	134
187.52	134
187.524	134
187.527	134
187.53	134
187.534	134
187.537	134
187.541	134
187.544	134
187.547	134
187.551	134
187.554	134
187.557	134
187.561	134
187.564	134
187.568	134
187.571	134
187.574	134
187.578	134
187.581	134
187.584	134
187.588	134
187.591	134
187.594	134
187.598	134
187.601	134
187.605	134
187.608	134
187.611	134
187.615	134
187.618	134
187.621	134
187.625	134
187.628	134
187.632	134
187.635	134
187.638	134
187.642	134
187.645	134
187.648	134
187.652	134
187.655	134
187.659	134
187.662	134
187.665	134
187.669	134
187.672	134
187.675	134
187.679	134
187.682	134
187.686	134
187.689	134
187.692	134
187.696	134
187.699	134
187.702	134
187.706	134
187.709	134
187.713	134
187.716	134
187.719	134
187.723	134
187.726	134
187.729	134
187.733	134
187.736	134
187.74	134
187.743	134
187.746	134
187.75	134
187.753	134
187.756	134
187.76	134
187.763	134
187.766	134
187.77	134
187.773	134
187.777	134
187.78	134
187.783	134
187.787	134
187.79	134
187.793	134
187.797	134
187.8	134
187.804	134
187.807	134
187.81	134
187.814	134
187.817	134
187.82	134
187.824	134
187.827	134
187.831	134
187.834	134
187.837	134
187.841	134
187.844	134
187.847	134
187.851	134
187.854	134
187.858	134
187.861	134
187.864	134
187.868	134
187.871	134
187.874	134
187.878	134
187.881	134
187.885	134
187.888	134
187.891	134
187.895	134
187.898	134
187.901	134
187.905	134
187.908	134
187.912	134
187.915	134
187.918	134
187.922	134
187.925	134
187.928	134
187.932	134
187.935	134
187.939	134
187.942	134
187.945	134
187.949	134
187.952	134
187.955	134
187.959	134
187.962	134
187.965	134
187.969	134
187.972	134
187.976	134
187.979	134
187.982	134
187.986	134
187.989	134
187.992	134
187.996	134
187.999	134
188.003	134
188.006	134
188.009	134
188.013	134
188.016	134
188.019	134
188.023	134
188.026	134
188.03	134
188.033	134
188.036	134
188.04	134
188.043	134
188.046	134
188.05	134
188.053	134
188.057	134
188.06	134
188.063	134
188.067	134
188.07	134
188.073	134
188.077	134
188.08	134
188.084	134
188.087	134
188.09	134
188.094	134
188.097	134
188.1	134
188.104	134
188.107	134
188.111	134
188.114	134
188.117	134
188.121	134
188.124	134
188.127	134
188.131	134
188.134	134
188.138	134
188.141	134
188.144	134
188.148	134
188.151	134
188.154	134
188.158	134
188.161	134
188.164	134
188.168	134
188.171	134
188.175	134
188.178	134
188.181	134
188.185	134
188.188	134
188.191	134
188.195	134
188.198	134
188.202	134
188.205	134
188.208	134
188.212	134
188.215	134
188.218	134
188.222	134
188.225	134
188.229	134
188.232	134
188.235	134
188.239	134
188.242	134
188.245	134
188.249	134
188.252	134
188.256	134
188.259	134
188.262	134
188.266	134
188.269	134
188.272	134
188.276	134
188.279	134
188.283	134
188.286	134
188.289	134
188.293	134
188.296	134
188.299	134
188.303	134
188.306	134
188.31	134
188.313	134
188.316	134
188.32	134
188.323	134
188.326	134
188.33	134
188.333	134
188.337	134
188.34	134
188.343	134
188.347	134
188.35	134
188.353	134
188.357	134
188.36	134
188.363	134
188.367	134
188.37	134
188.374	134
188.377	134
188.38	134
188.384	134
188.387	134
188.39	134
188.394	134
188.397	134
188.401	134
188.404	134
188.407	134
188.411	134
188.414	134
188.417	134
188.421	134
188.424	134
188.428	134
188.431	134
188.434	134
188.438	134
188.441	134
188.444	134
188.448	134
188.451	134
188.455	134
188.458	134
188.461	134
188.465	134
188.468	134
188.471	134
188.475	134
188.478	134
188.482	134
188.485	134
188.488	134
188.492	134
188.495	134
188.498	134
188.502	134
188.505	134
188.509	134
188.512	134
188.515	134
188.519	134
188.522	134
188.525	134
188.529	134
188.532	134
188.535	134
188.539	134
188.542	134
188.546	134
188.549	134
188.552	134
188.556	134
188.559	134
188.562	134
188.566	134
188.569	134
188.573	134
188.576	134
188.579	134
188.583	134
188.586	134
188.589	134
188.593	134
188.596	134
188.6	134
188.603	134
188.606	134
188.61	134
188.613	134
188.616	134
188.62	134
188.623	134
188.627	134
188.63	134
188.633	134
188.637	134
188.64	134
188.643	134
188.647	134
188.65	134
188.654	134
188.657	134
188.66	134
188.664	134
188.667	134
188.67	134
188.674	134
188.677	134
188.681	134
188.684	134
188.687	134
188.691	134
188.694	134
188.697	134
188.701	134
188.704	134
188.708	134
188.711	134
188.714	134
188.718	134
188.721	134
188.724	134
188.728	134
188.731	134
188.734	134
188.738	134
188.741	134
188.745	134
188.748	134
188.751	134
188.755	134
188.758	134
188.761	134
188.765	134
188.768	134
188.772	134
188.775	134
188.778	134
188.782	134
188.785	134
188.788	134
188.792	134
188.795	134
188.799	134
188.802	134
188.805	134
188.809	134
188.812	134
188.815	134
188.819	134
188.822	134
188.826	134
188.829	134
188.832	134
188.836	134
188.839	134
188.842	134
188.846	134
188.849	134
188.853	134
188.856	134
188.859	134
188.863	134
188.866	134
188.869	134
188.873	134
188.876	134
188.88	134
188.883	134
188.886	134
188.89	134
188.893	134
188.896	134
188.9	134
188.903	134
188.907	134
188.91	134
188.913	134
188.917	134
188.92	134
188.923	134
188.927	134
188.93	134
188.933	134
188.937	134
188.94	134
188.944	134
188.947	134
188.95	134
188.954	134
188.957	134
188.96	134
188.964	134
188.967	134
188.971	134
188.974	134
188.977	134
188.981	134
188.984	134
188.987	134
188.991	134
188.994	134
188.998	134
189.001	134
189.004	134
189.008	134
189.011	134
189.014	134
189.018	134
189.021	134
189.025	134
189.028	134
189.031	134
189.035	134
189.038	134
189.041	134
189.045	134
189.048	134
189.052	134
189.055	134
189.058	134
189.062	134
189.065	134
189.068	134
189.072	134
189.075	134
189.079	134
189.082	134
189.085	134
189.089	134
189.092	134
189.095	134
189.099	134
189.102	134
189.105	134
189.109	134
189.112	134
189.116	134
189.119	134
189.122	134
189.126	134
189.129	134
189.132	134
189.136	134
189.139	134
189.143	134
189.146	134
189.149	134
189.153	134
189.156	134
189.159	134
189.163	134
189.166	134
189.17	134
189.173	134
189.176	134
189.18	134
189.183	134
189.186	134
189.19	134
189.193	134
189.197	134
189.2	134
189.203	134
189.207	134
189.21	134
189.213	134
189.217	134
189.22	134
189.224	134
189.227	134
189.23	134
189.234	134
189.237	134
189.24	134
189.244	134
189.247	134
189.251	134
189.254	134
189.257	134
189.261	134
189.264	134
189.267	134
189.271	134
189.274	134
189.278	134
189.281	134
189.284	134
189.288	134
189.291	134
189.294	134
189.298	134
189.301	134
189.304	134
189.308	134
189.311	134
189.315	134
189.318	134
189.321	134
189.325	134
189.328	134
189.331	134
189.335	134
189.338	134
189.342	134
189.345	134
189.348	134
189.352	134
189.355	134
189.358	134
189.362	134
189.365	134
189.369	134
189.372	134
189.375	134
189.379	134
189.382	134
189.385	134
189.389	134
189.392	134
189.396	134
189.399	134
189.402	134
189.406	134
189.409	134
189.412	134
189.416	134
189.419	134
189.423	134
189.426	134
189.429	134
189.433	134
189.436	134
189.439	134
189.443	134
189.446	134
189.45	134
189.453	134
189.456	134
189.46	134
189.463	134
189.466	134
189.47	134
189.473	134
189.477	134
189.48	134
189.483	134
189.487	134
189.49	134
189.493	134
189.497	134
189.5	134
189.503	134
189.507	134
189.51	134
189.514	134
189.517	134
189.52	134
189.524	134
189.527	134
189.53	134
189.534	134
189.537	134
189.541	134
189.544	134
189.547	134
189.551	134
189.554	134
189.557	134
189.561	134
189.564	134
189.568	134
189.571	134
189.574	134
189.578	134
189.581	134
189.584	134
189.588	134
189.591	134
189.595	134
189.598	134
189.601	134
189.605	134
189.608	134
189.611	134
189.615	134
189.618	134
189.622	134
189.625	134
189.628	134
189.632	134
189.635	134
189.638	134
189.642	134
189.645	134
189.649	134
189.652	134
189.655	134
189.659	134
189.662	134
189.665	134
189.669	134
189.672	134
189.676	134
189.679	134
189.682	134
189.686	134
189.689	134
189.692	134
189.696	134
189.699	134
189.702	134
189.706	134
189.709	134
189.713	134
189.716	134
189.719	134
189.723	134
189.726	134
189.729	134
189.733	134
189.736	134
189.74	134
189.743	134
189.746	134
189.75	134
189.753	134
189.756	134
189.76	134
189.763	134
189.767	134
189.77	134
189.773	134
189.777	134
189.78	134
189.783	134
189.787	134
189.79	134
189.794	134
189.797	134
189.8	134
189.804	134
189.807	134
189.81	134
189.814	134
189.817	134
189.821	134
189.824	134
189.827	134
189.831	134
189.834	134
189.837	134
189.841	134
189.844	134
189.848	134
189.851	134
189.854	134
189.858	134
189.861	134
189.864	134
189.868	134
189.871	134
189.874	134
189.878	134
189.881	134
189.885	134
189.888	134
189.891	134
189.895	134
189.898	134
189.901	134
189.905	134
189.908	134
189.912	134
189.915	134
189.918	134
189.922	134
189.925	134
189.928	134
189.932	134
189.935	134
189.939	134
189.942	134
189.945	134
189.949	134
189.952	134
189.955	134
189.959	134
189.962	134
189.966	134
189.969	134
189.972	134
189.976	134
189.979	134
189.982	134
189.986	134
189.989	134
189.993	134
189.996	134
189.999	134
190.003	134
190.006	134
190.009	134
190.013	134
190.016	134
190.02	134
190.023	134
190.026	134
190.03	134
190.033	134
190.036	134
190.04	134
190.043	134
190.047	134
190.05	134
190.053	134
190.057	134
190.06	134
190.063	134
190.067	134
190.07	134
190.073	134
190.077	134
190.08	134
190.084	134
190.087	134
190.09	134
190.094	134
190.097	134
190.1	134
190.104	134
190.107	134
190.111	134
190.114	134
190.117	134
190.121	134
190.124	134
190.127	134
190.131	134
190.134	134
190.138	134
190.141	134
190.144	134
190.148	134
190.151	134
190.154	134
190.158	134
190.161	134
190.165	134
190.168	134
190.171	134
190.175	134
190.178	134
190.181	134
190.185	134
190.188	134
190.192	134
190.195	134
190.198	134
190.202	134
190.205	134
190.208	134
190.212	134
190.215	134
190.219	134
190.222	134
190.225	134
190.229	134
190.232	134
190.235	134
190.239	134
190.242	134
190.246	134
190.249	134
190.252	134
190.256	134
190.259	134
190.262	134
190.266	134
190.269	134
190.272	134
190.276	134
190.279	134
190.283	134
190.286	134
190.289	134
190.293	134
190.296	134
190.299	134
190.303	134
190.306	134
190.31	134
190.313	134
190.316	134
190.32	134
190.323	134
190.326	134
190.33	134
190.333	134
190.337	134
190.34	134
190.343	134
190.347	134
190.35	134
190.353	134
190.357	134
190.36	134
190.364	134
190.367	134
190.37	134
190.374	134
190.377	134
190.38	134
190.384	134
190.387	134
190.391	134
190.394	134
190.397	134
190.401	134
190.404	134
190.407	134
190.411	134
190.414	134
190.418	134
190.421	134
190.424	134
190.428	134
190.431	134
190.434	134
190.438	134
190.441	134
190.445	134
190.448	134
190.451	134
190.455	134
190.458	134
190.461	134
190.465	134
190.468	134
190.471	134
190.475	134
190.478	134
190.482	134
190.485	134
190.488	134
190.492	134
190.495	134
190.498	134
190.502	134
190.505	134
190.509	134
190.512	134
190.515	134
190.519	134
190.522	134
190.525	134
190.529	134
190.532	134
190.536	134
190.539	134
190.542	134
190.546	134
190.549	134
190.552	134
190.556	134
190.559	134
190.563	134
190.566	134
190.569	134
190.573	134
190.576	134
190.579	134
190.583	134
190.586	134
190.59	134
190.593	134
190.596	134
190.6	134
190.603	134
190.606	134
190.61	134
190.613	134
190.617	134
190.62	134
190.623	134
190.627	134
190.63	134
190.633	134
190.637	134
190.64	134
190.643	134
190.647	134
190.65	134
190.654	134
190.657	134
190.66	134
190.664	134
190.667	134
190.67	134
190.674	134
190.677	134
190.681	134
190.684	134
190.687	134
190.691	134
190.694	134
190.697	134
190.701	134
190.704	134
190.708	134
190.711	134
190.714	134
190.718	134
190.721	134
190.724	134
190.728	134
190.731	134
190.735	134
190.738	134
190.741	134
190.745	134
190.748	134
190.751	134
190.755	134
190.758	134
190.762	134
190.765	134
190.768	134
190.772	134
190.775	134
190.778	134
190.782	134
190.785	134
190.789	134
190.792	134
190.795	134
190.799	134
190.802	134
190.805	134
190.809	134
190.812	134
190.816	134
190.819	134
190.822	134
190.826	134
190.829	134
190.832	134
190.836	134
190.839	134
190.842	134
190.846	134
190.849	134
190.853	134
190.856	134
190.859	134
190.863	134
190.866	134
190.869	134
190.873	134
190.876	134
190.88	134
190.883	134
190.886	134
190.89	134
190.893	134
190.896	134
190.9	134
190.903	134
190.907	134
190.91	134
190.913	134
190.917	134
190.92	134
190.923	134
190.927	134
190.93	134
190.934	134
190.937	134
190.94	134
190.944	134
190.947	134
190.95	134
190.954	134
190.957	134
190.961	134
190.964	134
190.967	134
190.971	134
190.974	134
190.977	134
190.981	134
190.984	134
190.988	134
190.991	134
190.994	134
190.998	134
191.001	134
191.004	134
191.008	134
191.011	134
191.015	134
191.018	134
191.021	134
191.025	134
191.028	134
191.031	134
191.035	134
191.038	134
191.041	134
191.045	134
191.048	134
191.052	134
191.055	134
191.058	134
191.062	134
191.065	134
191.068	134
191.072	134
191.075	134
191.079	134
191.082	134
191.085	134
191.089	134
191.092	134
191.095	134
191.099	134
191.102	134
191.106	134
191.109	134
191.112	134
191.116	134
191.119	134
191.122	134
191.126	134
191.129	134
191.133	134
191.136	134
191.139	134
191.143	134
191.146	134
191.149	134
191.153	134
191.156	134
191.16	134
191.163	134
191.166	134
191.17	134
191.173	134
191.176	134
191.18	134
191.183	134
191.187	134
191.19	134
191.193	134
191.197	134
191.2	134
191.203	134
191.207	134
191.21	134
191.213	134
191.217	134
191.22	134
191.224	134
191.227	134
191.23	134
191.234	134
191.237	134
191.24	134
191.244	134
191.247	134
191.251	134
191.254	134
191.257	134
191.261	134
191.264	134
191.267	134
191.271	134
191.274	134
191.278	134
191.281	134
191.284	134
191.288	134
191.291	134
191.294	134
191.298	134
191.301	134
191.305	134
191.308	134
191.311	134
191.315	134
191.318	134
191.321	134
191.325	134
191.328	134
191.332	134
191.335	134
191.338	134
191.342	134
191.345	134
191.348	134
191.352	134
191.355	134
191.359	134
191.362	134
191.365	134
191.369	134
191.372	134
191.375	134
191.379	134
191.382	134
191.386	134
191.389	134
191.392	134
191.396	134
191.399	134
191.402	134
191.406	134
191.409	134
191.412	134
191.416	134
191.419	134
191.423	134
191.426	134
191.429	134
191.433	134
191.436	134
191.439	134
191.443	134
191.446	134
191.45	134
191.453	134
191.456	134
191.46	134
191.463	134
191.466	134
191.47	134
191.473	134
191.477	134
191.48	134
191.483	134
191.487	134
191.49	134
191.493	134
191.497	134
191.5	134
191.504	134
191.507	134
191.51	134
191.514	134
191.517	134
191.52	134
191.524	134
191.527	134
191.531	134
191.534	134
191.537	134
191.541	134
191.544	134
191.547	134
191.551	134
191.554	134
191.558	134
191.561	134
191.564	134
191.568	134
191.571	134
191.574	134
191.578	134
191.581	134
191.585	134
191.588	134
191.591	134
191.595	134
191.598	134
191.601	134
191.605	134
191.608	134
191.611	134
191.615	134
191.618	134
191.622	134
191.625	134
191.628	134
191.632	134
191.635	134
191.638	134
191.642	134
191.645	134
191.649	134
191.652	134
191.655	134
191.659	134
191.662	134
191.665	134
191.669	134
191.672	134
191.676	134
191.679	134
191.682	134
191.686	134
191.689	134
191.692	134
191.696	134
191.699	134
191.703	134
191.706	134
191.709	134
191.713	134
191.716	134
191.719	134
191.723	134
191.726	134
191.73	134
191.733	134
191.736	134
191.74	134
191.743	134
191.746	134
191.75	134
191.753	134
191.757	134
191.76	134
191.763	134
191.767	134
191.77	134
191.773	134
191.777	134
191.78	134
191.784	134
191.787	134
191.79	134
191.794	134
191.797	134
191.8	134
191.804	134
191.807	134
191.81	134
191.814	134
191.817	134
191.821	134
191.824	134
191.827	134
191.831	134
191.834	134
191.837	134
191.841	134
191.844	134
191.848	134
191.851	134
191.854	134
191.858	134
191.861	134
191.864	134
191.868	134
191.871	134
191.875	134
191.878	134
191.881	134
191.885	134
191.888	134
191.891	134
191.895	134
191.898	134
191.902	134
191.905	134
191.908	134
191.912	134
191.915	134
191.918	134
191.922	134
191.925	134
191.929	134
191.932	134
191.935	134
191.939	134
191.942	134
191.945	134
191.949	134
191.952	134
191.956	134
191.959	134
191.962	134
191.966	134
191.969	134
191.972	134
191.976	134
191.979	134
191.982	134
191.986	134
191.989	134
191.993	134
191.996	134
191.999	134
192.003	134
192.006	134
192.009	134
192.013	134
192.016	134
192.02	134
192.023	134
192.026	134
192.03	134
192.033	134
192.036	134
192.04	134
192.043	134
192.047	134
192.05	134
192.053	134
192.057	134
192.06	134
192.063	134
192.067	134
192.07	134
192.074	134
192.077	134
192.08	134
192.084	134
192.087	134
192.09	134
192.094	134
192.097	134
192.101	134
192.104	134
192.107	134
192.111	134
192.114	134
192.117	134
192.121	134
192.124	134
192.128	134
192.131	134
192.134	134
192.138	134
192.141	134
192.144	134
192.148	134
192.151	134
192.155	134
192.158	134
192.161	134
192.165	134
192.168	134
192.171	134
192.175	134
192.178	134
192.181	134
192.185	134
192.188	134
192.192	134
192.195	134
192.198	134
192.202	134
192.205	134
192.208	134
192.212	134
192.215	134
192.219	134
192.222	134
192.225	134
192.229	134
192.232	134
192.235	134
192.239	134
192.242	134
192.246	134
192.249	134
192.252	134
192.256	134
192.259	134
192.262	134
192.266	134
192.269	134
192.273	134
192.276	134
192.279	134
192.283	134
192.286	134
192.289	134
192.293	134
192.296	134
192.3	134
192.303	134
192.306	134
192.31	134
192.313	134
192.316	134
192.32	134
192.323	134
192.327	134
192.33	134
192.333	134
192.337	134
192.34	134
192.343	134
192.347	134
192.35	134
192.354	134
192.357	134
192.36	134
192.364	134
192.367	134
192.37	134
192.374	134
192.377	134
192.38	134
192.384	134
192.387	134
192.391	134
192.394	134
192.397	134
192.401	134
192.404	134
192.407	134
192.411	134
192.414	134
192.418	134
192.421	134
192.424	134
192.428	134
192.431	134
192.434	134
192.438	134
192.441	134
192.445	134
192.448	134
192.451	134
192.455	134
192.458	134
192.461	134
192.465	134
192.468	134
192.472	134
192.475	134
192.478	134
192.482	134
192.485	134
192.488	134
192.492	134
192.495	134
192.499	134
192.502	134
192.505	134
192.509	134
192.512	134
192.515	134
192.519	134
192.522	134
192.526	134
192.529	134
192.532	134
192.536	134
192.539	134
192.542	134
192.546	134
192.549	134
192.553	134
192.556	134
192.559	134
192.563	134
192.566	134
192.569	134
192.573	134
192.576	134
192.579	134
192.583	134
192.586	134
192.59	134
192.593	134
192.596	134
192.6	134
192.603	134
192.606	134
192.61	134
192.613	134
192.617	134
192.62	134
192.623	134
192.627	134
192.63	134
192.633	134
192.637	134
192.64	134
192.644	134
192.647	134
192.65	134
192.654	134
192.657	134
192.66	134
192.664	134
192.667	134
192.671	134
192.674	134
192.677	134
192.681	134
192.684	134
192.687	134
192.691	134
192.694	134
192.698	134
192.701	134
192.704	134
192.708	134
192.711	134
192.714	134
192.718	134
192.721	134
192.725	134
192.728	134
192.731	134
192.735	134
192.738	134
192.741	134
192.745	134
192.748	134
192.751	134
192.755	134
192.758	134
192.762	134
192.765	134
192.768	134
192.772	134
192.775	134
192.778	134
192.782	134
192.785	134
192.789	134
192.792	134
192.795	134
192.799	134
192.802	134
192.805	134
192.809	134
192.812	134
192.816	134
192.819	134
192.822	134
192.826	134
192.829	134
192.832	134
192.836	134
192.839	134
192.843	134
192.846	134
192.849	134
192.853	134
192.856	134
192.859	134
192.863	134
192.866	134
192.87	134
192.873	134
192.876	134
192.88	134
192.883	134
192.886	134
192.89	134
192.893	134
192.897	134
192.9	134
192.903	134
192.907	134
192.91	134
192.913	134
192.917	134
192.92	134
192.924	134
192.927	134
192.93	134
192.934	134
192.937	134
192.94	134
192.944	134
192.947	134
192.95	134
192.954	134
192.957	134
192.961	134
192.964	134
192.967	134
192.971	134
192.974	134
192.977	134
192.981	134
192.984	134
192.988	134
192.991	134
192.994	134
192.998	134
193.001	134
193.004	134
193.008	134
193.011	134
193.015	134
193.018	134
193.021	134
193.025	134
193.028	134
193.031	134
193.035	134
193.038	134
193.042	134
193.045	134
193.048	134
193.052	134
193.055	134
193.058	134
193.062	134
193.065	134
193.069	134
193.072	134
193.075	134
193.079	134
193.082	134
193.085	134
193.089	134
193.092	134
193.096	134
193.099	134
193.102	134
193.106	134
193.109	134
193.112	134
193.116	134
193.119	134
193.123	134
193.126	134
193.129	134
193.133	134
193.136	134
193.139	134
193.143	134
193.146	134
193.149	134
193.153	134
193.156	134
193.16	134
193.163	134
193.166	134
193.17	134
193.173	134
193.176	134
193.18	134
193.183	134
193.187	134
193.19	134
193.193	134
193.197	134
193.2	134
193.203	134
193.207	134
193.21	134
193.214	134
193.217	134
193.22	134
193.224	134
193.227	134
193.23	134
193.234	134
193.237	134
193.241	134
193.244	134
193.247	134
193.251	134
193.254	134
193.257	134
193.261	134
193.264	134
193.268	134
193.271	134
193.274	134
193.278	134
193.281	134
193.284	134
193.288	134
193.291	134
193.295	134
193.298	134
193.301	134
193.305	134
193.308	134
193.311	134
193.315	134
193.318	134
193.321	134
193.325	134
193.328	134
193.332	134
193.335	134
193.338	134
193.342	134
193.345	134
193.348	134
193.352	134
193.355	134
193.359	134
193.362	134
193.365	134
193.369	134
193.372	134
193.375	134
193.379	134
193.382	134
193.386	134
193.389	134
193.392	134
193.396	134
193.399	134
193.402	134
193.406	134
193.409	134
193.413	134
193.416	134
193.419	134
193.423	134
193.426	134
193.429	134
193.433	134
193.436	134
193.44	134
193.443	134
193.446	134
193.45	134
193.453	134
193.456	134
193.46	134
193.463	134
193.467	134
193.47	134
193.473	134
193.477	134
193.48	134
193.483	134
193.487	134
193.49	134
193.494	134
193.497	134
193.5	134
193.504	134
193.507	134
193.51	134
193.514	134
193.517	134
193.52	134
193.524	134
193.527	134
193.531	134
193.534	134
193.537	134
193.541	134
193.544	134
193.547	134
193.551	134
193.554	134
193.558	134
193.561	134
193.564	134
193.568	134
193.571	134
193.574	134
193.578	134
193.581	134
193.585	134
193.588	134
193.591	134
193.595	134
193.598	134
193.601	134
193.605	134
193.608	134
193.612	134
193.615	134
193.618	134
193.622	134
193.625	134
193.628	134
193.632	134
193.635	134
193.639	134
193.642	134
193.645	134
193.649	134
193.652	134
193.655	134
193.659	134
193.662	134
193.666	134
193.669	134
193.672	134
193.676	134
193.679	134
193.682	134
193.686	134
193.689	134
193.693	134
193.696	134
193.699	134
193.703	134
193.706	134
193.709	134
193.713	134
193.716	134
193.719	134
193.723	134
193.726	134
193.73	134
193.733	134
193.736	134
193.74	134
193.743	134
193.746	134
193.75	134
193.753	134
193.757	134
193.76	134
193.763	134
193.767	134
193.77	134
193.773	134
193.777	134
193.78	134
193.784	134
193.787	134
193.79	134
193.794	134
193.797	134
193.8	134
193.804	134
193.807	134
193.811	134
193.814	134
193.817	134
193.821	134
193.824	134
193.827	134
193.831	134
193.834	134
193.838	134
193.841	134
193.844	134
193.848	134
193.851	134
193.854	134
193.858	134
193.861	134
193.865	134
193.868	134
193.871	134
193.875	134
193.878	134
193.881	134
193.885	134
193.888	134
193.892	134
193.895	134
193.898	134
193.902	134
193.905	134
193.908	134
193.912	134
193.915	134
193.918	134
193.922	134
193.925	134
193.929	134
193.932	134
193.935	134
193.939	134
193.942	134
193.945	134
193.949	134
193.952	134
193.956	134
193.959	134
193.962	134
193.966	134
193.969	134
193.972	134
193.976	134
193.979	134
193.983	134
193.986	134
193.989	134
193.993	134
193.996	134
193.999	134
194.003	134
194.006	134
194.01	134
194.013	134
194.016	134
194.02	134
194.023	134
194.026	134
194.03	134
194.033	134
194.037	134
194.04	134
194.043	134
194.047	134
194.05	134
194.053	134
194.057	134
194.06	134
194.064	134
194.067	134
194.07	134
194.074	134
194.077	134
194.08	134
194.084	134
194.087	134
194.09	134
194.094	134
194.097	134
194.101	134
194.104	134
194.107	134
194.111	134
194.114	134
194.117	134
194.121	134
194.124	134
194.128	134
194.131	134
194.134	134
194.138	134
194.141	134
194.144	134
194.148	134
194.151	134
194.155	134
194.158	134
194.161	134
194.165	134
194.168	134
194.171	134
194.175	134
194.178	134
194.182	134
194.185	134
194.188	134
194.192	134
194.195	134
194.198	134
194.202	134
194.205	134
194.209	134
194.212	134
194.215	134
194.219	134
194.222	134
194.225	134
194.229	134
194.232	134
194.236	134
194.239	134
194.242	134
194.246	134
194.249	134
194.252	134
194.256	134
194.259	134
194.263	134
194.266	134
194.269	134
194.273	134
194.276	134
194.279	134
194.283	134
194.286	134
194.289	134
194.293	134
194.296	134
194.3	134
194.303	134
194.306	134
194.31	134
194.313	134
194.316	134
194.32	134
194.323	134
194.327	134
194.33	134
194.333	134
194.337	134
194.34	134
194.343	134
194.347	134
194.35	134
194.354	134
194.357	134
194.36	134
194.364	134
194.367	134
194.37	134
194.374	134
194.377	134
194.381	134
194.384	134
194.387	134
194.391	134
194.394	134
194.397	134
194.401	134
194.404	134
194.408	134
194.411	134
194.414	134
194.418	134
194.421	134
194.424	134
194.428	134
194.431	134
194.435	134
194.438	134
194.441	134
194.445	134
194.448	134
194.451	134
194.455	134
194.458	134
194.462	134
194.465	134
194.468	134
194.472	134
194.475	134
194.478	134
194.482	134
194.485	134
194.488	134
194.492	134
194.495	134
194.499	134
194.502	134
194.505	134
194.509	134
194.512	134
194.515	134
194.519	134
194.522	134
194.526	134
194.529	134
194.532	134
194.536	134
194.539	134
194.542	134
194.546	134
194.549	134
194.553	134
194.556	134
194.559	134
194.563	134
194.566	134
194.569	134
194.573	134
194.576	134
194.58	134
194.583	134
194.586	134
194.59	134
194.593	134
194.596	134
194.6	134
194.603	134
194.607	134
194.61	134
194.613	134
194.617	134
194.62	134
194.623	134
194.627	134
194.63	134
194.634	134
194.637	134
194.64	134
194.644	134
194.647	134
194.65	134
194.654	134
194.657	134
194.661	134
194.664	134
194.667	134
194.671	134
194.674	134
194.677	134
194.681	134
194.684	134
194.687	134
194.691	134
194.694	134
194.698	134
194.701	134
194.704	134
194.708	134
194.711	134
194.714	134
194.718	134
194.721	134
194.725	134
194.728	134
194.731	134
194.735	134
194.738	134
194.741	134
194.745	134
194.748	134
194.752	134
194.755	134
194.758	134
194.762	134
194.765	134
194.768	134
194.772	134
194.775	134
194.779	134
194.782	134
194.785	134
194.789	134
194.792	134
194.795	134
194.799	134
194.802	134
194.806	134
194.809	134
194.812	134
194.816	134
194.819	134
194.822	134
194.826	134
194.829	134
194.833	134
194.836	134
194.839	134
194.843	134
194.846	134
194.849	134
194.853	134
194.856	134
194.859	134
194.863	134
194.866	134
194.87	134
194.873	134
194.876	134
194.88	134
194.883	134
194.886	134
194.89	134
194.893	134
194.897	134
194.9	134
194.903	134
194.907	134
194.91	134
194.913	134
194.917	134
194.92	134
194.924	134
194.927	134
194.93	134
194.934	134
194.937	134
194.94	134
194.944	134
194.947	134
194.951	134
194.954	134
194.957	134
194.961	134
194.964	134
194.967	134
194.971	134
194.974	134
194.978	134
194.981	134
194.984	134
194.988	134
194.991	134
194.994	134
194.998	134
195.001	134
195.005	134
195.008	134
195.011	134
195.015	134
195.018	134
195.021	134
195.025	134
195.028	134
195.032	134
195.035	134
195.038	134
195.042	134
195.045	134
195.048	134
195.052	134
195.055	134
195.058	134
195.062	134
195.065	134
195.069	134
195.072	134
195.075	134
195.079	134
195.082	134
195.085	134
195.089	134
195.092	134
195.096	134
195.099	134
195.102	134
195.106	134
195.109	134
195.112	134
195.116	134
195.119	134
195.123	134
195.126	134
195.129	134
195.133	134
195.136	134
195.139	134
195.143	134
195.146	134
195.15	134
195.153	134
195.156	134
195.16	134
195.163	134
195.166	134
195.17	134
195.173	134
195.177	134
195.18	134
195.183	134
195.187	134
195.19	134
195.193	134
195.197	134
195.2	134
195.204	134
195.207	134
195.21	134
195.214	134
195.217	134
195.22	134
195.224	134
195.227	134
195.231	134
195.234	134
195.237	134
195.241	134
195.244	134
195.247	134
195.251	134
195.254	134
195.257	134
195.261	134
195.264	134
195.268	134
195.271	134
195.274	134
195.278	134
195.281	134
195.284	134
195.288	134
195.291	134
195.295	134
195.298	134
195.301	134
195.305	134
195.308	134
195.311	134
195.315	134
195.318	134
195.322	134
195.325	134
195.328	134
195.332	134
195.335	134
195.338	134
195.342	134
195.345	134
195.349	134
195.352	134
195.355	134
195.359	134
195.362	134
195.365	134
195.369	134
195.372	134
195.376	134
195.379	134
195.382	134
195.386	134
195.389	134
195.392	134
195.396	134
195.399	134
195.403	134
195.406	134
195.409	134
195.413	134
195.416	134
195.419	134
195.423	134
195.426	134
195.429	134
195.433	134
195.436	134
195.44	134
195.443	134
195.446	134
195.45	134
195.453	134
195.456	134
195.46	134
195.463	134
195.467	134
195.47	134
195.473	134
195.477	134
195.48	134
195.483	134
195.487	134
195.49	134
195.494	134
195.497	134
195.5	134
195.504	134
195.507	134
195.51	134
195.514	134
195.517	134
195.521	134
195.524	134
195.527	134
195.531	134
195.534	134
195.537	134
195.541	134
195.544	134
195.548	134
195.551	134
195.554	134
195.558	134
195.561	134
195.564	134
195.568	134
195.571	134
195.575	134
195.578	134
195.581	134
195.585	134
195.588	134
195.591	134
195.595	134
195.598	134
195.602	134
195.605	134
195.608	134
195.612	134
195.615	134
195.618	134
195.622	134
195.625	134
195.628	134
195.632	134
195.635	134
195.639	134
195.642	134
195.645	134
195.649	134
195.652	134
195.655	134
195.659	134
195.662	134
195.666	134
195.669	134
195.672	134
195.676	134
195.679	134
195.682	134
195.686	134
195.689	134
195.693	134
195.696	134
195.699	134
195.703	134
195.706	134
195.709	134
195.713	134
195.716	134
195.72	134
195.723	134
195.726	134
195.73	134
195.733	134
195.736	134
195.74	134
195.743	134
195.747	134
195.75	134
195.753	134
195.757	134
195.76	134
195.763	134
195.767	134
195.77	134
195.774	134
195.777	134
195.78	134
195.784	134
195.787	134
195.79	134
195.794	134
195.797	134
195.801	134
195.804	134
195.807	134
195.811	134
195.814	134
195.817	134
195.821	134
195.824	134
195.827	134
195.831	134
195.834	134
195.838	134
195.841	134
195.844	134
195.848	134
195.851	134
195.854	134
195.858	134
195.861	134
195.865	134
195.868	134
195.871	134
195.875	134
195.878	134
195.881	134
195.885	134
195.888	134
195.892	134
195.895	134
195.898	134
195.902	134
195.905	134
195.908	134
195.912	134
195.915	134
195.919	134
195.922	134
195.925	134
195.929	134
195.932	134
195.935	134
195.939	134
195.942	134
195.946	134
195.949	134
195.952	134
195.956	134
195.959	134
195.962	134
195.966	134
195.969	134
195.973	134
195.976	134
195.979	134
195.983	134
195.986	134
195.989	134
195.993	134
195.996	134
196	134
196.003	134
196.006	134
196.01	134
196.013	134
196.016	134
196.02	134
196.023	134
196.026	134
196.03	134
196.033	134
196.037	134
196.04	134
196.043	134
196.047	134
196.05	134
196.053	134
196.057	134
196.06	134
196.064	134
196.067	134
196.07	134
196.074	134
196.077	134
196.08	134
196.084	134
196.087	134
196.091	134
196.094	134
196.097	134
196.101	134
196.104	134
196.107	134
196.111	134
196.114	134
196.118	134
196.121	134
196.124	134
196.128	134
196.131	134
196.134	134
196.138	134
196.141	134
196.145	134
196.148	134
196.151	134
196.155	134
196.158	134
196.161	134
196.165	134
196.168	134
196.172	134
196.175	134
196.178	134
196.182	134
196.185	134
196.188	134
196.192	134
196.195	134
196.198	134
196.202	134
196.205	134
196.209	134
196.212	134
196.215	134
196.219	134
196.222	134
196.225	134
196.229	134
196.232	134
196.236	134
196.239	134
196.242	134
196.246	134
196.249	134
196.252	134
196.256	134
196.259	134
196.263	134
196.266	134
196.269	134
196.273	134
196.276	134
196.279	134
196.283	134
196.286	134
196.29	134
196.293	134
196.296	134
196.3	134
196.303	134
196.306	134
196.31	134
196.313	134
196.317	134
196.32	134
196.323	134
196.327	134
196.33	134
196.333	134
196.337	134
196.34	134
196.344	134
196.347	134
196.35	134
196.354	134
196.357	134
196.36	134
196.364	134
196.367	134
196.371	134
196.374	134
196.377	134
196.381	134
196.384	134
196.387	134
196.391	134
196.394	134
196.397	134
196.401	134
196.404	134
196.408	134
196.411	134
196.414	134
196.418	134
196.421	134
196.424	134
196.428	134
196.431	134
196.435	134
196.438	134
196.441	134
196.445	134
196.448	134
196.451	134
196.455	134
196.458	134
196.462	134
196.465	134
196.468	134
196.472	134
196.475	134
196.478	134
196.482	134
196.485	134
196.489	134
196.492	134
196.495	134
196.499	134
196.502	134
196.505	134
196.509	134
196.512	134
196.516	134
196.519	134
196.522	134
196.526	134
196.529	134
196.532	134
196.536	134
196.539	134
196.543	134
196.546	134
196.549	134
196.553	134
196.556	134
196.559	134
196.563	134
196.566	134
196.57	134
196.573	134
196.576	134
196.58	134
196.583	134
196.586	134
196.59	134
196.593	134
196.596	134
196.6	134
196.603	134
196.607	134
196.61	134
196.613	134
196.617	134
196.62	134
196.623	134
196.627	134
196.63	134
196.634	134
196.637	134
196.64	134
196.644	134
196.647	134
196.65	134
196.654	134
196.657	134
196.661	134
196.664	134
196.667	134
196.671	134
196.674	134
196.677	134
196.681	134
196.684	134
196.688	134
196.691	134
196.694	134
196.698	134
196.701	134
196.704	134
196.708	134
196.711	134
196.715	134
196.718	134
196.721	134
196.725	134
196.728	134
196.731	134
196.735	134
196.738	134
196.742	134
196.745	134
196.748	134
196.752	134
196.755	134
196.758	134
196.762	134
196.765	134
196.769	134
196.772	134
196.775	134
196.779	134
196.782	134
196.785	134
196.789	134
196.792	134
196.795	134
196.799	134
196.802	134
196.806	134
196.809	134
196.812	134
196.816	134
196.819	134
196.822	134
196.826	134
196.829	134
196.833	134
196.836	134
196.839	134
196.843	134
196.846	134
196.849	134
196.853	134
196.856	134
196.86	134
196.863	134
196.866	134
196.87	134
196.873	134
196.876	134
196.88	134
196.883	134
196.887	134
196.89	134
196.893	134
196.897	134
196.9	134
196.903	134
196.907	134
196.91	134
196.914	134
196.917	134
196.92	134
196.924	134
196.927	134
196.93	134
196.934	134
196.937	134
196.941	134
196.944	134
196.947	134
196.951	134
196.954	134
196.957	134
196.961	134
196.964	134
196.967	134
196.971	134
196.974	134
196.978	134
196.981	134
196.984	134
196.988	134
196.991	134
196.994	134
196.998	134
197.001	134
197.005	134
197.008	134
197.011	134
197.015	134
197.018	134
197.021	134
197.025	134
197.028	134
197.032	134
197.035	134
197.038	134
197.042	134
197.045	134
197.048	134
197.052	134
197.055	134
197.059	134
197.062	134
197.065	134
197.069	134
197.072	134
197.075	134
197.079	134
197.082	134
197.086	134
197.089	134
197.092	134
197.096	134
197.099	134
197.102	134
197.106	134
197.109	134
197.113	134
197.116	134
197.119	134
197.123	134
197.126	134
197.129	134
197.133	134
197.136	134
197.14	134
197.143	134
197.146	134
197.15	134
197.153	134
197.156	134
197.16	134
197.163	134
197.166	134
197.17	134
197.173	134
197.177	134
197.18	134
197.183	134
197.187	134
197.19	134
197.193	134
197.197	134
197.2	134
197.204	134
197.207	134
197.21	134
197.214	134
197.217	134
197.22	134
197.224	134
197.227	134
197.231	134
197.234	134
197.237	134
197.241	134
197.244	134
197.247	134
197.251	134
197.254	134
197.258	134
197.261	134
197.264	134
197.268	134
197.271	134
197.274	134
197.278	134
197.281	134
197.285	134
197.288	134
197.291	134
197.295	134
197.298	134
197.301	134
197.305	134
197.308	134
197.312	134
197.315	134
197.318	134
197.322	134
197.325	134
197.328	134
197.332	134
197.335	134
197.339	134
197.342	134
197.345	134
197.349	134
197.352	134
197.355	134
197.359	134
197.362	134
197.365	134
197.369	134
197.372	134
197.376	134
197.379	134
197.382	134
197.386	134
197.389	134
197.392	134
197.396	134
197.399	134
197.403	134
197.406	134
197.409	134
197.413	134
197.416	134
197.419	134
197.423	134
197.426	134
197.43	134
197.433	134
197.436	134
197.44	134
197.443	134
197.446	134
197.45	134
197.453	134
197.457	134
197.46	134
197.463	134
197.467	134
197.47	134
197.473	134
197.477	134
197.48	134
197.484	134
197.487	134
197.49	134
197.494	134
197.497	134
197.5	134
197.504	134
197.507	134
197.511	134
197.514	134
197.517	134
197.521	134
197.524	134
197.527	134
197.531	134
197.534	134
197.537	134
197.541	134
197.544	134
197.548	134
197.551	134
197.554	134
197.558	134
197.561	134
197.564	134
197.568	134
197.571	134
197.575	134
197.578	134
197.581	134
197.585	134
197.588	134
197.591	134
197.595	134
197.598	134
197.602	134
197.605	134
197.608	134
197.612	134
197.615	134
197.618	134
197.622	134
197.625	134
197.629	134
197.632	134
197.635	134
197.639	134
197.642	134
197.645	134
197.649	134
197.652	134
197.656	134
197.659	134
197.662	134
197.666	134
197.669	134
197.672	134
197.676	134
197.679	134
197.683	134
197.686	134
197.689	134
197.693	134
197.696	134
197.699	134
197.703	134
197.706	134
197.71	134
197.713	134
197.716	134
197.72	134
197.723	134
197.726	134
197.73	134
197.733	134
197.736	134
197.74	134
197.743	134
197.747	134
197.75	134
197.753	134
197.757	134
197.76	134
197.763	134
197.767	134
197.77	134
197.774	134
197.777	134
197.78	134
197.784	134
197.787	134
197.79	134
197.794	134
197.797	134
197.801	134
197.804	134
197.807	134
197.811	134
197.814	134
197.817	134
197.821	134
197.824	134
197.828	134
197.831	134
197.834	134
197.838	134
197.841	134
197.844	134
197.848	134
197.851	134
197.855	134
197.858	134
197.861	134
197.865	134
197.868	134
197.871	134
197.875	134
197.878	134
197.882	134
197.885	134
197.888	134
197.892	134
197.895	134
197.898	134
197.902	134
197.905	134
197.909	134
197.912	134
197.915	134
197.919	134
197.922	134
197.925	134
197.929	134
197.932	134
197.935	134
197.939	134
197.942	134
197.946	134
197.949	134
197.952	134
197.956	134
197.959	134
197.962	134
197.966	134
197.969	134
197.973	134
197.976	134
197.979	134
197.983	134
197.986	134
197.989	134
197.993	134
197.996	134
198	134
198.003	134
198.006	134
198.01	134
198.013	134
198.016	134
198.02	134
198.023	134
198.027	134
198.03	134
198.033	134
198.037	134
198.04	134
198.043	134
198.047	134
198.05	134
198.054	134
198.057	134
198.06	134
198.064	134
198.067	134
198.07	134
198.074	134
198.077	134
198.081	134
198.084	134
198.087	134
198.091	134
198.094	134
198.097	134
198.101	134
198.104	134
198.108	134
198.111	134
198.114	134
198.118	134
198.121	134
198.124	134
198.128	134
198.131	134
198.134	134
198.138	134
198.141	134
198.145	134
198.148	134
198.151	134
198.155	134
198.158	134
198.161	134
198.165	134
198.168	134
198.172	134
198.175	134
198.178	134
198.182	134
198.185	134
198.188	134
198.192	134
198.195	134
198.199	134
198.202	134
198.205	134
198.209	134
198.212	134
198.215	134
198.219	134
198.222	134
198.226	134
198.229	134
198.232	134
198.236	134
198.239	134
198.242	134
198.246	134
198.249	134
198.253	134
198.256	134
198.259	134
198.263	134
198.266	134
198.269	134
198.273	134
198.276	134
198.28	134
198.283	134
198.286	134
198.29	134
198.293	134
198.296	134
198.3	134
198.303	134
198.306	134
198.31	134
198.313	134
198.317	134
198.32	134
198.323	134
198.327	134
198.33	134
198.333	134
198.337	134
198.34	134
198.344	134
198.347	134
198.35	134
198.354	134
198.357	134
198.36	134
198.364	134
198.367	134
198.371	134
198.374	134
198.377	134
198.381	134
198.384	134
198.387	134
198.391	134
198.394	134
198.398	134
198.401	134
198.404	134
198.408	134
198.411	134
198.414	134
198.418	134
198.421	134
198.425	134
198.428	134
198.431	134
198.435	134
198.438	134
198.441	134
198.445	134
198.448	134
198.452	134
198.455	134
198.458	134
198.462	134
198.465	134
198.468	134
198.472	134
198.475	134
198.479	134
198.482	134
198.485	134
198.489	134
198.492	134
198.495	134
198.499	134
198.502	134
198.505	134
198.509	134
198.512	134
198.516	134
198.519	134
198.522	134
198.526	134
198.529	134
198.532	134
198.536	134
198.539	134
198.543	134
198.546	134
198.549	134
198.553	134
198.556	134
198.559	134
198.563	134
198.566	134
198.57	134
198.573	134
198.576	134
198.58	134
198.583	134
198.586	134
198.59	134
198.593	134
198.597	134
198.6	134
198.603	134
198.607	134
198.61	134
198.613	134
198.617	134
198.62	134
198.624	134
198.627	134
198.63	134
198.634	134
198.637	134
198.64	134
198.644	134
198.647	134
198.651	134
198.654	134
198.657	134
198.661	134
198.664	134
198.667	134
198.671	134
198.674	134
198.678	134
198.681	134
198.684	134
198.688	134
198.691	134
198.694	134
198.698	134
198.701	134
198.704	134
198.708	134
198.711	134
198.715	134
198.718	134
198.721	134
198.725	134
198.728	134
198.731	134
198.735	134
198.738	134
198.742	134
198.745	134
198.748	134
198.752	134
198.755	134
198.758	134
198.762	134
198.765	134
198.769	134
198.772	134
198.775	134
198.779	134
198.782	134
198.785	134
198.789	134
198.792	134
198.796	134
198.799	134
198.802	134
198.806	134
198.809	134
198.812	134
198.816	134
198.819	134
198.823	134
198.826	134
198.829	134
198.833	134
198.836	134
198.839	134
198.843	134
198.846	134
198.85	134
198.853	134
198.856	134
198.86	134
198.863	134
198.866	134
198.87	134
198.873	134
198.877	134
198.88	134
198.883	134
198.887	134
198.89	134
198.893	134
198.897	134
198.9	134
198.903	134
198.907	134
198.91	134
198.914	134
198.917	134
198.92	134
198.924	134
198.927	134
198.93	134
198.934	134
198.937	134
198.941	134
198.944	134
198.947	134
198.951	134
198.954	134
198.957	134
198.961	134
198.964	134
198.968	134
198.971	134
198.974	134
198.978	134
198.981	134
198.984	134
198.988	134
198.991	134
198.995	134
198.998	134
199.001	134
199.005	134
199.008	134
199.011	134
199.015	134
199.018	134
199.022	134
199.025	134
199.028	134
199.032	134
199.035	134
199.038	134
199.042	134
199.045	134
199.049	134
199.052	134
199.055	134
199.059	134
199.062	134
199.065	134
199.069	134
199.072	134
199.075	134
199.079	134
199.082	134
199.086	134
199.089	134
199.092	134
199.096	134
199.099	134
199.102	134
199.106	134
199.109	134
199.113	134
199.116	134
199.119	134
199.123	134
199.126	134
199.129	134
199.133	134
199.136	134
199.14	134
199.143	134
199.146	134
199.15	134
199.153	134
199.156	134
199.16	134
199.163	134
199.167	134
199.17	134
199.173	134
199.177	134
199.18	134
199.183	134
199.187	134
199.19	134
199.194	134
199.197	134
199.2	134
199.204	134
199.207	134
199.21	134
199.214	134
199.217	134
199.221	134
199.224	134
199.227	134
199.231	134
199.234	134
199.237	134
199.241	134
199.244	134
199.248	134
199.251	134
199.254	134
199.258	134
199.261	134
199.264	134
199.268	134
199.271	134
199.274	134
199.278	134
199.281	134
199.285	134
199.288	134
199.291	134
199.295	134
199.298	134
199.301	134
199.305	134
199.308	134
199.312	134
199.315	134
199.318	134
199.322	134
199.325	134
199.328	134
199.332	134
199.335	134
199.339	134
199.342	134
199.345	134
199.349	134
199.352	134
199.355	134
199.359	134
199.362	134
199.366	134
199.369	134
199.372	134
199.376	134
199.379	134
199.382	134
199.386	134
199.389	134
199.393	134
199.396	134
199.399	134
199.403	134
199.406	134
199.409	134
199.413	134
199.416	134
199.42	134
199.423	134
199.426	134
199.43	134
199.433	134
199.436	134
199.44	134
199.443	134
199.447	134
199.45	134
199.453	134
199.457	134
199.46	134
199.463	134
199.467	134
199.47	134
199.473	134
199.477	134
199.48	134
199.484	134
199.487	134
199.49	134
199.494	134
199.497	134
199.5	134
199.504	134
199.507	134
199.511	134
199.514	134
199.517	134
199.521	134
199.524	134
199.527	134
199.531	134
199.534	134
199.538	134
199.541	134
199.544	134
199.548	134
199.551	134
199.554	134
199.558	134
199.561	134
199.565	134
199.568	134
199.571	134
199.575	134
199.578	134
199.581	134
199.585	134
199.588	134
199.592	134
199.595	134
199.598	134
199.602	134
199.605	134
199.608	134
199.612	134
199.615	134
199.619	134
199.622	134
199.625	134
199.629	134
199.632	134
199.635	134
199.639	134
199.642	134
199.645	134
199.649	134
199.652	134
199.656	134
199.659	134
199.662	134
199.666	134
199.669	134
199.672	134
199.676	134
199.679	134
199.683	134
199.686	134
199.689	134
199.693	134
199.696	134
199.699	134
199.703	134
199.706	134
199.71	134
199.713	134
199.716	134
199.72	134
199.723	134
199.726	134
199.73	134
199.733	134
199.737	134
199.74	134
199.743	134
199.747	134
199.75	134
199.753	134
199.757	134
199.76	134
199.764	134
199.767	134
199.77	134
199.774	134
199.777	134
199.78	134
199.784	134
199.787	134
199.791	134
199.794	134
199.797	134
199.801	134
199.804	134
199.807	134
199.811	134
199.814	134
199.818	134
199.821	134
199.824	134
199.828	134
199.831	134
199.834	134
199.838	134
199.841	134
199.844	134
199.848	134
199.851	134
199.855	134
199.858	134
199.861	134
199.865	134
199.868	134
199.871	134
199.875	134
199.878	134
199.882	134
199.885	134
199.888	134
199.892	134
199.895	134
199.898	134
199.902	134
199.905	134
199.909	134
199.912	134
199.915	134
199.919	134
199.922	134
199.925	134
199.929	134
199.932	134
199.936	134
199.939	134
199.942	134
199.946	134
199.949	134
199.952	134
199.956	134
199.959	134
199.963	134
199.966	134
199.969	134
199.973	134
199.976	134
199.979	134
199.983	134
199.986	134
199.99	134
199.993	134
199.996	134
200	134
200.003	134
200.006	134
200.01	134
200.013	134
200.017	134
200.02	134
200.023	134
200.027	134
200.03	134
200.033	134
200.037	134
200.04	134
200.043	134
200.047	134
200.05	134
200.054	134
200.057	134
200.06	134
200.064	134
200.067	134
200.07	134
200.074	134
200.077	134
200.081	134
200.084	134
200.087	134
200.091	134
200.094	134
200.097	134
200.101	134
200.104	134
200.108	134
200.111	134
200.114	134
200.118	134
200.121	134
200.124	134
200.128	134
200.131	134
200.135	134
200.138	134
200.141	134
200.145	134
200.148	134
200.151	134
200.155	134
200.158	134
200.162	134
200.165	134
200.168	134
200.172	134
200.175	134
200.178	134
200.182	134
200.185	134
200.189	134
200.192	134
200.195	134
200.199	134
200.202	134
200.205	134
200.209	134
200.212	134
200.216	134
200.219	134
200.222	134
200.226	134
200.229	134
200.232	134
200.236	134
200.239	134
200.242	134
200.246	134
200.249	134
200.253	134
200.256	134
200.259	134
200.263	134
200.266	134
200.269	134
200.273	134
200.276	134
200.28	134
200.283	134
200.286	134
200.29	134
200.293	134
200.296	134
200.3	134
200.303	134
200.307	134
200.31	134
200.313	134
200.317	134
200.32	134
200.323	134
200.327	134
200.33	134
200.334	134
200.337	134
200.34	134
200.344	134
200.347	134
200.35	134
200.354	134
200.357	134
200.361	134
200.364	134
200.367	134
200.371	134
200.374	134
200.377	134
200.381	134
200.384	134
200.388	134
200.391	134
200.394	134
200.398	134
200.401	134
200.404	134
200.408	134
200.411	134
200.414	134
200.418	134
200.421	134
200.425	134
200.428	134
200.431	134
200.435	134
200.438	134
200.441	134
200.445	134
200.448	134
200.452	134
200.455	134
200.458	134
200.462	134
200.465	134
200.468	134
200.472	134
200.475	134
200.479	134
200.482	134
200.485	134
200.489	134
200.492	134
200.495	134
200.499	134
200.502	134
200.506	134
200.509	134
200.512	134
200.516	134
200.519	134
200.522	134
200.526	134
200.529	134
200.533	134
200.536	134
200.539	134
200.543	134
200.546	134
200.549	134
200.553	134
200.556	134
200.56	134
200.563	134
200.566	134
200.57	134
200.573	134
200.576	134
200.58	134
200.583	134
200.587	134
200.59	134
200.593	134
200.597	134
200.6	134
200.603	134
200.607	134
200.61	134
200.613	134
200.617	134
200.62	134
200.624	134
200.627	134
200.63	134
200.634	134
200.637	134
200.64	134
200.644	134
200.647	134
200.651	134
200.654	134
200.657	134
200.661	134
200.664	134
200.667	134
200.671	134
200.674	134
200.678	134
200.681	134
200.684	134
200.688	134
200.691	134
200.694	134
200.698	134
200.701	134
200.705	134
200.708	134
200.711	134
200.715	134
200.718	134
200.721	134
200.725	134
200.728	134
200.732	134
200.735	134
200.738	134
200.742	134
200.745	134
200.748	134
200.752	134
200.755	134
200.759	134
200.762	134
200.765	134
200.769	134
200.772	134
200.775	134
200.779	134
200.782	134
200.786	134
200.789	134
200.792	134
200.796	134
200.799	134
200.802	134
200.806	134
200.809	134
200.812	134
200.816	134
200.819	134
200.823	134
200.826	134
200.829	134
200.833	134
200.836	134
200.839	134
200.843	134
200.846	134
200.85	134
200.853	134
200.856	134
200.86	134
200.863	134
200.866	134
200.87	134
200.873	134
200.877	134
200.88	134
200.883	134
200.887	134
200.89	134
200.893	134
200.897	134
200.9	134
200.904	134
200.907	134
200.91	134
200.914	134
200.917	134
200.92	134
200.924	134
200.927	134
200.931	134
200.934	134
200.937	134
200.941	134
200.944	134
200.947	134
200.951	134
200.954	134
200.958	134
200.961	134
200.964	134
200.968	134
200.971	134
200.974	134
200.978	134
200.981	134
200.985	134
200.988	134
200.991	134
200.995	134
200.998	134
201.001	134
201.005	134
201.008	134
201.011	134
201.015	134
201.018	134
201.022	134
201.025	134
201.028	134
201.032	134
201.035	134
201.038	134
201.042	134
201.045	134
201.049	134
201.052	134
201.055	134
201.059	134
201.062	134
201.065	134
201.069	134
201.072	134
201.076	134
201.079	134
201.082	134
201.086	134
201.089	134
201.092	134
201.096	134
201.099	134
201.103	134
201.106	134
201.109	134
201.113	134
201.116	134
201.119	134
201.123	134
201.126	134
201.13	134
201.133	134
201.136	134
201.14	134
201.143	134
201.146	134
201.15	134
201.153	134
201.157	134
201.16	134
201.163	134
201.167	134
201.17	134
201.173	134
201.177	134
201.18	134
201.183	134
201.187	134
201.19	134
201.194	134
201.197	134
201.2	134
201.204	134
201.207	134
201.21	134
201.214	134
201.217	134
201.221	134
201.224	134
201.227	134
201.231	134
201.234	134
201.237	134
201.241	134
201.244	134
201.248	134
201.251	134
201.254	134
201.258	134
201.261	134
201.264	134
201.268	134
201.271	134
201.275	134
201.278	134
201.281	134
201.285	134
201.288	134
201.291	134
201.295	134
201.298	134
201.302	134
201.305	134
201.308	134
201.312	134
201.315	134
201.318	134
201.322	134
201.325	134
201.329	134
201.332	134
201.335	134
201.339	134
201.342	134
201.345	134
201.349	134
201.352	134
201.356	134
201.359	134
201.362	134
201.366	134
201.369	134
201.372	134
201.376	134
201.379	134
201.382	134
201.386	134
201.389	134
201.393	134
201.396	134
201.399	134
201.403	134
201.406	134
201.409	134
201.413	134
201.416	134
201.42	134
201.423	134
201.426	134
201.43	134
201.433	134
201.436	134
201.44	134
201.443	134
201.447	134
201.45	134
201.453	134
201.457	134
201.46	134
201.463	134
201.467	134
201.47	134
201.474	134
201.477	134
201.48	134
201.484	134
201.487	134
201.49	134
201.494	134
201.497	134
201.501	134
201.504	134
201.507	134
201.511	134
201.514	134
201.517	134
201.521	134
201.524	134
201.528	134
201.531	134
201.534	134
201.538	134
201.541	134
201.544	134
201.548	134
201.551	134
201.555	134
201.558	134
201.561	134
201.565	134
201.568	134
201.571	134
201.575	134
201.578	134
201.581	134
201.585	134
201.588	134
201.592	134
201.595	134
201.598	134
201.602	134
201.605	134
201.608	134
201.612	134
201.615	134
201.619	134
201.622	134
201.625	134
201.629	134
201.632	134
201.635	134
201.639	134
201.642	134
201.646	134
201.649	134
201.652	134
201.656	134
201.659	134
201.662	134
201.666	134
201.669	134
201.673	134
201.676	134
201.679	134
201.683	134
201.686	134
201.689	134
201.693	134
201.696	134
201.7	134
201.703	134
201.706	134
201.71	134
201.713	134
201.716	134
201.72	134
201.723	134
201.727	134
201.73	134
201.733	134
201.737	134
201.74	134
201.743	134
201.747	134
201.75	134
201.753	134
201.757	134
201.76	134
201.764	134
201.767	134
201.77	134
201.774	134
201.777	134
201.78	134
201.784	134
201.787	134
201.791	134
201.794	134
201.797	134
201.801	134
201.804	134
201.807	134
201.811	134
201.814	134
201.818	134
201.821	134
201.824	134
201.828	134
201.831	134
201.834	134
201.838	134
201.841	134
201.845	134
201.848	134
201.851	134
201.855	134
201.858	134
201.861	134
201.865	134
201.868	134
201.872	134
201.875	134
201.878	134
201.882	134
201.885	134
201.888	134
201.892	134
201.895	134
201.899	134
201.902	134
201.905	134
201.909	134
201.912	134
201.915	134
201.919	134
201.922	134
201.926	134
201.929	134
201.932	134
201.936	134
201.939	134
201.942	134
201.946	134
201.949	134
201.952	134
201.956	134
201.959	134
201.963	134
201.966	134
201.969	134
201.973	134
201.976	134
201.979	134
201.983	134
201.986	134
201.99	134
201.993	134
201.996	134
202	134
202.003	134
202.006	134
202.01	134
202.013	134
202.017	134
202.02	134
202.023	134
202.027	134
202.03	134
202.033	134
202.037	134
202.04	134
202.044	134
202.047	134
202.05	134
202.054	134
202.057	134
202.06	134
202.064	134
202.067	134
202.071	134
202.074	134
202.077	134
202.081	134
202.084	134
202.087	134
202.091	134
202.094	134
202.098	134
202.101	134
202.104	134
202.108	134
202.111	134
202.114	134
202.118	134
202.121	134
202.125	134
202.128	134
202.131	134
202.135	134
202.138	134
202.141	134
202.145	134
202.148	134
202.151	134
202.155	134
202.158	134
202.162	134
202.165	134
202.168	134
202.172	134
202.175	134
202.178	134
202.182	134
202.185	134
202.189	134
202.192	134
202.195	134
202.199	134
202.202	134
202.205	134
202.209	134
202.212	134
202.216	134
202.219	134
202.222	134
202.226	134
202.229	134
202.232	134
202.236	134
202.239	134
202.243	134
202.246	134
202.249	134
202.253	134
202.256	134
202.259	134
202.263	134
202.266	134
202.27	134
202.273	134
202.276	134
202.28	134
202.283	134
202.286	134
202.29	134
202.293	134
202.297	134
202.3	134
202.303	134
202.307	134
202.31	134
202.313	134
202.317	134
202.32	134
202.324	134
202.327	134
202.33	134
202.334	134
202.337	134
202.34	134
202.344	134
202.347	134
202.35	134
202.354	134
202.357	134
202.361	134
202.364	134
202.367	134
202.371	134
202.374	134
202.377	134
202.381	134
202.384	134
202.388	134
202.391	134
202.394	134
202.398	134
202.401	134
202.404	134
202.408	134
202.411	134
202.415	134
202.418	134
202.421	134
202.425	134
202.428	134
202.431	134
202.435	134
202.438	134
202.442	134
202.445	134
202.448	134
202.452	134
202.455	134
202.458	134
202.462	134
202.465	134
202.469	134
202.472	134
202.475	134
202.479	134
202.482	134
202.485	134
202.489	134
202.492	134
202.496	134
202.499	134
202.502	134
202.506	134
202.509	134
202.512	134
202.516	134
202.519	134
202.522	134
202.526	134
202.529	134
202.533	134
202.536	134
202.539	134
202.543	134
202.546	134
202.549	134
202.553	134
202.556	134
202.56	134
202.563	134
202.566	134
202.57	134
202.573	134
202.576	134
202.58	134
202.583	134
202.587	134
202.59	134
202.593	134
202.597	134
202.6	134
202.603	134
202.607	134
202.61	134
202.614	134
202.617	134
202.62	134
202.624	134
202.627	134
202.63	134
202.634	134
202.637	134
202.641	134
202.644	134
202.647	134
202.651	134
202.654	134
202.657	134
202.661	134
202.664	134
202.668	134
202.671	134
202.674	134
202.678	134
202.681	134
202.684	134
202.688	134
202.691	134
202.695	134
202.698	134
202.701	134
202.705	134
202.708	134
202.711	134
202.715	134
202.718	134
202.721	134
202.725	134
202.728	134
202.732	134
202.735	134
202.738	134
202.742	134
202.745	134
202.748	134
202.752	134
202.755	134
202.759	134
202.762	134
202.765	134
202.769	134
202.772	134
202.775	134
202.779	134
202.782	134
202.786	134
202.789	134
202.792	134
202.796	134
202.799	134
202.802	134
202.806	134
202.809	134
202.813	134
202.816	134
202.819	134
202.823	134
202.826	134
202.829	134
202.833	134
202.836	134
202.84	134
202.843	134
202.846	134
202.85	134
202.853	134
202.856	134
202.86	134
202.863	134
202.867	134
202.87	134
202.873	134
202.877	134
202.88	134
202.883	134
202.887	134
202.89	134
202.894	134
202.897	134
202.9	134
202.904	134
202.907	134
202.91	134
202.914	134
202.917	134
202.92	134
202.924	134
202.927	134
202.931	134
202.934	134
202.937	134
202.941	134
202.944	134
202.947	134
202.951	134
202.954	134
202.958	134
202.961	134
202.964	134
202.968	134
202.971	134
202.974	134
202.978	134
202.981	134
202.985	134
202.988	134
202.991	134
202.995	134
202.998	134
203.001	134
203.005	134
203.008	134
203.012	134
203.015	134
203.018	134
203.022	134
203.025	134
203.028	134
203.032	134
203.035	134
203.039	134
203.042	134
203.045	134
203.049	134
203.052	134
203.055	134
203.059	134
203.062	134
203.066	134
203.069	134
203.072	134
203.076	134
203.079	134
203.082	134
203.086	134
203.089	134
203.093	134
203.096	134
203.099	134
203.103	134
203.106	134
203.109	134
203.113	134
203.116	134
203.119	134
203.123	134
203.126	134
203.13	134
203.133	134
203.136	134
203.14	134
203.143	134
203.146	134
203.15	134
203.153	134
203.157	134
203.16	134
203.163	134
203.167	134
203.17	134
203.173	134
203.177	134
203.18	134
203.184	134
203.187	134
203.19	134
203.194	134
203.197	134
203.2	134
203.204	134
203.207	134
203.211	134
203.214	134
203.217	134
203.221	134
203.224	134
203.227	134
203.231	134
203.234	134
203.238	134
203.241	134
203.244	134
203.248	134
203.251	134
203.254	134
203.258	134
203.261	134
203.265	134
203.268	134
203.271	134
203.275	134
203.278	134
203.281	134
203.285	134
203.288	134
203.291	134
203.295	134
203.298	134
203.302	134
203.305	134
203.308	134
203.312	134
203.315	134
203.318	134
203.322	134
203.325	134
203.329	134
203.332	134
203.335	134
203.339	134
203.342	134
203.345	134
203.349	134
203.352	134
203.356	134
203.359	134
203.362	134
203.366	134
203.369	134
203.372	134
203.376	134
203.379	134
203.383	134
203.386	134
203.389	134
203.393	134
203.396	134
203.399	134
203.403	134
203.406	134
203.41	134
203.413	134
203.416	134
203.42	134
203.423	134
203.426	134
203.43	134
203.433	134
203.437	134
203.44	134
203.443	134
203.447	134
203.45	134
203.453	134
203.457	134
203.46	134
203.464	134
203.467	134
203.47	134
203.474	134
203.477	134
203.48	134
203.484	134
203.487	134
203.49	134
203.494	134
203.497	134
203.501	134
203.504	134
203.507	134
203.511	134
203.514	134
203.517	134
203.521	134
203.524	134
203.528	134
203.531	134
203.534	134
203.538	134
203.541	134
203.544	134
203.548	134
203.551	134
203.555	134
203.558	134
203.561	134
203.565	134
203.568	134
203.571	134
203.575	134
203.578	134
203.582	134
203.585	134
203.588	134
203.592	134
203.595	134
203.598	134
203.602	134
203.605	134
203.609	134
203.612	134
203.615	134
203.619	134
203.622	134
203.625	134
203.629	134
203.632	134
203.636	134
203.639	134
203.642	134
203.646	134
203.649	134
203.652	134
203.656	134
203.659	134
203.663	134
203.666	134
203.669	134
203.673	134
203.676	134
203.679	134
203.683	134
203.686	134
203.689	134
203.693	134
203.696	134
203.7	134
203.703	134
203.706	134
203.71	134
203.713	134
203.716	134
203.72	134
203.723	134
203.727	134
203.73	134
203.733	134
203.737	134
203.74	134
203.743	134
203.747	134
203.75	134
203.754	134
203.757	134
203.76	134
203.764	134
203.767	134
203.77	134
203.774	134
203.777	134
203.781	134
203.784	134
203.787	134
203.791	134
203.794	134
203.797	134
203.801	134
203.804	134
203.808	134
203.811	134
203.814	134
203.818	134
203.821	134
203.824	134
203.828	134
203.831	134
203.835	134
203.838	134
203.841	134
203.845	134
203.848	134
203.851	134
203.855	134
203.858	134
203.861	134
203.865	134
203.868	134
203.872	134
203.875	134
203.878	134
203.882	134
203.885	134
203.888	134
203.892	134
203.895	134
203.899	134
203.902	134
203.905	134
203.909	134
203.912	134
203.915	134
203.919	134
203.922	134
203.926	134
203.929	134
203.932	134
203.936	134
203.939	134
203.942	134
203.946	134
203.949	134
203.953	134
203.956	134
203.959	134
203.963	134
203.966	134
203.969	134
203.973	134
203.976	134
203.98	134
203.983	134
203.986	134
203.99	134
203.993	134
203.996	134
204	134
204.003	134
204.007	134
204.01	134
204.013	134
204.017	134
204.02	134
204.023	134
204.027	134
204.03	134
204.034	134
204.037	134
204.04	134
204.044	134
204.047	134
204.05	134
204.054	134
204.057	134
204.06	134
204.064	134
204.067	134
204.071	134
204.074	134
204.077	134
204.081	134
204.084	134
204.087	134
204.091	134
204.094	134
204.098	134
204.101	134
204.104	134
204.108	134
204.111	134
204.114	134
204.118	134
204.121	134
204.125	134
204.128	134
204.131	134
204.135	134
204.138	134
204.141	134
204.145	134
204.148	134
204.152	134
204.155	134
204.158	134
204.162	134
204.165	134
204.168	134
204.172	134
204.175	134
204.179	134
204.182	134
204.185	134
204.189	134
204.192	134
204.195	134
204.199	134
204.202	134
204.206	134
204.209	134
204.212	134
204.216	134
204.219	134
204.222	134
204.226	134
204.229	134
204.233	134
204.236	134
204.239	134
204.243	134
204.246	134
204.249	134
204.253	134
204.256	134
204.259	134
204.263	134
204.266	134
204.27	134
204.273	134
204.276	134
204.28	134
204.283	134
204.286	134
204.29	134
204.293	134
204.297	134
204.3	134
204.303	134
204.307	134
204.31	134
204.313	134
204.317	134
204.32	134
204.324	134
204.327	134
204.33	134
204.334	134
204.337	134
204.34	134
204.344	134
204.347	134
204.351	134
204.354	134
204.357	134
204.361	134
204.364	134
204.367	134
204.371	134
204.374	134
204.378	134
204.381	134
204.384	134
204.388	134
204.391	134
204.394	134
204.398	134
204.401	134
204.405	134
204.408	134
204.411	134
204.415	134
204.418	134
204.421	134
204.425	134
204.428	134
204.432	134
204.435	134
204.438	134
204.442	134
204.445	134
204.448	134
204.452	134
204.455	134
204.458	134
204.462	134
204.465	134
204.469	134
204.472	134
204.475	134
204.479	134
204.482	134
204.485	134
204.489	134
204.492	134
204.496	134
204.499	134
204.502	134
204.506	134
204.509	134
204.512	134
204.516	134
204.519	134
204.523	134
204.526	134
204.529	134
204.533	134
204.536	134
204.539	134
204.543	134
204.546	134
204.55	134
204.553	134
204.556	134
204.56	134
204.563	134
204.566	134
204.57	134
204.573	134
204.577	134
204.58	134
204.583	134
204.587	134
204.59	134
204.593	134
204.597	134
204.6	134
204.604	134
204.607	134
204.61	134
204.614	134
204.617	134
204.62	134
204.624	134
204.627	134
204.63	134
204.634	134
204.637	134
204.641	134
204.644	134
204.647	134
204.651	134
204.654	134
204.657	134
204.661	134
204.664	134
204.668	134
204.671	134
204.674	134
204.678	134
204.681	134
204.684	134
204.688	134
204.691	134
204.695	134
204.698	134
204.701	134
204.705	134
204.708	134
204.711	134
204.715	134
204.718	134
204.722	134
204.725	134
204.728	134
204.732	134
204.735	134
204.738	134
204.742	134
204.745	134
204.749	134
204.752	134
204.755	134
204.759	134
204.762	134
204.765	134
204.769	134
204.772	134
204.776	134
204.779	134
204.782	134
204.786	134
204.789	134
204.792	134
204.796	134
204.799	134
204.803	134
204.806	134
204.809	134
204.813	134
204.816	134
204.819	134
204.823	134
204.826	134
204.829	134
204.833	134
204.836	134
204.84	134
204.843	134
204.846	134
204.85	134
204.853	134
204.856	134
204.86	134
204.863	134
204.867	134
204.87	134
204.873	134
204.877	134
204.88	134
204.883	134
204.887	134
204.89	134
204.894	134
204.897	134
204.9	134
204.904	134
204.907	134
204.91	134
204.914	134
204.917	134
204.921	134
204.924	134
204.927	134
204.931	134
204.934	134
204.937	134
204.941	134
204.944	134
204.948	134
204.951	134
204.954	134
204.958	134
204.961	134
204.964	134
204.968	134
204.971	134
204.975	134
204.978	134
204.981	134
204.985	134
204.988	134
204.991	134
204.995	134
204.998	134
205.002	134
205.005	134
205.008	134
205.012	134
205.015	134
205.018	134
205.022	134
205.025	134
205.028	134
205.032	134
205.035	134
205.039	134
205.042	134
205.045	134
205.049	134
205.052	134
205.055	134
205.059	134
205.062	134
205.066	134
205.069	134
205.072	134
205.076	134
205.079	134
205.082	134
205.086	134
205.089	134
205.093	134
205.096	134
205.099	134
205.103	134
205.106	134
205.109	134
205.113	134
205.116	134
205.12	134
205.123	134
205.126	134
205.13	134
205.133	134
205.136	134
205.14	134
205.143	134
205.147	134
205.15	134
205.153	134
205.157	134
205.16	134
205.163	134
205.167	134
205.17	134
205.174	134
205.177	134
205.18	134
205.184	134
205.187	134
205.19	134
205.194	134
205.197	134
205.201	134
205.204	134
205.207	134
205.211	134
205.214	134
205.217	134
205.221	134
205.224	134
205.227	134
205.231	134
205.234	134
205.238	134
205.241	134
205.244	134
205.248	134
205.251	134
205.254	134
205.258	134
205.261	134
205.265	134
205.268	134
205.271	134
205.275	134
205.278	134
205.281	134
205.285	134
205.288	134
205.292	134
205.295	134
205.298	134
205.302	134
205.305	134
205.308	134
205.312	134
205.315	134
205.319	134
205.322	134
205.325	134
205.329	134
205.332	134
205.335	134
205.339	134
205.342	134
205.346	134
205.349	134
205.352	134
205.356	134
205.359	134
205.362	134
205.366	134
205.369	134
205.373	134
205.376	134
205.379	134
205.383	134
205.386	134
205.389	134
205.393	134
205.396	134
205.399	134
205.403	134
205.406	134
205.41	134
205.413	134
205.416	134
205.42	134
205.423	134
205.426	134
205.43	134
205.433	134
205.437	134
205.44	134
205.443	134
205.447	134
205.45	134
205.453	134
205.457	134
205.46	134
205.464	134
205.467	134
205.47	134
205.474	134
205.477	134
205.48	134
205.484	134
205.487	134
205.491	134
205.494	134
205.497	134
205.501	134
205.504	134
205.507	134
205.511	134
205.514	134
205.518	134
205.521	134
205.524	134
205.528	134
205.531	134
205.534	134
205.538	134
205.541	134
205.545	134
205.548	134
205.551	134
205.555	134
205.558	134
205.561	134
205.565	134
205.568	134
205.572	134
205.575	134
205.578	134
205.582	134
205.585	134
205.588	134
205.592	134
205.595	134
205.598	134
205.602	134
205.605	134
205.609	134
205.612	134
205.615	134
205.619	134
205.622	134
205.625	134
205.629	134
205.632	134
205.636	134
205.639	134
205.642	134
205.646	134
205.649	134
205.652	134
205.656	134
205.659	134
205.663	134
205.666	134
205.669	134
205.673	134
205.676	134
205.679	134
205.683	134
205.686	134
205.69	134
205.693	134
205.696	134
205.7	134
205.703	134
205.706	134
205.71	134
205.713	134
205.717	134
205.72	134
205.723	134
205.727	134
205.73	134
205.733	134
205.737	134
205.74	134
205.744	134
205.747	134
205.75	134
205.754	134
205.757	134
205.76	134
205.764	134
205.767	134
205.771	134
205.774	134
205.777	134
205.781	134
205.784	134
205.787	134
205.791	134
205.794	134
205.797	134
205.801	134
205.804	134
205.808	134
205.811	134
205.814	134
205.818	134
205.821	134
205.824	134
205.828	134
205.831	134
205.835	134
205.838	134
205.841	134
205.845	134
205.848	134
205.851	134
205.855	134
205.858	134
205.862	134
205.865	134
205.868	134
205.872	134
205.875	134
205.878	134
205.882	134
205.885	134
205.889	134
205.892	134
205.895	134
205.899	134
205.902	134
205.905	134
205.909	134
205.912	134
205.916	134
205.919	134
205.922	134
205.926	134
205.929	134
205.932	134
205.936	134
205.939	134
205.943	134
205.946	134
205.949	134
205.953	134
205.956	134
205.959	134
205.963	134
205.966	134
205.969	134
205.973	134
205.976	134
205.98	134
205.983	134
205.986	134
205.99	134
205.993	134
205.996	134
206	134
206.003	134
206.007	134
206.01	134
206.013	134
206.017	134
206.02	134
206.023	134
206.027	134
206.03	134
206.034	134
206.037	134
206.04	134
206.044	134
206.047	134
206.05	134
206.054	134
206.057	134
206.061	134
206.064	134
206.067	134
206.071	134
206.074	134
206.077	134
206.081	134
206.084	134
206.088	134
206.091	134
206.094	134
206.098	134
206.101	134
206.104	134
206.108	134
206.111	134
206.115	134
206.118	134
206.121	134
206.125	134
206.128	134
206.131	134
206.135	134
206.138	134
206.142	134
206.145	134
206.148	134
206.152	134
206.155	134
206.158	134
206.162	134
206.165	134
206.168	134
206.172	134
206.175	134
206.179	134
206.182	134
206.185	134
206.189	134
206.192	134
206.195	134
206.199	134
206.202	134
206.206	134
206.209	134
206.212	134
206.216	134
206.219	134
206.222	134
206.226	134
206.229	134
206.233	134
206.236	134
206.239	134
206.243	134
206.246	134
206.249	134
206.253	134
206.256	134
206.26	134
206.263	134
206.266	134
206.27	134
206.273	134
206.276	134
206.28	134
206.283	134
206.287	134
206.29	134
206.293	134
206.297	134
206.3	134
206.303	134
206.307	134
206.31	134
206.314	134
206.317	134
206.32	134
206.324	134
206.327	134
206.33	134
206.334	134
206.337	134
206.341	134
206.344	134
206.347	134
206.351	134
206.354	134
206.357	134
206.361	134
206.364	134
206.367	134
206.371	134
206.374	134
206.378	134
206.381	134
206.384	134
206.388	134
206.391	134
206.394	134
206.398	134
206.401	134
206.405	134
206.408	134
206.411	134
206.415	134
206.418	134
206.421	134
206.425	134
206.428	134
206.432	134
206.435	134
206.438	134
206.442	134
206.445	134
206.448	134
206.452	134
206.455	134
206.459	134
206.462	134
206.465	134
206.469	134
206.472	134
206.475	134
206.479	134
206.482	134
206.486	134
206.489	134
206.492	134
206.496	134
206.499	134
206.502	134
206.506	134
206.509	134
206.513	134
206.516	134
206.519	134
206.523	134
206.526	134
206.529	134
206.533	134
206.536	134
206.54	134
206.543	134
206.546	134
206.55	134
206.553	134
206.556	134
206.56	134
206.563	134
206.566	134
206.57	134
206.573	134
206.577	134
206.58	134
206.583	134
206.587	134
206.59	134
206.593	134
206.597	134
206.6	134
206.604	134
206.607	134
206.61	134
206.614	134
206.617	134
206.62	134
206.624	134
206.627	134
206.631	134
206.634	134
206.637	134
206.641	134
206.644	134
206.647	134
206.651	134
206.654	134
206.658	134
206.661	134
206.664	134
206.668	134
206.671	134
206.674	134
206.678	134
206.681	134
206.685	134
206.688	134
206.691	134
206.695	134
206.698	134
206.701	134
206.705	134
206.708	134
206.712	134
206.715	134
206.718	134
206.722	134
206.725	134
206.728	134
206.732	134
206.735	134
206.738	134
206.742	134
206.745	134
206.749	134
206.752	134
206.755	134
206.759	134
206.762	134
206.765	134
206.769	134
206.772	134
206.776	134
206.779	134
206.782	134
206.786	134
206.789	134
206.792	134
206.796	134
206.799	134
206.803	134
206.806	134
206.809	134
206.813	134
206.816	134
206.819	134
206.823	134
206.826	134
206.83	134
206.833	134
206.836	134
206.84	134
206.843	134
206.846	134
206.85	134
206.853	134
206.857	134
206.86	134
206.863	134
206.867	134
206.87	134
206.873	134
206.877	134
206.88	134
206.884	134
206.887	134
206.89	134
206.894	134
206.897	134
206.9	134
206.904	134
206.907	134
206.911	134
206.914	134
206.917	134
206.921	134
206.924	134
206.927	134
206.931	134
206.934	134
206.937	134
206.941	134
206.944	134
206.948	134
206.951	134
206.954	134
206.958	134
206.961	134
206.964	134
206.968	134
206.971	134
206.975	134
206.978	134
206.981	134
206.985	134
206.988	134
206.991	134
206.995	134
206.998	134
207.002	134
207.005	134
207.008	134
207.012	134
207.015	134
207.018	134
207.022	134
207.025	134
207.029	134
207.032	134
207.035	134
207.039	134
207.042	134
207.045	134
207.049	134
207.052	134
207.056	134
207.059	134
207.062	134
207.066	134
207.069	134
207.072	134
207.076	134
207.079	134
207.083	134
207.086	134
207.089	134
207.093	134
207.096	134
207.099	134
207.103	134
207.106	134
207.11	134
207.113	134
207.116	134
207.12	134
207.123	134
207.126	134
207.13	134
207.133	134
207.136	134
207.14	134
207.143	134
207.147	134
207.15	134
207.153	134
207.157	134
207.16	134
207.163	134
207.167	134
207.17	134
207.174	134
207.177	134
207.18	134
207.184	134
207.187	134
207.19	134
207.194	134
207.197	134
207.201	134
207.204	134
207.207	134
207.211	134
207.214	134
207.217	134
207.221	134
207.224	134
207.228	134
207.231	134
207.234	134
207.238	134
207.241	134
207.244	134
207.248	134
207.251	134
207.255	134
207.258	134
207.261	134
207.265	134
207.268	134
207.271	134
207.275	134
207.278	134
207.282	134
207.285	134
207.288	134
207.292	134
207.295	134
207.298	134
207.302	134
207.305	134
207.309	134
207.312	134
207.315	134
207.319	134
207.322	134
207.325	134
207.329	134
207.332	134
207.335	134
207.339	134
207.342	134
207.346	134
207.349	134
207.352	134
207.356	134
207.359	134
207.362	134
207.366	134
207.369	134
207.373	134
207.376	134
207.379	134
207.383	134
207.386	134
207.389	134
207.393	134
207.396	134
207.4	134
207.403	134
207.406	134
207.41	134
207.413	134
207.416	134
207.42	134
207.423	134
207.427	134
207.43	134
207.433	134
207.437	134
207.44	134
207.443	134
207.447	134
207.45	134
207.454	134
207.457	134
207.46	134
207.464	134
207.467	134
207.47	134
207.474	134
207.477	134
207.481	134
207.484	134
207.487	134
207.491	134
207.494	134
207.497	134
207.501	134
207.504	134
207.507	134
207.511	134
207.514	134
207.518	134
207.521	134
207.524	134
207.528	134
207.531	134
207.534	134
207.538	134
207.541	134
207.545	134
207.548	134
207.551	134
207.555	134
207.558	134
207.561	134
207.565	134
207.568	134
207.572	134
207.575	134
207.578	134
207.582	134
207.585	134
207.588	134
207.592	134
207.595	134
207.599	134
207.602	134
207.605	134
207.609	134
207.612	134
207.615	134
207.619	134
207.622	134
207.626	134
207.629	134
207.632	134
207.636	134
207.639	134
207.642	134
207.646	134
207.649	134
207.653	134
207.656	134
207.659	134
207.663	134
207.666	134
207.669	134
207.673	134
207.676	134
207.68	134
207.683	134
207.686	134
207.69	134
207.693	134
207.696	134
207.7	134
207.703	134
207.706	134
207.71	134
207.713	134
207.717	134
207.72	134
207.723	134
207.727	134
207.73	134
207.733	134
207.737	134
207.74	134
207.744	134
207.747	134
207.75	134
207.754	134
207.757	134
207.76	134
207.764	134
207.767	134
207.771	134
207.774	134
207.777	134
207.781	134
207.784	134
207.787	134
207.791	134
207.794	134
207.798	134
207.801	134
207.804	134
207.808	134
207.811	134
207.814	134
207.818	134
207.821	134
207.825	134
207.828	134
207.831	134
207.835	134
207.838	134
207.841	134
207.845	134
207.848	134
207.852	134
207.855	134
207.858	134
207.862	134
207.865	134
207.868	134
207.872	134
207.875	134
207.879	134
207.882	134
207.885	134
207.889	134
207.892	134
207.895	134
207.899	134
207.902	134
207.905	134
207.909	134
207.912	134
207.916	134
207.919	134
207.922	134
207.926	134
207.929	134
207.932	134
207.936	134
207.939	134
207.943	134
207.946	134
207.949	134
207.953	134
207.956	134
207.959	134
207.963	134
207.966	134
207.97	134
207.973	134
207.976	134
207.98	134
207.983	134
207.986	134
207.99	134
207.993	134
207.997	134
208	134
208.003	134
208.007	134
208.01	134
208.013	134
208.017	134
208.02	134
208.024	134
208.027	134
208.03	134
208.034	134
208.037	134
208.04	134
208.044	134
208.047	134
208.051	134
208.054	134
208.057	134
208.061	134
208.064	134
208.067	134
208.071	134
208.074	134
208.077	134
208.081	134
208.084	134
208.088	134
208.091	134
208.094	134
208.098	134
208.101	134
208.104	134
208.108	134
208.111	134
208.115	134
208.118	134
208.121	134
208.125	134
208.128	134
208.131	134
208.135	134
208.138	134
208.142	134
208.145	134
208.148	134
208.152	134
208.155	134
208.158	134
208.162	134
208.165	134
208.169	134
208.172	134
208.175	134
208.179	134
208.182	134
208.185	134
208.189	134
208.192	134
208.196	134
208.199	134
208.202	134
208.206	134
208.209	134
208.212	134
208.216	134
208.219	134
208.223	134
208.226	134
208.229	134
208.233	134
208.236	134
208.239	134
208.243	134
208.246	134
208.25	134
208.253	134
208.256	134
208.26	134
208.263	134
208.266	134
208.27	134
208.273	134
208.276	134
208.28	134
208.283	134
208.287	134
208.29	134
208.293	134
208.297	134
208.3	134
208.303	134
208.307	134
208.31	134
208.314	134
208.317	134
208.32	134
208.324	134
208.327	134
208.33	134
208.334	134
208.337	134
208.341	134
208.344	134
208.347	134
208.351	134
208.354	134
208.357	134
208.361	134
208.364	134
208.368	134
208.371	134
208.374	134
208.378	134
208.381	134
208.384	134
208.388	134
208.391	134
208.395	134
208.398	134
208.401	134
208.405	134
208.408	134
208.411	134
208.415	134
208.418	134
208.422	134
208.425	134
208.428	134
208.432	134
208.435	134
208.438	134
208.442	134
208.445	134
208.449	134
208.452	134
208.455	134
208.459	134
208.462	134
208.465	134
208.469	134
208.472	134
208.475	134
208.479	134
208.482	134
208.486	134
208.489	134
208.492	134
208.496	134
208.499	134
208.502	134
208.506	134
208.509	134
208.513	134
208.516	134
208.519	134
208.523	134
208.526	134
208.529	134
208.533	134
208.536	134
208.54	134
208.543	134
208.546	134
208.55	134
208.553	134
208.556	134
208.56	134
208.563	134
208.567	134
208.57	134
208.573	134
208.577	134
208.58	134
208.583	134
208.587	134
208.59	134
208.594	134
208.597	134
208.6	134
208.604	134
208.607	134
208.61	134
208.614	134
208.617	134
208.621	134
208.624	134
208.627	134
208.631	134
208.634	134
208.637	134
208.641	134
208.644	134
208.648	134
208.651	134
208.654	134
208.658	134
208.661	134
208.664	134
208.668	134
208.671	134
208.674	134
208.678	134
208.681	134
208.685	134
208.688	134
208.691	134
208.695	134
208.698	134
208.701	134
208.705	134
208.708	134
208.712	134
208.715	134
208.718	134
208.722	134
208.725	134
208.728	134
208.732	134
208.735	134
208.739	134
208.742	134
208.745	134
208.749	134
208.752	134
208.755	134
208.759	134
208.762	134
208.766	134
208.769	134
208.772	134
208.776	134
208.779	134
208.782	134
208.786	134
208.789	134
208.793	134
208.796	134
208.799	134
208.803	134
208.806	134
208.809	134
208.813	134
208.816	134
208.82	134
208.823	134
208.826	134
208.83	134
208.833	134
208.836	134
208.84	134
208.843	134
208.846	134
208.85	134
208.853	134
208.857	134
208.86	134
208.863	134
208.867	134
208.87	134
208.873	134
208.877	134
208.88	134
208.884	134
208.887	134
208.89	134
208.894	134
208.897	134
208.9	134
208.904	134
208.907	134
208.911	134
208.914	134
208.917	134
208.921	134
208.924	134
208.927	134
208.931	134
208.934	134
208.938	134
208.941	134
208.944	134
208.948	134
208.951	134
208.954	134
208.958	134
208.961	134
208.965	134
208.968	134
208.971	134
208.975	134
208.978	134
208.981	134
208.985	134
208.988	134
208.992	134
208.995	134
208.998	134
209.002	134
209.005	134
209.008	134
209.012	134
209.015	134
209.019	134
209.022	134
209.025	134
209.029	134
209.032	134
209.035	134
209.039	134
209.042	134
209.045	134
209.049	134
209.052	134
209.056	134
209.059	134
209.062	134
209.066	134
209.069	134
209.072	134
209.076	134
209.079	134
209.083	134
209.086	134
209.089	134
209.093	134
209.096	134
209.099	134
209.103	134
209.106	134
209.11	134
209.113	134
209.116	134
209.12	134
209.123	134
209.126	134
209.13	134
209.133	134
209.137	134
209.14	134
209.143	134
209.147	134
209.15	134
209.153	134
209.157	134
209.16	134
209.164	134
209.167	134
209.17	134
209.174	134
209.177	134
209.18	134
209.184	134
209.187	134
209.191	134
209.194	134
209.197	134
209.201	134
209.204	134
209.207	134
209.211	134
209.214	134
209.218	134
209.221	134
209.224	134
209.228	134
209.231	134
209.234	134
209.238	134
209.241	134
209.244	134
209.248	134
209.251	134
209.255	134
209.258	134
209.261	134
209.265	134
209.268	134
209.271	134
209.275	134
209.278	134
209.282	134
209.285	134
209.288	134
209.292	134
209.295	134
209.298	134
209.302	134
209.305	134
209.309	134
209.312	134
209.315	134
209.319	134
209.322	134
209.325	134
209.329	134
209.332	134
209.336	134
209.339	134
209.342	134
209.346	134
209.349	134
209.352	134
209.356	134
209.359	134
209.363	134
209.366	134
209.369	134
209.373	134
209.376	134
209.379	134
209.383	134
209.386	134
209.39	134
209.393	134
209.396	134
209.4	134
209.403	134
209.406	134
209.41	134
209.413	134
209.417	134
209.42	134
209.423	134
209.427	134
209.43	134
209.433	134
209.437	134
209.44	134
209.443	134
209.447	134
209.45	134
209.454	134
209.457	134
209.46	134
209.464	134
209.467	134
209.47	134
209.474	134
209.477	134
209.481	134
209.484	134
209.487	134
209.491	134
209.494	134
209.497	134
209.501	134
209.504	134
209.508	134
209.511	134
209.514	134
209.518	134
209.521	134
209.524	134
209.528	134
209.531	134
209.535	134
209.538	134
209.541	134
209.545	134
209.548	134
209.551	134
209.555	134
209.558	134
209.562	134
209.565	134
209.568	134
209.572	134
209.575	134
209.578	134
209.582	134
209.585	134
209.589	134
209.592	134
209.595	134
209.599	134
209.602	134
209.605	134
209.609	134
209.612	134
209.615	134
209.619	134
209.622	134
209.626	134
209.629	134
209.632	134
209.636	134
209.639	134
209.642	134
209.646	134
209.649	134
209.653	134
209.656	134
209.659	134
209.663	134
209.666	134
209.669	134
209.673	134
209.676	134
209.68	134
209.683	134
209.686	134
209.69	134
209.693	134
209.696	134
209.7	134
209.703	134
209.707	134
209.71	134
209.713	134
209.717	134
209.72	134
209.723	134
209.727	134
209.73	134
209.734	134
209.737	134
209.74	134
209.744	134
209.747	134
209.75	134
209.754	134
209.757	134
209.761	134
209.764	134
209.767	134
209.771	134
209.774	134
209.777	134
209.781	134
209.784	134
209.788	134
209.791	134
209.794	134
209.798	134
209.801	134
209.804	134
209.808	134
209.811	134
209.814	134
209.818	134
209.821	134
209.825	134
209.828	134
209.831	134
209.835	134
209.838	134
209.841	134
209.845	134
209.848	134
209.852	134
209.855	134
209.858	134
209.862	134
209.865	134
209.868	134
209.872	134
209.875	134
209.879	134
209.882	134
209.885	134
209.889	134
209.892	134
209.895	134
209.899	134
209.902	134
209.906	134
209.909	134
209.912	134
209.916	134
209.919	134
209.922	134
209.926	134
209.929	134
209.933	134
209.936	134
209.939	134
209.943	134
209.946	134
209.949	134
209.953	134
209.956	134
209.96	134
209.963	134
209.966	134
209.97	134
209.973	134
209.976	134
209.98	134
209.983	134
209.987	134
209.99	134
209.993	134
209.997	134
210	134
210.003	134
210.007	134
210.01	134
210.013	134
210.017	134
210.02	134
210.024	134
210.027	134
210.03	134
210.034	134
210.037	134
210.04	134
210.044	134
210.047	134
210.051	134
210.054	134
210.057	134
210.061	134
210.064	134
210.067	134
210.071	134
210.074	134
210.078	134
210.081	134
210.084	134
210.088	134
210.091	134
210.094	134
210.098	134
210.101	134
210.105	134
210.108	134
210.111	134
210.115	134
210.118	134
210.121	134
210.125	134
210.128	134
210.132	134
210.135	134
210.138	134
210.142	134
210.145	134
210.148	134
210.152	134
210.155	134
210.159	134
210.162	134
210.165	134
210.169	134
210.172	134
210.175	134
210.179	134
210.182	134
210.185	134
210.189	134
210.192	134
210.196	134
210.199	134
210.202	134
210.206	134
210.209	134
210.212	134
210.216	134
210.219	134
210.223	134
210.226	134
210.229	134
210.233	134
210.236	134
210.239	134
210.243	134
210.246	134
210.25	134
210.253	134
210.256	134
210.26	134
210.263	134
210.266	134
210.27	134
210.273	134
210.277	134
210.28	134
210.283	134
210.287	134
210.29	134
210.293	134
210.297	134
210.3	134
210.304	134
210.307	134
210.31	134
210.314	134
210.317	134
210.32	134
210.324	134
210.327	134
210.331	134
210.334	134
210.337	134
210.341	134
210.344	134
210.347	134
210.351	134
210.354	134
210.358	134
210.361	134
210.364	134
210.368	134
210.371	134
210.374	134
210.378	134
210.381	134
210.384	134
210.388	134
210.391	134
210.395	134
210.398	134
210.401	134
210.405	134
210.408	134
210.411	134
210.415	134
210.418	134
210.422	134
210.425	134
210.428	134
210.432	134
210.435	134
210.438	134
210.442	134
210.445	134
210.449	134
210.452	134
210.455	134
210.459	134
210.462	134
210.465	134
210.469	134
210.472	134
210.476	134
210.479	134
210.482	134
210.486	134
210.489	134
210.492	134
210.496	134
210.499	134
210.503	134
210.506	134
210.509	134
210.513	134
210.516	134
210.519	134
210.523	134
210.526	134
210.53	134
210.533	134
210.536	134
210.54	134
210.543	134
210.546	134
210.55	134
210.553	134
210.557	134
210.56	134
210.563	134
210.567	134
210.57	134
210.573	134
210.577	134
210.58	134
210.583	134
210.587	134
210.59	134
210.594	134
210.597	134
210.6	134
210.604	134
210.607	134
210.61	134
210.614	134
210.617	134
210.621	134
210.624	134
210.627	134
210.631	134
210.634	134
210.637	134
210.641	134
210.644	134
210.648	134
210.651	134
210.654	134
210.658	134
210.661	134
210.664	134
210.668	134
210.671	134
210.675	134
210.678	134
210.681	134
210.685	134
210.688	134
210.691	134
210.695	134
210.698	134
210.702	134
210.705	134
210.708	134
210.712	134
210.715	134
210.718	134
210.722	134
210.725	134
210.729	134
210.732	134
210.735	134
210.739	134
210.742	134
210.745	134
210.749	134
210.752	134
210.756	134
210.759	134
210.762	134
210.766	134
210.769	134
210.772	134
210.776	134
210.779	134
210.782	134
210.786	134
210.789	134
210.793	134
210.796	134
210.799	134
210.803	134
210.806	134
210.809	134
210.813	134
210.816	134
210.82	134
210.823	134
210.826	134
210.83	134
210.833	134
210.836	134
210.84	134
210.843	134
210.847	134
210.85	134
210.853	134
210.857	134
210.86	134
210.863	134
210.867	134
210.87	134
210.874	134
210.877	134
210.88	134
210.884	134
210.887	134
210.89	134
210.894	134
210.897	134
210.901	134
210.904	134
210.907	134
210.911	134
210.914	134
210.917	134
210.921	134
210.924	134
210.928	134
210.931	134
210.934	134
210.938	134
210.941	134
210.944	134
210.948	134
210.951	134
210.954	134
210.958	134
210.961	134
210.965	134
210.968	134
210.971	134
210.975	134
210.978	134
210.981	134
210.985	134
210.988	134
210.992	134
210.995	134
210.998	134
211.002	134
211.005	134
211.008	134
211.012	134
211.015	134
211.019	134
211.022	134
211.025	134
211.029	134
211.032	134
211.035	134
211.039	134
211.042	134
211.046	134
211.049	134
211.052	134
211.056	134
211.059	134
211.062	134
211.066	134
211.069	134
211.073	134
211.076	134
211.079	134
211.083	134
211.086	134
211.089	134
211.093	134
211.096	134
211.1	134
211.103	134
211.106	134
211.11	134
211.113	134
211.116	134
211.12	134
211.123	134
211.127	134
211.13	134
211.133	134
211.137	134
211.14	134
211.143	134
211.147	134
211.15	134
211.153	134
211.157	134
211.16	134
211.164	134
211.167	134
211.17	134
211.174	134
211.177	134
211.18	134
211.184	134
211.187	134
211.191	134
211.194	134
211.197	134
211.201	134
211.204	134
211.207	134
211.211	134
211.214	134
211.218	134
211.221	134
211.224	134
211.228	134
211.231	134
211.234	134
211.238	134
211.241	134
211.245	134
211.248	134
211.251	134
211.255	134
211.258	134
211.261	134
211.265	134
211.268	134
211.272	134
211.275	134
211.278	134
211.282	134
211.285	134
211.288	134
211.292	134
211.295	134
211.299	134
211.302	134
211.305	134
211.309	134
211.312	134
211.315	134
211.319	134
211.322	134
211.326	134
211.329	134
211.332	134
211.336	134
211.339	134
211.342	134
211.346	134
211.349	134
211.352	134
211.356	134
211.359	134
211.363	134
211.366	134
211.369	134
211.373	134
211.376	134
211.379	134
211.383	134
211.386	134
211.39	134
211.393	134
211.396	134
211.4	134
211.403	134
211.406	134
211.41	134
211.413	134
211.417	134
211.42	134
211.423	134
211.427	134
211.43	134
211.433	134
211.437	134
211.44	134
211.444	134
211.447	134
211.45	134
211.454	134
211.457	134
211.46	134
211.464	134
211.467	134
211.471	134
211.474	134
211.477	134
211.481	134
211.484	134
211.487	134
211.491	134
211.494	134
211.498	134
211.501	134
211.504	134
211.508	134
211.511	134
211.514	134
211.518	134
211.521	134
211.525	134
211.528	134
211.531	134
211.535	134
211.538	134
211.541	134
211.545	134
211.548	134
211.551	134
211.555	134
211.558	134
211.562	134
211.565	134
211.568	134
211.572	134
211.575	134
211.578	134
211.582	134
211.585	134
211.589	134
211.592	134
211.595	134
211.599	134
211.602	134
211.605	134
211.609	134
211.612	134
211.616	134
211.619	134
211.622	134
211.626	134
211.629	134
211.632	134
211.636	134
211.639	134
211.643	134
211.646	134
211.649	134
211.653	134
211.656	134
211.659	134
211.663	134
211.666	134
211.67	134
211.673	134
211.676	134
211.68	134
211.683	134
211.686	134
211.69	134
211.693	134
211.697	134
211.7	134
211.703	134
211.707	134
211.71	134
211.713	134
211.717	134
211.72	134
211.723	134
211.727	134
211.73	134
211.734	134
211.737	134
211.74	134
211.744	134
211.747	134
211.75	134
211.754	134
211.757	134
211.761	134
211.764	134
211.767	134
211.771	134
211.774	134
211.777	134
211.781	134
211.784	134
211.788	134
211.791	134
211.794	134
211.798	134
211.801	134
211.804	134
211.808	134
211.811	134
211.815	134
211.818	134
211.821	134
211.825	134
211.828	134
211.831	134
211.835	134
211.838	134
211.842	134
211.845	134
211.848	134
211.852	134
211.855	134
211.858	134
211.862	134
211.865	134
211.869	134
211.872	134
211.875	134
211.879	134
211.882	134
211.885	134
211.889	134
211.892	134
211.896	134
211.899	134
211.902	134
211.906	134
211.909	134
211.912	134
211.916	134
211.919	134
211.922	134
211.926	134
211.929	134
211.933	134
211.936	134
211.939	134
211.943	134
211.946	134
211.949	134
211.953	134
211.956	134
211.96	134
211.963	134
211.966	134
211.97	134
211.973	134
211.976	134
211.98	134
211.983	134
211.987	134
211.99	134
211.993	134
211.997	134
212	134
212.003	134
212.007	134
212.01	134
212.014	134
212.017	134
212.02	134
212.024	134
212.027	134
212.03	134
212.034	134
212.037	134
212.041	134
212.044	134
212.047	134
212.051	134
212.054	134
212.057	134
212.061	134
212.064	134
212.068	134
212.071	134
212.074	134
212.078	134
212.081	134
212.084	134
212.088	134
212.091	134
212.095	134
212.098	134
212.101	134
212.105	134
212.108	134
212.111	134
212.115	134
212.118	134
212.121	134
212.125	134
212.128	134
212.132	134
212.135	134
212.138	134
212.142	134
212.145	134
212.148	134
212.152	134
212.155	134
212.159	134
212.162	134
212.165	134
212.169	134
212.172	134
212.175	134
212.179	134
212.182	134
212.186	134
212.189	134
212.192	134
212.196	134
212.199	134
212.202	134
212.206	134
212.209	134
212.213	134
212.216	134
212.219	134
212.223	134
212.226	134
212.229	134
212.233	134
212.236	134
212.24	134
212.243	134
212.246	134
212.25	134
212.253	134
212.256	134
212.26	134
212.263	134
212.267	134
212.27	134
212.273	134
212.277	134
212.28	134
212.283	134
212.287	134
212.29	134
212.293	134
212.297	134
212.3	134
212.304	134
212.307	134
212.31	134
212.314	134
212.317	134
212.32	134
212.324	134
212.327	134
212.331	134
212.334	134
212.337	134
212.341	134
212.344	134
212.347	134
212.351	134
212.354	134
212.358	134
212.361	134
212.364	134
212.368	134
212.371	134
212.374	134
212.378	134
212.381	134
212.385	134
212.388	134
212.391	134
212.395	134
212.398	134
212.401	134
212.405	134
212.408	134
212.412	134
212.415	134
212.418	134
212.422	134
212.425	134
212.428	134
212.432	134
212.435	134
212.439	134
212.442	134
212.445	134
212.449	134
212.452	134
212.455	134
212.459	134
212.462	134
212.466	134
212.469	134
212.472	134
212.476	134
212.479	134
212.482	134
212.486	134
212.489	134
212.492	134
212.496	134
212.499	134
212.503	134
212.506	134
212.509	134
212.513	134
212.516	134
212.519	134
212.523	134
212.526	134
212.53	134
212.533	134
212.536	134
212.54	134
212.543	134
212.546	134
212.55	134
212.553	134
212.557	134
212.56	134
212.563	134
212.567	134
212.57	134
212.573	134
212.577	134
212.58	134
212.584	134
212.587	134
212.59	134
212.594	134
212.597	134
212.6	134
212.604	134
212.607	134
212.611	134
212.614	134
212.617	134
212.621	134
212.624	134
212.627	134
212.631	134
212.634	134
212.638	134
212.641	134
212.644	134
212.648	134
212.651	134
212.654	134
212.658	134
212.661	134
212.665	134
212.668	134
212.671	134
212.675	134
212.678	134
212.681	134
212.685	134
212.688	134
212.691	134
212.695	134
212.698	134
212.702	134
212.705	134
212.708	134
212.712	134
212.715	134
212.718	134
212.722	134
212.725	134
212.729	134
212.732	134
212.735	134
212.739	134
212.742	134
212.745	134
212.749	134
212.752	134
212.756	134
212.759	134
212.762	134
212.766	134
212.769	134
212.772	134
212.776	134
212.779	134
212.783	134
212.786	134
212.789	134
212.793	134
212.796	134
212.799	134
212.803	134
212.806	134
212.81	134
212.813	134
212.816	134
212.82	134
212.823	134
212.826	134
212.83	134
212.833	134
212.837	134
212.84	134
212.843	134
212.847	134
212.85	134
212.853	134
212.857	134
212.86	134
212.864	134
212.867	134
212.87	134
212.874	134
212.877	134
212.88	134
212.884	134
212.887	134
212.89	134
212.894	134
212.897	134
212.901	134
212.904	134
212.907	134
212.911	134
212.914	134
212.917	134
212.921	134
212.924	134
212.928	134
212.931	134
212.934	134
212.938	134
212.941	134
212.944	134
212.948	134
212.951	134
212.955	134
212.958	134
212.961	134
212.965	134
212.968	134
212.971	134
212.975	134
212.978	134
212.982	134
212.985	134
212.988	134
212.992	134
212.995	134
212.998	134
213.002	134
213.005	134
213.009	134
213.012	134
213.015	134
213.019	134
213.022	134
213.025	134
213.029	134
213.032	134
213.036	134
213.039	134
213.042	134
213.046	134
213.049	134
213.052	134
213.056	134
213.059	134
213.062	134
213.066	134
213.069	134
213.073	134
213.076	134
213.079	134
213.083	134
213.086	134
213.089	134
213.093	134
213.096	134
213.1	134
213.103	134
213.106	134
213.11	134
213.113	134
213.116	134
213.12	134
213.123	134
213.127	134
213.13	134
213.133	134
213.137	134
213.14	134
213.143	134
213.147	134
213.15	134
213.154	134
213.157	134
213.16	134
213.164	134
213.167	134
213.17	134
213.174	134
213.177	134
213.181	134
213.184	134
213.187	134
213.191	134
213.194	134
213.197	134
213.201	134
213.204	134
213.208	134
213.211	134
213.214	134
213.218	134
213.221	134
213.224	134
213.228	134
213.231	134
213.235	134
213.238	134
213.241	134
213.245	134
213.248	134
213.251	134
213.255	134
213.258	134
213.261	134
213.265	134
213.268	134
213.272	134
213.275	134
213.278	134
213.282	134
213.285	134
213.288	134
213.292	134
213.295	134
213.299	134
213.302	134
213.305	134
213.309	134
213.312	134
213.315	134
213.319	134
213.322	134
213.326	134
213.329	134
213.332	134
213.336	134
213.339	134
213.342	134
213.346	134
213.349	134
213.353	134
213.356	134
213.359	134
213.363	134
213.366	134
213.369	134
213.373	134
213.376	134
213.38	134
213.383	134
213.386	134
213.39	134
213.393	134
213.396	134
213.4	134
213.403	134
213.407	134
213.41	134
213.413	134
213.417	134
213.42	134
213.423	134
213.427	134
213.43	134
213.434	134
213.437	134
213.44	134
213.444	134
213.447	134
213.45	134
213.454	134
213.457	134
213.46	134
213.464	134
213.467	134
213.471	134
213.474	134
213.477	134
213.481	134
213.484	134
213.487	134
213.491	134
213.494	134
213.498	134
213.501	134
213.504	134
213.508	134
213.511	134
213.514	134
213.518	134
213.521	134
213.525	134
213.528	134
213.531	134
213.535	134
213.538	134
213.541	134
213.545	134
213.548	134
213.552	134
213.555	134
213.558	134
213.562	134
213.565	134
213.568	134
213.572	134
213.575	134
213.579	134
213.582	134
213.585	134
213.589	134
213.592	134
213.595	134
213.599	134
213.602	134
213.606	134
213.609	134
213.612	134
213.616	134
213.619	134
213.622	134
213.626	134
213.629	134
213.633	134
213.636	134
213.639	134
213.643	134
213.646	134
213.649	134
213.653	134
213.656	134
213.659	134
213.663	134
213.666	134
213.67	134
213.673	134
213.676	134
213.68	134
213.683	134
213.686	134
213.69	134
213.693	134
213.697	134
213.7	134
213.703	134
213.707	134
213.71	134
213.713	134
213.717	134
213.72	134
213.724	134
213.727	134
213.73	134
213.734	134
213.737	134
213.74	134
213.744	134
213.747	134
213.751	134
213.754	134
213.757	134
213.761	134
213.764	134
213.767	134
213.771	134
213.774	134
213.778	134
213.781	134
213.784	134
213.788	134
213.791	134
213.794	134
213.798	134
213.801	134
213.805	134
213.808	134
213.811	134
213.815	134
213.818	134
213.821	134
213.825	134
213.828	134
213.831	134
213.835	134
213.838	134
213.842	134
213.845	134
213.848	134
213.852	134
213.855	134
213.858	134
213.862	134
213.865	134
213.869	134
213.872	134
213.875	134
213.879	134
213.882	134
213.885	134
213.889	134
213.892	134
213.896	134
213.899	134
213.902	134
213.906	134
213.909	134
213.912	134
213.916	134
213.919	134
213.923	134
213.926	134
213.929	134
213.933	134
213.936	134
213.939	134
213.943	134
213.946	134
213.95	134
213.953	134
213.956	134
213.96	134
213.963	134
213.966	134
213.97	134
213.973	134
213.977	134
213.98	134
213.983	134
213.987	134
213.99	134
213.993	134
213.997	134
214	134
214.004	134
214.007	134
214.01	134
214.014	134
214.017	134
214.02	134
214.024	134
214.027	134
214.03	134
214.034	134
214.037	134
214.041	134
214.044	134
214.047	134
214.051	134
214.054	134
214.057	134
214.061	134
214.064	134
214.068	134
214.071	134
214.074	134
214.078	134
214.081	134
214.084	134
214.088	134
214.091	134
214.095	134
214.098	134
214.101	134
214.105	134
214.108	134
214.111	134
214.115	134
214.118	134
214.122	134
214.125	134
214.128	134
214.132	134
214.135	134
214.138	134
214.142	134
214.145	134
214.149	134
214.152	134
214.155	134
214.159	134
214.162	134
214.165	134
214.169	134
214.172	134
214.176	134
214.179	134
214.182	134
214.186	134
214.189	134
214.192	134
214.196	134
214.199	134
214.203	134
214.206	134
214.209	134
214.213	134
214.216	134
214.219	134
214.223	134
214.226	134
214.229	134
214.233	134
214.236	134
214.24	134
214.243	134
214.246	134
214.25	134
214.253	134
214.256	134
214.26	134
214.263	134
214.267	134
214.27	134
214.273	134
214.277	134
214.28	134
214.283	134
214.287	134
214.29	134
214.294	134
214.297	134
214.3	134
214.304	134
214.307	134
214.31	134
214.314	134
214.317	134
214.321	134
214.324	134
214.327	134
214.331	134
214.334	134
214.337	134
214.341	134
214.344	134
214.348	134
214.351	134
214.354	134
214.358	134
214.361	134
214.364	134
214.368	134
214.371	134
214.375	134
214.378	134
214.381	134
214.385	134
214.388	134
214.391	134
214.395	134
214.398	134
214.401	134
214.405	134
214.408	134
214.412	134
214.415	134
214.418	134
214.422	134
214.425	134
214.428	134
214.432	134
214.435	134
214.439	134
214.442	134
214.445	134
214.449	134
214.452	134
214.455	134
214.459	134
214.462	134
214.466	134
214.469	134
214.472	134
214.476	134
214.479	134
214.482	134
214.486	134
214.489	134
214.493	134
214.496	134
214.499	134
214.503	134
214.506	134
214.509	134
214.513	134
214.516	134
214.52	134
214.523	134
214.526	134
214.53	134
214.533	134
214.536	134
214.54	134
214.543	134
214.547	134
214.55	134
214.553	134
214.557	134
214.56	134
214.563	134
214.567	134
214.57	134
214.574	134
214.577	134
214.58	134
214.584	134
214.587	134
214.59	134
214.594	134
214.597	134
214.6	134
214.604	134
214.607	134
214.611	134
214.614	134
214.617	134
214.621	134
214.624	134
214.627	134
214.631	134
214.634	134
214.638	134
214.641	134
214.644	134
214.648	134
214.651	134
214.654	134
214.658	134
214.661	134
214.665	134
214.668	134
214.671	134
214.675	134
214.678	134
214.681	134
214.685	134
214.688	134
214.692	134
214.695	134
214.698	134
214.702	134
214.705	134
214.708	134
214.712	134
214.715	134
214.719	134
214.722	134
214.725	134
214.729	134
214.732	134
214.735	134
214.739	134
214.742	134
214.746	134
214.749	134
214.752	134
214.756	134
214.759	134
214.762	134
214.766	134
214.769	134
214.773	134
214.776	134
214.779	134
214.783	134
214.786	134
214.789	134
214.793	134
214.796	134
214.799	134
214.803	134
214.806	134
214.81	134
214.813	134
214.816	134
214.82	134
214.823	134
214.826	134
214.83	134
214.833	134
214.837	134
214.84	134
214.843	134
214.847	134
214.85	134
214.853	134
214.857	134
214.86	134
214.864	134
214.867	134
214.87	134
214.874	134
214.877	134
214.88	134
214.884	134
214.887	134
214.891	134
214.894	134
214.897	134
214.901	134
214.904	134
214.907	134
214.911	134
214.914	134
214.918	134
214.921	134
214.924	134
214.928	134
214.931	134
214.934	134
214.938	134
214.941	134
214.945	134
214.948	134
214.951	134
214.955	134
214.958	134
214.961	134
214.965	134
214.968	134
214.972	134
214.975	134
214.978	134
214.982	134
214.985	134
214.988	134
214.992	134
214.995	134
214.998	134
215.002	134
215.005	134
215.009	134
215.012	134
215.015	134
215.019	134
215.022	134
215.025	134
215.029	134
215.032	134
215.036	134
215.039	134
215.042	134
215.046	134
215.049	134
215.052	134
215.056	134
215.059	134
215.063	134
215.066	134
215.069	134
215.073	134
215.076	134
215.079	134
215.083	134
215.086	134
215.09	134
215.093	134
215.096	134
215.1	134
215.103	134
215.106	134
215.11	134
215.113	134
215.117	134
215.12	134
215.123	134
215.127	134
215.13	134
215.133	134
215.137	134
215.14	134
215.144	134
215.147	134
215.15	134
215.154	134
215.157	134
215.16	134
215.164	134
215.167	134
215.17	134
215.174	134
215.177	134
215.181	134
215.184	134
215.187	134
215.191	134
215.194	134
215.197	134
215.201	134
215.204	134
215.208	134
215.211	134
215.214	134
215.218	134
215.221	134
215.224	134
215.228	134
215.231	134
215.235	134
215.238	134
215.241	134
215.245	134
215.248	134
215.251	134
215.255	134
215.258	134
215.262	134
215.265	134
215.268	134
215.272	134
215.275	134
215.278	134
215.282	134
215.285	134
215.289	134
215.292	134
215.295	134
215.299	134
215.302	134
215.305	134
215.309	134
215.312	134
215.316	134
215.319	134
215.322	134
215.326	134
215.329	134
215.332	134
215.336	134
215.339	134
215.343	134
215.346	134
215.349	134
215.353	134
215.356	134
215.359	134
215.363	134
215.366	134
215.369	134
215.373	134
215.376	134
215.38	134
215.383	134
215.386	134
215.39	134
215.393	134
215.396	134
215.4	134
215.403	134
215.407	134
215.41	134
215.413	134
215.417	134
215.42	134
215.423	134
215.427	134
215.43	134
215.434	134
215.437	134
215.44	134
215.444	134
215.447	134
215.45	134
215.454	134
215.457	134
215.461	134
215.464	134
215.467	134
215.471	134
215.474	134
215.477	134
215.481	134
215.484	134
215.488	134
215.491	134
215.494	134
215.498	134
215.501	134
215.504	134
215.508	134
215.511	134
215.515	134
215.518	134
215.521	134
215.525	134
215.528	134
215.531	134
215.535	134
215.538	134
215.542	134
215.545	134
215.548	134
215.552	134
215.555	134
215.558	134
215.562	134
215.565	134
215.568	134
215.572	134
215.575	134
215.579	134
215.582	134
215.585	134
215.589	134
215.592	134
215.595	134
215.599	134
215.602	134
215.606	134
215.609	134
215.612	134
215.616	134
215.619	134
215.622	134
215.626	134
215.629	134
215.633	134
215.636	134
215.639	134
215.643	134
215.646	134
215.649	134
215.653	134
215.656	134
215.66	134
215.663	134
215.666	134
215.67	134
215.673	134
215.676	134
215.68	134
215.683	134
215.687	134
215.69	134
215.693	134
215.697	134
215.7	134
215.703	134
215.707	134
215.71	134
215.714	134
215.717	134
215.72	134
215.724	134
215.727	134
215.73	134
215.734	134
215.737	134
215.741	134
215.744	134
215.747	134
215.751	134
215.754	134
215.757	134
215.761	134
215.764	134
215.767	134
215.771	134
215.774	134
215.778	134
215.781	134
215.784	134
215.788	134
215.791	134
215.794	134
215.798	134
215.801	134
215.805	134
215.808	134
215.811	134
215.815	134
215.818	134
215.821	134
215.825	134
215.828	134
215.832	134
215.835	134
215.838	134
215.842	134
215.845	134
215.848	134
215.852	134
215.855	134
215.859	134
215.862	134
215.865	134
215.869	134
215.872	134
215.875	134
215.879	134
215.882	134
215.886	134
215.889	134
215.892	134
215.896	134
215.899	134
215.902	134
215.906	134
215.909	134
215.913	134
215.916	134
215.919	134
215.923	134
215.926	134
215.929	134
215.933	134
215.936	134
215.939	134
215.943	134
215.946	134
215.95	134
215.953	134
215.956	134
215.96	134
215.963	134
215.966	134
215.97	134
215.973	134
215.977	134
215.98	134
215.983	134
215.987	134
215.99	134
215.993	134
215.997	134
216	134
216.004	134
216.007	134
216.01	134
216.014	134
216.017	134
216.02	134
216.024	134
216.027	134
216.031	134
216.034	134
216.037	134
216.041	134
216.044	134
216.047	134
216.051	134
216.054	134
216.058	134
216.061	134
216.064	134
216.068	134
216.071	134
216.074	134
216.078	134
216.081	134
216.085	134
216.088	134
216.091	134
216.095	134
216.098	134
216.101	134
216.105	134
216.108	134
216.112	134
216.115	134
216.118	134
216.122	134
216.125	134
216.128	134
216.132	134
216.135	134
216.138	134
216.142	134
216.145	134
216.149	134
216.152	134
216.155	134
216.159	134
216.162	134
216.165	134
216.169	134
216.172	134
216.176	134
216.179	134
216.182	134
216.186	134
216.189	134
216.192	134
216.196	134
216.199	134
216.203	134
216.206	134
216.209	134
216.213	134
216.216	134
216.219	134
216.223	134
216.226	134
216.23	134
216.233	134
216.236	134
216.24	134
216.243	134
216.246	134
216.25	134
216.253	134
216.257	134
216.26	134
216.263	134
216.267	134
216.27	134
216.273	134
216.277	134
216.28	134
216.284	134
216.287	134
216.29	134
216.294	134
216.297	134
216.3	134
216.304	134
216.307	134
216.311	134
216.314	134
216.317	134
216.321	134
216.324	134
216.327	134
216.331	134
216.334	134
216.337	134
216.341	134
216.344	134
216.348	134
216.351	134
216.354	134
216.358	134
216.361	134
216.364	134
216.368	134
216.371	134
216.375	134
216.378	134
216.381	134
216.385	134
216.388	134
216.391	134
216.395	134
216.398	134
216.402	134
216.405	134
216.408	134
216.412	134
216.415	134
216.418	134
216.422	134
216.425	134
216.429	134
216.432	134
216.435	134
216.439	134
216.442	134
216.445	134
216.449	134
216.452	134
216.456	134
216.459	134
216.462	134
216.466	134
216.469	134
216.472	134
216.476	134
216.479	134
216.483	134
216.486	134
216.489	134
216.493	134
216.496	134
216.499	134
216.503	134
216.506	134
216.509	134
216.513	134
216.516	134
216.52	134
216.523	134
216.526	134
216.53	134
216.533	134
216.536	134
216.54	134
216.543	134
216.547	134
216.55	134
216.553	134
216.557	134
216.56	134
216.563	134
216.567	134
216.57	134
216.574	134
216.577	134
216.58	134
216.584	134
216.587	134
216.59	134
216.594	134
216.597	134
216.601	134
216.604	134
216.607	134
216.611	134
216.614	134
216.617	134
216.621	134
216.624	134
216.628	134
216.631	134
216.634	134
216.638	134
216.641	134
216.644	134
216.648	134
216.651	134
216.655	134
216.658	134
216.661	134
216.665	134
216.668	134
216.671	134
216.675	134
216.678	134
216.682	134
216.685	134
216.688	134
216.692	134
216.695	134
216.698	134
216.702	134
216.705	134
216.708	134
216.712	134
216.715	134
216.719	134
216.722	134
216.725	134
216.729	134
216.732	134
216.735	134
216.739	134
216.742	134
216.746	134
216.749	134
216.752	134
216.756	134
216.759	134
216.762	134
216.766	134
216.769	134
216.773	134
216.776	134
216.779	134
216.783	134
216.786	134
216.789	134
216.793	134
216.796	134
216.8	134
216.803	134
216.806	134
216.81	134
216.813	134
216.816	134
216.82	134
216.823	134
216.827	134
216.83	134
216.833	134
216.837	134
216.84	134
216.843	134
216.847	134
216.85	134
216.854	134
216.857	134
216.86	134
216.864	134
216.867	134
216.87	134
216.874	134
216.877	134
216.881	134
216.884	134
216.887	134
216.891	134
216.894	134
216.897	134
216.901	134
216.904	134
216.907	134
216.911	134
216.914	134
216.918	134
216.921	134
216.924	134
216.928	134
216.931	134
216.934	134
216.938	134
216.941	134
216.945	134
216.948	134
216.951	134
216.955	134
216.958	134
216.961	134
216.965	134
216.968	134
216.972	134
216.975	134
216.978	134
216.982	134
216.985	134
216.988	134
216.992	134
216.995	134
216.999	134
217.002	134
217.005	134
217.009	134
217.012	134
217.015	134
217.019	134
217.022	134
217.026	134
217.029	134
217.032	134
217.036	134
217.039	134
217.042	134
217.046	134
217.049	134
217.053	134
217.056	134
217.059	134
217.063	134
217.066	134
217.069	134
217.073	134
217.076	134
217.08	134
217.083	134
217.086	134
217.09	134
217.093	134
217.096	134
217.1	134
217.103	134
217.106	134
217.11	134
217.113	134
217.117	134
217.12	134
217.123	134
217.127	134
217.13	134
217.133	134
217.137	134
217.14	134
217.144	134
217.147	134
217.15	134
217.154	134
217.157	134
217.16	134
217.164	134
217.167	134
217.171	134
217.174	134
217.177	134
217.181	134
217.184	134
217.187	134
217.191	134
217.194	134
217.198	134
217.201	134
217.204	134
217.208	134
217.211	134
217.214	134
217.218	134
217.221	134
217.225	134
217.228	134
217.231	134
217.235	134
217.238	134
217.241	134
217.245	134
217.248	134
217.252	134
217.255	134
217.258	134
217.262	134
217.265	134
217.268	134
217.272	134
217.275	134
217.278	134
217.282	134
217.285	134
217.289	134
217.292	134
217.295	134
217.299	134
217.302	134
217.305	134
217.309	134
217.312	134
217.316	134
217.319	134
217.322	134
217.326	134
217.329	134
217.332	134
217.336	134
217.339	134
217.343	134
217.346	134
217.349	134
217.353	134
217.356	134
217.359	134
217.363	134
217.366	134
217.37	134
217.373	134
217.376	134
217.38	134
217.383	134
217.386	134
217.39	134
217.393	134
217.397	134
217.4	134
217.403	134
217.407	134
217.41	134
217.413	134
217.417	134
217.42	134
217.424	134
217.427	134
217.43	134
217.434	134
217.437	134
217.44	134
217.444	134
217.447	134
217.451	134
217.454	134
217.457	134
217.461	134
217.464	134
217.467	134
217.471	134
217.474	134
217.477	134
217.481	134
217.484	134
217.488	134
217.491	134
217.494	134
217.498	134
217.501	134
217.504	134
217.508	134
217.511	134
217.515	134
217.518	134
217.521	134
217.525	134
217.528	134
217.531	134
217.535	134
217.538	134
217.542	134
217.545	134
217.548	134
217.552	134
217.555	134
217.558	134
217.562	134
217.565	134
217.569	134
217.572	134
217.575	134
217.579	134
217.582	134
217.585	134
217.589	134
217.592	134
217.596	134
217.599	134
217.602	134
217.606	134
217.609	134
217.612	134
217.616	134
217.619	134
217.623	134
217.626	134
217.629	134
217.633	134
217.636	134
217.639	134
217.643	134
217.646	134
217.65	134
217.653	134
217.656	134
217.66	134
217.663	134
217.666	134
217.67	134
217.673	134
217.676	134
217.68	134
217.683	134
217.687	134
217.69	134
217.693	134
217.697	134
217.7	134
217.703	134
217.707	134
217.71	134
217.714	134
217.717	134
217.72	134
217.724	134
217.727	134
217.73	134
217.734	134
217.737	134
217.741	134
217.744	134
217.747	134
217.751	134
217.754	134
217.757	134
217.761	134
217.764	134
217.768	134
217.771	134
217.774	134
217.778	134
217.781	134
217.784	134
217.788	134
217.791	134
217.795	134
217.798	134
217.801	134
217.805	134
217.808	134
217.811	134
217.815	134
217.818	134
217.822	134
217.825	134
217.828	134
217.832	134
217.835	134
217.838	134
217.842	134
217.845	134
217.849	134
217.852	134
217.855	134
217.859	134
217.862	134
217.865	134
217.869	134
217.872	134
217.875	134
217.879	134
217.882	134
217.886	134
217.889	134
217.892	134
217.896	134
217.899	134
217.902	134
217.906	134
217.909	134
217.913	134
217.916	134
217.919	134
217.923	134
217.926	134
217.929	134
217.933	134
217.936	134
217.94	134
217.943	134
217.946	134
217.95	134
217.953	134
217.956	134
217.96	134
217.963	134
217.967	134
217.97	134
217.973	134
217.977	134
217.98	134
217.983	134
217.987	134
217.99	134
217.994	134
217.997	134
218	134
218.004	134
218.007	134
218.01	134
218.014	134
218.017	134
218.021	134
218.024	134
218.027	134
218.031	134
218.034	134
218.037	134
218.041	134
218.044	134
218.047	134
218.051	134
218.054	134
218.058	134
218.061	134
218.064	134
218.068	134
218.071	134
218.074	134
218.078	134
218.081	134
218.085	134
218.088	134
218.091	134
218.095	134
218.098	134
218.101	134
218.105	134
218.108	134
218.112	134
218.115	134
218.118	134
218.122	134
218.125	134
218.128	134
218.132	134
218.135	134
218.139	134
218.142	134
218.145	134
218.149	134
218.152	134
218.155	134
218.159	134
218.162	134
218.166	134
218.169	134
218.172	134
218.176	134
218.179	134
218.182	134
218.186	134
218.189	134
218.193	134
218.196	134
218.199	134
218.203	134
218.206	134
218.209	134
218.213	134
218.216	134
218.22	134
218.223	134
218.226	134
218.23	134
218.233	134
218.236	134
218.24	134
218.243	134
218.246	134
218.25	134
218.253	134
218.257	134
218.26	134
218.263	134
218.267	134
218.27	134
218.273	134
218.277	134
218.28	134
218.284	134
218.287	134
218.29	134
218.294	134
218.297	134
218.3	134
218.304	134
218.307	134
218.311	134
218.314	134
218.317	134
218.321	134
218.324	134
218.327	134
218.331	134
218.334	134
218.338	134
218.341	134
218.344	134
218.348	134
218.351	134
218.354	134
218.358	134
218.361	134
218.365	134
218.368	134
218.371	134
218.375	134
218.378	134
218.381	134
218.385	134
218.388	134
218.392	134
218.395	134
218.398	134
218.402	134
218.405	134
218.408	134
218.412	134
218.415	134
218.419	134
218.422	134
218.425	134
218.429	134
218.432	134
218.435	134
218.439	134
218.442	134
218.445	134
218.449	134
218.452	134
218.456	134
218.459	134
218.462	134
218.466	134
218.469	134
218.472	134
218.476	134
218.479	134
218.483	134
218.486	134
218.489	134
218.493	134
218.496	134
218.499	134
218.503	134
218.506	134
218.51	134
218.513	134
218.516	134
218.52	134
218.523	134
218.526	134
218.53	134
218.533	134
218.537	134
218.54	134
218.543	134
218.547	134
218.55	134
218.553	134
218.557	134
218.56	134
218.564	134
218.567	134
218.57	134
218.574	134
218.577	134
218.58	134
218.584	134
218.587	134
218.591	134
218.594	134
218.597	134
218.601	134
218.604	134
218.607	134
218.611	134
218.614	134
218.617	134
218.621	134
218.624	134
218.628	134
218.631	134
218.634	134
218.638	134
218.641	134
218.644	134
218.648	134
218.651	134
218.655	134
218.658	134
218.661	134
218.665	134
218.668	134
218.671	134
218.675	134
218.678	134
218.682	134
218.685	134
218.688	134
218.692	134
218.695	134
218.698	134
218.702	134
218.705	134
218.709	134
218.712	134
218.715	134
218.719	134
218.722	134
218.725	134
218.729	134
218.732	134
218.736	134
218.739	134
218.742	134
218.746	134
218.749	134
218.752	134
218.756	134
218.759	134
218.763	134
218.766	134
218.769	134
218.773	134
218.776	134
218.779	134
218.783	134
218.786	134
218.79	134
218.793	134
218.796	134
218.8	134
218.803	134
218.806	134
218.81	134
218.813	134
218.816	134
218.82	134
218.823	134
218.827	134
218.83	134
218.833	134
218.837	134
218.84	134
218.843	134
218.847	134
218.85	134
218.854	134
218.857	134
218.86	134
218.864	134
218.867	134
218.87	134
218.874	134
218.877	134
218.881	134
218.884	134
218.887	134
218.891	134
218.894	134
218.897	134
218.901	134
218.904	134
218.908	134
218.911	134
218.914	134
218.918	134
218.921	134
218.924	134
218.928	134
218.931	134
218.935	134
218.938	134
218.941	134
218.945	134
218.948	134
218.951	134
218.955	134
218.958	134
218.962	134
218.965	134
218.968	134
218.972	134
218.975	134
218.978	134
218.982	134
218.985	134
218.989	134
218.992	134
218.995	134
218.999	134
219.002	134
219.005	134
219.009	134
219.012	134
219.015	134
219.019	134
219.022	134
219.026	134
219.029	134
219.032	134
219.036	134
219.039	134
219.042	134
219.046	134
219.049	134
219.053	134
219.056	134
219.059	134
219.063	134
219.066	134
219.069	134
219.073	134
219.076	134
219.08	134
219.083	134
219.086	134
219.09	134
219.093	134
219.096	134
219.1	134
219.103	134
219.107	134
219.11	134
219.113	134
219.117	134
219.12	134
219.123	134
219.127	134
219.13	134
219.134	134
219.137	134
219.14	134
219.144	134
219.147	134
219.15	134
219.154	134
219.157	134
219.161	134
219.164	134
219.167	134
219.171	134
219.174	134
219.177	134
219.181	134
219.184	134
219.188	134
219.191	134
219.194	134
219.198	134
219.201	134
219.204	134
219.208	134
219.211	134
219.214	134
219.218	134
219.221	134
219.225	134
219.228	134
219.231	134
219.235	134
219.238	134
219.241	134
219.245	134
219.248	134
219.252	134
219.255	134
219.258	134
219.262	134
219.265	134
219.268	134
219.272	134
219.275	134
219.279	134
219.282	134
219.285	134
219.289	134
219.292	134
219.295	134
219.299	134
219.302	134
219.306	134
219.309	134
219.312	134
219.316	134
219.319	134
219.322	134
219.326	134
219.329	134
219.333	134
219.336	134
219.339	134
219.343	134
219.346	134
219.349	134
219.353	134
219.356	134
219.36	134
219.363	134
219.366	134
219.37	134
219.373	134
219.376	134
219.38	134
219.383	134
219.386	134
219.39	134
219.393	134
219.397	134
219.4	134
219.403	134
219.407	134
219.41	134
219.413	134
219.417	134
219.42	134
219.424	134
219.427	134
219.43	134
219.434	134
219.437	134
219.44	134
219.444	134
219.447	134
219.451	134
219.454	134
219.457	134
219.461	134
219.464	134
219.467	134
219.471	134
219.474	134
219.478	134
219.481	134
219.484	134
219.488	134
219.491	134
219.494	134
219.498	134
219.501	134
219.505	134
219.508	134
219.511	134
219.515	134
219.518	134
219.521	134
219.525	134
219.528	134
219.532	134
219.535	134
219.538	134
219.542	134
219.545	134
219.548	134
219.552	134
219.555	134
219.559	134
219.562	134
219.565	134
219.569	134
219.572	134
219.575	134
219.579	134
219.582	134
219.585	134
219.589	134
219.592	134
219.596	134
219.599	134
219.602	134
219.606	134
219.609	134
219.612	134
219.616	134
219.619	134
219.623	134
219.626	134
219.629	134
219.633	134
219.636	134
219.639	134
219.643	134
219.646	134
219.65	134
219.653	134
219.656	134
219.66	134
219.663	134
219.666	134
219.67	134
219.673	134
219.677	134
219.68	134
219.683	134
219.687	134
219.69	134
219.693	134
219.697	134
219.7	134
219.704	134
219.707	134
219.71	134
219.714	134
219.717	134
219.72	134
219.724	134
219.727	134
219.731	134
219.734	134
219.737	134
219.741	134
219.744	134
219.747	134
219.751	134
219.754	134
219.758	134
219.761	134
219.764	134
219.768	134
219.771	134
219.774	134
219.778	134
219.781	134
219.784	134
219.788	134
219.791	134
219.795	134
219.798	134
219.801	134
219.805	134
219.808	134
219.811	134
219.815	134
219.818	134
219.822	134
219.825	134
219.828	134
219.832	134
219.835	134
219.838	134
219.842	134
219.845	134
219.849	134
219.852	134
219.855	134
219.859	134
219.862	134
219.865	134
219.869	134
219.872	134
219.876	134
219.879	134
219.882	134
219.886	134
219.889	134
219.892	134
219.896	134
219.899	134
219.903	134
219.906	134
219.909	134
219.913	134
219.916	134
219.919	134
219.923	134
219.926	134
219.93	134
219.933	134
219.936	134
219.94	134
219.943	134
219.946	134
219.95	134
219.953	134
219.957	134
219.96	134
219.963	134
219.967	134
219.97	134
219.973	134
219.977	134
219.98	134
219.983	134
219.987	134
219.99	134
219.994	134
219.997	134
220	134
220.004	134
220.007	134
220.01	134
220.014	134
220.017	134
220.021	134
220.024	134
220.027	134
220.031	134
220.034	134
220.037	134
220.041	134
220.044	134
220.048	134
220.051	134
220.054	134
220.058	134
220.061	134
220.064	134
220.068	134
220.071	134
220.075	134
220.078	134
220.081	134
220.085	134
220.088	134
220.091	134
220.095	134
220.098	134
220.102	134
220.105	134
220.108	134
220.112	134
220.115	134
220.118	134
220.122	134
220.125	134
220.129	134
220.132	134
220.135	134
220.139	134
220.142	134
220.145	134
220.149	134
220.152	134
220.155	134
220.159	134
220.162	134
220.166	134
220.169	134
220.172	134
220.176	134
220.179	134
220.182	134
220.186	134
220.189	134
220.193	134
220.196	134
220.199	134
220.203	134
220.206	134
220.209	134
220.213	134
220.216	134
220.22	134
220.223	134
220.226	134
220.23	134
220.233	134
220.236	134
220.24	134
220.243	134
220.247	134
220.25	134
220.253	134
220.257	134
220.26	134
220.263	134
220.267	134
220.27	134
220.274	134
220.277	134
220.28	134
220.284	134
220.287	134
220.29	134
220.294	134
220.297	134
220.301	134
220.304	134
220.307	134
220.311	134
220.314	134
220.317	134
220.321	134
220.324	134
220.328	134
220.331	134
220.334	134
220.338	134
220.341	134
220.344	134
220.348	134
220.351	134
220.354	134
220.358	134
220.361	134
220.365	134
220.368	134
220.371	134
220.375	134
220.378	134
220.381	134
220.385	134
220.388	134
220.392	134
220.395	134
220.398	134
220.402	134
220.405	134
220.408	134
220.412	134
220.415	134
220.419	134
220.422	134
220.425	134
220.429	134
220.432	134
220.435	134
220.439	134
220.442	134
220.446	134
220.449	134
220.452	134
220.456	134
220.459	134
220.462	134
220.466	134
220.469	134
220.473	134
220.476	134
220.479	134
220.483	134
220.486	134
220.489	134
220.493	134
220.496	134
220.5	134
220.503	134
220.506	134
220.51	134
220.513	134
220.516	134
220.52	134
220.523	134
220.527	134
220.53	134
220.533	134
220.537	134
220.54	134
220.543	134
220.547	134
220.55	134
220.553	134
220.557	134
220.56	134
220.564	134
220.567	134
220.57	134
220.574	134
220.577	134
220.58	134
220.584	134
220.587	134
220.591	134
220.594	134
220.597	134
220.601	134
220.604	134
220.607	134
220.611	134
220.614	134
220.618	134
220.621	134
220.624	134
220.628	134
220.631	134
220.634	134
220.638	134
220.641	134
220.645	134
220.648	134
220.651	134
220.655	134
220.658	134
220.661	134
220.665	134
220.668	134
220.672	134
220.675	134
220.678	134
220.682	134
220.685	134
220.688	134
220.692	134
220.695	134
220.699	134
220.702	134
220.705	134
220.709	134
220.712	134
220.715	134
220.719	134
220.722	134
220.725	134
220.729	134
220.732	134
220.736	134
220.739	134
220.742	134
220.746	134
220.749	134
220.752	134
220.756	134
220.759	134
220.763	134
220.766	134
220.769	134
220.773	134
220.776	134
220.779	134
220.783	134
220.786	134
220.79	134
220.793	134
220.796	134
220.8	134
220.803	134
220.806	134
220.81	134
220.813	134
220.817	134
220.82	134
220.823	134
220.827	134
220.83	134
220.833	134
220.837	134
220.84	134
220.844	134
220.847	134
220.85	134
220.854	134
220.857	134
220.86	134
220.864	134
220.867	134
220.871	134
220.874	134
220.877	134
220.881	134
220.884	134
220.887	134
220.891	134
220.894	134
220.898	134
220.901	134
220.904	134
220.908	134
220.911	134
220.914	134
220.918	134
220.921	134
220.924	134
220.928	134
220.931	134
220.935	134
220.938	134
220.941	134
220.945	134
220.948	134
220.951	134
220.955	134
220.958	134
220.962	134
220.965	134
220.968	134
220.972	134
220.975	134
220.978	134
220.982	134
220.985	134
220.989	134
220.992	134
220.995	134
220.999	134
221.002	134
221.005	134
221.009	134
221.012	134
221.016	134
221.019	134
221.022	134
221.026	134
221.029	134
221.032	134
221.036	134
221.039	134
221.043	134
221.046	134
221.049	134
221.053	134
221.056	134
221.059	134
221.063	134
221.066	134
221.07	134
221.073	134
221.076	134
221.08	134
221.083	134
221.086	134
221.09	134
221.093	134
221.097	134
221.1	134
221.103	134
221.107	134
221.11	134
221.113	134
221.117	134
221.12	134
221.123	134
221.127	134
221.13	134
221.134	134
221.137	134
221.14	134
221.144	134
221.147	134
221.15	134
221.154	134
221.157	134
221.161	134
221.164	134
221.167	134
221.171	134
221.174	134
221.177	134
221.181	134
221.184	134
221.188	134
221.191	134
221.194	134
221.198	134
221.201	134
221.204	134
221.208	134
221.211	134
221.215	134
221.218	134
221.221	134
221.225	134
221.228	134
221.231	134
221.235	134
221.238	134
221.242	134
221.245	134
221.248	134
221.252	134
221.255	134
221.258	134
221.262	134
221.265	134
221.269	134
221.272	134
221.275	134
221.279	134
221.282	134
221.285	134
221.289	134
221.292	134
221.296	134
221.299	134
221.302	134
221.306	134
221.309	134
221.312	134
221.316	134
221.319	134
221.322	134
221.326	134
221.329	134
221.333	134
221.336	134
221.339	134
221.343	134
221.346	134
221.349	134
221.353	134
221.356	134
221.36	134
221.363	134
221.366	134
221.37	134
221.373	134
221.376	134
221.38	134
221.383	134
221.387	134
221.39	134
221.393	134
221.397	134
221.4	134
221.403	134
221.407	134
221.41	134
221.414	134
221.417	134
221.42	134
221.424	134
221.427	134
221.43	134
221.434	134
221.437	134
221.441	134
221.444	134
221.447	134
221.451	134
221.454	134
221.457	134
221.461	134
221.464	134
221.468	134
221.471	134
221.474	134
221.478	134
221.481	134
221.484	134
221.488	134
221.491	134
221.494	134
221.498	134
221.501	134
221.505	134
221.508	134
221.511	134
221.515	134
221.518	134
221.521	134
221.525	134
221.528	134
221.532	134
221.535	134
221.538	134
221.542	134
221.545	134
221.548	134
221.552	134
221.555	134
221.559	134
221.562	134
221.565	134
221.569	134
221.572	134
221.575	134
221.579	134
221.582	134
221.586	134
221.589	134
221.592	134
221.596	134
221.599	134
221.602	134
221.606	134
221.609	134
221.613	134
221.616	134
221.619	134
221.623	134
221.626	134
221.629	134
221.633	134
221.636	134
221.64	134
221.643	134
221.646	134
221.65	134
221.653	134
221.656	134
221.66	134
221.663	134
221.667	134
221.67	134
221.673	134
221.677	134
221.68	134
221.683	134
221.687	134
221.69	134
221.693	134
221.697	134
221.7	134
221.704	134
221.707	134
221.71	134
221.714	134
221.717	134
221.72	134
221.724	134
221.727	134
221.731	134
221.734	134
221.737	134
221.741	134
221.744	134
221.747	134
221.751	134
221.754	134
221.758	134
221.761	134
221.764	134
221.768	134
221.771	134
221.774	134
221.778	134
221.781	134
221.785	134
221.788	134
221.791	134
221.795	134
221.798	134
221.801	134
221.805	134
221.808	134
221.812	134
221.815	134
221.818	134
221.822	134
221.825	134
221.828	134
221.832	134
221.835	134
221.839	134
221.842	134
221.845	134
221.849	134
221.852	134
221.855	134
221.859	134
221.862	134
221.866	134
221.869	134
221.872	134
221.876	134
221.879	134
221.882	134
221.886	134
221.889	134
221.892	134
221.896	134
221.899	134
221.903	134
221.906	134
221.909	134
221.913	134
221.916	134
221.919	134
221.923	134
221.926	134
221.93	134
221.933	134
221.936	134
221.94	134
221.943	134
221.946	134
221.95	134
221.953	134
221.957	134
221.96	134
221.963	134
221.967	134
221.97	134
221.973	134
221.977	134
221.98	134
221.984	134
221.987	134
221.99	134
221.994	134
221.997	134
222	134
222.004	134
222.007	134
222.011	134
222.014	134
222.017	134
222.021	134
222.024	134
222.027	134
222.031	134
222.034	134
222.038	134
222.041	134
222.044	134
222.048	134
222.051	134
222.054	134
222.058	134
222.061	134
222.065	134
222.068	134
222.071	134
222.075	134
222.078	134
222.081	134
222.085	134
222.088	134
222.091	134
222.095	134
222.098	134
222.102	134
222.105	134
222.108	134
222.112	134
222.115	134
222.118	134
222.122	134
222.125	134
222.129	134
222.132	134
222.135	134
222.139	134
222.142	134
222.145	134
222.149	134
222.152	134
222.156	134
222.159	134
222.162	134
222.166	134
222.169	134
222.172	134
222.176	134
222.179	134
222.183	134
222.186	134
222.189	134
222.193	134
222.196	134
222.199	134
222.203	134
222.206	134
222.21	134
222.213	134
222.216	134
222.22	134
222.223	134
222.226	134
222.23	134
222.233	134
222.237	134
222.24	134
222.243	134
222.247	134
222.25	134
222.253	134
222.257	134
222.26	134
222.263	134
222.267	134
222.27	134
222.274	134
222.277	134
222.28	134
222.284	134
222.287	134
222.29	134
222.294	134
222.297	134
222.301	134
222.304	134
222.307	134
222.311	134
222.314	134
222.317	134
222.321	134
222.324	134
222.328	134
222.331	134
222.334	134
222.338	134
222.341	134
222.344	134
222.348	134
222.351	134
222.355	134
222.358	134
222.361	134
222.365	134
222.368	134
222.371	134
222.375	134
222.378	134
222.382	134
222.385	134
222.388	134
222.392	134
222.395	134
222.398	134
222.402	134
222.405	134
222.409	134
222.412	134
222.415	134
222.419	134
222.422	134
222.425	134
222.429	134
222.432	134
222.436	134
222.439	134
222.442	134
222.446	134
222.449	134
222.452	134
222.456	134
222.459	134
222.462	134
222.466	134
222.469	134
222.473	134
222.476	134
222.479	134
222.483	134
222.486	134
222.489	134
222.493	134
222.496	134
222.5	134
222.503	134
222.506	134
222.51	134
222.513	134
222.516	134
222.52	134
222.523	134
222.527	134
222.53	134
222.533	134
222.537	134
222.54	134
222.543	134
222.547	134
222.55	134
222.554	134
222.557	134
222.56	134
222.564	134
222.567	134
222.57	134
222.574	134
222.577	134
222.581	134
222.584	134
222.587	134
222.591	134
222.594	134
222.597	134
222.601	134
222.604	134
222.608	134
222.611	134
222.614	134
222.618	134
222.621	134
222.624	134
222.628	134
222.631	134
222.635	134
222.638	134
222.641	134
222.645	134
222.648	134
222.651	134
222.655	134
222.658	134
222.661	134
222.665	134
222.668	134
222.672	134
222.675	134
222.678	134
222.682	134
222.685	134
222.688	134
222.692	134
222.695	134
222.699	134
222.702	134
222.705	134
222.709	134
222.712	134
222.715	134
222.719	134
222.722	134
222.726	134
222.729	134
222.732	134
222.736	134
222.739	134
222.742	134
222.746	134
222.749	134
222.753	134
222.756	134
222.759	134
222.763	134
222.766	134
222.769	134
222.773	134
222.776	134
222.78	134
222.783	134
222.786	134
222.79	134
222.793	134
222.796	134
222.8	134
222.803	134
222.807	134
222.81	134
222.813	134
222.817	134
222.82	134
222.823	134
222.827	134
222.83	134
222.833	134
222.837	134
222.84	134
222.844	134
222.847	134
222.85	134
222.854	134
222.857	134
222.86	134
222.864	134
222.867	134
222.871	134
222.874	134
222.877	134
222.881	134
222.884	134
222.887	134
222.891	134
222.894	134
222.898	134
222.901	134
222.904	134
222.908	134
222.911	134
222.914	134
222.918	134
222.921	134
222.925	134
222.928	134
222.931	134
222.935	134
222.938	134
222.941	134
222.945	134
222.948	134
222.952	134
222.955	134
222.958	134
222.962	134
222.965	134
222.968	134
222.972	134
222.975	134
222.979	134
222.982	134
222.985	134
222.989	134
222.992	134
222.995	134
222.999	134
223.002	134
223.006	134
223.009	134
223.012	134
223.016	134
223.019	134
223.022	134
223.026	134
223.029	134
223.032	134
223.036	134
223.039	134
223.043	134
223.046	134
223.049	134
223.053	134
223.056	134
223.059	134
223.063	134
223.066	134
223.07	134
223.073	134
223.076	134
223.08	134
223.083	134
223.086	134
223.09	134
223.093	134
223.097	134
223.1	134
223.103	134
223.107	134
223.11	134
223.113	134
223.117	134
223.12	134
223.124	134
223.127	134
223.13	134
223.134	134
223.137	134
223.14	134
223.144	134
223.147	134
223.151	134
223.154	134
223.157	134
223.161	134
223.164	134
223.167	134
223.171	134
223.174	134
223.178	134
223.181	134
223.184	134
223.188	134
223.191	134
223.194	134
223.198	134
223.201	134
223.205	134
223.208	134
223.211	134
223.215	134
223.218	134
223.221	134
223.225	134
223.228	134
223.231	134
223.235	134
223.238	134
223.242	134
223.245	134
223.248	134
223.252	134
223.255	134
223.258	134
223.262	134
223.265	134
223.269	134
223.272	134
223.275	134
223.279	134
223.282	134
223.285	134
223.289	134
223.292	134
223.296	134
223.299	134
223.302	134
223.306	134
223.309	134
223.312	134
223.316	134
223.319	134
223.323	134
223.326	134
223.329	134
223.333	134
223.336	134
223.339	134
223.343	134
223.346	134
223.35	134
223.353	134
223.356	134
223.36	134
223.363	134
223.366	134
223.37	134
223.373	134
223.377	134
223.38	134
223.383	134
223.387	134
223.39	134
223.393	134
223.397	134
223.4	134
223.404	134
223.407	134
223.41	134
223.414	134
223.417	134
223.42	134
223.424	134
223.427	134
223.43	134
223.434	134
223.437	134
223.441	134
223.444	134
223.447	134
223.451	134
223.454	134
223.457	134
223.461	134
223.464	134
223.468	134
223.471	134
223.474	134
223.478	134
223.481	134
223.484	134
223.488	134
223.491	134
223.495	134
223.498	134
223.501	134
223.505	134
223.508	134
223.511	134
223.515	134
223.518	134
223.522	134
223.525	134
223.528	134
223.532	134
223.535	134
223.538	134
223.542	134
223.545	134
223.549	134
223.552	134
223.555	134
223.559	134
223.562	134
223.565	134
223.569	134
223.572	134
223.576	134
223.579	134
223.582	134
223.586	134
223.589	134
223.592	134
223.596	134
223.599	134
223.602	134
223.606	134
223.609	134
223.613	134
223.616	134
223.619	134
223.623	134
223.626	134
223.629	134
223.633	134
223.636	134
223.64	134
223.643	134
223.646	134
223.65	134
223.653	134
223.656	134
223.66	134
223.663	134
223.667	134
223.67	134
223.673	134
223.677	134
223.68	134
223.683	134
223.687	134
223.69	134
223.694	134
223.697	134
223.7	134
223.704	134
223.707	134
223.71	134
223.714	134
223.717	134
223.721	134
223.724	134
223.727	134
223.731	134
223.734	134
223.737	134
223.741	134
223.744	134
223.748	134
223.751	134
223.754	134
223.758	134
223.761	134
223.764	134
223.768	134
223.771	134
223.775	134
223.778	134
223.781	134
223.785	134
223.788	134
223.791	134
223.795	134
223.798	134
223.801	134
223.805	134
223.808	134
223.812	134
223.815	134
223.818	134
223.822	134
223.825	134
223.828	134
223.832	134
223.835	134
223.839	134
223.842	134
223.845	134
223.849	134
223.852	134
223.855	134
223.859	134
223.862	134
223.866	134
223.869	134
223.872	134
223.876	134
223.879	134
223.882	134
223.886	134
223.889	134
223.893	134
223.896	134
223.899	134
223.903	134
223.906	134
223.909	134
223.913	134
223.916	134
223.92	134
223.923	134
223.926	134
223.93	134
223.933	134
223.936	134
223.94	134
223.943	134
223.947	134
223.95	134
223.953	134
223.957	134
223.96	134
223.963	134
223.967	134
223.97	134
223.974	134
223.977	134
223.98	134
223.984	134
223.987	134
223.99	134
223.994	134
223.997	134
224	134
224.004	134
224.007	134
224.011	134
224.014	134
224.017	134
224.021	134
224.024	134
224.027	134
224.031	134
224.034	134
224.038	134
224.041	134
224.044	134
224.048	134
224.051	134
224.054	134
224.058	134
224.061	134
224.065	134
224.068	134
224.071	134
224.075	134
224.078	134
224.081	134
224.085	134
224.088	134
224.092	134
224.095	134
224.098	134
224.102	134
224.105	134
224.108	134
224.112	134
224.115	134
224.119	134
224.122	134
224.125	134
224.129	134
224.132	134
224.135	134
224.139	134
224.142	134
224.146	134
224.149	134
224.152	134
224.156	134
224.159	134
224.162	134
224.166	134
224.169	134
224.173	134
224.176	134
224.179	134
224.183	134
224.186	134
224.189	134
224.193	134
224.196	134
224.199	134
224.203	134
224.206	134
224.21	134
224.213	134
224.216	134
224.22	134
224.223	134
224.226	134
224.23	134
224.233	134
224.237	134
224.24	134
224.243	134
224.247	134
224.25	134
224.253	134
224.257	134
224.26	134
224.264	134
224.267	134
224.27	134
224.274	134
224.277	134
224.28	134
224.284	134
224.287	134
224.291	134
224.294	134
224.297	134
224.301	134
224.304	134
224.307	134
224.311	134
224.314	134
224.318	134
224.321	134
224.324	134
224.328	134
224.331	134
224.334	134
224.338	134
224.341	134
224.345	134
224.348	134
224.351	134
224.355	134
224.358	134
224.361	134
224.365	134
224.368	134
224.371	134
224.375	134
224.378	134
224.382	134
224.385	134
224.388	134
224.392	134
224.395	134
224.398	134
224.402	134
224.405	134
224.409	134
224.412	134
224.415	134
224.419	134
224.422	134
224.425	134
224.429	134
224.432	134
224.436	134
224.439	134
224.442	134
224.446	134
224.449	134
224.452	134
224.456	134
224.459	134
224.463	134
224.466	134
224.469	134
224.473	134
224.476	134
224.479	134
224.483	134
224.486	134
224.49	134
224.493	134
224.496	134
224.5	134
224.503	134
224.506	134
224.51	134
224.513	134
224.517	134
224.52	134
224.523	134
224.527	134
224.53	134
224.533	134
224.537	134
224.54	134
224.544	134
224.547	134
224.55	134
224.554	134
224.557	134
224.56	134
224.564	134
224.567	134
224.57	134
224.574	134
224.577	134
224.581	134
224.584	134
224.587	134
224.591	134
224.594	134
224.597	134
224.601	134
224.604	134
224.608	134
224.611	134
224.614	134
224.618	134
224.621	134
224.624	134
224.628	134
224.631	134
224.635	134
224.638	134
224.641	134
224.645	134
224.648	134
224.651	134
224.655	134
224.658	134
224.662	134
224.665	134
224.668	134
224.672	134
224.675	134
224.678	134
224.682	134
224.685	134
224.689	134
224.692	134
224.695	134
224.699	134
224.702	134
224.705	134
224.709	134
224.712	134
224.716	134
224.719	134
224.722	134
224.726	134
224.729	134
224.732	134
224.736	134
224.739	134
224.743	134
224.746	134
224.749	134
224.753	134
224.756	134
224.759	134
224.763	134
224.766	134
224.769	134
224.773	134
224.776	134
224.78	134
224.783	134
224.786	134
224.79	134
224.793	134
224.796	134
224.8	134
224.803	134
224.807	134
224.81	134
224.813	134
224.817	134
224.82	134
224.823	134
224.827	134
224.83	134
224.834	134
224.837	134
224.84	134
224.844	134
224.847	134
224.85	134
224.854	134
224.857	134
224.861	134
224.864	134
224.867	134
224.871	134
224.874	134
224.877	134
224.881	134
224.884	134
224.888	134
224.891	134
224.894	134
224.898	134
224.901	134
224.904	134
224.908	134
224.911	134
224.915	134
224.918	134
224.921	134
224.925	134
224.928	134
224.931	134
224.935	134
224.938	134
224.941	134
224.945	134
224.948	134
224.952	134
224.955	134
224.958	134
224.962	134
224.965	134
224.968	134
224.972	134
224.975	134
224.979	134
224.982	134
224.985	134
224.989	134
224.992	134
224.995	134
224.999	134
225.002	134
225.006	134
225.009	134
225.012	134
225.016	134
225.019	134
225.022	134
225.026	134
225.029	134
225.033	134
225.036	134
225.039	134
225.043	134
225.046	134
225.049	134
225.053	134
225.056	134
225.06	134
225.063	134
225.066	134
225.07	134
225.073	134
225.076	134
225.08	134
225.083	134
225.087	134
225.09	134
225.093	134
225.097	134
225.1	134
225.103	134
225.107	134
225.11	134
225.114	134
225.117	134
225.12	134
225.124	134
225.127	134
225.13	134
225.134	134
225.137	134
225.14	134
225.144	134
225.147	134
225.151	134
225.154	134
225.157	134
225.161	134
225.164	134
225.167	134
225.171	134
225.174	134
225.178	134
225.181	134
225.184	134
225.188	134
225.191	134
225.194	134
225.198	134
225.201	134
225.205	134
225.208	134
225.211	134
225.215	134
225.218	134
225.221	134
225.225	134
225.228	134
225.232	134
225.235	134
225.238	134
225.242	134
225.245	134
225.248	134
225.252	134
225.255	134
225.259	134
225.262	134
225.265	134
225.269	134
225.272	134
225.275	134
225.279	134
225.282	134
225.286	134
225.289	134
225.292	134
225.296	134
225.299	134
225.302	134
225.306	134
225.309	134
225.313	134
225.316	134
225.319	134
225.323	134
225.326	134
225.329	134
225.333	134
225.336	134
225.339	134
225.343	134
225.346	134
225.35	134
225.353	134
225.356	134
225.36	134
225.363	134
225.366	134
225.37	134
225.373	134
225.377	134
225.38	134
225.383	134
225.387	134
225.39	134
225.393	134
225.397	134
225.4	134
225.404	134
225.407	134
225.41	134
225.414	134
225.417	134
225.42	134
225.424	134
225.427	134
225.431	134
225.434	134
225.437	134
225.441	134
225.444	134
225.447	134
225.451	134
225.454	134
225.458	134
225.461	134
225.464	134
225.468	134
225.471	134
225.474	134
225.478	134
225.481	134
225.485	134
225.488	134
225.491	134
225.495	134
225.498	134
225.501	134
225.505	134
225.508	134
225.512	134
225.515	134
225.518	134
225.522	134
225.525	134
225.528	134
225.532	134
225.535	134
225.538	134
225.542	134
225.545	134
225.549	134
225.552	134
225.555	134
225.559	134
225.562	134
225.565	134
225.569	134
225.572	134
225.576	134
225.579	134
225.582	134
225.586	134
225.589	134
225.592	134
225.596	134
225.599	134
225.603	134
225.606	134
225.609	134
225.613	134
225.616	134
225.619	134
225.623	134
225.626	134
225.63	134
225.633	134
225.636	134
225.64	134
225.643	134
225.646	134
225.65	134
225.653	134
225.657	134
225.66	134
225.663	134
225.667	134
225.67	134
225.673	134
225.677	134
225.68	134
225.684	134
225.687	134
225.69	134
225.694	134
225.697	134
225.7	134
225.704	134
225.707	134
225.71	134
225.714	134
225.717	134
225.721	134
225.724	134
225.727	134
225.731	134
225.734	134
225.737	134
225.741	134
225.744	134
225.748	134
225.751	134
225.754	134
225.758	134
225.761	134
225.764	134
225.768	134
225.771	134
225.775	134
225.778	134
225.781	134
225.785	134
225.788	134
225.791	134
225.795	134
225.798	134
225.802	134
225.805	134
225.808	134
225.812	134
225.815	134
225.818	134
225.822	134
225.825	134
225.829	134
225.832	134
225.835	134
225.839	134
225.842	134
225.845	134
225.849	134
225.852	134
225.856	134
225.859	134
225.862	134
225.866	134
225.869	134
225.872	134
225.876	134
225.879	134
225.883	134
225.886	134
225.889	134
225.893	134
225.896	134
225.899	134
225.903	134
225.906	134
225.909	134
225.913	134
225.916	134
225.92	134
225.923	134
225.926	134
225.93	134
225.933	134
225.936	134
225.94	134
225.943	134
225.947	134
225.95	134
225.953	134
225.957	134
225.96	134
225.963	134
225.967	134
225.97	134
225.974	134
225.977	134
225.98	134
225.984	134
225.987	134
225.99	134
225.994	134
225.997	134
226.001	134
226.004	134
226.007	134
226.011	134
226.014	134
226.017	134
226.021	134
226.024	134
226.028	134
226.031	134
226.034	134
226.038	134
226.041	134
226.044	134
226.048	134
226.051	134
226.055	134
226.058	134
226.061	134
226.065	134
226.068	134
226.071	134
226.075	134
226.078	134
226.082	134
226.085	134
226.088	134
226.092	134
226.095	134
226.098	134
226.102	134
226.105	134
226.108	134
226.112	134
226.115	134
226.119	134
226.122	134
226.125	134
226.129	134
226.132	134
226.135	134
226.139	134
226.142	134
226.146	134
226.149	134
226.152	134
226.156	134
226.159	134
226.162	134
226.166	134
226.169	134
226.173	134
226.176	134
226.179	134
226.183	134
226.186	134
226.189	134
226.193	134
226.196	134
226.2	134
226.203	134
226.206	134
226.21	134
226.213	134
226.216	134
226.22	134
226.223	134
226.227	134
226.23	134
226.233	134
226.237	134
226.24	134
226.243	134
226.247	134
226.25	134
226.254	134
226.257	134
226.26	134
226.264	134
226.267	134
226.27	134
226.274	134
226.277	134
226.281	134
226.284	134
226.287	134
226.291	134
226.294	134
226.297	134
226.301	134
226.304	134
226.307	134
226.311	134
226.314	134
226.318	134
226.321	134
226.324	134
226.328	134
226.331	134
226.334	134
226.338	134
226.341	134
226.345	134
226.348	134
226.351	134
226.355	134
226.358	134
226.361	134
226.365	134
226.368	134
226.372	134
226.375	134
226.378	134
226.382	134
226.385	134
226.388	134
226.392	134
226.395	134
226.399	134
226.402	134
226.405	134
226.409	134
226.412	134
226.415	134
226.419	134
226.422	134
226.426	134
226.429	134
226.432	134
226.436	134
226.439	134
226.442	134
226.446	134
226.449	134
226.453	134
226.456	134
226.459	134
226.463	134
226.466	134
226.469	134
226.473	134
226.476	134
226.479	134
226.483	134
226.486	134
226.49	134
226.493	134
226.496	134
226.5	134
226.503	134
226.506	134
226.51	134
226.513	134
226.517	134
226.52	134
226.523	134
226.527	134
226.53	134
226.533	134
226.537	134
226.54	134
226.544	134
226.547	134
226.55	134
226.554	134
226.557	134
226.56	134
226.564	134
226.567	134
226.571	134
226.574	134
226.577	134
226.581	134
226.584	134
226.587	134
226.591	134
226.594	134
226.598	134
226.601	134
226.604	134
226.608	134
226.611	134
226.614	134
226.618	134
226.621	134
226.625	134
226.628	134
226.631	134
226.635	134
226.638	134
226.641	134
226.645	134
226.648	134
226.652	134
226.655	134
226.658	134
226.662	134
226.665	134
226.668	134
226.672	134
226.675	134
226.678	134
226.682	134
226.685	134
226.689	134
226.692	134
226.695	134
226.699	134
226.702	134
226.705	134
226.709	134
226.712	134
226.716	134
226.719	134
226.722	134
226.726	134
226.729	134
226.732	134
226.736	134
226.739	134
226.743	134
226.746	134
226.749	134
226.753	134
226.756	134
226.759	134
226.763	134
226.766	134
226.77	134
226.773	134
226.776	134
226.78	134
226.783	134
226.786	134
226.79	134
226.793	134
226.797	134
226.8	134
226.803	134
226.807	134
226.81	134
226.813	134
226.817	134
226.82	134
226.824	134
226.827	134
226.83	134
226.834	134
226.837	134
226.84	134
226.844	134
226.847	134
226.851	134
226.854	134
226.857	134
226.861	134
226.864	134
226.867	134
226.871	134
226.874	134
226.877	134
226.881	134
226.884	134
226.888	134
226.891	134
226.894	134
226.898	134
226.901	134
226.904	134
226.908	134
226.911	134
226.915	134
226.918	134
226.921	134
226.925	134
226.928	134
226.931	134
226.935	134
226.938	134
226.942	134
226.945	134
226.948	134
226.952	134
226.955	134
226.958	134
226.962	134
226.965	134
226.969	134
226.972	134
226.975	134
226.979	134
226.982	134
226.985	134
226.989	134
226.992	134
226.996	134
226.999	134
227.002	134
227.006	134
227.009	134
227.012	134
227.016	134
227.019	134
227.023	134
227.026	134
227.029	134
227.033	134
227.036	134
227.039	134
227.043	134
227.046	134
227.049	134
227.053	134
227.056	134
227.06	134
227.063	134
227.066	134
227.07	134
227.073	134
227.076	134
227.08	134
227.083	134
227.087	134
227.09	134
227.093	134
227.097	134
227.1	134
227.103	134
227.107	134
227.11	134
227.114	134
227.117	134
227.12	134
227.124	134
227.127	134
227.13	134
227.134	134
227.137	134
227.141	134
227.144	134
227.147	134
227.151	134
227.154	134
227.157	134
227.161	134
227.164	134
227.168	134
227.171	134
227.174	134
227.178	134
227.181	134
227.184	134
227.188	134
227.191	134
227.195	134
227.198	134
227.201	134
227.205	134
227.208	134
227.211	134
227.215	134
227.218	134
227.222	134
227.225	134
227.228	134
227.232	134
227.235	134
227.238	134
227.242	134
227.245	134
227.248	134
227.252	134
227.255	134
227.259	134
227.262	134
227.265	134
227.269	134
227.272	134
227.275	134
227.279	134
227.282	134
227.286	134
227.289	134
227.292	134
227.296	134
227.299	134
227.302	134
227.306	134
227.309	134
227.313	134
227.316	134
227.319	134
227.323	134
227.326	134
227.329	134
227.333	134
227.336	134
227.34	134
227.343	134
227.346	134
227.35	134
227.353	134
227.356	134
227.36	134
227.363	134
227.367	134
227.37	134
227.373	134
227.377	134
227.38	134
227.383	134
227.387	134
227.39	134
227.394	134
227.397	134
227.4	134
227.404	134
227.407	134
227.41	134
227.414	134
227.417	134
227.421	134
227.424	134
227.427	134
227.431	134
227.434	134
227.437	134
227.441	134
227.444	134
227.447	134
227.451	134
227.454	134
227.458	134
227.461	134
227.464	134
227.468	134
227.471	134
227.474	134
227.478	134
227.481	134
227.485	134
227.488	134
227.491	134
227.495	134
227.498	134
227.501	134
227.505	134
227.508	134
227.512	134
227.515	134
227.518	134
227.522	134
227.525	134
227.528	134
227.532	134
227.535	134
227.539	134
227.542	134
227.545	134
227.549	134
227.552	134
227.555	134
227.559	134
227.562	134
227.566	134
227.569	134
227.572	134
227.576	134
227.579	134
227.582	134
227.586	134
227.589	134
227.593	134
227.596	134
227.599	134
227.603	134
227.606	134
227.609	134
227.613	134
227.616	134
227.62	134
227.623	134
227.626	134
227.63	134
227.633	134
227.636	134
227.64	134
227.643	134
227.646	134
227.65	134
227.653	134
227.657	134
227.66	134
227.663	134
227.667	134
227.67	134
227.673	134
227.677	134
227.68	134
227.684	134
227.687	134
227.69	134
227.694	134
227.697	134
227.7	134
227.704	134
227.707	134
227.711	134
227.714	134
227.717	134
227.721	134
227.724	134
227.727	134
227.731	134
227.734	134
227.738	134
227.741	134
227.744	134
227.748	134
227.751	134
227.754	134
227.758	134
227.761	134
227.765	134
227.768	134
227.771	134
227.775	134
227.778	134
227.781	134
227.785	134
227.788	134
227.792	134
227.795	134
227.798	134
227.802	134
227.805	134
227.808	134
227.812	134
227.815	134
227.818	134
227.822	134
227.825	134
227.829	134
227.832	134
227.835	134
227.839	134
227.842	134
227.845	134
227.849	134
227.852	134
227.856	134
227.859	134
227.862	134
227.866	134
227.869	134
227.872	134
227.876	134
227.879	134
227.883	134
227.886	134
227.889	134
227.893	134
227.896	134
227.899	134
227.903	134
227.906	134
227.91	134
227.913	134
227.916	134
227.92	134
227.923	134
227.926	134
227.93	134
227.933	134
227.937	134
227.94	134
227.943	134
227.947	134
227.95	134
227.953	134
227.957	134
227.96	134
227.964	134
227.967	134
227.97	134
227.974	134
227.977	134
227.98	134
227.984	134
227.987	134
227.991	134
227.994	134
227.997	134
228.001	134
228.004	134
228.007	134
228.011	134
228.014	134
228.017	134
228.021	134
228.024	134
228.028	134
228.031	134
228.034	134
228.038	134
228.041	134
228.044	134
228.048	134
228.051	134
228.055	134
228.058	134
228.061	134
228.065	134
228.068	134
228.071	134
228.075	134
228.078	134
228.082	134
228.085	134
228.088	134
228.092	134
228.095	134
228.098	134
228.102	134
228.105	134
228.109	134
228.112	134
228.115	134
228.119	134
228.122	134
228.125	134
228.129	134
228.132	134
228.136	134
228.139	134
228.142	134
228.146	134
228.149	134
228.152	134
228.156	134
228.159	134
228.163	134
228.166	134
228.169	134
228.173	134
228.176	134
228.179	134
228.183	134
228.186	134
228.19	134
228.193	134
228.196	134
228.2	134
228.203	134
228.206	134
228.21	134
228.213	134
228.216	134
228.22	134
228.223	134
228.227	134
228.23	134
228.233	134
228.237	134
228.24	134
228.243	134
228.247	134
228.25	134
228.254	134
228.257	134
228.26	134
228.264	134
228.267	134
228.27	134
228.274	134
228.277	134
228.281	134
228.284	134
228.287	134
228.291	134
228.294	134
228.297	134
228.301	134
228.304	134
228.308	134
228.311	134
228.314	134
228.318	134
228.321	134
228.324	134
228.328	134
228.331	134
228.335	134
228.338	134
228.341	134
228.345	134
228.348	134
228.351	134
228.355	134
228.358	134
228.362	134
228.365	134
228.368	134
228.372	134
228.375	134
228.378	134
228.382	134
228.385	134
228.389	134
228.392	134
228.395	134
228.399	134
228.402	134
228.405	134
228.409	134
228.412	134
228.415	134
228.419	134
228.422	134
228.426	134
228.429	134
228.432	134
228.436	134
228.439	134
228.442	134
228.446	134
228.449	134
228.453	134
228.456	134
228.459	134
228.463	134
228.466	134
228.469	134
228.473	134
228.476	134
228.48	134
228.483	134
228.486	134
228.49	134
228.493	134
228.496	134
228.5	134
228.503	134
228.507	134
228.51	134
228.513	134
228.517	134
228.52	134
228.523	134
228.527	134
228.53	134
228.534	134
228.537	134
228.54	134
228.544	134
228.547	134
228.55	134
228.554	134
228.557	134
228.561	134
228.564	134
228.567	134
228.571	134
228.574	134
228.577	134
228.581	134
228.584	134
228.587	134
228.591	134
228.594	134
228.598	134
228.601	134
228.604	134
228.608	134
228.611	134
228.614	134
228.618	134
228.621	134
228.625	134
228.628	134
228.631	134
228.635	134
228.638	134
228.641	134
228.645	134
228.648	134
228.652	134
228.655	134
228.658	134
228.662	134
228.665	134
228.668	134
228.672	134
228.675	134
228.679	134
228.682	134
228.685	134
228.689	134
228.692	134
228.695	134
228.699	134
228.702	134
228.706	134
228.709	134
228.712	134
228.716	134
228.719	134
228.722	134
228.726	134
228.729	134
228.733	134
228.736	134
228.739	134
228.743	134
228.746	134
228.749	134
228.753	134
228.756	134
228.76	134
228.763	134
228.766	134
228.77	134
228.773	134
228.776	134
228.78	134
228.783	134
228.786	134
228.79	134
228.793	134
228.797	134
228.8	134
228.803	134
228.807	134
228.81	134
228.813	134
228.817	134
228.82	134
228.824	134
228.827	134
228.83	134
228.834	134
228.837	134
228.84	134
228.844	134
228.847	134
228.851	134
228.854	134
228.857	134
228.861	134
228.864	134
228.867	134
228.871	134
228.874	134
228.878	134
228.881	134
228.884	134
228.888	134
228.891	134
228.894	134
228.898	134
228.901	134
228.905	134
228.908	134
228.911	134
228.915	134
228.918	134
228.921	134
228.925	134
228.928	134
228.932	134
228.935	134
228.938	134
228.942	134
228.945	134
228.948	134
228.952	134
228.955	134
228.959	134
228.962	134
228.965	134
228.969	134
228.972	134
228.975	134
228.979	134
228.982	134
228.985	134
228.989	134
228.992	134
228.996	134
228.999	134
229.002	134
229.006	134
229.009	134
229.012	134
229.016	134
229.019	134
229.023	134
229.026	134
229.029	134
229.033	134
229.036	134
229.039	134
229.043	134
229.046	134
229.05	134
229.053	134
229.056	134
229.06	134
229.063	134
229.066	134
229.07	134
229.073	134
229.077	134
229.08	134
229.083	134
229.087	134
229.09	134
229.093	134
229.097	134
229.1	134
229.104	134
229.107	134
229.11	134
229.114	134
229.117	134
229.12	134
229.124	134
229.127	134
229.131	134
229.134	134
229.137	134
229.141	134
229.144	134
229.147	134
229.151	134
229.154	134
229.157	134
229.161	134
229.164	134
229.168	134
229.171	134
229.174	134
229.178	134
229.181	134
229.184	134
229.188	134
229.191	134
229.195	134
229.198	134
229.201	134
229.205	134
229.208	134
229.211	134
229.215	134
229.218	134
229.222	134
229.225	134
229.228	134
229.232	134
229.235	134
229.238	134
229.242	134
229.245	134
229.249	134
229.252	134
229.255	134
229.259	134
229.262	134
229.265	134
229.269	134
229.272	134
229.276	134
229.279	134
229.282	134
229.286	134
229.289	134
229.292	134
229.296	134
229.299	134
229.303	134
229.306	134
229.309	134
229.313	134
229.316	134
229.319	134
229.323	134
229.326	134
229.33	134
229.333	134
229.336	134
229.34	134
229.343	134
229.346	134
229.35	134
229.353	134
229.356	134
229.36	134
229.363	134
229.367	134
229.37	134
229.373	134
229.377	134
229.38	134
229.383	134
229.387	134
229.39	134
229.394	134
229.397	134
229.4	134
229.404	134
229.407	134
229.41	134
229.414	134
229.417	134
229.421	134
229.424	134
229.427	134
229.431	134
229.434	134
229.437	134
229.441	134
229.444	134
229.448	134
229.451	134
229.454	134
229.458	134
229.461	134
229.464	134
229.468	134
229.471	134
229.475	134
229.478	134
229.481	134
229.485	134
229.488	134
229.491	134
229.495	134
229.498	134
229.502	134
229.505	134
229.508	134
229.512	134
229.515	134
229.518	134
229.522	134
229.525	134
229.529	134
229.532	134
229.535	134
229.539	134
229.542	134
229.545	134
229.549	134
229.552	134
229.555	134
229.559	134
229.562	134
229.566	134
229.569	134
229.572	134
229.576	134
229.579	134
229.582	134
229.586	134
229.589	134
229.593	134
229.596	134
229.599	134
229.603	134
229.606	134
229.609	134
229.613	134
229.616	134
229.62	134
229.623	134
229.626	134
229.63	134
229.633	134
229.636	134
229.64	134
229.643	134
229.647	134
229.65	134
229.653	134
229.657	134
229.66	134
229.663	134
229.667	134
229.67	134
229.674	134
229.677	134
229.68	134
229.684	134
229.687	134
229.69	134
229.694	134
229.697	134
229.701	134
229.704	134
229.707	134
229.711	134
229.714	134
229.717	134
229.721	134
229.724	134
229.728	134
229.731	134
229.734	134
229.738	134
229.741	134
229.744	134
229.748	134
229.751	134
229.754	134
229.758	134
229.761	134
229.765	134
229.768	134
229.771	134
229.775	134
229.778	134
229.781	134
229.785	134
229.788	134
229.792	134
229.795	134
229.798	134
229.802	134
229.805	134
229.808	134
229.812	134
229.815	134
229.819	134
229.822	134
229.825	134
229.829	134
229.832	134
229.835	134
229.839	134
229.842	134
229.846	134
229.849	134
229.852	134
229.856	134
229.859	134
229.862	134
229.866	134
229.869	134
229.873	134
229.876	134
229.879	134
229.883	134
229.886	134
229.889	134
229.893	134
229.896	134
229.9	134
229.903	134
229.906	134
229.91	134
229.913	134
229.916	134
229.92	134
229.923	134
229.926	134
229.93	134
229.933	134
229.937	134
229.94	134
229.943	134
229.947	134
229.95	134
229.953	134
229.957	134
229.96	134
229.964	134
229.967	134
229.97	134
229.974	134
229.977	134
229.98	134
229.984	134
229.987	134
229.991	134
229.994	134
229.997	134
230.001	134
230.004	134
230.007	134
230.011	134
230.014	134
230.018	134
230.021	134
230.024	134
230.028	134
230.031	134
230.034	134
230.038	134
230.041	134
230.045	134
230.048	134
230.051	134
230.055	134
230.058	134
230.061	134
230.065	134
230.068	134
230.072	134
230.075	134
230.078	134
230.082	134
230.085	134
230.088	134
230.092	134
230.095	134
230.099	134
230.102	134
230.105	134
230.109	134
230.112	134
230.115	134
230.119	134
230.122	134
230.125	134
230.129	134
230.132	134
230.136	134
230.139	134
230.142	134
230.146	134
230.149	134
230.152	134
230.156	134
230.159	134
230.163	134
230.166	134
230.169	134
230.173	134
230.176	134
230.179	134
230.183	134
230.186	134
230.19	134
230.193	134
230.196	134
230.2	134
230.203	134
230.206	134
230.21	134
230.213	134
230.217	134
230.22	134
230.223	134
230.227	134
230.23	134
230.233	134
230.237	134
230.24	134
230.244	134
230.247	134
230.25	134
230.254	134
230.257	134
230.26	134
230.264	134
230.267	134
230.271	134
230.274	134
230.277	134
230.281	134
230.284	134
230.287	134
230.291	134
230.294	134
230.298	134
230.301	134
230.304	134
230.308	134
230.311	134
230.314	134
230.318	134
230.321	134
230.324	134
230.328	134
230.331	134
230.335	134
230.338	134
230.341	134
230.345	134
230.348	134
230.351	134
230.355	134
230.358	134
230.362	134
230.365	134
230.368	134
230.372	134
230.375	134
230.378	134
230.382	134
230.385	134
230.389	134
230.392	134
230.395	134
230.399	134
230.402	134
230.405	134
230.409	134
230.412	134
230.416	134
230.419	134
230.422	134
230.426	134
230.429	134
230.432	134
230.436	134
230.439	134
230.443	134
230.446	134
230.449	134
230.453	134
230.456	134
230.459	134
230.463	134
230.466	134
230.47	134
230.473	134
230.476	134
230.48	134
230.483	134
230.486	134
230.49	134
230.493	134
230.497	134
230.5	134
230.503	134
230.507	134
230.51	134
230.513	134
230.517	134
230.52	134
230.523	134
230.527	134
230.53	134
230.534	134
230.537	134
230.54	134
230.544	134
230.547	134
230.55	134
230.554	134
230.557	134
230.561	134
230.564	134
230.567	134
230.571	134
230.574	134
230.577	134
230.581	134
230.584	134
230.588	134
230.591	134
230.594	134
230.598	134
230.601	134
230.604	134
230.608	134
230.611	134
230.615	134
230.618	134
230.621	134
230.625	134
230.628	134
230.631	134
230.635	134
230.638	134
230.642	134
230.645	134
230.648	134
230.652	134
230.655	134
230.658	134
230.662	134
230.665	134
230.669	134
230.672	134
230.675	134
230.679	134
230.682	134
230.685	134
230.689	134
230.692	134
230.695	134
230.699	134
230.702	134
230.706	134
230.709	134
230.712	134
230.716	134
230.719	134
230.722	134
230.726	134
230.729	134
230.733	134
230.736	134
230.739	134
230.743	134
230.746	134
230.749	134
230.753	134
230.756	134
230.76	134
230.763	134
230.766	134
230.77	134
230.773	134
230.776	134
230.78	134
230.783	134
230.787	134
230.79	134
230.793	134
230.797	134
230.8	134
230.803	134
230.807	134
230.81	134
230.814	134
230.817	134
230.82	134
230.824	134
230.827	134
230.83	134
230.834	134
230.837	134
230.841	134
230.844	134
230.847	134
230.851	134
230.854	134
230.857	134
230.861	134
230.864	134
230.868	134
230.871	134
230.874	134
230.878	134
230.881	134
230.884	134
230.888	134
230.891	134
230.894	134
230.898	134
230.901	134
230.905	134
230.908	134
230.911	134
230.915	134
230.918	134
230.921	134
230.925	134
230.928	134
230.932	134
230.935	134
230.938	134
230.942	134
230.945	134
230.948	134
230.952	134
230.955	134
230.959	134
230.962	134
230.965	134
230.969	134
230.972	134
230.975	134
230.979	134
230.982	134
230.986	134
230.989	134
230.992	134
230.996	134
230.999	134
231.002	134
231.006	134
231.009	134
231.013	134
231.016	134
231.019	134
231.023	134
231.026	134
231.029	134
231.033	134
231.036	134
231.04	134
231.043	134
231.046	134
231.05	134
231.053	134
231.056	134
231.06	134
231.063	134
231.067	134
231.07	134
231.073	134
231.077	134
231.08	134
231.083	134
231.087	134
231.09	134
231.093	134
231.097	134
231.1	134
231.104	134
231.107	134
231.11	134
231.114	134
231.117	134
231.12	134
231.124	134
231.127	134
231.131	134
231.134	134
231.137	134
231.141	134
231.144	134
231.147	134
231.151	134
231.154	134
231.158	134
231.161	134
231.164	134
231.168	134
231.171	134
231.174	134
231.178	134
231.181	134
231.185	134
231.188	134
231.191	134
231.195	134
231.198	134
231.201	134
231.205	134
231.208	134
231.212	134
231.215	134
231.218	134
231.222	134
231.225	134
231.228	134
231.232	134
231.235	134
231.239	134
231.242	134
231.245	134
231.249	134
231.252	134
231.255	134
231.259	134
231.262	134
231.265	134
231.269	134
231.272	134
231.276	134
231.279	134
231.282	134
231.286	134
231.289	134
231.292	134
231.296	134
231.299	134
231.303	134
231.306	134
231.309	134
231.313	134
231.316	134
231.319	134
231.323	134
231.326	134
231.33	134
231.333	134
231.336	134
231.34	134
231.343	134
231.346	134
231.35	134
231.353	134
231.357	134
231.36	134
231.363	134
231.367	134
231.37	134
231.373	134
231.377	134
231.38	134
231.384	134
231.387	134
231.39	134
231.394	134
231.397	134
231.4	134
231.404	134
231.407	134
231.411	134
231.414	134
231.417	134
231.421	134
231.424	134
231.427	134
231.431	134
231.434	134
231.438	134
231.441	134
231.444	134
231.448	134
231.451	134
231.454	134
231.458	134
231.461	134
231.464	134
231.468	134
231.471	134
231.475	134
231.478	134
231.481	134
231.485	134
231.488	134
231.491	134
231.495	134
231.498	134
231.502	134
231.505	134
231.508	134
231.512	134
231.515	134
231.518	134
231.522	134
231.525	134
231.529	134
231.532	134
231.535	134
231.539	134
231.542	134
231.545	134
231.549	134
231.552	134
231.556	134
231.559	134
231.562	134
231.566	134
231.569	134
231.572	134
231.576	134
231.579	134
231.583	134
231.586	134
231.589	134
231.593	134
231.596	134
231.599	134
231.603	134
231.606	134
231.61	134
231.613	134
231.616	134
231.62	134
231.623	134
231.626	134
231.63	134
231.633	134
231.637	134
231.64	134
231.643	134
231.647	134
231.65	134
231.653	134
231.657	134
231.66	134
231.663	134
231.667	134
231.67	134
231.674	134
231.677	134
231.68	134
231.684	134
231.687	134
231.69	134
231.694	134
231.697	134
231.701	134
231.704	134
231.707	134
231.711	134
231.714	134
231.717	134
231.721	134
231.724	134
231.728	134
231.731	134
231.734	134
231.738	134
231.741	134
231.744	134
231.748	134
231.751	134
231.755	134
231.758	134
231.761	134
231.765	134
231.768	134
231.771	134
231.775	134
231.778	134
231.782	134
231.785	134
231.788	134
231.792	134
231.795	134
231.798	134
231.802	134
231.805	134
231.809	134
231.812	134
231.815	134
231.819	134
231.822	134
231.825	134
231.829	134
231.832	134
231.836	134
231.839	134
231.842	134
231.846	134
231.849	134
231.852	134
231.856	134
231.859	134
231.862	134
231.866	134
231.869	134
231.873	134
231.876	134
231.879	134
231.883	134
231.886	134
231.889	134
231.893	134
231.896	134
231.9	134
231.903	134
231.906	134
231.91	134
231.913	134
231.916	134
231.92	134
231.923	134
231.927	134
231.93	134
231.933	134
231.937	134
231.94	134
231.943	134
231.947	134
231.95	134
231.954	134
231.957	134
231.96	134
231.964	134
231.967	134
231.97	134
231.974	134
231.977	134
231.981	134
231.984	134
231.987	134
231.991	134
231.994	134
231.997	134
232.001	134
232.004	134
232.008	134
232.011	134
232.014	134
232.018	134
232.021	134
232.024	134
232.028	134
232.031	134
232.034	134
232.038	134
232.041	134
232.045	134
232.048	134
232.051	134
232.055	134
232.058	134
232.061	134
232.065	134
232.068	134
232.072	134
232.075	134
232.078	134
232.082	134
232.085	134
232.088	134
232.092	134
232.095	134
232.099	134
232.102	134
232.105	134
232.109	134
232.112	134
232.115	134
232.119	134
232.122	134
232.126	134
232.129	134
232.132	134
232.136	134
232.139	134
232.142	134
232.146	134
232.149	134
232.153	134
232.156	134
232.159	134
232.163	134
232.166	134
232.169	134
232.173	134
232.176	134
232.18	134
232.183	134
232.186	134
232.19	134
232.193	134
232.196	134
232.2	134
232.203	134
232.207	134
232.21	134
232.213	134
232.217	134
232.22	134
232.223	134
232.227	134
232.23	134
232.233	134
232.237	134
232.24	134
232.244	134
232.247	134
232.25	134
232.254	134
232.257	134
232.26	134
232.264	134
232.267	134
232.271	134
232.274	134
232.277	134
232.281	134
232.284	134
232.287	134
232.291	134
232.294	134
232.298	134
232.301	134
232.304	134
232.308	134
232.311	134
232.314	134
232.318	134
232.321	134
232.325	134
232.328	134
232.331	134
232.335	134
232.338	134
232.341	134
232.345	134
232.348	134
232.352	134
232.355	134
232.358	134
232.362	134
232.365	134
232.368	134
232.372	134
232.375	134
232.379	134
232.382	134
232.385	134
232.389	134
232.392	134
232.395	134
232.399	134
232.402	134
232.406	134
232.409	134
232.412	134
232.416	134
232.419	134
232.422	134
232.426	134
232.429	134
232.432	134
232.436	134
232.439	134
232.443	134
232.446	134
232.449	134
232.453	134
232.456	134
232.459	134
232.463	134
232.466	134
232.47	134
232.473	134
232.476	134
232.48	134
232.483	134
232.486	134
232.49	134
232.493	134
232.497	134
232.5	134
232.503	134
232.507	134
232.51	134
232.513	134
232.517	134
232.52	134
232.524	134
232.527	134
232.53	134
232.534	134
232.537	134
232.54	134
232.544	134
232.547	134
232.551	134
232.554	134
232.557	134
232.561	134
232.564	134
232.567	134
232.571	134
232.574	134
232.578	134
232.581	134
232.584	134
232.588	134
232.591	134
232.594	134
232.598	134
232.601	134
232.605	134
232.608	134
232.611	134
232.615	134
232.618	134
232.621	134
232.625	134
232.628	134
232.631	134
232.635	134
232.638	134
232.642	134
232.645	134
232.648	134
232.652	134
232.655	134
232.658	134
232.662	134
232.665	134
232.669	134
232.672	134
232.675	134
232.679	134
232.682	134
232.685	134
232.689	134
232.692	134
232.696	134
232.699	134
232.702	134
232.706	134
232.709	134
232.712	134
232.716	134
232.719	134
232.723	134
232.726	134
232.729	134
232.733	134
232.736	134
232.739	134
232.743	134
232.746	134
232.75	134
232.753	134
232.756	134
232.76	134
232.763	134
232.766	134
232.77	134
232.773	134
232.777	134
232.78	134
232.783	134
232.787	134
232.79	134
232.793	134
232.797	134
232.8	134
232.803	134
232.807	134
232.81	134
232.814	134
232.817	134
232.82	134
232.824	134
232.827	134
232.83	134
232.834	134
232.837	134
232.841	134
232.844	134
232.847	134
232.851	134
232.854	134
232.857	134
232.861	134
232.864	134
232.868	134
232.871	134
232.874	134
232.878	134
232.881	134
232.884	134
232.888	134
232.891	134
232.895	134
232.898	134
232.901	134
232.905	134
232.908	134
232.911	134
232.915	134
232.918	134
232.922	134
232.925	134
232.928	134
232.932	134
232.935	134
232.938	134
232.942	134
232.945	134
232.949	134
232.952	134
232.955	134
232.959	134
232.962	134
232.965	134
232.969	134
232.972	134
232.976	134
232.979	134
232.982	134
232.986	134
232.989	134
232.992	134
232.996	134
232.999	134
233.002	134
233.006	134
233.009	134
233.013	134
233.016	134
233.019	134
233.023	134
233.026	134
233.029	134
233.033	134
233.036	134
233.04	134
233.043	134
233.046	134
233.05	134
233.053	134
233.056	134
233.06	134
233.063	134
233.067	134
233.07	134
233.073	134
233.077	134
233.08	134
233.083	134
233.087	134
233.09	134
233.094	134
233.097	134
233.1	134
233.104	134
233.107	134
233.11	134
233.114	134
233.117	134
233.121	134
233.124	134
233.127	134
233.131	134
233.134	134
233.137	134
233.141	134
233.144	134
233.148	134
233.151	134
233.154	134
233.158	134
233.161	134
233.164	134
233.168	134
233.171	134
233.175	134
233.178	134
233.181	134
233.185	134
233.188	134
233.191	134
233.195	134
233.198	134
233.201	134
233.205	134
233.208	134
233.212	134
233.215	134
233.218	134
233.222	134
233.225	134
233.228	134
233.232	134
233.235	134
233.239	134
233.242	134
233.245	134
233.249	134
233.252	134
233.255	134
233.259	134
233.262	134
233.266	134
233.269	134
233.272	134
233.276	134
233.279	134
233.282	134
233.286	134
233.289	134
233.293	134
233.296	134
233.299	134
233.303	134
233.306	134
233.309	134
233.313	134
233.316	134
233.32	134
233.323	134
233.326	134
233.33	134
233.333	134
233.336	134
233.34	134
233.343	134
233.347	134
233.35	134
233.353	134
233.357	134
233.36	134
233.363	134
233.367	134
233.37	134
233.373	134
233.377	134
233.38	134
233.384	134
233.387	134
233.39	134
233.394	134
233.397	134
233.4	134
233.404	134
233.407	134
233.411	134
233.414	134
233.417	134
233.421	134
233.424	134
233.427	134
233.431	134
233.434	134
233.438	134
233.441	134
233.444	134
233.448	134
233.451	134
233.454	134
233.458	134
233.461	134
233.465	134
233.468	134
233.471	134
233.475	134
233.478	134
233.481	134
233.485	134
233.488	134
233.492	134
233.495	134
233.498	134
233.502	134
233.505	134
233.508	134
233.512	134
233.515	134
233.519	134
233.522	134
233.525	134
233.529	134
233.532	134
233.535	134
233.539	134
233.542	134
233.546	134
233.549	134
233.552	134
233.556	134
233.559	134
233.562	134
233.566	134
233.569	134
233.572	134
233.576	134
233.579	134
233.583	134
233.586	134
233.589	134
233.593	134
233.596	134
233.599	134
233.603	134
233.606	134
233.61	134
233.613	134
233.616	134
233.62	134
233.623	134
233.626	134
233.63	134
233.633	134
233.637	134
233.64	134
233.643	134
233.647	134
233.65	134
233.653	134
233.657	134
233.66	134
233.664	134
233.667	134
233.67	134
233.674	134
233.677	134
233.68	134
233.684	134
233.687	134
233.691	134
233.694	134
233.697	134
233.701	134
233.704	134
233.707	134
233.711	134
233.714	134
233.718	134
233.721	134
233.724	134
233.728	134
233.731	134
233.734	134
233.738	134
233.741	134
233.745	134
233.748	134
233.751	134
233.755	134
233.758	134
233.761	134
233.765	134
233.768	134
233.771	134
233.775	134
233.778	134
233.782	134
233.785	134
233.788	134
233.792	134
233.795	134
233.798	134
233.802	134
233.805	134
233.809	134
233.812	134
233.815	134
233.819	134
233.822	134
233.825	134
233.829	134
233.832	134
233.836	134
233.839	134
233.842	134
233.846	134
233.849	134
233.852	134
233.856	134
233.859	134
233.863	134
233.866	134
233.869	134
233.873	134
233.876	134
233.879	134
233.883	134
233.886	134
233.89	134
233.893	134
233.896	134
233.9	134
233.903	134
233.906	134
233.91	134
233.913	134
233.917	134
233.92	134
233.923	134
233.927	134
233.93	134
233.933	134
233.937	134
233.94	134
233.944	134
233.947	134
233.95	134
233.954	134
233.957	134
233.96	134
233.964	134
233.967	134
233.97	134
233.974	134
233.977	134
233.981	134
233.984	134
233.987	134
233.991	134
233.994	134
233.997	134
234.001	134
234.004	134
234.008	134
234.011	134
234.014	134
234.018	134
234.021	134
234.024	134
234.028	134
234.031	134
234.035	134
234.038	134
234.041	134
234.045	134
234.048	134
234.051	134
234.055	134
234.058	134
234.062	134
234.065	134
234.068	134
234.072	134
234.075	134
234.078	134
234.082	134
234.085	134
234.089	134
234.092	134
234.095	134
234.099	134
234.102	134
234.105	134
234.109	134
234.112	134
234.116	134
234.119	134
234.122	134
234.126	134
234.129	134
234.132	134
234.136	134
234.139	134
234.142	134
234.146	134
234.149	134
234.153	134
234.156	134
234.159	134
234.163	134
234.166	134
234.169	134
234.173	134
234.176	134
234.18	134
234.183	134
234.186	134
234.19	134
234.193	134
234.196	134
234.2	134
234.203	134
234.207	134
234.21	134
234.213	134
234.217	134
234.22	134
234.223	134
234.227	134
234.23	134
234.234	134
234.237	134
234.24	134
234.244	134
234.247	134
234.25	134
234.254	134
234.257	134
234.261	134
234.264	134
234.267	134
234.271	134
234.274	134
234.277	134
234.281	134
234.284	134
234.288	134
234.291	134
234.294	134
234.298	134
234.301	134
234.304	134
234.308	134
234.311	134
234.315	134
234.318	134
234.321	134
234.325	134
234.328	134
234.331	134
234.335	134
234.338	134
234.341	134
234.345	134
234.348	134
234.352	134
234.355	134
234.358	134
234.362	134
234.365	134
234.368	134
234.372	134
234.375	134
234.379	134
234.382	134
234.385	134
234.389	134
234.392	134
234.395	134
234.399	134
234.402	134
234.406	134
234.409	134
234.412	134
234.416	134
234.419	134
234.422	134
234.426	134
234.429	134
234.433	134
234.436	134
234.439	134
234.443	134
234.446	134
234.449	134
234.453	134
234.456	134
234.46	134
234.463	134
234.466	134
234.47	134
234.473	134
234.476	134
234.48	134
234.483	134
234.487	134
234.49	134
234.493	134
234.497	134
234.5	134
234.503	134
234.507	134
234.51	134
234.514	134
234.517	134
234.52	134
234.524	134
234.527	134
234.53	134
234.534	134
234.537	134
234.54	134
234.544	134
234.547	134
234.551	134
234.554	134
234.557	134
234.561	134
234.564	134
234.567	134
234.571	134
234.574	134
234.578	134
234.581	134
234.584	134
234.588	134
234.591	134
234.594	134
234.598	134
234.601	134
234.605	134
234.608	134
234.611	134
234.615	134
234.618	134
234.621	134
234.625	134
234.628	134
234.632	134
234.635	134
234.638	134
234.642	134
234.645	134
234.648	134
234.652	134
234.655	134
234.659	134
234.662	134
234.665	134
234.669	134
234.672	134
234.675	134
234.679	134
234.682	134
234.686	134
234.689	134
234.692	134
234.696	134
234.699	134
234.702	134
234.706	134
234.709	134
234.713	134
234.716	134
234.719	134
234.723	134
234.726	134
234.729	134
234.733	134
234.736	134
234.739	134
234.743	134
234.746	134
234.75	134
234.753	134
234.756	134
234.76	134
234.763	134
234.766	134
234.77	134
234.773	134
234.777	134
234.78	134
234.783	134
234.787	134
234.79	134
234.793	134
234.797	134
234.8	134
234.804	134
234.807	134
234.81	134
234.814	134
234.817	134
234.82	134
234.824	134
234.827	134
234.831	134
234.834	134
234.837	134
234.841	134
234.844	134
234.847	134
234.851	134
234.854	134
234.858	134
234.861	134
234.864	134
234.868	134
234.871	134
234.874	134
234.878	134
234.881	134
234.885	134
234.888	134
234.891	134
234.895	134
234.898	134
234.901	134
234.905	134
234.908	134
234.911	134
234.915	134
234.918	134
234.922	134
234.925	134
234.928	134
234.932	134
234.935	134
234.938	134
234.942	134
234.945	134
234.949	134
234.952	134
234.955	134
234.959	134
234.962	134
234.965	134
234.969	134
234.972	134
234.976	134
234.979	134
234.982	134
234.986	134
234.989	134
234.992	134
234.996	134
234.999	134
235.003	134
235.006	134
235.009	134
235.013	134
235.016	134
235.019	134
235.023	134
235.026	134
235.03	134
235.033	134
235.036	134
235.04	134
235.043	134
235.046	134
235.05	134
235.053	134
235.057	134
235.06	134
235.063	134
235.067	134
235.07	134
235.073	134
235.077	134
235.08	134
235.084	134
235.087	134
235.09	134
235.094	134
235.097	134
235.1	134
235.104	134
235.107	134
235.11	134
235.114	134
235.117	134
235.121	134
235.124	134
235.127	134
235.131	134
235.134	134
235.137	134
235.141	134
235.144	134
235.148	134
235.151	134
235.154	134
235.158	134
235.161	134
235.164	134
235.168	134
235.171	134
235.175	134
235.178	134
235.181	134
235.185	134
235.188	134
235.191	134
235.195	134
235.198	134
235.202	134
235.205	134
235.208	134
235.212	134
235.215	134
235.218	134
235.222	134
235.225	134
235.229	134
235.232	134
235.235	134
235.239	134
235.242	134
235.245	134
235.249	134
235.252	134
235.256	134
235.259	134
235.262	134
235.266	134
235.269	134
235.272	134
235.276	134
235.279	134
235.283	134
235.286	134
235.289	134
235.293	134
235.296	134
235.299	134
235.303	134
235.306	134
235.309	134
235.313	134
235.316	134
235.32	134
235.323	134
235.326	134
235.33	134
235.333	134
235.336	134
235.34	134
235.343	134
235.347	134
235.35	134
235.353	134
235.357	134
235.36	134
235.363	134
235.367	134
235.37	134
235.374	134
235.377	134
235.38	134
235.384	134
235.387	134
235.39	134
235.394	134
235.397	134
235.401	134
235.404	134
235.407	134
235.411	134
235.414	134
235.417	134
235.421	134
235.424	134
235.428	134
235.431	134
235.434	134
235.438	134
235.441	134
235.444	134
235.448	134
235.451	134
235.455	134
235.458	134
235.461	134
235.465	134
235.468	134
235.471	134
235.475	134
235.478	134
235.481	134
235.485	134
235.488	134
235.492	134
235.495	134
235.498	134
235.502	134
235.505	134
235.508	134
235.512	134
235.515	134
235.519	134
235.522	134
235.525	134
235.529	134
235.532	134
235.535	134
235.539	134
235.542	134
235.546	134
235.549	134
235.552	134
235.556	134
235.559	134
235.562	134
235.566	134
235.569	134
235.573	134
235.576	134
235.579	134
235.583	134
235.586	134
235.589	134
235.593	134
235.596	134
235.6	134
235.603	134
235.606	134
235.61	134
235.613	134
235.616	134
235.62	134
235.623	134
235.627	134
235.63	134
235.633	134
235.637	134
235.64	134
235.643	134
235.647	134
235.65	134
235.654	134
235.657	134
235.66	134
235.664	134
235.667	134
235.67	134
235.674	134
235.677	134
235.68	134
235.684	134
235.687	134
235.691	134
235.694	134
235.697	134
235.701	134
235.704	134
235.707	134
235.711	134
235.714	134
235.718	134
235.721	134
235.724	134
235.728	134
235.731	134
235.734	134
235.738	134
235.741	134
235.745	134
235.748	134
235.751	134
235.755	134
235.758	134
235.761	134
235.765	134
235.768	134
235.772	134
235.775	134
235.778	134
235.782	134
235.785	134
235.788	134
235.792	134
235.795	134
235.799	134
235.802	134
235.805	134
235.809	134
235.812	134
235.815	134
235.819	134
235.822	134
235.826	134
235.829	134
235.832	134
235.836	134
235.839	134
235.842	134
235.846	134
235.849	134
235.853	134
235.856	134
235.859	134
235.863	134
235.866	134
235.869	134
235.873	134
235.876	134
235.879	134
235.883	134
235.886	134
235.89	134
235.893	134
235.896	134
235.9	134
235.903	134
235.906	134
235.91	134
235.913	134
235.917	134
235.92	134
235.923	134
235.927	134
235.93	134
235.933	134
235.937	134
235.94	134
235.944	134
235.947	134
235.95	134
235.954	134
235.957	134
235.96	134
235.964	134
235.967	134
235.971	134
235.974	134
235.977	134
235.981	134
235.984	134
235.987	134
235.991	134
235.994	134
235.998	134
236.001	134
236.004	134
236.008	134
236.011	134
236.014	134
236.018	134
236.021	134
236.025	134
236.028	134
236.031	134
236.035	134
236.038	134
236.041	134
236.045	134
236.048	134
236.052	134
236.055	134
236.058	134
236.062	134
236.065	134
236.068	134
236.072	134
236.075	134
236.078	134
236.082	134
236.085	134
236.089	134
236.092	134
236.095	134
236.099	134
236.102	134
236.105	134
236.109	134
236.112	134
236.116	134
236.119	134
236.122	134
236.126	134
236.129	134
236.132	134
236.136	134
236.139	134
236.143	134
236.146	134
236.149	134
236.153	134
236.156	134
236.159	134
236.163	134
236.166	134
236.17	134
236.173	134
236.176	134
236.18	134
236.183	134
236.186	134
236.19	134
236.193	134
236.197	134
236.2	134
236.203	134
236.207	134
236.21	134
236.213	134
236.217	134
236.22	134
236.224	134
236.227	134
236.23	134
236.234	134
236.237	134
236.24	134
236.244	134
236.247	134
236.25	134
236.254	134
236.257	134
236.261	134
236.264	134
236.267	134
236.271	134
236.274	134
236.277	134
236.281	134
236.284	134
236.288	134
236.291	134
236.294	134
236.298	134
236.301	134
236.304	134
236.308	134
236.311	134
236.315	134
236.318	134
236.321	134
236.325	134
236.328	134
236.331	134
236.335	134
236.338	134
236.342	134
236.345	134
236.348	134
236.352	134
236.355	134
236.358	134
236.362	134
236.365	134
236.369	134
236.372	134
236.375	134
236.379	134
236.382	134
236.385	134
236.389	134
236.392	134
236.396	134
236.399	134
236.402	134
236.406	134
236.409	134
236.412	134
236.416	134
236.419	134
236.423	134
236.426	134
236.429	134
236.433	134
236.436	134
236.439	134
236.443	134
236.446	134
236.449	134
236.453	134
236.456	134
236.46	134
236.463	134
236.466	134
236.47	134
236.473	134
236.476	134
236.48	134
236.483	134
236.487	134
236.49	134
236.493	134
236.497	134
236.5	134
236.503	134
236.507	134
236.51	134
236.514	134
236.517	134
236.52	134
236.524	134
236.527	134
236.53	134
236.534	134
236.537	134
236.541	134
236.544	134
236.547	134
236.551	134
236.554	134
236.557	134
236.561	134
236.564	134
236.568	134
236.571	134
236.574	134
236.578	134
236.581	134
236.584	134
236.588	134
236.591	134
236.595	134
236.598	134
236.601	134
236.605	134
236.608	134
236.611	134
236.615	134
236.618	134
236.622	134
236.625	134
236.628	134
236.632	134
236.635	134
236.638	134
236.642	134
236.645	134
236.648	134
236.652	134
236.655	134
236.659	134
236.662	134
236.665	134
236.669	134
236.672	134
236.675	134
236.679	134
236.682	134
236.686	134
236.689	134
236.692	134
236.696	134
236.699	134
236.702	134
236.706	134
236.709	134
236.713	134
236.716	134
236.719	134
236.723	134
236.726	134
236.729	134
236.733	134
236.736	134
236.74	134
236.743	134
236.746	134
236.75	134
236.753	134
236.756	134
236.76	134
236.763	134
236.767	134
236.77	134
236.773	134
236.777	134
236.78	134
236.783	134
236.787	134
236.79	134
236.794	134
236.797	134
236.8	134
236.804	134
236.807	134
236.81	134
236.814	134
236.817	134
236.821	134
236.824	134
236.827	134
236.831	134
236.834	134
236.837	134
236.841	134
236.844	134
236.847	134
236.851	134
236.854	134
236.858	134
236.861	134
236.864	134
236.868	134
236.871	134
236.874	134
236.878	134
236.881	134
236.885	134
236.888	134
236.891	134
236.895	134
236.898	134
236.901	134
236.905	134
236.908	134
236.912	134
236.915	134
236.918	134
236.922	134
236.925	134
236.928	134
236.932	134
236.935	134
236.939	134
236.942	134
236.945	134
236.949	134
236.952	134
236.955	134
236.959	134
236.962	134
236.966	134
236.969	134
236.972	134
236.976	134
236.979	134
236.982	134
236.986	134
236.989	134
236.993	134
236.996	134
236.999	134
237.003	134
237.006	134
237.009	134
237.013	134
237.016	134
237.019	134
237.023	134
237.026	134
237.03	134
237.033	134
237.036	134
237.04	134
237.043	134
237.046	134
237.05	134
237.053	134
237.057	134
237.06	134
237.063	134
237.067	134
237.07	134
237.073	134
237.077	134
237.08	134
237.084	134
237.087	134
237.09	134
237.094	134
237.097	134
237.1	134
237.104	134
237.107	134
237.111	134
237.114	134
237.117	134
237.121	134
237.124	134
237.127	134
237.131	134
237.134	134
237.138	134
237.141	134
237.144	134
237.148	134
237.151	134
237.154	134
237.158	134
237.161	134
237.165	134
237.168	134
237.171	134
237.175	134
237.178	134
237.181	134
237.185	134
237.188	134
237.192	134
237.195	134
237.198	134
237.202	134
237.205	134
237.208	134
237.212	134
237.215	134
237.218	134
237.222	134
237.225	134
237.229	134
237.232	134
237.235	134
237.239	134
237.242	134
237.245	134
237.249	134
237.252	134
237.256	134
237.259	134
237.262	134
237.266	134
237.269	134
237.272	134
237.276	134
237.279	134
237.283	134
237.286	134
237.289	134
237.293	134
237.296	134
237.299	134
237.303	134
237.306	134
237.31	134
237.313	134
237.316	134
237.32	134
237.323	134
237.326	134
237.33	134
237.333	134
237.337	134
237.34	134
237.343	134
237.347	134
237.35	134
237.353	134
237.357	134
237.36	134
237.364	134
237.367	134
237.37	134
237.374	134
237.377	134
237.38	134
237.384	134
237.387	134
237.391	134
237.394	134
237.397	134
237.401	134
237.404	134
237.407	134
237.411	134
237.414	134
237.417	134
237.421	134
237.424	134
237.428	134
237.431	134
237.434	134
237.438	134
237.441	134
237.444	134
237.448	134
237.451	134
237.455	134
237.458	134
237.461	134
237.465	134
237.468	134
237.471	134
237.475	134
237.478	134
237.482	134
237.485	134
237.488	134
237.492	134
237.495	134
237.498	134
237.502	134
237.505	134
237.509	134
237.512	134
237.515	134
237.519	134
237.522	134
237.525	134
237.529	134
237.532	134
237.536	134
237.539	134
237.542	134
237.546	134
237.549	134
237.552	134
237.556	134
237.559	134
237.563	134
237.566	134
237.569	134
237.573	134
237.576	134
237.579	134
237.583	134
237.586	134
237.589	134
237.593	134
237.596	134
237.6	134
237.603	134
237.606	134
237.61	134
237.613	134
237.616	134
237.62	134
237.623	134
237.627	134
237.63	134
237.633	134
237.637	134
237.64	134
237.643	134
237.647	134
237.65	134
237.654	134
237.657	134
237.66	134
237.664	134
237.667	134
237.67	134
237.674	134
237.677	134
237.681	134
237.684	134
237.687	134
237.691	134
237.694	134
237.697	134
237.701	134
237.704	134
237.708	134
237.711	134
237.714	134
237.718	134
237.721	134
237.724	134
237.728	134
237.731	134
237.735	134
237.738	134
237.741	134
237.745	134
237.748	134
237.751	134
237.755	134
237.758	134
237.762	134
237.765	134
237.768	134
237.772	134
237.775	134
237.778	134
237.782	134
237.785	134
237.788	134
237.792	134
237.795	134
237.799	134
237.802	134
237.805	134
237.809	134
237.812	134
237.815	134
237.819	134
237.822	134
237.826	134
237.829	134
237.832	134
237.836	134
237.839	134
237.842	134
237.846	134
237.849	134
237.853	134
237.856	134
237.859	134
237.863	134
237.866	134
237.869	134
237.873	134
237.876	134
237.88	134
237.883	134
237.886	134
237.89	134
237.893	134
237.896	134
237.9	134
237.903	134
237.907	134
237.91	134
237.913	134
237.917	134
237.92	134
237.923	134
237.927	134
237.93	134
237.934	134
237.937	134
237.94	134
237.944	134
237.947	134
237.95	134
237.954	134
237.957	134
237.961	134
237.964	134
237.967	134
237.971	134
237.974	134
237.977	134
237.981	134
237.984	134
237.987	134
237.991	134
237.994	134
237.998	134
238.001	134
238.004	134
238.008	134
238.011	134
238.014	134
238.018	134
238.021	134
238.025	134
238.028	134
238.031	134
238.035	134
238.038	134
238.041	134
238.045	134
238.048	134
238.052	134
238.055	134
238.058	134
238.062	134
238.065	134
238.068	134
238.072	134
238.075	134
238.079	134
238.082	134
238.085	134
238.089	134
238.092	134
238.095	134
238.099	134
238.102	134
238.106	134
238.109	134
238.112	134
238.116	134
238.119	134
238.122	134
238.126	134
238.129	134
238.133	134
238.136	134
238.139	134
238.143	134
238.146	134
238.149	134
238.153	134
238.156	134
238.16	134
238.163	134
238.166	134
238.17	134
238.173	134
238.176	134
238.18	134
238.183	134
238.186	134
238.19	134
238.193	134
238.197	134
238.2	134
238.203	134
238.207	134
238.21	134
238.213	134
238.217	134
238.22	134
238.224	134
238.227	134
238.23	134
238.234	134
238.237	134
238.24	134
238.244	134
238.247	134
238.251	134
238.254	134
238.257	134
238.261	134
238.264	134
238.267	134
238.271	134
238.274	134
238.278	134
238.281	134
238.284	134
238.288	134
238.291	134
238.294	134
238.298	134
238.301	134
238.305	134
238.308	134
238.311	134
238.315	134
238.318	134
238.321	134
238.325	134
238.328	134
238.332	134
238.335	134
238.338	134
238.342	134
238.345	134
238.348	134
238.352	134
238.355	134
238.358	134
238.362	134
238.365	134
238.369	134
238.372	134
238.375	134
238.379	134
238.382	134
238.385	134
238.389	134
238.392	134
238.396	134
238.399	134
238.402	134
238.406	134
238.409	134
238.412	134
238.416	134
238.419	134
238.423	134
238.426	134
238.429	134
238.433	134
238.436	134
238.439	134
238.443	134
238.446	134
238.45	134
238.453	134
238.456	134
238.46	134
238.463	134
238.466	134
238.47	134
238.473	134
238.477	134
238.48	134
238.483	134
238.487	134
238.49	134
238.493	134
238.497	134
238.5	134
238.504	134
238.507	134
238.51	134
238.514	134
238.517	134
238.52	134
238.524	134
238.527	134
238.531	134
238.534	134
238.537	134
238.541	134
238.544	134
238.547	134
238.551	134
238.554	134
238.557	134
238.561	134
238.564	134
238.568	134
238.571	134
238.574	134
238.578	134
238.581	134
238.584	134
238.588	134
238.591	134
238.595	134
238.598	134
238.601	134
238.605	134
238.608	134
238.611	134
238.615	134
238.618	134
238.622	134
238.625	134
238.628	134
238.632	134
238.635	134
238.638	134
238.642	134
238.645	134
238.649	134
238.652	134
238.655	134
238.659	134
238.662	134
238.665	134
238.669	134
238.672	134
238.676	134
238.679	134
238.682	134
238.686	134
238.689	134
238.692	134
238.696	134
238.699	134
238.703	134
238.706	134
238.709	134
238.713	134
238.716	134
238.719	134
238.723	134
238.726	134
238.73	134
238.733	134
238.736	134
238.74	134
238.743	134
238.746	134
238.75	134
238.753	134
238.756	134
238.76	134
238.763	134
238.767	134
238.77	134
238.773	134
238.777	134
238.78	134
238.783	134
238.787	134
238.79	134
238.794	134
238.797	134
238.8	134
238.804	134
238.807	134
238.81	134
238.814	134
238.817	134
238.821	134
238.824	134
238.827	134
238.831	134
238.834	134
238.837	134
238.841	134
238.844	134
238.848	134
238.851	134
238.854	134
238.858	134
238.861	134
238.864	134
238.868	134
238.871	134
238.875	134
238.878	134
238.881	134
238.885	134
238.888	134
238.891	134
238.895	134
238.898	134
238.902	134
238.905	134
238.908	134
238.912	134
238.915	134
238.918	134
238.922	134
238.925	134
238.929	134
238.932	134
238.935	134
238.939	134
238.942	134
238.945	134
238.949	134
238.952	134
238.955	134
238.959	134
238.962	134
238.966	134
238.969	134
238.972	134
238.976	134
238.979	134
238.982	134
238.986	134
238.989	134
238.993	134
238.996	134
238.999	134
239.003	134
239.006	134
239.009	134
239.013	134
239.016	134
239.02	134
239.023	134
239.026	134
239.03	134
239.033	134
239.036	134
239.04	134
239.043	134
239.047	134
239.05	134
239.053	134
239.057	134
239.06	134
239.063	134
239.067	134
239.07	134
239.074	134
239.077	134
239.08	134
239.084	134
239.087	134
239.09	134
239.094	134
239.097	134
239.101	134
239.104	134
239.107	134
239.111	134
239.114	134
239.117	134
239.121	134
239.124	134
239.127	134
239.131	134
239.134	134
239.138	134
239.141	134
239.144	134
239.148	134
239.151	134
239.154	134
239.158	134
239.161	134
239.165	134
239.168	134
239.171	134
239.175	134
239.178	134
239.181	134
239.185	134
239.188	134
239.192	134
239.195	134
239.198	134
239.202	134
239.205	134
239.208	134
239.212	134
239.215	134
239.219	134
239.222	134
239.225	134
239.229	134
239.232	134
239.235	134
239.239	134
239.242	134
239.246	134
239.249	134
239.252	134
239.256	134
239.259	134
239.262	134
239.266	134
239.269	134
239.273	134
239.276	134
239.279	134
239.283	134
239.286	134
239.289	134
239.293	134
239.296	134
239.3	134
239.303	134
239.306	134
239.31	134
239.313	134
239.316	134
239.32	134
239.323	134
239.326	134
239.33	134
239.333	134
239.337	134
239.34	134
239.343	134
239.347	134
239.35	134
239.353	134
239.357	134
239.36	134
239.364	134
239.367	134
239.37	134
239.374	134
239.377	134
239.38	134
239.384	134
239.387	134
239.391	134
239.394	134
239.397	134
239.401	134
239.404	134
239.407	134
239.411	134
239.414	134
239.418	134
239.421	134
239.424	134
239.428	134
239.431	134
239.434	134
239.438	134
239.441	134
239.445	134
239.448	134
239.451	134
239.455	134
239.458	134
239.461	134
239.465	134
239.468	134
239.472	134
239.475	134
239.478	134
239.482	134
239.485	134
239.488	134
239.492	134
239.495	134
239.499	134
239.502	134
239.505	134
239.509	134
239.512	134
239.515	134
239.519	134
239.522	134
239.525	134
239.529	134
239.532	134
239.536	134
239.539	134
239.542	134
239.546	134
239.549	134
239.552	134
239.556	134
239.559	134
239.563	134
239.566	134
239.569	134
239.573	134
239.576	134
239.579	134
239.583	134
239.586	134
239.59	134
239.593	134
239.596	134
239.6	134
239.603	134
239.606	134
239.61	134
239.613	134
239.617	134
239.62	134
239.623	134
239.627	134
239.63	134
239.633	134
239.637	134
239.64	134
239.644	134
239.647	134
239.65	134
239.654	134
239.657	134
239.66	134
239.664	134
239.667	134
239.671	134
239.674	134
239.677	134
239.681	134
239.684	134
239.687	134
239.691	134
239.694	134
239.697	134
239.701	134
239.704	134
239.708	134
239.711	134
239.714	134
239.718	134
239.721	134
239.724	134
239.728	134
239.731	134
239.735	134
239.738	134
239.741	134
239.745	134
239.748	134
239.751	134
239.755	134
239.758	134
239.762	134
239.765	134
239.768	134
239.772	134
239.775	134
239.778	134
239.782	134
239.785	134
239.789	134
239.792	134
239.795	134
239.799	134
239.802	134
239.805	134
239.809	134
239.812	134
239.816	134
239.819	134
239.822	134
239.826	134
239.829	134
239.832	134
239.836	134
239.839	134
239.843	134
239.846	134
239.849	134
239.853	134
239.856	134
239.859	134
239.863	134
239.866	134
239.87	134
239.873	134
239.876	134
239.88	134
239.883	134
239.886	134
239.89	134
239.893	134
239.896	134
239.9	134
239.903	134
239.907	134
239.91	134
239.913	134
239.917	134
239.92	134
239.923	134
239.927	134
239.93	134
239.934	134
239.937	134
239.94	134
239.944	134
239.947	134
239.95	134
239.954	134
239.957	134
239.961	134
239.964	134
239.967	134
239.971	134
239.974	134
239.977	134
239.981	134
239.984	134
239.988	134
239.991	134
239.994	134
239.998	134
